# Blender 4.3.2
# www.blender.org
o Cover
v 0.116689 0.015388 -0.046961
v 0.116689 0.015002 -0.047288
v 0.115918 0.015388 -0.046886
v 0.115853 0.015002 -0.047206
v 0.115177 0.015388 -0.046661
v 0.115050 0.015002 -0.046962
v 0.114494 0.015388 -0.046296
v 0.114310 0.015002 -0.046566
v 0.113896 0.015388 -0.045805
v 0.113661 0.015002 -0.046034
v 0.113404 0.015388 -0.045206
v 0.113128 0.015002 -0.045385
v 0.113039 0.015388 -0.044523
v 0.112733 0.015002 -0.044645
v 0.112815 0.015388 -0.043782
v 0.112489 0.015002 -0.043842
v 0.116689 0.013873 -0.044059
v 0.112739 0.015388 -0.043012
v 0.116689 0.013629 -0.044305
v 0.112407 0.015002 -0.043006
v 0.116425 0.013629 -0.044279
v 0.116473 0.013873 -0.044038
v 0.112815 0.015388 -0.042241
v 0.116172 0.013629 -0.044202
v 0.112489 0.015002 -0.042171
v 0.116266 0.013873 -0.043975
v 0.113039 0.015388 -0.041500
v 0.115939 0.013629 -0.044077
v 0.116075 0.013873 -0.043873
v 0.112733 0.015002 -0.041368
v 0.115734 0.013629 -0.043909
v 0.115907 0.013873 -0.043736
v 0.113404 0.015388 -0.040817
v 0.115566 0.013629 -0.043705
v 0.115770 0.013873 -0.043568
v 0.113128 0.015002 -0.040627
v 0.115441 0.013629 -0.043471
v 0.115668 0.013873 -0.043377
v 0.115364 0.013629 -0.043218
v 0.113896 0.015388 -0.040667
v 0.115605 0.013873 -0.043170
v 0.115339 0.013629 -0.042955
v 0.113661 0.015002 -0.040342
v 0.115584 0.013873 -0.042955
v 0.115364 0.013629 -0.042691
v 0.114494 0.015388 -0.040667
v 0.115605 0.013873 -0.042739
v 0.115441 0.013629 -0.042438
v 0.114310 0.015002 -0.040220
v 0.115668 0.013873 -0.042532
v 0.115566 0.013629 -0.042205
v 0.115177 0.015388 -0.040667
v 0.115770 0.013873 -0.042341
v 0.115734 0.013629 -0.042000
v 0.115050 0.015002 -0.040220
v 0.115907 0.013873 -0.042173
v 0.115939 0.013629 -0.041832
v 0.115918 0.015388 -0.040667
v 0.116075 0.013873 -0.042036
v 0.116172 0.013629 -0.041707
v 0.115853 0.015002 -0.040220
v 0.116266 0.013873 -0.041934
v 0.116425 0.013629 -0.041631
v 0.116688 0.015388 -0.040667
v 0.116473 0.013873 -0.041871
v 0.116689 0.013629 -0.041605
v 0.116689 0.013873 -0.041850
v 0.116689 0.015002 -0.040220
v 0.116952 0.013629 -0.041631
v 0.117459 0.015388 -0.040667
v 0.116904 0.013873 -0.041871
v 0.117205 0.013629 -0.041707
v 0.117524 0.015002 -0.040220
v 0.117111 0.013873 -0.041934
v 0.118200 0.015388 -0.040667
v 0.117438 0.013629 -0.041832
v 0.117302 0.013873 -0.042036
v 0.117643 0.013629 -0.042000
v 0.118327 0.015002 -0.040220
v 0.117470 0.013873 -0.042173
v 0.117811 0.013629 -0.042205
v 0.118883 0.015388 -0.040769
v 0.117607 0.013873 -0.042341
v 0.117936 0.013629 -0.042438
v 0.117709 0.013873 -0.042532
v 0.119067 0.015002 -0.040394
v 0.118013 0.013629 -0.042691
v 0.117772 0.013873 -0.042739
v 0.119481 0.015388 -0.041018
v 0.118038 0.013629 -0.042955
v 0.117793 0.013873 -0.042955
v 0.119716 0.015002 -0.040694
v 0.118013 0.013629 -0.043218
v 0.117772 0.013873 -0.043170
v 0.119973 0.015388 -0.041203
v 0.117936 0.013629 -0.043471
v 0.117709 0.013873 -0.043377
v 0.120249 0.015002 -0.041013
v 0.120338 0.015388 -0.041500
v 0.117811 0.013629 -0.043705
v 0.117607 0.013873 -0.043568
v 0.117643 0.013629 -0.043909
v 0.117470 0.013873 -0.043736
v 0.120644 0.015002 -0.041368
v 0.117438 0.013629 -0.044077
v 0.120562 0.015388 -0.042241
v 0.117302 0.013873 -0.043873
v 0.117205 0.013629 -0.044202
v 0.117111 0.013873 -0.043975
v 0.120888 0.015002 -0.042171
v 0.116952 0.013629 -0.044279
v 0.120638 0.015388 -0.043012
v 0.116904 0.013873 -0.044038
v 0.120970 0.015002 -0.043006
v 0.116689 0.013629 -0.045150
v 0.116689 0.013386 -0.045396
v 0.120562 0.015388 -0.043782
v 0.116212 0.013386 -0.045349
v 0.116260 0.013629 -0.045108
v 0.120888 0.015002 -0.043842
v 0.115754 0.013386 -0.045210
v 0.115848 0.013629 -0.044983
v 0.115332 0.013386 -0.044984
v 0.115469 0.013629 -0.044780
v 0.120338 0.015388 -0.044523
v 0.114962 0.013386 -0.044681
v 0.120644 0.015002 -0.044645
v 0.115136 0.013629 -0.044507
v 0.114659 0.013386 -0.044311
v 0.114863 0.013629 -0.044175
v 0.119973 0.015388 -0.045206
v 0.114433 0.013386 -0.043889
v 0.120249 0.015002 -0.045385
v 0.114660 0.013629 -0.043795
v 0.114294 0.013386 -0.043431
v 0.119481 0.015388 -0.045805
v 0.114535 0.013629 -0.043383
v 0.114248 0.013386 -0.042955
v 0.119716 0.015002 -0.046034
v 0.114493 0.013629 -0.042955
v 0.114294 0.013386 -0.042478
v 0.118883 0.015388 -0.046296
v 0.114535 0.013629 -0.042526
v 0.114433 0.013386 -0.042020
v 0.119067 0.015002 -0.046566
v 0.114660 0.013629 -0.042114
v 0.114659 0.013386 -0.041598
v 0.118200 0.015388 -0.046661
v 0.114863 0.013629 -0.041735
v 0.114962 0.013386 -0.041229
v 0.118327 0.015002 -0.046962
v 0.115136 0.013629 -0.041402
v 0.115332 0.013386 -0.040925
v 0.115469 0.013629 -0.041129
v 0.117459 0.015388 -0.046886
v 0.117524 0.015002 -0.047206
v 0.115754 0.013386 -0.040699
v 0.115848 0.013629 -0.040926
v 0.116212 0.013386 -0.040561
v 0.116260 0.013629 -0.040801
v 0.116689 0.013386 -0.040514
v 0.116689 0.013629 -0.040759
v 0.117165 0.013385 -0.040561
v 0.117117 0.013629 -0.040801
v 0.117623 0.013385 -0.040699
v 0.117529 0.013629 -0.040926
v 0.118045 0.013385 -0.040925
v 0.117908 0.013629 -0.041129
v 0.118415 0.013385 -0.041229
v 0.118241 0.013629 -0.041402
v 0.118718 0.013385 -0.041598
v 0.118514 0.013629 -0.041735
v 0.118944 0.013385 -0.042020
v 0.118717 0.013629 -0.042114
v 0.119083 0.013385 -0.042478
v 0.118842 0.013629 -0.042526
v 0.119129 0.013385 -0.042955
v 0.118884 0.013629 -0.042955
v 0.119083 0.013385 -0.043431
v 0.118842 0.013629 -0.043383
v 0.118944 0.013385 -0.043889
v 0.118717 0.013629 -0.043795
v 0.118718 0.013385 -0.044311
v 0.118514 0.013629 -0.044175
v 0.118415 0.013385 -0.044681
v 0.118241 0.013629 -0.044507
v 0.118045 0.013385 -0.044984
v 0.117908 0.013629 -0.044780
v 0.117623 0.013385 -0.045210
v 0.117529 0.013629 -0.044983
v 0.117165 0.013385 -0.045349
v 0.116187 0.015388 0.009015
v 0.117117 0.013629 -0.045108
v 0.116187 0.015002 0.008627
v 0.115287 0.015388 0.009032
v 0.115212 0.015002 0.008652
v 0.114422 0.015388 0.009150
v 0.114274 0.015002 0.008792
v 0.113625 0.015388 0.009406
v 0.113409 0.015002 0.009084
v 0.112926 0.015388 0.009783
v 0.112651 0.015002 0.009509
v 0.112352 0.015388 0.010482
v 0.112030 0.015002 0.010267
v 0.111926 0.015388 0.011280
v 0.111568 0.015002 0.011131
v 0.111663 0.015388 0.012145
v 0.111283 0.015002 0.012069
v 0.111575 0.015388 0.013045
v 0.111187 0.015002 0.013045
v 0.111663 0.015388 0.013944
v 0.111283 0.015002 0.014020
v 0.111926 0.015388 0.014810
v 0.111568 0.015002 0.014958
v 0.112352 0.015388 0.015607
v 0.112030 0.015002 0.015822
v 0.112926 0.015388 0.016306
v 0.112651 0.015002 0.016580
v 0.113625 0.015388 0.016879
v 0.113409 0.015002 0.017202
v 0.114422 0.015388 0.017306
v 0.114274 0.015002 0.017664
v 0.115287 0.015388 0.017568
v 0.115212 0.015002 0.017948
v 0.116187 0.015388 0.017657
v 0.116187 0.015002 0.018045
v 0.117087 0.015388 0.017568
v 0.117162 0.015002 0.017948
v 0.117952 0.015388 0.017306
v 0.118100 0.015002 0.017664
v 0.118749 0.015388 0.016879
v 0.118965 0.015002 0.017202
v 0.119448 0.015388 0.016306
v 0.119723 0.015002 0.016580
v 0.120022 0.015388 0.015607
v 0.120344 0.015002 0.015822
v 0.120448 0.015388 0.014810
v 0.120806 0.015002 0.014958
v 0.120711 0.015388 0.013944
v 0.121091 0.015002 0.014020
v 0.120799 0.015388 0.013045
v 0.121187 0.015002 0.013045
v 0.120711 0.015388 0.012145
v 0.121091 0.015002 0.012069
v 0.120448 0.015388 0.011280
v 0.120806 0.015002 0.011131
v 0.120022 0.015388 0.010482
v 0.120344 0.015002 0.010267
v 0.119448 0.015388 0.009783
v 0.119723 0.015002 0.009509
v 0.118749 0.015388 0.009406
v 0.118965 0.015002 0.009084
v 0.117952 0.015388 0.009150
v 0.116187 0.013873 0.011940
v 0.116187 0.013629 0.011695
v 0.118100 0.015002 0.008792
v 0.117087 0.015388 0.009032
v 0.115924 0.013629 0.011721
v 0.115971 0.013873 0.011961
v 0.117162 0.015002 0.008652
v 0.116763 0.007477 -0.047893
v 0.115670 0.013629 0.011797
v 0.115889 0.007494 -0.047714
v 0.115764 0.013873 0.012024
v 0.117666 0.007465 -0.047857
v 0.115437 0.013629 0.011922
v 0.115573 0.013873 0.012126
v 0.114997 0.007501 -0.047391
v 0.114132 0.007501 -0.046930
v 0.115232 0.013629 0.012090
v 0.115406 0.013873 0.012263
v 0.113373 0.007501 -0.046310
v 0.115065 0.013629 0.012295
v 0.112712 0.007494 -0.045584
v 0.112212 0.007482 -0.044781
v 0.115268 0.013873 0.012431
v 0.114940 0.013629 0.012528
v 0.111951 0.007475 -0.043874
v 0.115166 0.013873 0.012622
v 0.111901 0.007477 -0.042886
v 0.114863 0.013629 0.012781
v 0.111960 0.007475 -0.041923
v 0.115103 0.013873 0.012829
v 0.112148 0.007469 -0.041016
v 0.114837 0.013629 0.013045
v 0.112535 0.007465 -0.040176
v 0.115082 0.013873 0.013045
v 0.113153 0.007465 -0.039844
v 0.114863 0.013629 0.013308
v 0.113911 0.007465 -0.039702
v 0.114775 0.007465 -0.039702
v 0.115103 0.013873 0.013260
v 0.115713 0.007465 -0.039702
v 0.114940 0.013629 0.013561
v 0.116689 0.007465 -0.039702
v 0.115166 0.013873 0.013467
v 0.115065 0.013629 0.013795
v 0.117664 0.007465 -0.039702
v 0.118602 0.007465 -0.039702
v 0.115268 0.013873 0.013658
v 0.115232 0.013629 0.013999
v 0.119466 0.007465 -0.039904
v 0.115406 0.013873 0.013826
v 0.120224 0.007465 -0.040255
v 0.120846 0.007465 -0.040627
v 0.115437 0.013629 0.014167
v 0.121308 0.007465 -0.041041
v 0.115573 0.013873 0.013963
v 0.121592 0.007465 -0.041979
v 0.115670 0.013629 0.014292
v 0.115764 0.013873 0.014065
v 0.121689 0.007465 -0.042955
v 0.115924 0.013629 0.014369
v 0.121592 0.007465 -0.043930
v 0.115971 0.013873 0.014128
v 0.121308 0.007465 -0.044868
v 0.116187 0.013629 0.014395
v 0.120846 0.007465 -0.045732
v 0.116187 0.013873 0.014149
v 0.120224 0.007465 -0.046490
v 0.116450 0.013629 0.014369
v 0.119466 0.007465 -0.047112
v 0.116403 0.013873 0.014128
v 0.118602 0.007465 -0.047574
v 0.116187 0.007465 0.008627
v 0.116704 0.013629 0.014292
v 0.116610 0.013873 0.014065
v 0.115212 0.007465 0.008652
v 0.116937 0.013629 0.014167
v 0.117162 0.007465 0.008652
v 0.116801 0.013873 0.013963
v 0.114274 0.007465 0.008792
v 0.113409 0.007465 0.009084
v 0.117142 0.013629 0.013999
v 0.116968 0.013873 0.013826
v 0.112651 0.007465 0.009509
v 0.117309 0.013629 0.013795
v 0.112030 0.007465 0.010267
v 0.111568 0.007465 0.011131
v 0.117106 0.013873 0.013658
v 0.111283 0.007465 0.012069
v 0.117434 0.013629 0.013561
v 0.117208 0.013873 0.013467
v 0.111187 0.007465 0.013045
v 0.117511 0.013629 0.013308
v 0.111283 0.007465 0.014020
v 0.117271 0.013873 0.013260
v 0.111568 0.007465 0.014958
v 0.117537 0.013629 0.013045
v 0.112030 0.007465 0.015822
v 0.112651 0.007465 0.016580
v 0.117292 0.013873 0.013045
v 0.113409 0.007465 0.017202
v 0.117511 0.013629 0.012781
v 0.114274 0.007465 0.017664
v 0.117271 0.013873 0.012829
v 0.117434 0.013629 0.012528
v 0.115212 0.007465 0.017948
v 0.117208 0.013873 0.012622
v 0.116187 0.007465 0.018045
v 0.117309 0.013629 0.012295
v 0.117162 0.007465 0.017948
v 0.117106 0.013873 0.012431
v 0.118100 0.007465 0.017664
v 0.118965 0.007465 0.017202
v 0.117142 0.013629 0.012090
v 0.116968 0.013873 0.012263
v 0.119723 0.007465 0.016580
v 0.120344 0.007465 0.015822
v 0.116937 0.013629 0.011922
v 0.120806 0.007465 0.014958
v 0.116801 0.013873 0.012126
v 0.121091 0.007465 0.014020
v 0.116704 0.013629 0.011797
v 0.121187 0.007465 0.013045
v 0.116610 0.013873 0.012024
v 0.121091 0.007465 0.012069
v 0.116450 0.013629 0.011721
v 0.116403 0.013873 0.011961
v 0.120806 0.007465 0.011131
v 0.120344 0.007465 0.010267
v 0.116187 0.013629 0.010849
v 0.119723 0.007465 0.009509
v 0.116187 0.013386 0.010604
v 0.118965 0.007465 0.009084
v 0.115711 0.013386 0.010650
v 0.118100 0.007465 0.008792
v 0.115759 0.013629 0.010891
v 0.115253 0.013386 0.010789
v 0.122903 0.005223 -0.042867
v 0.122783 0.005223 -0.041655
v 0.115347 0.013629 0.011016
v 0.114831 0.013386 0.011015
v 0.121354 0.005223 0.009571
v 0.114967 0.013629 0.011219
v 0.114461 0.013386 0.011319
v 0.122430 0.005223 -0.040489
v 0.114634 0.013629 0.011492
v 0.122145 0.005223 -0.040234
v 0.118565 0.005223 0.007739
v 0.114157 0.013386 0.011688
v 0.114361 0.013629 0.011825
v 0.119640 0.005223 0.008101
v 0.116187 0.005223 0.019238
v 0.113932 0.013386 0.012110
v 0.114158 0.013629 0.012204
v 0.117399 0.005223 0.007564
v 0.120581 0.005223 0.008630
v 0.113793 0.013386 0.012568
v 0.114033 0.013629 0.012616
v 0.116187 0.005223 0.007533
v 0.113746 0.013386 0.013045
v 0.113809 0.005223 0.018765
v 0.113991 0.013629 0.013045
v 0.113809 0.005223 0.007739
v 0.111793 0.005223 0.017418
v 0.113793 0.013386 0.013521
v 0.112735 0.005223 0.018191
v 0.114033 0.013629 0.013473
v 0.113932 0.013386 0.013979
v 0.112735 0.005223 0.008101
v 0.111020 0.005223 0.009571
v 0.114158 0.013629 0.013885
v 0.114157 0.013386 0.014401
v 0.109973 0.005223 0.013024
v 0.114361 0.013629 0.014265
v 0.110092 0.005223 0.014236
v 0.114461 0.013386 0.014771
v 0.110092 0.005223 0.011811
v 0.114634 0.013629 0.014597
v 0.111020 0.005223 0.016476
v 0.114831 0.013386 0.015074
v 0.110446 0.005223 0.015402
v 0.110446 0.005223 0.010646
v 0.114967 0.013629 0.014870
v 0.111793 0.005223 0.008630
v 0.115253 0.013386 0.015300
v 0.115347 0.013629 0.015073
v 0.114975 0.005223 0.019119
v 0.115711 0.013386 0.015439
v 0.114975 0.005223 0.007564
v 0.122282 0.005223 0.014236
v 0.115759 0.013629 0.015198
v 0.116187 0.013386 0.015486
v 0.122401 0.005223 0.013024
v 0.116187 0.013629 0.015240
v 0.121928 0.005223 0.015402
v 0.122282 0.005223 0.011811
v 0.116663 0.013386 0.015439
v 0.121928 0.005223 0.010646
v 0.116615 0.013629 0.015198
v 0.120581 0.005223 0.017418
v 0.117121 0.013386 0.015300
v 0.118565 0.005223 0.018765
v 0.117027 0.013629 0.015073
v 0.117399 0.005223 0.019119
v 0.117543 0.013385 0.015074
v 0.119640 0.005223 0.018191
v 0.117407 0.013629 0.014870
v 0.121354 0.005223 0.016476
v 0.117913 0.013385 0.014771
v 0.122783 0.005223 -0.044080
v 0.117740 0.013629 0.014597
v 0.118217 0.013385 0.014401
v 0.122430 0.005223 -0.045245
v 0.120141 0.005223 -0.039076
v 0.118013 0.013629 0.014265
v 0.118442 0.013385 0.013979
v 0.119067 0.005223 -0.038824
v 0.118216 0.013629 0.013885
v 0.121083 0.005223 -0.039512
v 0.118581 0.013385 0.013521
v 0.121856 0.005223 -0.039975
v 0.118341 0.013629 0.013473
v 0.121856 0.005223 -0.046320
v 0.118628 0.013385 0.013045
v 0.121083 0.005223 -0.047261
v 0.118383 0.013629 0.013045
v 0.120141 0.005223 -0.048034
v 0.116689 0.005223 -0.038824
v 0.118581 0.013385 0.012568
v 0.118341 0.013629 0.012616
v 0.117901 0.005223 -0.038824
v 0.118442 0.013385 0.012110
v 0.111621 0.005223 -0.039380
v 0.118216 0.013629 0.012204
v 0.111564 0.005223 -0.039503
v 0.118217 0.013385 0.011688
v 0.112217 0.005223 -0.039045
v 0.118013 0.013629 0.011825
v 0.112309 0.005223 -0.038996
v 0.111259 0.005223 -0.041558
v 0.117913 0.013385 0.011319
v 0.111267 0.005223 -0.041427
v 0.117740 0.013629 0.011492
v 0.111287 0.005223 -0.042597
v 0.117543 0.013385 0.011015
v 0.111296 0.005223 -0.040488
v 0.117407 0.013629 0.011219
v 0.111323 0.005223 -0.040360
v 0.117121 0.013386 0.010789
v 0.117027 0.013629 0.011016
v 0.111294 0.005223 -0.042728
v 0.116663 0.013386 0.010650
v 0.114310 0.005223 -0.038824
v 0.116615 0.013629 0.010891
v 0.113236 0.005223 -0.038824
v 0.115476 0.005223 -0.038824
v 0.119067 0.005223 -0.048609
v 0.118005 0.005223 -0.048885
v 0.118139 0.005223 -0.048845
v 0.117193 0.005223 -0.048785
v 0.117077 0.005223 -0.048790
v 0.116171 0.005223 -0.048432
v 0.115142 0.005223 -0.047961
v 0.114055 0.005223 -0.047381
v 0.112407 0.005223 -0.045794
v 0.113104 0.005223 -0.046599
v 0.112336 0.005223 -0.045716
v 0.111745 0.005223 -0.044793
v 0.111804 0.005223 -0.044888
v 0.111413 0.005223 -0.043887
v 0.111380 0.005223 -0.043769
v 0.116689 0.015388 -0.044059
v 0.116266 0.015388 -0.043975
v 0.116473 0.015388 -0.044038
v 0.115907 0.015388 -0.043736
v 0.115668 0.015388 -0.043377
v 0.115770 0.015388 -0.043568
v 0.116075 0.015388 -0.043873
v 0.117772 0.015388 -0.042739
v 0.117793 0.015388 -0.042955
v 0.117772 0.015388 -0.043170
v 0.117709 0.015388 -0.042532
v 0.117709 0.015388 -0.043377
v 0.117607 0.015388 -0.042341
v 0.117470 0.015388 -0.042173
v 0.117470 0.015388 -0.043736
v 0.117111 0.015388 -0.041934
v 0.117302 0.015388 -0.042036
v 0.117302 0.015388 -0.043873
v 0.117607 0.015388 -0.043568
v 0.117111 0.015388 -0.043975
v 0.116904 0.015388 -0.044038
v 0.116473 0.015388 -0.041871
v 0.116075 0.015388 -0.042036
v 0.116266 0.015388 -0.041934
v 0.116689 0.015388 -0.041850
v 0.115668 0.015388 -0.042532
v 0.115770 0.015388 -0.042341
v 0.115584 0.015388 -0.042955
v 0.115605 0.015388 -0.042739
v 0.115605 0.015388 -0.043170
v 0.115907 0.015388 -0.042173
v 0.116904 0.015388 -0.041871
v 0.116610 0.015388 0.012024
v 0.116187 0.015388 0.011940
v 0.116403 0.015388 0.011961
v 0.115573 0.015388 0.013963
v 0.115764 0.015388 0.014065
v 0.115764 0.015388 0.012024
v 0.115971 0.015388 0.011961
v 0.115406 0.015388 0.012263
v 0.115268 0.015388 0.013658
v 0.115268 0.015388 0.012431
v 0.115082 0.015388 0.013045
v 0.115103 0.015388 0.013260
v 0.115103 0.015388 0.012829
v 0.115166 0.015388 0.012622
v 0.115406 0.015388 0.013826
v 0.115166 0.015388 0.013467
v 0.115573 0.015388 0.012126
v 0.117292 0.015388 0.013045
v 0.117271 0.015388 0.013260
v 0.117271 0.015388 0.012829
v 0.117106 0.015388 0.012431
v 0.117106 0.015388 0.013658
v 0.117208 0.015388 0.012622
v 0.117208 0.015388 0.013467
v 0.116801 0.015388 0.013963
v 0.116801 0.015388 0.012126
v 0.116403 0.015388 0.014128
v 0.115971 0.015388 0.014128
v 0.116187 0.015388 0.014149
v 0.116610 0.015388 0.014065
v 0.116968 0.015388 0.013826
v 0.116968 0.015388 0.012263
v 0.125075 0.021224 -0.058671
v 0.125542 0.020757 -0.058563
v 0.125078 0.020767 -0.059048
v 0.125309 0.021160 -0.058652
v 0.125077 0.021165 -0.058894
v 0.125300 0.021102 -0.058866
v 0.125481 0.020760 -0.058801
v 0.125480 0.020989 -0.058613
v 0.125421 0.020982 -0.058838
v 0.125078 0.020997 -0.059032
v 0.125311 0.020764 -0.058979
v 0.125301 0.020984 -0.058963
v 0.098442 0.003224 0.055772
v 0.098281 0.003659 0.056432
v 0.098431 0.003282 0.056058
v 0.098372 0.003442 0.056300
v 0.090149 0.021224 0.065409
v 0.089807 0.020764 0.065484
v 0.090504 0.020767 0.065637
v 0.089954 0.021155 0.065489
v 0.090308 0.021156 0.065567
v 0.090103 0.021102 0.065654
v 0.090000 0.020731 0.065631
v 0.089832 0.020991 0.065516
v 0.090007 0.020972 0.065673
v 0.090436 0.020992 0.065649
v 0.090253 0.020732 0.065686
v 0.090195 0.020972 0.065715
v 0.140762 0.003666 0.030838
v 0.140515 0.003224 0.030425
v 0.140731 0.003445 0.030781
v 0.140641 0.003283 0.030630
v 0.151838 0.003224 0.010393
v 0.152305 0.003664 0.010408
v 0.152071 0.003283 0.010400
v 0.152242 0.003444 0.010406
v 0.142359 0.003224 0.029145
v 0.142568 0.003671 0.029584
v 0.142478 0.003284 0.029353
v 0.142554 0.003448 0.029514
v 0.144002 0.003224 0.027695
v 0.144329 0.003675 0.028029
v 0.144165 0.003284 0.027862
v 0.144285 0.003450 0.027984
v 0.145644 0.003224 0.025912
v 0.146002 0.003677 0.026212
v 0.145823 0.003285 0.026062
v 0.145954 0.003451 0.026171
v 0.147162 0.003224 0.023911
v 0.147547 0.003679 0.024176
v 0.147354 0.003285 0.024044
v 0.147495 0.003451 0.024141
v 0.148517 0.003224 0.021743
v 0.148924 0.003679 0.021973
v 0.148720 0.003285 0.021858
v 0.148869 0.003452 0.021942
v 0.149674 0.003224 0.019464
v 0.150100 0.003678 0.019657
v 0.149887 0.003285 0.019560
v 0.150043 0.003451 0.019631
v 0.150605 0.003224 0.017131
v 0.151047 0.003677 0.017284
v 0.150825 0.003285 0.017207
v 0.150987 0.003450 0.017263
v 0.151285 0.003224 0.014804
v 0.151740 0.003674 0.014912
v 0.151512 0.003284 0.014858
v 0.151679 0.003449 0.014898
v 0.151698 0.003224 0.012544
v 0.152163 0.003670 0.012601
v 0.151930 0.003284 0.012573
v 0.152100 0.003447 0.012594
v 0.125537 0.020757 -0.057552
v 0.125070 0.021224 -0.057642
v 0.125067 0.020767 -0.057085
v 0.125474 0.020988 -0.057596
v 0.125473 0.020760 -0.057318
v 0.125412 0.020982 -0.057369
v 0.125068 0.021165 -0.057396
v 0.125303 0.021160 -0.057629
v 0.125292 0.021102 -0.057393
v 0.125301 0.020764 -0.057146
v 0.125067 0.020997 -0.057191
v 0.125291 0.020984 -0.057249
v 0.097968 0.005223 0.056076
v 0.098281 0.004788 0.056432
v 0.098115 0.005165 0.056260
v 0.098230 0.005005 0.056391
v 0.091014 0.021224 0.064941
v 0.091285 0.020769 0.065203
v 0.091482 0.020765 0.064556
v 0.091148 0.021156 0.065112
v 0.091209 0.021157 0.064789
v 0.091336 0.021106 0.064978
v 0.091469 0.020773 0.065024
v 0.091245 0.020993 0.065206
v 0.091416 0.020987 0.065049
v 0.091379 0.020990 0.064649
v 0.091540 0.020771 0.064791
v 0.091459 0.020985 0.064876
v 0.140762 0.004780 0.030838
v 0.140638 0.005223 0.030367
v 0.140768 0.005002 0.030760
v 0.140722 0.005164 0.030588
v 0.152305 0.004783 0.010408
v 0.151838 0.005223 0.010393
v 0.152242 0.005003 0.010406
v 0.152071 0.005164 0.010400
v 0.142568 0.004775 0.029584
v 0.142144 0.005223 0.029322
v 0.142487 0.004999 0.029567
v 0.142332 0.005163 0.029471
v 0.144329 0.004772 0.028029
v 0.144063 0.005223 0.027628
v 0.144305 0.004997 0.027964
v 0.144207 0.005162 0.027817
v 0.146002 0.004769 0.026212
v 0.145644 0.005223 0.025912
v 0.145954 0.004996 0.026171
v 0.145823 0.005162 0.026062
v 0.147547 0.004768 0.024176
v 0.147162 0.005223 0.023911
v 0.147495 0.004995 0.024141
v 0.147354 0.005162 0.024044
v 0.148924 0.004768 0.021973
v 0.148517 0.005223 0.021743
v 0.148869 0.004995 0.021942
v 0.148720 0.005162 0.021858
v 0.150100 0.004768 0.019657
v 0.149674 0.005223 0.019464
v 0.150043 0.004996 0.019631
v 0.149887 0.005162 0.019560
v 0.151047 0.004770 0.017284
v 0.150605 0.005223 0.017131
v 0.150987 0.004996 0.017263
v 0.150825 0.005162 0.017207
v 0.151740 0.004773 0.014912
v 0.151285 0.005223 0.014804
v 0.151679 0.004998 0.014898
v 0.151512 0.005163 0.014858
v 0.152163 0.004777 0.012601
v 0.151698 0.005223 0.012544
v 0.152100 0.005000 0.012594
v 0.151930 0.005163 0.012573
v 0.152308 0.005339 -0.055236
v 0.151842 0.004941 -0.055628
v 0.151841 0.005570 -0.055663
v 0.152238 0.005138 -0.055423
v 0.152239 0.005469 -0.055429
v 0.152187 0.005278 -0.055603
v 0.151842 0.005136 -0.055757
v 0.152070 0.004995 -0.055565
v 0.152063 0.005175 -0.055705
v 0.152070 0.005552 -0.055583
v 0.151842 0.005362 -0.055770
v 0.152063 0.005348 -0.055710
v 0.125541 0.006195 -0.055710
v 0.126008 0.005569 -0.055671
v 0.125609 0.005939 -0.055641
v 0.125475 0.005854 -0.055830
v 0.125543 0.005637 -0.055787
v 0.125712 0.005363 -0.055778
v 0.125779 0.005712 -0.055627
v 0.125620 0.005481 -0.055773
v 0.125306 0.005397 -0.055805
v 0.125372 0.005134 -0.055765
v 0.125465 0.005378 -0.055824
v 0.094630 0.003649 0.058903
v 0.094497 0.003426 0.058904
v 0.094318 0.003271 0.058813
v 0.152306 0.006252 -0.054341
v 0.151839 0.006590 -0.054664
v 0.151838 0.006659 -0.053953
v 0.152243 0.006408 -0.054514
v 0.152243 0.006442 -0.054159
v 0.152182 0.006583 -0.054331
v 0.151838 0.006735 -0.054438
v 0.152072 0.006532 -0.054632
v 0.152062 0.006671 -0.054415
v 0.152071 0.006591 -0.054016
v 0.151838 0.006760 -0.054177
v 0.152061 0.006688 -0.054231
v 0.125536 0.007062 -0.054857
v 0.126002 0.006578 -0.054679
v 0.125466 0.007035 -0.054619
v 0.125598 0.006846 -0.054779
v 0.125512 0.006860 -0.054566
v 0.125303 0.006668 -0.054345
v 0.125295 0.006835 -0.054407
v 0.125411 0.006784 -0.054434
v 0.125773 0.006647 -0.054708
v 0.125756 0.006693 -0.054505
v 0.125567 0.006764 -0.054524
v 0.095597 0.005223 0.057772
v 0.095481 0.004798 0.058398
v 0.095635 0.005162 0.058029
v 0.095592 0.005007 0.058258
v 0.135369 0.005223 0.025136
v 0.134944 0.004920 0.024873
v 0.135229 0.005182 0.024997
v 0.135073 0.005072 0.024901
v 0.134748 0.004920 0.024893
v 0.134748 0.005223 0.025197
v 0.134748 0.005072 0.024934
v 0.134748 0.005182 0.025045
v 0.134020 0.004920 0.024821
v 0.133961 0.005223 0.025119
v 0.134012 0.005072 0.024862
v 0.133991 0.005182 0.024971
v 0.131304 0.004920 0.022592
v 0.131023 0.005223 0.022708
v 0.131266 0.005072 0.022608
v 0.131163 0.005182 0.022650
v 0.131649 0.004920 0.023236
v 0.131396 0.005223 0.023405
v 0.131614 0.005072 0.023259
v 0.131522 0.005182 0.023321
v 0.133321 0.004920 0.024609
v 0.133205 0.005223 0.024890
v 0.133306 0.005072 0.024647
v 0.133263 0.005182 0.024750
v 0.132677 0.004920 0.024265
v 0.132508 0.005223 0.024517
v 0.132654 0.005072 0.024299
v 0.132592 0.005182 0.024392
v 0.132112 0.004920 0.023801
v 0.131897 0.005223 0.024016
v 0.132083 0.005072 0.023830
v 0.132004 0.005182 0.023909
v 0.135534 0.005223 0.025119
v 0.135475 0.004920 0.024821
v 0.135504 0.005182 0.024971
v 0.135483 0.005072 0.024862
v 0.131092 0.004920 0.021893
v 0.130794 0.005223 0.021952
v 0.131052 0.005072 0.021901
v 0.130943 0.005182 0.021923
v 0.137846 0.004920 0.023236
v 0.138099 0.005223 0.023405
v 0.137881 0.005072 0.023259
v 0.137973 0.005182 0.023321
v 0.137383 0.004920 0.023801
v 0.137598 0.005223 0.024016
v 0.137412 0.005072 0.023830
v 0.137491 0.005182 0.023909
v 0.136818 0.004920 0.024265
v 0.136987 0.005223 0.024517
v 0.136841 0.005072 0.024299
v 0.136903 0.005182 0.024392
v 0.136174 0.004920 0.024609
v 0.136290 0.005223 0.024890
v 0.136190 0.005072 0.024647
v 0.136232 0.005182 0.024750
v 0.131304 0.004920 0.019740
v 0.131023 0.005223 0.019623
v 0.131266 0.005072 0.019724
v 0.131163 0.005182 0.019681
v 0.131021 0.004920 0.021166
v 0.130717 0.005223 0.021166
v 0.130979 0.005072 0.021166
v 0.130868 0.005182 0.021166
v 0.131092 0.004920 0.020439
v 0.130794 0.005223 0.020379
v 0.131052 0.005072 0.020431
v 0.130943 0.005182 0.020409
v 0.138191 0.004920 0.022592
v 0.138472 0.005223 0.022708
v 0.138229 0.005072 0.022608
v 0.138332 0.005182 0.022650
v 0.131649 0.004920 0.019095
v 0.131396 0.005223 0.018926
v 0.131614 0.005072 0.019072
v 0.131522 0.005182 0.019011
v 0.103421 0.004920 0.035612
v 0.103238 0.005223 0.036153
v 0.103344 0.005072 0.035728
v 0.103295 0.005182 0.035911
v 0.104442 0.004920 0.031375
v 0.104723 0.005223 0.031259
v 0.104480 0.005072 0.031360
v 0.104583 0.005182 0.031317
v 0.138475 0.004920 0.021166
v 0.138779 0.005223 0.021166
v 0.138516 0.005072 0.021166
v 0.138627 0.005182 0.021166
v 0.138403 0.004920 0.021893
v 0.138701 0.005223 0.021952
v 0.138443 0.005072 0.021901
v 0.138553 0.005182 0.021923
v 0.138403 0.004920 0.020439
v 0.138701 0.005223 0.020379
v 0.138443 0.005072 0.020431
v 0.138553 0.005182 0.020409
v 0.137383 0.004920 0.018530
v 0.137598 0.005223 0.018316
v 0.137412 0.005072 0.018501
v 0.137491 0.005182 0.018423
v 0.137846 0.004920 0.019095
v 0.138099 0.005223 0.018926
v 0.137881 0.005072 0.019072
v 0.137973 0.005182 0.019011
v 0.138191 0.004920 0.019740
v 0.138472 0.005223 0.019623
v 0.138229 0.005072 0.019724
v 0.138332 0.005182 0.019681
v 0.136818 0.004920 0.018067
v 0.136987 0.005223 0.017814
v 0.136841 0.005072 0.018033
v 0.136903 0.005182 0.017940
v 0.136174 0.004920 0.017723
v 0.136290 0.005223 0.017442
v 0.136190 0.005072 0.017684
v 0.136232 0.005182 0.017582
v 0.134748 0.004920 0.017439
v 0.134748 0.005223 0.017135
v 0.134748 0.005072 0.017398
v 0.134748 0.005182 0.017286
v 0.135475 0.004920 0.017510
v 0.135534 0.005223 0.017212
v 0.135483 0.005072 0.017470
v 0.135504 0.005182 0.017361
v 0.133321 0.004920 0.017723
v 0.133205 0.005223 0.017442
v 0.133306 0.005072 0.017684
v 0.133263 0.005182 0.017582
v 0.132112 0.004920 0.018530
v 0.131897 0.005223 0.018316
v 0.132083 0.005072 0.018501
v 0.132004 0.005182 0.018423
v 0.132677 0.004920 0.018067
v 0.132508 0.005223 0.017814
v 0.132654 0.005072 0.018033
v 0.132592 0.005182 0.017940
v 0.134020 0.004920 0.017510
v 0.133961 0.005223 0.017212
v 0.134012 0.005072 0.017470
v 0.133991 0.005182 0.017361
v 0.104654 0.004920 0.033529
v 0.104952 0.005223 0.033588
v 0.104694 0.005072 0.033537
v 0.104803 0.005182 0.033558
v 0.104725 0.004920 0.032802
v 0.105029 0.005223 0.032802
v 0.104767 0.005072 0.032802
v 0.104878 0.005182 0.032802
v 0.104442 0.004920 0.034228
v 0.104722 0.005223 0.034344
v 0.104480 0.005072 0.034244
v 0.104583 0.005182 0.034286
v 0.104097 0.004920 0.034872
v 0.104350 0.005223 0.035041
v 0.104132 0.005072 0.034895
v 0.104224 0.005182 0.034957
v 0.104654 0.004920 0.032075
v 0.104952 0.005223 0.032015
v 0.104694 0.005072 0.032067
v 0.104803 0.005182 0.032045
v 0.103634 0.004920 0.035437
v 0.103849 0.005223 0.035652
v 0.103663 0.005072 0.035466
v 0.103742 0.005182 0.035545
v 0.103634 0.004920 0.030166
v 0.103849 0.005223 0.029951
v 0.103663 0.005072 0.030137
v 0.103742 0.005182 0.030058
v 0.104097 0.004920 0.030731
v 0.104350 0.005223 0.030562
v 0.104132 0.005072 0.030708
v 0.104224 0.005182 0.030646
v 0.103069 0.004920 0.035901
v 0.103092 0.005072 0.035935
v 0.103154 0.005182 0.036027
v 0.101725 0.004920 0.036457
v 0.101785 0.005223 0.036755
v 0.101734 0.005072 0.036497
v 0.101755 0.005182 0.036607
v 0.102425 0.004920 0.036245
v 0.102541 0.005223 0.036526
v 0.102440 0.005072 0.036283
v 0.102483 0.005182 0.036386
v 0.103069 0.004920 0.029703
v 0.103238 0.005223 0.029450
v 0.103092 0.005072 0.029668
v 0.103154 0.005182 0.029576
v 0.102425 0.004920 0.029358
v 0.102541 0.005223 0.029078
v 0.102440 0.005072 0.029320
v 0.102483 0.005182 0.029217
v 0.101725 0.004920 0.029146
v 0.101785 0.005223 0.028848
v 0.101734 0.005072 0.029106
v 0.101755 0.005182 0.028997
v 0.099572 0.004920 0.036245
v 0.099456 0.005223 0.036526
v 0.099556 0.005072 0.036283
v 0.099514 0.005182 0.036386
v 0.099572 0.004920 0.029358
v 0.099456 0.005223 0.029078
v 0.099556 0.005072 0.029320
v 0.099514 0.005182 0.029217
v 0.100271 0.004920 0.036457
v 0.100212 0.005223 0.036755
v 0.100263 0.005072 0.036497
v 0.100242 0.005182 0.036607
v 0.100271 0.004920 0.029146
v 0.100212 0.005223 0.028848
v 0.100263 0.005072 0.029106
v 0.100242 0.005182 0.028997
v 0.100998 0.004920 0.036529
v 0.100998 0.005223 0.036833
v 0.100998 0.005072 0.036570
v 0.100998 0.005182 0.036681
v 0.100998 0.004920 0.029075
v 0.100998 0.005223 0.028771
v 0.100998 0.005072 0.029033
v 0.100998 0.005182 0.028922
v 0.097899 0.004920 0.030731
v 0.097647 0.005223 0.030562
v 0.097865 0.005072 0.030708
v 0.097773 0.005182 0.030646
v 0.098363 0.004920 0.035437
v 0.098148 0.005223 0.035652
v 0.098334 0.005072 0.035466
v 0.098255 0.005182 0.035545
v 0.098363 0.004920 0.030166
v 0.098148 0.005223 0.029951
v 0.098334 0.005072 0.030137
v 0.098255 0.005182 0.030058
v 0.097555 0.004920 0.034228
v 0.097274 0.005223 0.034344
v 0.097517 0.005072 0.034244
v 0.097414 0.005182 0.034286
v 0.097271 0.004920 0.032802
v 0.096967 0.005223 0.032802
v 0.097230 0.005072 0.032802
v 0.097119 0.005182 0.032802
v 0.097343 0.004920 0.032075
v 0.097045 0.005223 0.032015
v 0.097303 0.005072 0.032066
v 0.097193 0.005182 0.032045
v 0.097343 0.004920 0.033529
v 0.097045 0.005223 0.033588
v 0.097303 0.005072 0.033537
v 0.097193 0.005182 0.033558
v 0.097555 0.004920 0.031375
v 0.097274 0.005223 0.031259
v 0.097517 0.005072 0.031360
v 0.097414 0.005182 0.031317
v 0.098928 0.004920 0.035901
v 0.098759 0.005223 0.036153
v 0.098905 0.005072 0.035935
v 0.098843 0.005182 0.036027
v 0.097899 0.004920 0.034872
v 0.097647 0.005223 0.035041
v 0.097865 0.005072 0.034895
v 0.097773 0.005182 0.034957
v 0.098928 0.004920 0.029703
v 0.098759 0.005223 0.029450
v 0.098905 0.005072 0.029668
v 0.098843 0.005182 0.029576
v 0.104097 0.003527 0.030731
v 0.104350 0.003224 0.030562
v 0.104132 0.003375 0.030708
v 0.104224 0.003265 0.030646
v 0.104442 0.003527 0.031375
v 0.104722 0.003224 0.031259
v 0.104480 0.003375 0.031360
v 0.104583 0.003265 0.031317
v 0.103069 0.003527 0.035901
v 0.103238 0.003224 0.036153
v 0.103092 0.003375 0.035935
v 0.103154 0.003265 0.036027
v 0.103634 0.003527 0.030166
v 0.103849 0.003224 0.029951
v 0.103663 0.003375 0.030137
v 0.103742 0.003265 0.030058
v 0.103069 0.003527 0.029703
v 0.103238 0.003224 0.029450
v 0.103092 0.003375 0.029668
v 0.103154 0.003265 0.029576
v 0.100998 0.003527 0.036529
v 0.100998 0.003224 0.036833
v 0.100998 0.003375 0.036570
v 0.100998 0.003265 0.036681
v 0.100455 0.003224 0.036779
v 0.100484 0.003527 0.036478
v 0.100469 0.003265 0.036629
v 0.100480 0.003375 0.036518
v 0.102425 0.003527 0.036245
v 0.102541 0.003224 0.036526
v 0.102440 0.003375 0.036283
v 0.102483 0.003265 0.036386
v 0.101725 0.003527 0.036457
v 0.101785 0.003224 0.036755
v 0.101734 0.003375 0.036497
v 0.101755 0.003265 0.036607
v 0.102541 0.003224 0.029077
v 0.102425 0.003527 0.029358
v 0.102483 0.003265 0.029217
v 0.102440 0.003375 0.029320
v 0.101725 0.003527 0.029146
v 0.101785 0.003224 0.028848
v 0.101734 0.003375 0.029106
v 0.101755 0.003265 0.028997
v 0.100998 0.003527 0.029075
v 0.100998 0.003224 0.028771
v 0.100998 0.003375 0.029033
v 0.100998 0.003265 0.028922
v 0.098928 0.003527 0.035901
v 0.098759 0.003224 0.036153
v 0.098905 0.003375 0.035935
v 0.098843 0.003265 0.036027
v 0.099572 0.003527 0.036245
v 0.099456 0.003224 0.036526
v 0.099556 0.003375 0.036283
v 0.099514 0.003265 0.036386
v 0.099572 0.003527 0.029358
v 0.099456 0.003224 0.029078
v 0.099556 0.003375 0.029320
v 0.099514 0.003265 0.029217
v 0.100271 0.003527 0.036457
v 0.100212 0.003224 0.036755
v 0.100263 0.003375 0.036497
v 0.100242 0.003265 0.036607
v 0.100271 0.003527 0.029146
v 0.100212 0.003224 0.028848
v 0.100263 0.003375 0.029106
v 0.100242 0.003265 0.028997
v 0.098928 0.003527 0.029703
v 0.098759 0.003224 0.029450
v 0.098905 0.003375 0.029668
v 0.098843 0.003265 0.029576
v 0.098363 0.003527 0.030166
v 0.098148 0.003224 0.029951
v 0.098334 0.003375 0.030137
v 0.098255 0.003265 0.030058
v 0.097899 0.003527 0.034872
v 0.097647 0.003224 0.035041
v 0.097865 0.003375 0.034895
v 0.097773 0.003265 0.034957
v 0.097899 0.003527 0.030731
v 0.097647 0.003224 0.030562
v 0.097865 0.003375 0.030708
v 0.097773 0.003265 0.030646
v 0.097271 0.003527 0.032802
v 0.096967 0.003224 0.032802
v 0.097230 0.003375 0.032802
v 0.097119 0.003265 0.032802
v 0.097343 0.003527 0.033529
v 0.097045 0.003224 0.033588
v 0.097303 0.003375 0.033537
v 0.097193 0.003265 0.033558
v 0.097343 0.003527 0.032075
v 0.097045 0.003224 0.032015
v 0.097303 0.003375 0.032066
v 0.097193 0.003265 0.032045
v 0.097555 0.003527 0.031375
v 0.097274 0.003224 0.031259
v 0.097517 0.003375 0.031360
v 0.097414 0.003265 0.031317
v 0.098363 0.003527 0.035437
v 0.098148 0.003224 0.035652
v 0.098334 0.003375 0.035466
v 0.098255 0.003265 0.035545
v 0.097555 0.003527 0.034228
v 0.097274 0.003224 0.034344
v 0.097517 0.003375 0.034244
v 0.097414 0.003265 0.034286
v 0.119129 0.003527 -0.042955
v 0.119433 0.003224 -0.042955
v 0.119171 0.003375 -0.042955
v 0.119282 0.003265 -0.042955
v 0.119083 0.003527 -0.042478
v 0.119381 0.003224 -0.042419
v 0.119123 0.003375 -0.042470
v 0.119232 0.003265 -0.042449
v 0.119083 0.003527 -0.043431
v 0.119381 0.003224 -0.043490
v 0.119123 0.003375 -0.043439
v 0.119232 0.003265 -0.043461
v 0.118718 0.003527 -0.041598
v 0.118971 0.003224 -0.041430
v 0.118752 0.003375 -0.041576
v 0.118845 0.003265 -0.041514
v 0.118718 0.003527 -0.044311
v 0.118971 0.003224 -0.044480
v 0.118752 0.003375 -0.044334
v 0.118845 0.003265 -0.044395
v 0.118944 0.003527 -0.042020
v 0.119224 0.003224 -0.041904
v 0.118982 0.003375 -0.042005
v 0.119085 0.003265 -0.041962
v 0.118944 0.003527 -0.043889
v 0.119224 0.003224 -0.044005
v 0.118982 0.003375 -0.043905
v 0.119085 0.003265 -0.043947
v 0.118045 0.003527 -0.040925
v 0.118214 0.003224 -0.040672
v 0.118068 0.003375 -0.040891
v 0.118129 0.003265 -0.040798
v 0.118238 0.003224 -0.045221
v 0.118045 0.003527 -0.044984
v 0.118146 0.003265 -0.045100
v 0.118075 0.003375 -0.045013
v 0.117165 0.003527 -0.040561
v 0.117224 0.003224 -0.040262
v 0.117173 0.003375 -0.040520
v 0.117194 0.003265 -0.040411
v 0.117165 0.003527 -0.045349
v 0.117224 0.003224 -0.045647
v 0.117173 0.003375 -0.045389
v 0.117194 0.003265 -0.045498
v 0.117623 0.003527 -0.040699
v 0.117739 0.003224 -0.040419
v 0.117638 0.003375 -0.040661
v 0.117681 0.003265 -0.040559
v 0.117623 0.003527 -0.045210
v 0.117725 0.003224 -0.045495
v 0.117634 0.003375 -0.045249
v 0.117672 0.003265 -0.045354
v 0.118415 0.003527 -0.041229
v 0.118629 0.003224 -0.041014
v 0.118444 0.003375 -0.041199
v 0.118522 0.003265 -0.041121
v 0.118621 0.003224 -0.044906
v 0.118415 0.003527 -0.044681
v 0.118516 0.003265 -0.044796
v 0.118441 0.003375 -0.044713
v 0.116212 0.003527 -0.040561
v 0.116153 0.003224 -0.040262
v 0.116204 0.003375 -0.040520
v 0.116183 0.003265 -0.040411
v 0.116212 0.003527 -0.045349
v 0.116153 0.003224 -0.045647
v 0.116204 0.003375 -0.045389
v 0.116183 0.003265 -0.045498
v 0.115332 0.003527 -0.040925
v 0.115163 0.003224 -0.040672
v 0.115309 0.003375 -0.040891
v 0.115248 0.003265 -0.040798
v 0.115332 0.003527 -0.044984
v 0.115163 0.003224 -0.045237
v 0.115309 0.003375 -0.045019
v 0.115248 0.003265 -0.045111
v 0.115754 0.003527 -0.040699
v 0.115638 0.003224 -0.040419
v 0.115739 0.003375 -0.040661
v 0.115696 0.003265 -0.040559
v 0.115754 0.003527 -0.045210
v 0.115638 0.003224 -0.045491
v 0.115739 0.003375 -0.045248
v 0.115696 0.003265 -0.045351
v 0.114659 0.003527 -0.041598
v 0.114406 0.003224 -0.041430
v 0.114625 0.003375 -0.041576
v 0.114532 0.003265 -0.041514
v 0.114659 0.003527 -0.044311
v 0.114406 0.003224 -0.044480
v 0.114625 0.003375 -0.044334
v 0.114532 0.003265 -0.044395
v 0.114248 0.003527 -0.042955
v 0.113944 0.003224 -0.042951
v 0.114206 0.003375 -0.042953
v 0.114095 0.003265 -0.042952
v 0.114294 0.003527 -0.042478
v 0.113996 0.003224 -0.042421
v 0.114254 0.003375 -0.042471
v 0.114145 0.003265 -0.042450
v 0.114294 0.003527 -0.043431
v 0.113997 0.003224 -0.043492
v 0.114254 0.003375 -0.043439
v 0.114145 0.003265 -0.043462
v 0.114433 0.003527 -0.042020
v 0.114153 0.003224 -0.041904
v 0.114395 0.003375 -0.042005
v 0.114292 0.003265 -0.041962
v 0.114433 0.003527 -0.043889
v 0.114153 0.003224 -0.044005
v 0.114395 0.003375 -0.043905
v 0.114292 0.003265 -0.043947
v 0.114962 0.003527 -0.041229
v 0.114748 0.003224 -0.041014
v 0.114933 0.003375 -0.041199
v 0.114855 0.003265 -0.041121
v 0.114962 0.003527 -0.044681
v 0.114748 0.003224 -0.044896
v 0.114933 0.003375 -0.044710
v 0.114855 0.003265 -0.044788
v 0.116688 0.003527 -0.040514
v 0.116688 0.003224 -0.040210
v 0.116688 0.003375 -0.040472
v 0.116688 0.003265 -0.040361
v 0.116688 0.003527 -0.045396
v 0.116688 0.003224 -0.045700
v 0.116688 0.003375 -0.045437
v 0.116688 0.003265 -0.045548
v 0.138475 0.003527 0.021166
v 0.138779 0.003224 0.021166
v 0.138516 0.003375 0.021166
v 0.138627 0.003265 0.021166
v 0.138191 0.003527 0.022592
v 0.138472 0.003224 0.022708
v 0.138229 0.003375 0.022608
v 0.138332 0.003265 0.022650
v 0.138403 0.003527 0.021893
v 0.138701 0.003224 0.021952
v 0.138443 0.003375 0.021901
v 0.138553 0.003265 0.021923
v 0.138403 0.003527 0.020439
v 0.138701 0.003224 0.020379
v 0.138443 0.003375 0.020431
v 0.138553 0.003265 0.020409
v 0.137846 0.003527 0.023236
v 0.138099 0.003224 0.023405
v 0.137881 0.003375 0.023259
v 0.137973 0.003265 0.023321
v 0.137846 0.003527 0.019095
v 0.138099 0.003224 0.018926
v 0.137881 0.003375 0.019072
v 0.137973 0.003265 0.019011
v 0.137383 0.003527 0.023801
v 0.137602 0.003224 0.024011
v 0.137414 0.003375 0.023829
v 0.137494 0.003265 0.023905
v 0.138191 0.003527 0.019740
v 0.138472 0.003224 0.019623
v 0.138229 0.003375 0.019724
v 0.138332 0.003265 0.019681
v 0.136297 0.003224 0.024888
v 0.136174 0.003527 0.024609
v 0.136237 0.003265 0.024749
v 0.136192 0.003375 0.024647
v 0.136975 0.003224 0.024526
v 0.136818 0.003527 0.024265
v 0.136895 0.003265 0.024397
v 0.136837 0.003375 0.024302
v 0.136818 0.003527 0.018067
v 0.136987 0.003224 0.017814
v 0.136841 0.003375 0.018033
v 0.136903 0.003265 0.017940
v 0.134748 0.003527 0.017439
v 0.134748 0.003224 0.017135
v 0.134748 0.003375 0.017398
v 0.134748 0.003265 0.017286
v 0.134748 0.003527 0.024893
v 0.134748 0.003224 0.025197
v 0.134748 0.003375 0.024934
v 0.134748 0.003265 0.025045
v 0.135475 0.003527 0.017510
v 0.135534 0.003224 0.017212
v 0.135483 0.003375 0.017470
v 0.135504 0.003265 0.017361
v 0.135475 0.003527 0.024821
v 0.135534 0.003224 0.025119
v 0.135483 0.003375 0.024862
v 0.135504 0.003265 0.024971
v 0.136174 0.003527 0.017723
v 0.136290 0.003224 0.017442
v 0.136190 0.003375 0.017684
v 0.136232 0.003265 0.017582
v 0.137383 0.003527 0.018530
v 0.137598 0.003224 0.018316
v 0.137412 0.003375 0.018501
v 0.137491 0.003265 0.018423
v 0.133321 0.003527 0.024609
v 0.133205 0.003224 0.024890
v 0.133306 0.003375 0.024647
v 0.133263 0.003265 0.024750
v 0.133321 0.003527 0.017723
v 0.133205 0.003224 0.017442
v 0.133306 0.003375 0.017684
v 0.133263 0.003265 0.017582
v 0.132112 0.003527 0.023801
v 0.131897 0.003224 0.024016
v 0.132083 0.003375 0.023830
v 0.132004 0.003265 0.023909
v 0.132112 0.003527 0.018530
v 0.131897 0.003224 0.018316
v 0.132083 0.003375 0.018501
v 0.132004 0.003265 0.018423
v 0.132677 0.003527 0.024265
v 0.132508 0.003224 0.024517
v 0.132654 0.003375 0.024299
v 0.132592 0.003265 0.024392
v 0.132677 0.003527 0.018067
v 0.132508 0.003224 0.017814
v 0.132654 0.003375 0.018033
v 0.132592 0.003265 0.017940
v 0.131092 0.003527 0.021893
v 0.130794 0.003224 0.021952
v 0.131052 0.003375 0.021901
v 0.130943 0.003265 0.021923
v 0.131304 0.003527 0.022592
v 0.131023 0.003224 0.022708
v 0.131266 0.003375 0.022608
v 0.131163 0.003265 0.022650
v 0.131304 0.003527 0.019740
v 0.131027 0.003224 0.019615
v 0.131267 0.003375 0.019721
v 0.131166 0.003265 0.019676
v 0.118581 0.003527 0.012568
v 0.118879 0.003224 0.012509
v 0.118622 0.003375 0.012560
v 0.118731 0.003265 0.012539
v 0.118581 0.003527 0.013521
v 0.118880 0.003224 0.013576
v 0.118622 0.003375 0.013528
v 0.118731 0.003265 0.013548
v 0.118628 0.003527 0.013045
v 0.118932 0.003224 0.013045
v 0.118669 0.003375 0.013045
v 0.118781 0.003265 0.013045
v 0.131021 0.003527 0.021166
v 0.130717 0.003224 0.021166
v 0.130979 0.003375 0.021166
v 0.130868 0.003265 0.021166
v 0.131092 0.003527 0.020439
v 0.130794 0.003224 0.020384
v 0.131052 0.003375 0.020432
v 0.130942 0.003265 0.020412
v 0.131649 0.003527 0.023236
v 0.131396 0.003224 0.023405
v 0.131614 0.003375 0.023259
v 0.131522 0.003265 0.023321
v 0.131649 0.003527 0.019095
v 0.131393 0.003224 0.018930
v 0.131614 0.003375 0.019073
v 0.131520 0.003265 0.019013
v 0.134020 0.003527 0.024821
v 0.133961 0.003224 0.025119
v 0.134012 0.003375 0.024862
v 0.133991 0.003265 0.024971
v 0.134020 0.003527 0.017510
v 0.133961 0.003224 0.017212
v 0.134012 0.003375 0.017470
v 0.133991 0.003265 0.017361
v 0.118217 0.003527 0.014401
v 0.118472 0.003224 0.014566
v 0.118252 0.003375 0.014423
v 0.118345 0.003265 0.014483
v 0.118217 0.003527 0.011688
v 0.118469 0.003224 0.011520
v 0.118251 0.003375 0.011666
v 0.118343 0.003265 0.011604
v 0.117543 0.003527 0.015074
v 0.117712 0.003224 0.015327
v 0.117566 0.003375 0.015108
v 0.117628 0.003265 0.015201
v 0.117543 0.003527 0.011015
v 0.117712 0.003224 0.010762
v 0.117566 0.003375 0.010981
v 0.117628 0.003265 0.010888
v 0.117913 0.003527 0.014771
v 0.118128 0.003224 0.014986
v 0.117942 0.003375 0.014800
v 0.118021 0.003265 0.014878
v 0.117913 0.003527 0.011319
v 0.118128 0.003224 0.011104
v 0.117942 0.003375 0.011289
v 0.118021 0.003265 0.011211
v 0.116187 0.003527 0.015486
v 0.116187 0.003224 0.015789
v 0.116187 0.003375 0.015527
v 0.116187 0.003265 0.015638
v 0.116663 0.003527 0.015439
v 0.116723 0.003224 0.015737
v 0.116671 0.003375 0.015479
v 0.116693 0.003265 0.015588
v 0.116663 0.003527 0.010650
v 0.116723 0.003224 0.010352
v 0.116671 0.003375 0.010610
v 0.116693 0.003265 0.010501
v 0.115711 0.003527 0.010650
v 0.115652 0.003224 0.010352
v 0.115703 0.003375 0.010610
v 0.115681 0.003265 0.010501
v 0.115253 0.003527 0.015300
v 0.115134 0.003224 0.015580
v 0.115236 0.003375 0.015338
v 0.115193 0.003265 0.015440
v 0.115253 0.003527 0.010789
v 0.115137 0.003224 0.010509
v 0.115237 0.003375 0.010751
v 0.115195 0.003265 0.010648
v 0.115711 0.003527 0.015439
v 0.115652 0.003224 0.015737
v 0.115703 0.003375 0.015479
v 0.115681 0.003265 0.015588
v 0.116187 0.003527 0.010604
v 0.116187 0.003224 0.010300
v 0.116187 0.003375 0.010562
v 0.116187 0.003265 0.010451
v 0.117121 0.003527 0.015300
v 0.117237 0.003224 0.015581
v 0.117137 0.003375 0.015338
v 0.117179 0.003265 0.015441
v 0.117121 0.003527 0.010789
v 0.117237 0.003224 0.010509
v 0.117137 0.003375 0.010751
v 0.117179 0.003265 0.010648
v 0.114461 0.003527 0.014771
v 0.114244 0.003224 0.014984
v 0.114431 0.003375 0.014799
v 0.114352 0.003265 0.014877
v 0.114461 0.003527 0.011319
v 0.114246 0.003224 0.011104
v 0.114432 0.003375 0.011289
v 0.114353 0.003265 0.011211
v 0.113793 0.003527 0.013521
v 0.113495 0.003224 0.013580
v 0.113752 0.003375 0.013529
v 0.113643 0.003265 0.013551
v 0.113932 0.003527 0.013979
v 0.113651 0.003224 0.014095
v 0.113894 0.003375 0.013994
v 0.113791 0.003265 0.014037
v 0.113932 0.003527 0.012110
v 0.113651 0.003224 0.011994
v 0.113894 0.003375 0.012095
v 0.113791 0.003265 0.012052
v 0.114157 0.003527 0.014401
v 0.113905 0.003224 0.014570
v 0.114123 0.003375 0.014424
v 0.114031 0.003265 0.014485
v 0.114157 0.003527 0.011688
v 0.113905 0.003224 0.011520
v 0.114123 0.003375 0.011665
v 0.114031 0.003265 0.011604
v 0.104654 0.003527 0.032075
v 0.104952 0.003224 0.032015
v 0.104694 0.003375 0.032066
v 0.104803 0.003265 0.032045
v 0.104654 0.003527 0.033529
v 0.104952 0.003224 0.033588
v 0.104694 0.003375 0.033537
v 0.104803 0.003265 0.033558
v 0.104725 0.003527 0.032802
v 0.105029 0.003224 0.032802
v 0.104767 0.003375 0.032802
v 0.104878 0.003265 0.032802
v 0.103634 0.003527 0.035437
v 0.103849 0.003224 0.035652
v 0.103663 0.003375 0.035466
v 0.103742 0.003265 0.035545
v 0.104097 0.003527 0.034872
v 0.104350 0.003224 0.035041
v 0.104132 0.003375 0.034895
v 0.104224 0.003265 0.034957
v 0.104442 0.003527 0.034228
v 0.104722 0.003224 0.034344
v 0.104480 0.003375 0.034244
v 0.104583 0.003265 0.034286
v 0.113746 0.003527 0.013045
v 0.113442 0.003224 0.013045
v 0.113705 0.003375 0.013045
v 0.113594 0.003265 0.013045
v 0.113793 0.003527 0.012568
v 0.113495 0.003224 0.012509
v 0.113752 0.003375 0.012560
v 0.113643 0.003265 0.012539
v 0.114831 0.003527 0.015074
v 0.114666 0.003224 0.015330
v 0.114809 0.003375 0.015109
v 0.114749 0.003265 0.015203
v 0.114831 0.003527 0.011015
v 0.114662 0.003224 0.010762
v 0.114808 0.003375 0.010981
v 0.114746 0.003265 0.010888
v 0.118720 0.003224 0.014103
v 0.118442 0.003527 0.013979
v 0.118581 0.003265 0.014042
v 0.118479 0.003375 0.013997
v 0.118442 0.003527 0.012110
v 0.118723 0.003224 0.011994
v 0.118480 0.003375 0.012095
v 0.118583 0.003265 0.012052
v 0.092994 0.005223 0.051310
v 0.094334 0.005223 0.054965
v 0.093264 0.005223 0.052168
v 0.093613 0.005223 0.053164
v 0.093989 0.005223 0.054146
v 0.088683 0.021224 0.063117
v 0.086890 0.021224 0.059786
v 0.088254 0.021230 0.062368
v 0.087762 0.021232 0.061472
v 0.087283 0.021230 0.060565
v 0.086553 0.020772 0.059808
v 0.088344 0.020768 0.063170
v 0.086927 0.020764 0.060599
v 0.087399 0.020760 0.061515
v 0.087897 0.020761 0.062418
v 0.088481 0.021160 0.063187
v 0.086686 0.021164 0.059849
v 0.088058 0.021177 0.062435
v 0.087569 0.021184 0.061537
v 0.087087 0.021179 0.060629
v 0.088358 0.020995 0.063205
v 0.086563 0.020998 0.059857
v 0.087915 0.021005 0.062457
v 0.087419 0.021009 0.061559
v 0.086944 0.021007 0.060646
v 0.087775 0.021224 0.059375
v 0.089576 0.021224 0.062699
v 0.088151 0.021224 0.060160
v 0.088625 0.021224 0.061067
v 0.089126 0.021224 0.061959
v 0.090076 0.020768 0.062345
v 0.088279 0.020772 0.058994
v 0.089633 0.020753 0.061593
v 0.089136 0.020749 0.060693
v 0.088660 0.020755 0.059780
v 0.089782 0.021161 0.062558
v 0.087985 0.021164 0.059230
v 0.089345 0.021151 0.061809
v 0.088850 0.021149 0.060913
v 0.088372 0.021153 0.060008
v 0.089965 0.020994 0.062429
v 0.088170 0.020998 0.059091
v 0.089533 0.020976 0.061674
v 0.089040 0.020970 0.060775
v 0.088561 0.020978 0.059868
v 0.092142 0.005223 0.048208
v 0.092954 0.005223 0.051169
v 0.092345 0.005223 0.048948
v 0.092548 0.005223 0.049688
v 0.092751 0.005223 0.050429
v 0.084773 0.020776 0.055646
v 0.085952 0.020773 0.058445
v 0.085068 0.020775 0.056346
v 0.085362 0.020775 0.057046
v 0.085657 0.020774 0.057745
v 0.086295 0.021224 0.058449
v 0.085109 0.021224 0.055660
v 0.085999 0.021224 0.057752
v 0.085702 0.021224 0.057054
v 0.085406 0.021224 0.056357
v 0.085958 0.020999 0.058492
v 0.084775 0.021000 0.055695
v 0.085662 0.020999 0.057793
v 0.085366 0.020999 0.057094
v 0.085071 0.021000 0.056394
v 0.086084 0.021164 0.058494
v 0.084898 0.021164 0.055700
v 0.085787 0.021164 0.057795
v 0.085491 0.021164 0.057097
v 0.085194 0.021164 0.056398
v 0.087745 0.020774 0.057796
v 0.086560 0.020776 0.055009
v 0.087449 0.020774 0.057099
v 0.087152 0.020775 0.056402
v 0.086856 0.020775 0.055706
v 0.086018 0.021224 0.055342
v 0.087212 0.021224 0.058124
v 0.086317 0.021224 0.056037
v 0.086615 0.021224 0.056733
v 0.086914 0.021224 0.057428
v 0.087627 0.020999 0.057877
v 0.086440 0.021000 0.055093
v 0.087330 0.020999 0.057181
v 0.087033 0.020999 0.056485
v 0.086737 0.021000 0.055789
v 0.087432 0.021164 0.057997
v 0.086241 0.021164 0.055215
v 0.087135 0.021164 0.057302
v 0.086837 0.021164 0.056606
v 0.086539 0.021164 0.055911
v 0.091210 0.005223 0.043769
v 0.091819 0.005223 0.046967
v 0.091318 0.005223 0.044511
v 0.091472 0.005223 0.045380
v 0.091648 0.005223 0.046242
v 0.084571 0.021224 0.054333
v 0.083601 0.021224 0.051275
v 0.084330 0.021229 0.053642
v 0.084062 0.021231 0.052818
v 0.083806 0.021229 0.051987
v 0.083265 0.020778 0.051220
v 0.084227 0.020777 0.054288
v 0.083451 0.020770 0.051933
v 0.083699 0.020767 0.052767
v 0.083972 0.020770 0.053594
v 0.084355 0.021164 0.054357
v 0.083387 0.021164 0.051293
v 0.084121 0.021178 0.053665
v 0.083855 0.021183 0.052840
v 0.083597 0.021178 0.052007
v 0.084229 0.021000 0.054339
v 0.083263 0.021001 0.051273
v 0.083978 0.021008 0.053648
v 0.083706 0.021011 0.052823
v 0.083455 0.021009 0.051989
v 0.086060 0.020777 0.053775
v 0.085096 0.020779 0.050715
v 0.085809 0.020762 0.053082
v 0.085538 0.020758 0.052257
v 0.085288 0.020763 0.051426
v 0.084529 0.021224 0.051026
v 0.085502 0.021224 0.054081
v 0.084732 0.021220 0.051732
v 0.084989 0.021218 0.052560
v 0.085259 0.021220 0.053385
v 0.085936 0.021001 0.053854
v 0.084970 0.021002 0.050797
v 0.085695 0.020983 0.053158
v 0.085426 0.020976 0.052332
v 0.085172 0.020983 0.051503
v 0.085732 0.021164 0.053966
v 0.084763 0.021164 0.050911
v 0.085501 0.021151 0.053264
v 0.085236 0.021146 0.052437
v 0.084977 0.021151 0.051611
v 0.090809 0.005223 0.038972
v 0.091079 0.005223 0.042713
v 0.090842 0.005223 0.039836
v 0.090904 0.005223 0.040850
v 0.090988 0.005223 0.041860
v 0.083304 0.021224 0.049999
v 0.082695 0.021224 0.046354
v 0.083129 0.021224 0.049170
v 0.082952 0.021224 0.048186
v 0.082799 0.021224 0.047197
v 0.082356 0.020779 0.046231
v 0.082958 0.020779 0.049890
v 0.082461 0.020773 0.047075
v 0.082612 0.020770 0.048067
v 0.082786 0.020772 0.049055
v 0.083083 0.021164 0.049987
v 0.082477 0.021165 0.046334
v 0.082915 0.021173 0.049157
v 0.082741 0.021176 0.048172
v 0.082587 0.021173 0.047181
v 0.082957 0.021001 0.049946
v 0.082353 0.021002 0.046289
v 0.082789 0.021009 0.049116
v 0.082616 0.021012 0.048129
v 0.082462 0.021009 0.047137
v 0.084844 0.020779 0.049619
v 0.084247 0.020780 0.045965
v 0.084678 0.020766 0.048785
v 0.084506 0.020761 0.047797
v 0.084355 0.020766 0.046807
v 0.083655 0.021224 0.046227
v 0.084260 0.021224 0.049870
v 0.083758 0.021224 0.047071
v 0.083909 0.021224 0.048059
v 0.084086 0.021224 0.049042
v 0.084715 0.021002 0.049688
v 0.084117 0.021002 0.046039
v 0.084558 0.020985 0.048852
v 0.084390 0.020979 0.047865
v 0.084235 0.020985 0.046877
v 0.084501 0.021165 0.049780
v 0.083900 0.021165 0.046135
v 0.084339 0.021156 0.048947
v 0.084168 0.021153 0.047962
v 0.084014 0.021156 0.046974
v 0.090852 0.005223 0.034172
v 0.090792 0.005223 0.038196
v 0.090816 0.005223 0.035097
v 0.090792 0.005223 0.036187
v 0.090783 0.005223 0.037275
v 0.082603 0.021224 0.045452
v 0.082384 0.021224 0.041488
v 0.082524 0.021224 0.044545
v 0.082455 0.021224 0.043473
v 0.082406 0.021224 0.042400
v 0.082050 0.020779 0.041311
v 0.082262 0.020779 0.045292
v 0.082072 0.020774 0.042225
v 0.082119 0.020773 0.043302
v 0.082186 0.020775 0.044379
v 0.082383 0.021165 0.045410
v 0.082168 0.021164 0.041438
v 0.082310 0.021171 0.044503
v 0.082244 0.021174 0.043430
v 0.082194 0.021171 0.042354
v 0.082258 0.021002 0.045350
v 0.082046 0.021001 0.041374
v 0.082186 0.021008 0.044443
v 0.082120 0.021010 0.043368
v 0.082071 0.021008 0.042291
v 0.084172 0.020780 0.045212
v 0.083969 0.020780 0.041234
v 0.084102 0.020769 0.044301
v 0.084038 0.020765 0.043225
v 0.083992 0.020769 0.042148
v 0.083363 0.021224 0.041459
v 0.083573 0.021224 0.045420
v 0.083382 0.021224 0.042371
v 0.083429 0.021224 0.043444
v 0.083496 0.021224 0.044514
v 0.084041 0.021002 0.045273
v 0.083837 0.021002 0.041303
v 0.083978 0.020989 0.044362
v 0.083918 0.020984 0.043287
v 0.083868 0.020989 0.042213
v 0.083821 0.021165 0.045349
v 0.083616 0.021165 0.041385
v 0.083755 0.021158 0.044440
v 0.083692 0.021155 0.043368
v 0.083643 0.021158 0.042295
v 0.091265 0.005223 0.029698
v 0.090878 0.005223 0.033651
v 0.091148 0.005223 0.030605
v 0.091033 0.005223 0.031675
v 0.090939 0.005223 0.032745
v 0.082379 0.021224 0.040844
v 0.082599 0.021224 0.036931
v 0.082391 0.021224 0.039946
v 0.082437 0.021224 0.038886
v 0.082510 0.021224 0.037828
v 0.082271 0.020778 0.036705
v 0.082046 0.020779 0.040636
v 0.082183 0.020773 0.037604
v 0.082109 0.020771 0.038667
v 0.082061 0.020773 0.039731
v 0.082164 0.021164 0.040774
v 0.082387 0.021164 0.036854
v 0.082183 0.021174 0.039878
v 0.082233 0.021177 0.038818
v 0.082304 0.021174 0.037756
v 0.082042 0.021001 0.040698
v 0.082267 0.021001 0.036771
v 0.082062 0.021011 0.039800
v 0.082112 0.021014 0.038739
v 0.082184 0.021010 0.037675
v 0.083967 0.020780 0.040734
v 0.084204 0.020779 0.036797
v 0.083989 0.020766 0.039828
v 0.084042 0.020761 0.038762
v 0.084118 0.020765 0.037698
v 0.083591 0.021224 0.036991
v 0.083360 0.021224 0.040902
v 0.083499 0.021224 0.037888
v 0.083423 0.021224 0.038947
v 0.083374 0.021224 0.040005
v 0.083835 0.021002 0.040789
v 0.084073 0.021001 0.036862
v 0.083869 0.020984 0.039884
v 0.083926 0.020978 0.038820
v 0.083997 0.020984 0.037759
v 0.083613 0.021165 0.040850
v 0.083849 0.021164 0.036932
v 0.083641 0.021155 0.039949
v 0.083696 0.021152 0.038888
v 0.083769 0.021155 0.037829
v 0.092481 0.005223 0.022118
v 0.091412 0.005223 0.028683
v 0.092274 0.005223 0.023293
v 0.092041 0.005223 0.024674
v 0.091805 0.005223 0.026126
v 0.091588 0.005223 0.027508
v 0.082738 0.021224 0.035785
v 0.083705 0.021224 0.029279
v 0.082888 0.021224 0.034618
v 0.083079 0.021224 0.033248
v 0.083293 0.021224 0.031808
v 0.083509 0.021224 0.030441
v 0.083387 0.020776 0.029002
v 0.082412 0.020777 0.035543
v 0.083190 0.020774 0.030169
v 0.082974 0.020773 0.031543
v 0.082758 0.020773 0.032990
v 0.082565 0.020775 0.034368
v 0.082528 0.021164 0.035694
v 0.083500 0.021164 0.029176
v 0.082683 0.021170 0.034528
v 0.082878 0.021173 0.033156
v 0.083092 0.021173 0.031714
v 0.083307 0.021170 0.030343
v 0.082409 0.021001 0.035605
v 0.083384 0.021000 0.029074
v 0.082564 0.021007 0.034436
v 0.082759 0.021010 0.033062
v 0.082975 0.021009 0.031618
v 0.083190 0.021006 0.030244
v 0.084327 0.020778 0.035811
v 0.085317 0.020777 0.029256
v 0.084485 0.020770 0.034635
v 0.084683 0.020766 0.033254
v 0.084902 0.020766 0.031803
v 0.085121 0.020769 0.030426
v 0.084702 0.021224 0.029426
v 0.083722 0.021224 0.035930
v 0.084504 0.021224 0.030589
v 0.084286 0.021224 0.031956
v 0.084069 0.021224 0.033395
v 0.083875 0.021224 0.034764
v 0.084198 0.021001 0.035855
v 0.085187 0.021000 0.029320
v 0.084355 0.020996 0.034683
v 0.084553 0.020994 0.033307
v 0.084771 0.020993 0.031862
v 0.084990 0.020996 0.030488
v 0.083977 0.021164 0.035899
v 0.084962 0.021164 0.029382
v 0.084130 0.021164 0.034731
v 0.084326 0.021164 0.033359
v 0.084544 0.021164 0.031918
v 0.084763 0.021164 0.030547
v 0.095272 0.005223 0.009443
v 0.092837 0.005223 0.020150
v 0.094922 0.005223 0.010765
v 0.094541 0.005223 0.012290
v 0.094148 0.005223 0.013942
v 0.093762 0.005223 0.015637
v 0.093403 0.005223 0.017291
v 0.093090 0.005223 0.018821
v 0.086176 0.020773 0.016237
v 0.083762 0.020775 0.026877
v 0.085826 0.020774 0.017545
v 0.085446 0.020774 0.019056
v 0.085055 0.020774 0.020695
v 0.084673 0.020774 0.022380
v 0.084319 0.020775 0.024026
v 0.084010 0.020775 0.025551
v 0.084083 0.021224 0.027138
v 0.086484 0.021224 0.016557
v 0.084330 0.021224 0.025819
v 0.084637 0.021224 0.024303
v 0.084989 0.021224 0.022667
v 0.085369 0.021224 0.020991
v 0.085758 0.021224 0.019361
v 0.086136 0.021224 0.017858
v 0.083761 0.021000 0.026939
v 0.086172 0.020999 0.016320
v 0.084009 0.021000 0.025615
v 0.084318 0.020999 0.024093
v 0.084672 0.020999 0.022450
v 0.085054 0.020999 0.020768
v 0.085444 0.020999 0.019132
v 0.085823 0.020999 0.017625
v 0.083879 0.021164 0.027037
v 0.086285 0.021164 0.016437
v 0.084126 0.021164 0.025714
v 0.084434 0.021164 0.024195
v 0.084788 0.021164 0.022555
v 0.085169 0.021164 0.020877
v 0.085558 0.021164 0.019244
v 0.085937 0.021164 0.017739
v 0.087490 0.021224 0.016760
v 0.085073 0.021224 0.027343
v 0.087139 0.021224 0.018063
v 0.086759 0.021224 0.019567
v 0.086368 0.021224 0.021198
v 0.085985 0.021224 0.022874
v 0.085630 0.021224 0.024510
v 0.085321 0.021224 0.026025
v 0.085672 0.020776 0.027263
v 0.088113 0.020774 0.016579
v 0.085922 0.020776 0.025936
v 0.086234 0.020776 0.024408
v 0.086592 0.020775 0.022757
v 0.086979 0.020775 0.021065
v 0.087374 0.020775 0.019418
v 0.087759 0.020774 0.017897
v 0.085329 0.021164 0.027328
v 0.087755 0.021164 0.016715
v 0.085578 0.021164 0.026008
v 0.085888 0.021164 0.024490
v 0.086244 0.021164 0.022849
v 0.086628 0.021164 0.021169
v 0.087021 0.021164 0.019533
v 0.087403 0.021164 0.018023
v 0.085548 0.021000 0.027298
v 0.087983 0.020999 0.016651
v 0.085798 0.021000 0.025975
v 0.086109 0.021000 0.024452
v 0.086466 0.021000 0.022807
v 0.086852 0.021000 0.021121
v 0.087246 0.020999 0.019479
v 0.087629 0.020999 0.017964
v 0.100085 0.005223 -0.007720
v 0.095798 0.005223 0.007524
v 0.099473 0.005223 -0.005543
v 0.098860 0.005223 -0.003365
v 0.098248 0.005223 -0.001187
v 0.097635 0.005223 0.000991
v 0.097023 0.005223 0.003169
v 0.096411 0.005223 0.005347
v 0.091187 0.020772 -0.001091
v 0.086790 0.020773 0.014025
v 0.090559 0.020772 0.001068
v 0.089931 0.020772 0.003228
v 0.089303 0.020772 0.005387
v 0.088675 0.020772 0.007547
v 0.088046 0.020773 0.009706
v 0.087418 0.020773 0.011866
v 0.087111 0.021224 0.014302
v 0.091484 0.021224 -0.000722
v 0.087735 0.021224 0.012156
v 0.088360 0.021224 0.010009
v 0.088985 0.021224 0.007863
v 0.089610 0.021224 0.005717
v 0.090235 0.021224 0.003570
v 0.090860 0.021224 0.001424
v 0.086794 0.020999 0.014084
v 0.091185 0.020998 -0.001000
v 0.087421 0.020999 0.011929
v 0.088049 0.020998 0.009774
v 0.088676 0.020998 0.007619
v 0.089303 0.020998 0.005464
v 0.089930 0.020998 0.003309
v 0.090558 0.020998 0.001154
v 0.086911 0.021164 0.014187
v 0.091294 0.021163 -0.000867
v 0.087537 0.021164 0.012037
v 0.088163 0.021164 0.009886
v 0.088789 0.021164 0.007736
v 0.089416 0.021164 0.005585
v 0.090042 0.021164 0.003434
v 0.090668 0.021164 0.001284
v 0.092484 0.021224 -0.000446
v 0.088097 0.021224 0.014583
v 0.091857 0.021224 0.001701
v 0.091230 0.021224 0.003848
v 0.090604 0.021224 0.005995
v 0.089977 0.021224 0.008142
v 0.089351 0.021224 0.010289
v 0.088724 0.021224 0.012436
v 0.088674 0.020774 0.014568
v 0.093103 0.020772 -0.000618
v 0.089307 0.020774 0.012399
v 0.089940 0.020774 0.010229
v 0.090572 0.020773 0.008060
v 0.091205 0.020773 0.005890
v 0.091837 0.020773 0.003721
v 0.092470 0.020773 0.001551
v 0.088348 0.021164 0.014595
v 0.092748 0.021164 -0.000482
v 0.088976 0.021164 0.012441
v 0.089605 0.021164 0.010288
v 0.090234 0.021164 0.008134
v 0.090862 0.021164 0.005980
v 0.091491 0.021164 0.003826
v 0.092120 0.021164 0.001672
v 0.088559 0.020999 0.014587
v 0.092974 0.020998 -0.000541
v 0.089190 0.020999 0.012426
v 0.089821 0.020999 0.010265
v 0.090451 0.020999 0.008103
v 0.091082 0.020999 0.005942
v 0.091713 0.020998 0.003781
v 0.092343 0.020998 0.001620
v 0.109953 0.003224 -0.042904
v 0.110719 0.005223 -0.043662
v 0.109615 0.005223 -0.040785
v 0.110324 0.005223 -0.042770
v 0.109920 0.005223 -0.041717
v 0.112500 0.005223 -0.046445
v 0.110823 0.005223 -0.043876
v 0.111910 0.005223 -0.045672
v 0.111297 0.005223 -0.044732
v 0.105845 0.020768 -0.048482
v 0.104723 0.020768 -0.045614
v 0.105449 0.020768 -0.047589
v 0.105039 0.020768 -0.046539
v 0.105122 0.021224 -0.045532
v 0.106244 0.021224 -0.048399
v 0.105457 0.021230 -0.046452
v 0.105868 0.021230 -0.047501
v 0.105881 0.020996 -0.048492
v 0.104759 0.020996 -0.045624
v 0.105494 0.021010 -0.047597
v 0.105084 0.021010 -0.046548
v 0.106027 0.021163 -0.048462
v 0.104905 0.021163 -0.045594
v 0.105660 0.021179 -0.047561
v 0.105249 0.021179 -0.046512
v 0.106668 0.021224 -0.049274
v 0.108344 0.021224 -0.051840
v 0.107169 0.021233 -0.050112
v 0.107782 0.021233 -0.051051
v 0.107988 0.020768 -0.052009
v 0.106311 0.020768 -0.049445
v 0.107397 0.020766 -0.051235
v 0.106784 0.020766 -0.050297
v 0.108148 0.021163 -0.051949
v 0.106472 0.021163 -0.049384
v 0.107600 0.021190 -0.051153
v 0.106987 0.021190 -0.050214
v 0.108017 0.020996 -0.052011
v 0.106342 0.020996 -0.049446
v 0.107441 0.021018 -0.051231
v 0.106827 0.021018 -0.050292
v 0.107211 0.021224 -0.048014
v 0.106093 0.021224 -0.045144
v 0.106835 0.021219 -0.047112
v 0.106426 0.021219 -0.046061
v 0.106561 0.020769 -0.044872
v 0.107679 0.020769 -0.047744
v 0.106879 0.020758 -0.045797
v 0.107288 0.020758 -0.046848
v 0.107426 0.021163 -0.047902
v 0.106309 0.021163 -0.045031
v 0.107062 0.021147 -0.046993
v 0.106653 0.021148 -0.045942
v 0.107598 0.020996 -0.047803
v 0.106481 0.020997 -0.044931
v 0.107218 0.020978 -0.046902
v 0.106809 0.020978 -0.045850
v 0.107962 0.020769 -0.048332
v 0.109631 0.020768 -0.050904
v 0.108437 0.020749 -0.049183
v 0.109048 0.020749 -0.050124
v 0.109206 0.021224 -0.051264
v 0.107537 0.021224 -0.048692
v 0.108644 0.021216 -0.050469
v 0.108033 0.021216 -0.049527
v 0.109554 0.020996 -0.050980
v 0.107887 0.020996 -0.048407
v 0.108988 0.020965 -0.050187
v 0.108378 0.020965 -0.049246
v 0.109399 0.021163 -0.051112
v 0.107732 0.021163 -0.048538
v 0.108854 0.021137 -0.050302
v 0.108244 0.021137 -0.049360
v 0.121805 0.005223 -0.051732
v 0.123249 0.005223 -0.051853
v 0.122174 0.005223 -0.051774
v 0.114960 0.005223 -0.048821
v 0.112830 0.005223 -0.046833
v 0.114244 0.005223 -0.048238
v 0.113464 0.005223 -0.047510
v 0.118043 0.005223 -0.050675
v 0.115517 0.005223 -0.049232
v 0.117212 0.005223 -0.050272
v 0.116287 0.005223 -0.049743
v 0.121132 0.005223 -0.051637
v 0.118561 0.005223 -0.050895
v 0.120453 0.005223 -0.051499
v 0.119429 0.005223 -0.051211
v 0.123129 0.020767 -0.059075
v 0.120219 0.020767 -0.058902
v 0.122206 0.020765 -0.059059
v 0.121141 0.020765 -0.058995
v 0.120219 0.021224 -0.058527
v 0.123130 0.021224 -0.058699
v 0.121141 0.021229 -0.058602
v 0.122206 0.021229 -0.058665
v 0.120213 0.020996 -0.058885
v 0.123123 0.020996 -0.059059
v 0.121135 0.021007 -0.058971
v 0.122200 0.021007 -0.059035
v 0.120213 0.021163 -0.058747
v 0.123123 0.021164 -0.058921
v 0.121135 0.021178 -0.058815
v 0.122200 0.021178 -0.058879
v 0.116346 0.021224 -0.057632
v 0.119154 0.021224 -0.058385
v 0.117225 0.021233 -0.057906
v 0.118253 0.021233 -0.058182
v 0.119060 0.020767 -0.058747
v 0.116256 0.020767 -0.057994
v 0.118154 0.020763 -0.058574
v 0.117127 0.020763 -0.058298
v 0.116290 0.021163 -0.057846
v 0.119097 0.021163 -0.058599
v 0.117173 0.021189 -0.058107
v 0.118201 0.021189 -0.058382
v 0.116258 0.020996 -0.057978
v 0.119063 0.020996 -0.058731
v 0.117132 0.021015 -0.058270
v 0.118159 0.021015 -0.058546
v 0.112528 0.021224 -0.055683
v 0.115067 0.021224 -0.057103
v 0.113317 0.021232 -0.056163
v 0.114247 0.021232 -0.056683
v 0.114870 0.020768 -0.057421
v 0.112334 0.020768 -0.056002
v 0.114036 0.020763 -0.057025
v 0.113108 0.020763 -0.056505
v 0.112417 0.021163 -0.055874
v 0.114955 0.021163 -0.057294
v 0.113212 0.021187 -0.056343
v 0.114141 0.021187 -0.056863
v 0.112346 0.020996 -0.055990
v 0.114883 0.020996 -0.057410
v 0.113126 0.021013 -0.056485
v 0.114054 0.021013 -0.057004
v 0.111060 0.020768 -0.055076
v 0.108922 0.020768 -0.053101
v 0.110341 0.020764 -0.054495
v 0.109558 0.020764 -0.053772
v 0.109205 0.021224 -0.052846
v 0.111344 0.021224 -0.054823
v 0.109861 0.021232 -0.053499
v 0.110644 0.021232 -0.054222
v 0.108944 0.020996 -0.053095
v 0.111081 0.020996 -0.055071
v 0.109589 0.021014 -0.053759
v 0.110371 0.021014 -0.054483
v 0.109047 0.021163 -0.053002
v 0.111185 0.021163 -0.054979
v 0.109713 0.021187 -0.053646
v 0.110495 0.021187 -0.054369
v 0.123200 0.021224 -0.057671
v 0.120289 0.021224 -0.057505
v 0.122277 0.021220 -0.057639
v 0.121212 0.021220 -0.057578
v 0.120355 0.020767 -0.056945
v 0.123265 0.020767 -0.057113
v 0.121277 0.020756 -0.057033
v 0.122342 0.020756 -0.057094
v 0.120314 0.021163 -0.057260
v 0.123225 0.021164 -0.057426
v 0.121238 0.021149 -0.057321
v 0.122304 0.021149 -0.057382
v 0.120338 0.020996 -0.057055
v 0.123248 0.020996 -0.057221
v 0.121262 0.020979 -0.057131
v 0.122327 0.020979 -0.057192
v 0.116781 0.020768 -0.056095
v 0.119588 0.020767 -0.056844
v 0.117655 0.020746 -0.056391
v 0.118682 0.020746 -0.056666
v 0.119428 0.021224 -0.057392
v 0.116619 0.021224 -0.056643
v 0.118528 0.021216 -0.057190
v 0.117500 0.021216 -0.056916
v 0.116747 0.020996 -0.056204
v 0.119555 0.020996 -0.056952
v 0.117626 0.020965 -0.056481
v 0.118654 0.020965 -0.056755
v 0.116687 0.021163 -0.056404
v 0.119496 0.021163 -0.057153
v 0.117574 0.021138 -0.056657
v 0.118602 0.021138 -0.056931
v 0.113297 0.020768 -0.054283
v 0.115834 0.020768 -0.055704
v 0.114074 0.020749 -0.054782
v 0.115002 0.020749 -0.055302
v 0.115569 0.021224 -0.056210
v 0.113030 0.021224 -0.054789
v 0.114748 0.021217 -0.055789
v 0.113818 0.021217 -0.055269
v 0.113245 0.020996 -0.054384
v 0.115783 0.020996 -0.055806
v 0.114031 0.020968 -0.054868
v 0.114960 0.020968 -0.055388
v 0.113148 0.021163 -0.054569
v 0.115686 0.021163 -0.055991
v 0.113945 0.021140 -0.055032
v 0.114874 0.021140 -0.055552
v 0.112038 0.021224 -0.054066
v 0.109903 0.021224 -0.052084
v 0.111338 0.021217 -0.053462
v 0.110557 0.021217 -0.052737
v 0.110256 0.020768 -0.051640
v 0.112390 0.020768 -0.053622
v 0.110895 0.020750 -0.052310
v 0.111676 0.020749 -0.053035
v 0.110062 0.021163 -0.051893
v 0.112196 0.021163 -0.053875
v 0.110727 0.021140 -0.052530
v 0.111508 0.021140 -0.053256
v 0.110191 0.020996 -0.051730
v 0.112325 0.020996 -0.053713
v 0.110841 0.020968 -0.052386
v 0.111622 0.020968 -0.053112
v 0.125037 0.003224 -0.053249
v 0.125041 0.003389 -0.053734
v 0.125025 0.005351 -0.052111
v 0.124952 0.005223 -0.051606
v 0.151842 0.003224 -0.053243
v 0.151842 0.003389 -0.053729
v 0.152308 0.003821 -0.053372
v 0.152308 0.003656 -0.052880
v 0.152075 0.003446 -0.053647
v 0.152075 0.003282 -0.053158
v 0.152245 0.003603 -0.053516
v 0.152246 0.003440 -0.053024
v 0.125072 0.004775 -0.055433
v 0.125076 0.005195 -0.055691
v 0.125187 0.005162 -0.055718
v 0.125280 0.005075 -0.055726
v 0.125336 0.004941 -0.055637
v 0.093972 0.003385 0.058802
v 0.094361 0.003224 0.058505
v 0.092003 0.005497 0.060605
v 0.092204 0.005079 0.060375
v 0.092739 0.005474 0.060624
v 0.092541 0.005895 0.060856
v 0.092353 0.005134 0.060560
v 0.092152 0.005552 0.060790
v 0.092549 0.005278 0.060651
v 0.092349 0.005699 0.060883
v 0.152306 0.004790 -0.051943
v 0.152306 0.004939 -0.052447
v 0.151838 0.005371 -0.052090
v 0.151838 0.005223 -0.051595
v 0.152243 0.005158 -0.052307
v 0.152243 0.005009 -0.051805
v 0.152071 0.005316 -0.052176
v 0.152071 0.005167 -0.051678
v 0.125066 0.006837 -0.054338
v 0.125062 0.006454 -0.054060
v 0.125326 0.006584 -0.054284
v 0.093330 0.006770 0.060449
v 0.093540 0.006371 0.060201
v 0.093691 0.006764 0.059578
v 0.093481 0.007157 0.059830
v 0.093698 0.006534 0.060035
v 0.093487 0.006931 0.060285
v 0.093753 0.006678 0.059807
v 0.093543 0.007073 0.060059
v 0.093144 0.003224 0.055480
v 0.092749 0.003383 0.055766
v 0.091894 0.003224 0.051810
v 0.091488 0.003383 0.052078
v 0.092829 0.003224 0.054652
v 0.092430 0.003383 0.054933
v 0.092480 0.003224 0.053663
v 0.092079 0.003382 0.053939
v 0.092152 0.003224 0.052665
v 0.091748 0.003382 0.052936
v 0.091115 0.005080 0.057794
v 0.090922 0.005494 0.058066
v 0.089609 0.005488 0.054429
v 0.089814 0.005080 0.054149
v 0.090598 0.005479 0.057234
v 0.090795 0.005068 0.056960
v 0.090236 0.005473 0.056250
v 0.090435 0.005064 0.055974
v 0.089888 0.005476 0.055266
v 0.090091 0.005068 0.054987
v 0.091188 0.006735 0.053565
v 0.090975 0.007122 0.053863
v 0.092367 0.007142 0.057464
v 0.092568 0.006752 0.057175
v 0.091269 0.007111 0.054693
v 0.091479 0.006724 0.054397
v 0.091636 0.007111 0.055669
v 0.091844 0.006724 0.055375
v 0.092022 0.007122 0.056642
v 0.092226 0.006734 0.056350
v 0.091829 0.003224 0.051581
v 0.091393 0.003382 0.051747
v 0.091025 0.003224 0.048621
v 0.090585 0.003382 0.048787
v 0.091628 0.003224 0.050841
v 0.091191 0.003383 0.051007
v 0.091427 0.003224 0.050100
v 0.090989 0.003383 0.050267
v 0.091226 0.003224 0.049360
v 0.090787 0.003382 0.049527
v 0.089411 0.005079 0.052791
v 0.089175 0.005487 0.052978
v 0.088325 0.005485 0.050033
v 0.088571 0.005078 0.049843
v 0.088962 0.005486 0.052241
v 0.089201 0.005079 0.052054
v 0.088750 0.005486 0.051505
v 0.088991 0.005079 0.051317
v 0.088537 0.005486 0.050769
v 0.088781 0.005079 0.050580
v 0.089966 0.006719 0.049396
v 0.089709 0.007104 0.049604
v 0.090569 0.007116 0.052545
v 0.090816 0.006730 0.052342
v 0.089924 0.007107 0.050339
v 0.090179 0.006721 0.050133
v 0.090139 0.007110 0.051074
v 0.090391 0.006724 0.050869
v 0.090354 0.007113 0.051810
v 0.090604 0.006727 0.051606
v 0.090661 0.003224 0.047232
v 0.090217 0.003382 0.047385
v 0.090046 0.003224 0.044069
v 0.089592 0.003383 0.044195
v 0.090489 0.003224 0.046515
v 0.090042 0.003382 0.046660
v 0.090312 0.003224 0.045661
v 0.089863 0.003382 0.045800
v 0.090156 0.003224 0.044801
v 0.089705 0.003382 0.044934
v 0.088157 0.005079 0.048339
v 0.087905 0.005485 0.048521
v 0.087244 0.005485 0.045343
v 0.087504 0.005078 0.045158
v 0.087732 0.005472 0.047793
v 0.087986 0.005066 0.047610
v 0.087546 0.005467 0.046934
v 0.087802 0.005062 0.046750
v 0.087375 0.005472 0.046074
v 0.087632 0.005066 0.045889
v 0.088947 0.006706 0.044845
v 0.088673 0.007091 0.045047
v 0.089329 0.007099 0.048229
v 0.089592 0.006715 0.048031
v 0.088804 0.007080 0.045779
v 0.089075 0.006696 0.045578
v 0.088974 0.007078 0.046641
v 0.089243 0.006694 0.046441
v 0.089158 0.007085 0.047501
v 0.089425 0.006700 0.047302
v 0.089885 0.003224 0.042825
v 0.089428 0.003383 0.042930
v 0.089598 0.003224 0.039116
v 0.089135 0.003384 0.039199
v 0.089790 0.003224 0.041978
v 0.089331 0.003383 0.042077
v 0.089702 0.003224 0.040975
v 0.089242 0.003383 0.041069
v 0.089635 0.003224 0.039970
v 0.089173 0.003383 0.040058
v 0.087303 0.005078 0.043711
v 0.087039 0.005485 0.043882
v 0.086713 0.005485 0.040157
v 0.086986 0.005077 0.039985
v 0.086944 0.005473 0.043026
v 0.087211 0.005066 0.042855
v 0.086849 0.005469 0.042017
v 0.087119 0.005062 0.041846
v 0.086768 0.005474 0.041010
v 0.087040 0.005066 0.040838
v 0.088476 0.006699 0.039865
v 0.088187 0.007085 0.040055
v 0.088500 0.007089 0.043784
v 0.088779 0.006704 0.043597
v 0.088241 0.007075 0.040910
v 0.088528 0.006690 0.040720
v 0.088319 0.007072 0.041919
v 0.088603 0.006687 0.041730
v 0.088410 0.007077 0.042929
v 0.088692 0.006692 0.042740
v 0.089574 0.003224 0.038188
v 0.089110 0.003384 0.038256
v 0.089604 0.003224 0.034189
v 0.089137 0.003385 0.034242
v 0.089560 0.003224 0.037272
v 0.089095 0.003384 0.037335
v 0.089561 0.003224 0.036189
v 0.089095 0.003384 0.036249
v 0.089577 0.003224 0.035107
v 0.089110 0.003384 0.035163
v 0.086951 0.005077 0.038912
v 0.086676 0.005486 0.039075
v 0.086678 0.005486 0.035064
v 0.086960 0.005076 0.034899
v 0.086662 0.005478 0.038152
v 0.086939 0.005069 0.037988
v 0.086657 0.005475 0.037066
v 0.086937 0.005065 0.036902
v 0.086663 0.005478 0.035981
v 0.086944 0.005068 0.035817
v 0.088483 0.006697 0.034931
v 0.088183 0.007086 0.035114
v 0.088159 0.007085 0.039130
v 0.088450 0.006699 0.038950
v 0.088164 0.007077 0.036033
v 0.088462 0.006689 0.035851
v 0.088152 0.007074 0.037120
v 0.088448 0.006687 0.036938
v 0.088150 0.007077 0.038207
v 0.088444 0.006690 0.038026
v 0.089633 0.003224 0.033507
v 0.089166 0.003385 0.033545
v 0.089986 0.003224 0.029588
v 0.089518 0.003387 0.029605
v 0.089685 0.003224 0.032606
v 0.089217 0.003385 0.032639
v 0.089770 0.003224 0.031545
v 0.089302 0.003386 0.031573
v 0.089876 0.003224 0.030485
v 0.089408 0.003386 0.030507
v 0.086991 0.005075 0.034080
v 0.086707 0.005487 0.034236
v 0.087047 0.005488 0.030296
v 0.087336 0.005074 0.030139
v 0.086765 0.005476 0.033327
v 0.087050 0.005064 0.033171
v 0.086850 0.005472 0.032259
v 0.087137 0.005060 0.032102
v 0.086949 0.005476 0.031194
v 0.087237 0.005063 0.031038
v 0.088885 0.006698 0.030328
v 0.088578 0.007090 0.030503
v 0.088212 0.007086 0.034453
v 0.088513 0.006697 0.034279
v 0.088476 0.007079 0.031406
v 0.088782 0.006687 0.031230
v 0.088370 0.007074 0.032473
v 0.088675 0.006684 0.032298
v 0.088278 0.007077 0.033543
v 0.088581 0.006687 0.033369
v 0.090144 0.003224 0.028450
v 0.089677 0.003387 0.028455
v 0.091172 0.003224 0.021918
v 0.090704 0.003389 0.021915
v 0.090313 0.003224 0.027279
v 0.089845 0.003387 0.027283
v 0.090521 0.003224 0.025903
v 0.090053 0.003388 0.025905
v 0.090749 0.003224 0.024458
v 0.090281 0.003388 0.024459
v 0.090973 0.003224 0.023084
v 0.090505 0.003388 0.023084
v 0.087508 0.005074 0.028890
v 0.087219 0.005488 0.029039
v 0.088242 0.005489 0.022496
v 0.088534 0.005072 0.022346
v 0.087387 0.005486 0.027865
v 0.087676 0.005071 0.027716
v 0.087594 0.005486 0.026487
v 0.087884 0.005070 0.026337
v 0.087820 0.005486 0.025039
v 0.088111 0.005070 0.024890
v 0.088043 0.005487 0.023664
v 0.088335 0.005070 0.023515
v 0.090106 0.006701 0.022651
v 0.089793 0.007097 0.022822
v 0.088736 0.007091 0.029385
v 0.089044 0.006698 0.029216
v 0.089588 0.007094 0.023995
v 0.089900 0.006699 0.023825
v 0.089357 0.007092 0.025375
v 0.089668 0.006698 0.025205
v 0.089124 0.007091 0.026827
v 0.089434 0.006697 0.026658
v 0.088910 0.007090 0.028209
v 0.089219 0.006697 0.028040
v 0.091545 0.003224 0.019797
v 0.091078 0.003389 0.019785
v 0.093911 0.003224 0.009168
v 0.093446 0.003391 0.009135
v 0.091790 0.003224 0.018474
v 0.091323 0.003389 0.018459
v 0.092095 0.003224 0.016953
v 0.091628 0.003390 0.016934
v 0.092443 0.003224 0.015309
v 0.091976 0.003390 0.015287
v 0.092818 0.003224 0.013625
v 0.092351 0.003390 0.013601
v 0.093200 0.003224 0.011986
v 0.092734 0.003391 0.011960
v 0.093571 0.003224 0.010476
v 0.093105 0.003391 0.010446
v 0.088924 0.005072 0.020129
v 0.088633 0.005490 0.020273
v 0.091009 0.005491 0.009619
v 0.091304 0.005069 0.009475
v 0.088879 0.005490 0.018946
v 0.089171 0.005071 0.018802
v 0.089184 0.005490 0.017420
v 0.089477 0.005071 0.017277
v 0.089534 0.005490 0.015773
v 0.089827 0.005071 0.015629
v 0.089910 0.005491 0.014086
v 0.090203 0.005070 0.013942
v 0.090294 0.005491 0.012444
v 0.090588 0.005070 0.012300
v 0.090667 0.005491 0.010930
v 0.090961 0.005069 0.010786
v 0.092917 0.006706 0.009880
v 0.092601 0.007107 0.010045
v 0.090166 0.007099 0.020751
v 0.090478 0.006702 0.020588
v 0.092250 0.007106 0.011367
v 0.092566 0.006705 0.011202
v 0.091869 0.007105 0.012891
v 0.092184 0.006705 0.012727
v 0.091475 0.007104 0.014543
v 0.091790 0.006704 0.014379
v 0.091090 0.007103 0.016238
v 0.091404 0.006704 0.016074
v 0.090732 0.007101 0.017892
v 0.091045 0.006703 0.017728
v 0.090419 0.007100 0.019422
v 0.090731 0.006703 0.019258
v 0.094475 0.003224 0.007083
v 0.094012 0.003392 0.007039
v 0.098709 0.003224 -0.008063
v 0.098235 0.003393 -0.008114
v 0.095078 0.003224 0.004919
v 0.094615 0.003392 0.004874
v 0.095681 0.003224 0.002755
v 0.095218 0.003392 0.002710
v 0.096284 0.003224 0.000590
v 0.095821 0.003392 0.000545
v 0.096887 0.003224 -0.001575
v 0.096425 0.003393 -0.001620
v 0.097490 0.003224 -0.003740
v 0.097028 0.003393 -0.003785
v 0.098093 0.003224 -0.005904
v 0.097631 0.003393 -0.005949
v 0.091896 0.005069 0.007291
v 0.091604 0.005492 0.007426
v 0.095853 0.005492 -0.007732
v 0.096142 0.005068 -0.007868
v 0.092211 0.005492 0.005261
v 0.092503 0.005068 0.005125
v 0.092818 0.005492 0.003095
v 0.093110 0.005068 0.002959
v 0.093425 0.005492 0.000930
v 0.093716 0.005068 0.000794
v 0.094032 0.005492 -0.001236
v 0.094323 0.005068 -0.001372
v 0.094639 0.005492 -0.003401
v 0.094929 0.005068 -0.003537
v 0.095246 0.005492 -0.005567
v 0.095536 0.005068 -0.005703
v 0.097776 0.006713 -0.007370
v 0.097464 0.007117 -0.007212
v 0.093154 0.007109 0.008031
v 0.093468 0.006706 0.007875
v 0.096849 0.007116 -0.005034
v 0.097161 0.006712 -0.005192
v 0.096233 0.007114 -0.002856
v 0.096546 0.006711 -0.003014
v 0.095617 0.007113 -0.000679
v 0.095930 0.006710 -0.000837
v 0.095001 0.007112 0.001499
v 0.095315 0.006709 0.001341
v 0.094385 0.007111 0.003676
v 0.094699 0.006708 0.003519
v 0.093770 0.007110 0.005854
v 0.094084 0.006707 0.005697
v 0.108360 0.003224 -0.041681
v 0.107820 0.003396 -0.041494
v 0.108930 0.003394 -0.044364
v 0.109263 0.003224 -0.044011
v 0.108125 0.003395 -0.042423
v 0.108610 0.003224 -0.042436
v 0.108532 0.003395 -0.043473
v 0.108940 0.003224 -0.043289
v 0.106136 0.005065 -0.042421
v 0.105943 0.005494 -0.042567
v 0.107053 0.005493 -0.045438
v 0.107245 0.005066 -0.045292
v 0.106261 0.005478 -0.043488
v 0.106455 0.005050 -0.043342
v 0.106668 0.005478 -0.044539
v 0.106861 0.005050 -0.044393
v 0.109579 0.003224 -0.044652
v 0.109207 0.003394 -0.044923
v 0.111256 0.003224 -0.047182
v 0.110901 0.003392 -0.047474
v 0.110061 0.003224 -0.045509
v 0.109684 0.003393 -0.045773
v 0.110670 0.003224 -0.046427
v 0.110304 0.003393 -0.046707
v 0.107682 0.005067 -0.046182
v 0.107508 0.005493 -0.046362
v 0.109198 0.005492 -0.048916
v 0.109372 0.005068 -0.048737
v 0.108000 0.005469 -0.047197
v 0.108175 0.005043 -0.047018
v 0.108619 0.005468 -0.048132
v 0.108794 0.005044 -0.047953
v 0.108885 0.006727 -0.044695
v 0.108682 0.007135 -0.044853
v 0.107575 0.007134 -0.041977
v 0.107780 0.006724 -0.041818
v 0.108301 0.007120 -0.043952
v 0.108505 0.006712 -0.043794
v 0.107896 0.007119 -0.042899
v 0.108101 0.006711 -0.042740
v 0.110830 0.006732 -0.047827
v 0.110647 0.007137 -0.048018
v 0.108971 0.007135 -0.045449
v 0.109157 0.006728 -0.045257
v 0.110076 0.007113 -0.047228
v 0.110261 0.006708 -0.047037
v 0.109463 0.007113 -0.046288
v 0.109648 0.006707 -0.046096
v 0.121454 0.003224 -0.053090
v 0.121413 0.003390 -0.053548
v 0.124080 0.003224 -0.053271
v 0.124092 0.003389 -0.053733
v 0.122096 0.003224 -0.053164
v 0.122087 0.003388 -0.053627
v 0.123157 0.003224 -0.053242
v 0.123159 0.003388 -0.053705
v 0.121347 0.005070 -0.055587
v 0.121322 0.005492 -0.055840
v 0.124232 0.005304 -0.055822
v 0.124235 0.004883 -0.055566
v 0.122242 0.005416 -0.055878
v 0.122244 0.004996 -0.055623
v 0.123307 0.005347 -0.055871
v 0.123310 0.004927 -0.055616
v 0.111858 0.003224 -0.047877
v 0.111539 0.003392 -0.048209
v 0.113968 0.003224 -0.049818
v 0.113683 0.003391 -0.050180
v 0.112487 0.003224 -0.048536
v 0.112178 0.003391 -0.048879
v 0.113259 0.003224 -0.049247
v 0.112963 0.003391 -0.049600
v 0.110274 0.005069 -0.049780
v 0.110127 0.005492 -0.049990
v 0.112269 0.005492 -0.051963
v 0.112415 0.005070 -0.051754
v 0.110777 0.005471 -0.050645
v 0.110923 0.005048 -0.050436
v 0.111561 0.005471 -0.051367
v 0.111707 0.005049 -0.051158
v 0.114843 0.003224 -0.050457
v 0.114600 0.003390 -0.050849
v 0.117330 0.003224 -0.051872
v 0.117128 0.003390 -0.052287
v 0.115603 0.003224 -0.050958
v 0.115371 0.003390 -0.051358
v 0.116513 0.003224 -0.051476
v 0.116297 0.003390 -0.051884
v 0.113640 0.005070 -0.052650
v 0.113525 0.005491 -0.052880
v 0.116054 0.005491 -0.054316
v 0.116168 0.005070 -0.054087
v 0.114306 0.005470 -0.053372
v 0.114421 0.005049 -0.053141
v 0.115231 0.005470 -0.053897
v 0.115346 0.005049 -0.053667
v 0.118321 0.003224 -0.052289
v 0.118160 0.003390 -0.052721
v 0.120711 0.003224 -0.052975
v 0.120629 0.003389 -0.053427
v 0.119073 0.003224 -0.052563
v 0.118936 0.003389 -0.053004
v 0.120077 0.003224 -0.052846
v 0.119959 0.003389 -0.053292
v 0.117494 0.005071 -0.054651
v 0.117409 0.005491 -0.054892
v 0.120205 0.005492 -0.055677
v 0.120260 0.005071 -0.055428
v 0.118283 0.005468 -0.055186
v 0.118359 0.005047 -0.054941
v 0.119306 0.005468 -0.055474
v 0.119383 0.005047 -0.055229
v 0.124192 0.005223 -0.051606
v 0.124203 0.005358 -0.052107
v 0.124340 0.006552 -0.054085
v 0.124335 0.006943 -0.054359
v 0.121413 0.007153 -0.054191
v 0.121466 0.006749 -0.053927
v 0.123407 0.007026 -0.054348
v 0.123411 0.006630 -0.054076
v 0.122338 0.007102 -0.054286
v 0.122341 0.006702 -0.054017
v 0.113573 0.006736 -0.050540
v 0.113419 0.007139 -0.050761
v 0.111289 0.007137 -0.048773
v 0.111444 0.006733 -0.048551
v 0.112716 0.007118 -0.050160
v 0.112871 0.006715 -0.049938
v 0.111936 0.007117 -0.049432
v 0.112092 0.006714 -0.049210
v 0.116995 0.006741 -0.052641
v 0.116874 0.007143 -0.052884
v 0.114347 0.007140 -0.051444
v 0.114469 0.006738 -0.051199
v 0.116053 0.007121 -0.052462
v 0.116175 0.006720 -0.052218
v 0.115128 0.007120 -0.051935
v 0.115250 0.006718 -0.051691
v 0.120700 0.006748 -0.053816
v 0.120639 0.007151 -0.054078
v 0.117841 0.007145 -0.053295
v 0.117922 0.006743 -0.053035
v 0.119740 0.007126 -0.053872
v 0.119822 0.006724 -0.053613
v 0.118716 0.007123 -0.053585
v 0.118798 0.006722 -0.053326
v 0.144940 0.005223 -0.029816
v 0.146124 0.005223 -0.025112
v 0.144924 0.005223 -0.029651
v 0.144924 0.005223 -0.029982
v 0.144876 0.005223 -0.029492
v 0.144876 0.005223 -0.030141
v 0.144692 0.005223 -0.030416
v 0.144797 0.005223 -0.029346
v 0.144797 0.005223 -0.030287
v 0.144563 0.005223 -0.029112
v 0.144258 0.005223 -0.028985
v 0.144258 0.005223 -0.030648
v 0.144417 0.005223 -0.029033
v 0.144417 0.005223 -0.030599
v 0.144692 0.005223 -0.029217
v 0.144563 0.005223 -0.030521
v 0.143768 0.005223 -0.029033
v 0.143768 0.005223 -0.030599
v 0.143927 0.005223 -0.028985
v 0.143927 0.005223 -0.030648
v 0.143493 0.005223 -0.030416
v 0.143388 0.005223 -0.029346
v 0.143493 0.005223 -0.029217
v 0.143388 0.005223 -0.030287
v 0.143622 0.005223 -0.029112
v 0.143622 0.005223 -0.030521
v 0.143261 0.005223 -0.029651
v 0.143261 0.005223 -0.029982
v 0.143245 0.005223 -0.029816
v 0.143310 0.005223 -0.029492
v 0.143310 0.005223 -0.030141
v 0.144093 0.005223 -0.028969
v 0.144093 0.005223 -0.030664
v 0.147967 0.004687 -0.023161
v 0.148308 0.004741 -0.023508
v 0.148239 0.004183 -0.026911
v 0.148390 0.003704 -0.027209
v 0.148696 0.003784 -0.026877
v 0.132530 0.004741 -0.023508
v 0.132871 0.004687 -0.023161
v 0.132447 0.003704 -0.027209
v 0.132599 0.004183 -0.026911
v 0.132142 0.003784 -0.026877
v 0.148378 0.004637 -0.025148
v 0.147910 0.005009 -0.025230
v 0.132928 0.005009 -0.025230
v 0.132460 0.004637 -0.025148
v 0.147967 0.004687 -0.017869
v 0.148308 0.004741 -0.018216
v 0.148239 0.004183 -0.021619
v 0.148390 0.003704 -0.021917
v 0.148696 0.003784 -0.021585
v 0.132530 0.004741 -0.018216
v 0.132871 0.004687 -0.017869
v 0.132599 0.004183 -0.021619
v 0.132142 0.003784 -0.021585
v 0.132447 0.003704 -0.021917
v 0.148378 0.004637 -0.019856
v 0.147910 0.005009 -0.019938
v 0.132460 0.004637 -0.019856
v 0.132928 0.005009 -0.019938
v 0.147967 0.004687 -0.012578
v 0.148308 0.004741 -0.012924
v 0.148239 0.004183 -0.016327
v 0.148390 0.003704 -0.016626
v 0.148696 0.003784 -0.016293
v 0.132530 0.004741 -0.012924
v 0.132871 0.004687 -0.012578
v 0.132447 0.003704 -0.016626
v 0.132599 0.004183 -0.016327
v 0.132142 0.003784 -0.016293
v 0.147910 0.005009 -0.014646
v 0.148378 0.004637 -0.014564
v 0.132460 0.004637 -0.014564
v 0.132928 0.005009 -0.014646
v 0.147967 0.004687 -0.007286
v 0.148308 0.004741 -0.007632
v 0.148239 0.004183 -0.011035
v 0.148390 0.003704 -0.011334
v 0.148696 0.003784 -0.011002
v 0.132530 0.004741 -0.007632
v 0.132871 0.004687 -0.007286
v 0.132447 0.003704 -0.011334
v 0.132599 0.004183 -0.011035
v 0.132142 0.003784 -0.011002
v 0.148378 0.004637 -0.009272
v 0.147910 0.005009 -0.009354
v 0.132460 0.004637 -0.009272
v 0.132928 0.005009 -0.009354
v 0.147967 0.004687 -0.001994
v 0.148308 0.004741 -0.002341
v 0.148239 0.004183 -0.005743
v 0.148390 0.003704 -0.006042
v 0.148696 0.003784 -0.005710
v 0.132530 0.004741 -0.002341
v 0.132871 0.004687 -0.001994
v 0.132447 0.003704 -0.006042
v 0.132599 0.004183 -0.005743
v 0.132142 0.003784 -0.005710
v 0.148378 0.004637 -0.003981
v 0.147910 0.005009 -0.004062
v 0.132928 0.005009 -0.004062
v 0.132460 0.004637 -0.003981
v 0.147830 0.005223 -0.003945
v 0.148168 0.005223 -0.003656
v 0.148140 0.005223 -0.002428
v 0.147781 0.005223 -0.002091
v 0.148175 0.005223 -0.001761
v 0.147830 0.005223 -0.009237
v 0.148168 0.005223 -0.008948
v 0.148170 0.005223 -0.009569
v 0.147830 0.005223 -0.014528
v 0.148168 0.005223 -0.014240
v 0.147830 0.005223 -0.019820
v 0.148168 0.005223 -0.019532
v 0.147830 0.005223 -0.025112
v 0.148168 0.005223 -0.024823
v 0.147967 0.005223 -0.025372
v 0.148140 0.005223 -0.007720
v 0.147781 0.005223 -0.007383
v 0.148140 0.005223 -0.013011
v 0.147781 0.005223 -0.012674
v 0.148137 0.005223 -0.012342
v 0.148140 0.005223 -0.018303
v 0.147781 0.005223 -0.017966
v 0.148140 0.005223 -0.023595
v 0.147781 0.005223 -0.023258
v 0.132670 0.005223 -0.014240
v 0.133007 0.005223 -0.014528
v 0.132668 0.005223 -0.014861
v 0.132670 0.005223 -0.019532
v 0.133007 0.005223 -0.019820
v 0.132668 0.005223 -0.020153
v 0.132670 0.005223 -0.024823
v 0.133007 0.005223 -0.025112
v 0.132479 0.005223 -0.025389
v 0.133057 0.005223 -0.012674
v 0.132697 0.005223 -0.013011
v 0.133057 0.005223 -0.017966
v 0.132697 0.005223 -0.018303
v 0.132701 0.005223 -0.017634
v 0.133057 0.005223 -0.023258
v 0.132697 0.005223 -0.023595
v 0.132701 0.005223 -0.022925
v 0.132670 0.005223 -0.008948
v 0.133007 0.005223 -0.009237
v 0.133057 0.005223 -0.002091
v 0.132697 0.005223 -0.002428
v 0.132670 0.005223 -0.003656
v 0.133007 0.005223 -0.003945
v 0.132668 0.005223 -0.004277
v 0.133057 0.005223 -0.007383
v 0.132697 0.005223 -0.007720
v 0.132701 0.005223 -0.007050
v 0.148433 0.003557 -0.016626
v 0.149226 0.003224 -0.016958
v 0.148765 0.003544 -0.016293
v 0.148765 0.003544 -0.021585
v 0.148433 0.003557 -0.021917
v 0.149226 0.003224 -0.022250
v 0.148765 0.003544 -0.005710
v 0.148433 0.003557 -0.006042
v 0.149226 0.003224 -0.006375
v 0.149183 0.003224 -0.003669
v 0.148745 0.003539 -0.003740
v 0.148750 0.003541 -0.005567
v 0.149183 0.003224 -0.005554
v 0.148745 0.003539 -0.009032
v 0.149183 0.003224 -0.008961
v 0.148433 0.003557 -0.011334
v 0.149226 0.003224 -0.011666
v 0.148765 0.003544 -0.011002
v 0.148750 0.003541 -0.010859
v 0.149183 0.003224 -0.010846
v 0.149183 0.003224 -0.014253
v 0.148745 0.003539 -0.014323
v 0.149183 0.003224 -0.016138
v 0.148750 0.003541 -0.016151
v 0.148765 0.003544 -0.026877
v 0.148433 0.003557 -0.027209
v 0.149226 0.003224 -0.027542
v 0.148376 0.003551 -0.017664
v 0.148731 0.003537 -0.017999
v 0.149181 0.003224 -0.017272
v 0.149171 0.003224 -0.018986
v 0.148729 0.003539 -0.018986
v 0.149183 0.003224 -0.019544
v 0.148745 0.003539 -0.019615
v 0.148376 0.003551 -0.022956
v 0.148731 0.003537 -0.023291
v 0.149181 0.003224 -0.022564
v 0.149171 0.003224 -0.024277
v 0.148729 0.003539 -0.024278
v 0.148745 0.003539 -0.024907
v 0.149183 0.003224 -0.024836
v 0.148731 0.003537 -0.002124
v 0.148936 0.003224 -0.001365
v 0.148376 0.003551 -0.001789
v 0.149171 0.003224 -0.003110
v 0.148729 0.003539 -0.003111
v 0.148731 0.003537 -0.007416
v 0.149181 0.003224 -0.006689
v 0.148376 0.003551 -0.007081
v 0.149171 0.003224 -0.008402
v 0.148729 0.003539 -0.008403
v 0.148731 0.003537 -0.012707
v 0.149181 0.003224 -0.011980
v 0.148376 0.003551 -0.012372
v 0.148729 0.003539 -0.013695
v 0.149171 0.003224 -0.013694
v 0.148750 0.003541 -0.021443
v 0.149183 0.003224 -0.021429
v 0.149183 0.003224 -0.026721
v 0.148750 0.003541 -0.026734
v 0.138740 0.003557 -0.027209
v 0.139406 0.003224 -0.027542
v 0.144908 0.003551 -0.001789
v 0.145047 0.003224 -0.001369
v 0.132405 0.003557 -0.027209
v 0.132055 0.003544 -0.026877
v 0.131630 0.003224 -0.027542
v 0.131630 0.003224 -0.025738
v 0.132067 0.003540 -0.025743
v 0.132405 0.003557 -0.016626
v 0.132055 0.003544 -0.016293
v 0.131630 0.003224 -0.016958
v 0.132055 0.003544 -0.021585
v 0.131630 0.003224 -0.022250
v 0.132405 0.003557 -0.021917
v 0.131630 0.003224 -0.020446
v 0.132067 0.003540 -0.020451
v 0.131647 0.003224 -0.023362
v 0.132096 0.003537 -0.023290
v 0.131647 0.003224 -0.018070
v 0.132096 0.003537 -0.017998
v 0.132462 0.003551 -0.017664
v 0.131667 0.003224 -0.017272
v 0.132093 0.003539 -0.019615
v 0.131655 0.003224 -0.019544
v 0.132462 0.003551 -0.022956
v 0.131667 0.003224 -0.022564
v 0.131655 0.003224 -0.024835
v 0.132093 0.003539 -0.024907
v 0.133560 0.003551 -0.007081
v 0.133567 0.003224 -0.006689
v 0.132584 0.003551 -0.012372
v 0.132597 0.003224 -0.011980
v 0.133581 0.003557 -0.006042
v 0.133573 0.003224 -0.006375
v 0.132623 0.003557 -0.011334
v 0.132610 0.003224 -0.011666
v 0.132067 0.003540 -0.015159
v 0.131630 0.003224 -0.015155
v 0.131655 0.003224 -0.014252
v 0.132093 0.003539 -0.014323
v 0.131647 0.003224 -0.012779
v 0.132096 0.003537 -0.012707
v 0.131667 0.003224 -0.011980
v 0.132462 0.003551 -0.012372
v 0.131630 0.003224 -0.009863
v 0.132067 0.003540 -0.009868
v 0.132055 0.003544 -0.011001
v 0.131630 0.003224 -0.011666
v 0.132405 0.003557 -0.011334
v 0.131647 0.003224 -0.007487
v 0.132096 0.003537 -0.007415
v 0.131667 0.003224 -0.006689
v 0.132462 0.003551 -0.007081
v 0.132093 0.003539 -0.009032
v 0.131655 0.003224 -0.008960
v 0.132055 0.003544 -0.005709
v 0.131630 0.003224 -0.006375
v 0.132405 0.003557 -0.006042
v 0.131630 0.003224 -0.004571
v 0.132067 0.003540 -0.004576
v 0.132093 0.003539 -0.003740
v 0.131655 0.003224 -0.003668
v 0.132096 0.003537 -0.002123
v 0.131647 0.003224 -0.002195
v 0.132462 0.003551 -0.001789
v 0.131668 0.003224 -0.001370
v 0.144940 0.003486 -0.029816
v 0.145204 0.003224 -0.029816
v 0.145112 0.003224 -0.029367
v 0.144876 0.003486 -0.029492
v 0.145119 0.003224 -0.030242
v 0.144876 0.003486 -0.030141
v 0.145182 0.003224 -0.029600
v 0.144924 0.003486 -0.029651
v 0.145182 0.003224 -0.030033
v 0.144924 0.003486 -0.029982
v 0.144858 0.003224 -0.029014
v 0.144692 0.003486 -0.029217
v 0.144692 0.003486 -0.030416
v 0.144878 0.003224 -0.030602
v 0.144797 0.003486 -0.029346
v 0.145046 0.003224 -0.029244
v 0.145016 0.003224 -0.030434
v 0.144797 0.003486 -0.030287
v 0.144710 0.003224 -0.028893
v 0.144563 0.003486 -0.029112
v 0.144563 0.003486 -0.030521
v 0.144710 0.003224 -0.030740
v 0.144518 0.003224 -0.028790
v 0.144417 0.003486 -0.029033
v 0.144309 0.003224 -0.030906
v 0.144258 0.003486 -0.030648
v 0.144309 0.003224 -0.028727
v 0.144258 0.003486 -0.028985
v 0.144518 0.003224 -0.030843
v 0.144417 0.003486 -0.030599
v 0.143876 0.003224 -0.028727
v 0.143927 0.003486 -0.028985
v 0.143876 0.003224 -0.030906
v 0.143927 0.003486 -0.030648
v 0.143622 0.003486 -0.029112
v 0.143475 0.003224 -0.028893
v 0.143475 0.003224 -0.030740
v 0.143622 0.003486 -0.030521
v 0.143667 0.003224 -0.028790
v 0.143768 0.003486 -0.029033
v 0.143667 0.003224 -0.030843
v 0.143768 0.003486 -0.030599
v 0.144093 0.003224 -0.028705
v 0.144093 0.003486 -0.028969
v 0.144093 0.003224 -0.030928
v 0.144093 0.003486 -0.030664
v 0.143073 0.003224 -0.029374
v 0.143310 0.003486 -0.029492
v 0.143310 0.003486 -0.030141
v 0.143066 0.003224 -0.030242
v 0.143388 0.003486 -0.029346
v 0.143163 0.003224 -0.029206
v 0.143169 0.003224 -0.030434
v 0.143388 0.003486 -0.030287
v 0.142981 0.003224 -0.029816
v 0.143245 0.003486 -0.029816
v 0.143003 0.003224 -0.030033
v 0.143261 0.003486 -0.029982
v 0.143493 0.003486 -0.029217
v 0.143307 0.003224 -0.029031
v 0.143002 0.003224 -0.029609
v 0.143261 0.003486 -0.029651
v 0.143307 0.003224 -0.030602
v 0.143493 0.003486 -0.030416
s 0
f 1976 1905 1928 2001
f 2578 1975 1974 2580
f 2106 2725 2727 2107
f 2157 2168 2177 2164
f 1904 1841 1870 1929
f 2180 2065 2058 2172
f 744 589 660 770
f 588 2125 2184 661
f 616 625 696 688
f 755 2269 2273 756
f 1619 1570 1589 1640
f 1659 1620 1639 1685
f 1704 1660 1684 1730
f 1749 1705 1729 1775
f 1840 1795 1819 1871
f 1516 941 865 1052
f 793 789 1332 1416
f 1160 175 177 1156
f 625 629 700 696
f 768 775 2285 760
f 590 2120 2129 597
f 2641 2590 1960 2034
f 2042 1968 1985 2050
f 2731 2646 2037 2109
f 2501 2464 1789 1835
f 2545 2498 1834 1889
f 802 798 460 452 458 454 456 404 439 413 672 689 697 785 790 794 806 810 814
f 2593 2542 1888 1961
f 1689 1645 1635 1679
f 682 2291 2293 686
f 2347 2314 1564 1610
f 2377 2344 1609 1655
f 2407 2374 1654 1700
f 2437 2404 1699 1745
f 2467 2434 1744 1790
f 759 734 745 771
f 1213 185 187 1189
f 755 601 673 782
f 2141 2156 2165 2148
f 2490 1851 1850 2492
f 2063 2636 2634 2064
f 781 672 862 965 961 997 989 981 1037 1009 1041 1017 1029 1021 1025 1033 1005 1013 1045 985 993 1001 977 973 969 950 954 866 399 473 471 466 469 483 480 508 505 507 491 489 485 487 500 498 494 492 496 503 523 522 520 521 519 517 518 516 515 514 513 512 510 511 509 479 477 475 465 462 390 2251 2718 2106 2107 2105 2116 2118 2119 2117 2112 2114 2115 2113 2108 2110 2111 2109 2037 2039 2040 2038 2033 2035 2036 2034 1960 1962 1963 1964 1965 1966 1967 1961 1888 1890 1891 1892 1893 1894 1895 1889 1834 1836 1837 1838 1839 1835 1789 1791 1792 1793 1790 1744 1746 1747 1748 1745 1699 1701 1702 1703 1700 1654 1656 1657 1658 1655 1609 1611 1612 1613 1610 1564 1566 1567 1568 1565
f 2530 1903 1902 2532
f 2675 2683 2685 2677
f 610 2272 2274 614
f 1579 607 604 1569
f 1824 1780 1770 1814
f 1779 1735 1725 1769
f 2308 1578 1577 2310
f 2338 1618 1617 2340
f 2368 1668 1667 2370
f 2398 1713 1712 2400
f 2428 1758 1757 2430
f 1794 1750 1774 1820
f 2458 1803 1802 2460
f 2045 1977 2000 2074
f 622 2257 2259 623
f 2236 2730 2734 2238
f 653 657 728 724
f 649 653 724 720
f 645 649 720 716
f 641 645 716 712
f 637 641 712 708
f 633 637 708 704
f 629 633 704 700
f 1316 1320 617 600 1057 1529 1533 1537 1521 1525 1517 1053 1549 1465 1473 1449 1453 1481 1433 1441 1425 1556 1385 1405 1401 1377 1381 1409 1361 1369 1353 1417 1333 1341
f 757 2271 2268 2265
f 621 2255 2275 692
f 2249 2657 2665 2260
f 2691 2699 2701 2693
f 2627 2635 2637 2629
f 2698 2159 2158 2700
f 2668 2122 2120 2664
f 606 2270 2286 677
f 2284 2720 2719 2250
f 605 2267 2272 610
f 2299 2309 2311 2301
f 2329 2339 2341 2331
f 2359 2369 2371 2361
f 2389 2399 2401 2391
f 2419 2429 2431 2421
f 2449 2459 2461 2451
f 2479 2491 2493 2481
f 2515 2531 2533 2517
f 620 2252 2257 622
f 2008 2592 2604 2010
f 2216 2738 2742 2218
f 2652 2091 2089 2648
f 2747 2736 2112 2117
f 2723 2744 2116 2105
f 1734 1690 1680 1724
f 2289 2316 1594 678
f 1594 2316 2322 1596
f 1634 2346 2352 1636
f 1679 2376 2382 1681
f 1724 2406 2412 1726
f 1769 2436 2442 1771
f 1814 2466 2472 1816
f 1864 2500 2508 1866
f 1936 2544 2556 1938
f 2661 2669 2665 2657
f 1876 1825 1815 1864
f 657 621 692 728
f 601 616 688 673
f 512 513 261 265 510
f 269 268 515 516
f 518 272 269 516
f 517 519 274 272 518
f 520 275 274 519 521
f 522 523 278 275 520
f 503 496 280 278 523
f 492 494 282 280 496
f 498 500 284 282 494
f 487 485 286 284 500
f 489 491 288 286 485
f 507 290 288 491
f 505 291 290 507
f 508 293 291 505
f 480 295 293 508
f 298 295 480 483
f 299 298 483 469
f 302 299 469 466
f 304 302 466 471
f 305 304 471 473
f 399 397 307 305 473
f 309 307 397 391
f 312 309 391 390
f 390 462 314 312
f 465 316 314 462
f 475 318 316 465
f 477 320 318 475
f 479 322 320 477
f 324 322 479 509
f 511 510 265 324 509
f 515 268 263 514
f 514 263 261 513
f 2 4 3 1
f 4 6 5 3
f 6 8 7 5
f 8 10 9 7
f 10 12 11 9
f 12 14 13 11
f 14 16 15 13
f 16 20 18 15
f 20 25 23 18
f 25 30 27 23
f 30 36 33 27
f 36 43 40 33
f 43 49 46 40
f 49 55 52 46
f 55 61 58 52
f 61 68 64 58
f 68 73 70 64
f 73 79 75 70
f 79 86 82 75
f 86 92 89 82
f 92 98 95 89
f 98 104 99 95
f 104 110 106 99
f 110 114 112 106
f 114 120 117 112
f 120 127 125 117
f 127 133 131 125
f 133 139 136 131
f 139 145 142 136
f 145 151 148 142
f 151 156 155 148
f 156 2 1 155
f 155 1 3 5 525 526 524 544 543 541 538 542 535 533 532 531 534 536 89 95 99 106 112 117 125 131 136 142 148
f 530 525 5 7 9 11 13 15 18 23 27 33 40 46 52 58 64 70 75 82 89 536 537 540 539 555 548 545 547 546 554 550 549 552 551 553 528 529 527
f 325 330 407 411
f 421 333 332 415
f 436 336 333 421
f 422 338 336 436
f 434 339 338 422
f 429 341 339 434
f 425 344 341 429
f 346 344 425 427
f 348 346 427 433
f 350 348 433 431
f 351 350 431 416
f 418 353 351 416
f 413 355 353 418
f 439 358 355 413
f 404 360 358 439
f 362 360 404 456
f 364 362 456 454
f 365 364 454 458
f 368 365 458 452
f 460 369 368 452
f 371 369 460 447
f 373 371 447 442
f 375 373 442 445
f 448 377 375 445
f 450 380 377 448
f 394 381 380 450
f 408 383 381 394
f 403 385 383 408
f 387 385 403 400
f 330 387 400 407
f 415 332 328 441
f 441 328 325 411
f 194 196 195 192
f 196 198 197 195
f 198 200 199 197
f 200 202 201 199
f 202 204 203 201
f 204 206 205 203
f 206 208 207 205
f 208 210 209 207
f 210 212 211 209
f 212 214 213 211
f 214 216 215 213
f 216 218 217 215
f 218 220 219 217
f 220 222 221 219
f 222 224 223 221
f 224 226 225 223
f 226 228 227 225
f 228 230 229 227
f 230 232 231 229
f 232 234 233 231
f 234 236 235 233
f 236 238 237 235
f 238 240 239 237
f 240 242 241 239
f 242 244 243 241
f 244 246 245 243
f 246 248 247 245
f 248 250 249 247
f 250 252 251 249
f 252 256 253 251
f 256 260 257 253
f 260 194 192 257
f 257 192 195 197 199 201 203 205 207 209 211 213 215 217 219 221 560 559 570 564 571 567 566 568 569 565 563 572 561 562 557 558 556 253
f 583 560 221 223 225 227 229 231 233 235 237 239 241 243 245 247 249 251 253 556 581 587 576 578 575 573 574 579 577 586 580 585 582 584
f 2 261 263 4
f 4 263 268 6
f 151 324 265 156
f 145 322 324 151
f 139 320 322 145
f 133 318 320 139
f 127 316 318 133
f 120 314 316 127
f 114 312 314 120
f 110 309 312 114
f 104 307 309 110
f 98 305 307 104
f 92 304 305 98
f 86 302 304 92
f 79 299 302 86
f 73 298 299 79
f 68 295 298 73
f 61 293 295 68
f 55 291 293 61
f 49 290 291 55
f 43 288 290 49
f 36 286 288 43
f 30 284 286 36
f 25 282 284 30
f 20 280 282 25
f 16 278 280 20
f 14 275 278 16
f 12 274 275 14
f 10 272 274 12
f 8 269 272 10
f 6 268 269 8
f 156 265 261 2
f 194 325 328 196
f 196 328 332 198
f 256 387 330 260
f 252 385 387 256
f 250 383 385 252
f 248 381 383 250
f 246 380 381 248
f 244 377 380 246
f 242 375 377 244
f 240 373 375 242
f 238 371 373 240
f 236 369 371 238
f 234 368 369 236
f 232 365 368 234
f 230 364 365 232
f 228 362 364 230
f 226 360 362 228
f 224 358 360 226
f 222 355 358 224
f 220 353 355 222
f 218 351 353 220
f 216 350 351 218
f 214 348 350 216
f 212 346 348 214
f 210 344 346 212
f 208 341 344 210
f 206 339 341 208
f 204 338 339 206
f 202 336 338 204
f 200 333 336 202
f 198 332 333 200
f 260 330 325 194
f 157 159 1216 1232
f 1228 123 126 1272
f 144 147 1240 1260
f 129 132 1264 1244
f 135 138 1248 1256
f 1396 476 481 1388
f 138 141 1252 1248
f 141 144 1260 1252
f 132 135 1256 1264
f 147 150 1268 1240
f 126 129 1244 1272
f 153 157 1232 1224
f 1236 121 123 1228
f 159 161 1276 1216
f 1280 116 118 1220
f 163 165 1200 1192
f 1204 189 191 1196
f 167 169 1208 1184
f 2610 2619 2621 2612
f 1168 171 173 1176
f 1180 181 183 1172
f 1164 179 181 1180
f 1156 177 179 1164
f 1176 173 175 1160
f 1208 169 171 1168
f 1172 183 185 1213
f 165 167 1184 1200
f 1189 187 189 1204
f 161 163 1192 1276
f 1196 191 116 1280
f 150 153 1224 1268
f 550 53 50 549
f 524 17 113 544
f 530 29 26 525
f 527 32 29 530
f 529 35 32 527
f 528 38 35 529
f 553 41 38 528
f 551 44 41 553
f 552 47 44 551
f 48 146 143 45
f 549 50 47 552
f 554 56 53 550
f 546 59 56 554
f 547 62 59 546
f 545 65 62 547
f 548 67 65 545
f 555 71 67 548
f 539 74 71 555
f 540 77 74 539
f 537 80 77 540
f 536 83 80 537
f 534 85 83 536
f 531 88 85 534
f 532 91 88 531
f 533 94 91 532
f 535 97 94 533
f 542 101 97 535
f 538 103 101 542
f 541 107 103 538
f 543 109 107 541
f 544 113 109 543
f 1220 118 121 1236
f 21 119 115 19
f 90 178 176 87
f 51 149 146 48
f 93 180 178 90
f 54 152 149 51
f 96 182 180 93
f 57 154 152 54
f 100 184 182 96
f 60 158 154 57
f 19 115 193 111
f 102 186 184 100
f 63 160 158 60
f 24 122 119 21
f 105 188 186 102
f 66 162 160 63
f 28 124 122 24
f 108 190 188 105
f 69 164 162 66
f 31 128 124 28
f 111 193 190 108
f 72 166 164 69
f 34 130 128 31
f 525 26 22 526
f 76 168 166 72
f 37 134 130 34
f 78 170 168 76
f 39 137 134 37
f 81 172 170 78
f 42 140 137 39
f 84 174 172 81
f 45 143 140 42
f 87 176 174 84
f 116 115 119 118
f 118 119 122 121
f 121 122 124 123
f 123 124 128 126
f 126 128 130 129
f 129 130 134 132
f 132 134 137 135
f 135 137 140 138
f 138 140 143 141
f 141 143 146 144
f 144 146 149 147
f 147 149 152 150
f 150 152 154 153
f 153 154 158 157
f 157 158 160 159
f 159 160 162 161
f 161 162 164 163
f 163 164 166 165
f 165 166 168 167
f 167 168 170 169
f 169 170 172 171
f 171 172 174 173
f 173 174 176 175
f 175 176 178 177
f 177 178 180 179
f 179 180 182 181
f 181 182 184 183
f 183 184 186 185
f 185 186 188 187
f 187 188 190 189
f 189 190 193 191
f 191 193 115 116
f 19 17 22 21
f 21 22 26 24
f 24 26 29 28
f 28 29 32 31
f 31 32 35 34
f 34 35 38 37
f 37 38 41 39
f 39 41 44 42
f 42 44 47 45
f 45 47 50 48
f 48 50 53 51
f 51 53 56 54
f 54 56 59 57
f 57 59 62 60
f 60 62 65 63
f 63 65 67 66
f 66 67 71 69
f 69 71 74 72
f 72 74 77 76
f 76 77 80 78
f 78 80 83 81
f 81 83 85 84
f 84 85 88 87
f 87 88 91 90
f 90 91 94 93
f 93 94 97 96
f 96 97 101 100
f 100 101 103 102
f 102 103 107 105
f 105 107 109 108
f 108 109 113 111
f 111 113 17 19
f 526 22 17 524
f 1476 384 386 1460
f 424 428 1488 1508
f 396 401 1512 1492
f 412 417 1496 1540
f 405 409 1544 1504
f 409 412 1540 1544
f 417 420 1500 1496
f 420 424 1508 1500
f 401 405 1504 1512
f 428 432 1548 1488
f 1552 393 396 1492
f 437 440 1472 1464
f 1468 389 393 1552
f 444 449 1452 1448
f 449 453 1480 1452
f 1484 501 504 1456
f 457 461 1440 1432
f 1444 493 497 1436
f 1424 464 468 1557
f 1560 484 488 1428
f 1392 472 476 1396
f 1440 461 464 1424
f 1388 481 484 1560
f 1557 468 472 1392
f 1428 488 493 1444
f 453 457 1432 1480
f 1436 497 501 1484
f 440 444 1448 1472
f 1456 504 384 1476
f 432 437 1464 1548
f 564 300 296 571
f 557 254 379 558
f 572 267 264 561
f 563 271 267 572
f 565 276 271 563
f 569 279 276 565
f 568 283 279 569
f 566 287 283 568
f 567 292 287 566
f 294 423 419 289
f 571 296 292 567
f 570 303 300 564
f 559 308 303 570
f 560 311 308 559
f 583 315 311 560
f 584 319 315 583
f 582 323 319 584
f 585 327 323 582
f 580 331 327 585
f 586 335 331 580
f 577 340 335 586
f 579 343 340 577
f 574 347 343 579
f 573 352 347 574
f 575 356 352 573
f 578 359 356 575
f 576 363 359 578
f 587 367 363 576
f 581 372 367 587
f 556 376 372 581
f 558 379 376 556
f 1460 386 389 1468
f 258 388 382 255
f 349 478 474 345
f 297 426 423 294
f 354 482 478 349
f 301 430 426 297
f 357 486 482 354
f 306 435 430 301
f 361 490 486 357
f 310 438 435 306
f 255 382 506 378
f 366 495 490 361
f 313 443 438 310
f 262 392 388 258
f 370 499 495 366
f 317 446 443 313
f 266 395 392 262
f 374 502 499 370
f 321 451 446 317
f 270 398 395 266
f 378 506 502 374
f 326 455 451 321
f 273 402 398 270
f 561 264 259 562
f 329 459 455 326
f 277 406 402 273
f 334 463 459 329
f 281 410 406 277
f 337 467 463 334
f 285 414 410 281
f 342 470 467 337
f 289 419 414 285
f 345 474 470 342
f 384 382 388 386
f 386 388 392 389
f 389 392 395 393
f 393 395 398 396
f 396 398 402 401
f 401 402 406 405
f 405 406 410 409
f 409 410 414 412
f 412 414 419 417
f 417 419 423 420
f 420 423 426 424
f 424 426 430 428
f 428 430 435 432
f 432 435 438 437
f 437 438 443 440
f 440 443 446 444
f 444 446 451 449
f 449 451 455 453
f 453 455 459 457
f 457 459 463 461
f 461 463 467 464
f 464 467 470 468
f 468 470 474 472
f 472 474 478 476
f 476 478 482 481
f 481 482 486 484
f 484 486 490 488
f 488 490 495 493
f 493 495 499 497
f 497 499 502 501
f 501 502 506 504
f 504 506 382 384
f 255 254 259 258
f 258 259 264 262
f 262 264 267 266
f 266 267 271 270
f 270 271 276 273
f 273 276 279 277
f 277 279 283 281
f 281 283 287 285
f 285 287 292 289
f 289 292 296 294
f 294 296 300 297
f 297 300 303 301
f 301 303 308 306
f 306 308 311 310
f 310 311 315 313
f 313 315 319 317
f 317 319 323 321
f 321 323 327 326
f 326 327 331 329
f 329 331 335 334
f 334 335 340 337
f 337 340 343 342
f 342 343 347 345
f 345 347 352 349
f 349 352 356 354
f 354 356 359 357
f 357 359 363 361
f 361 363 367 366
f 366 367 372 370
f 370 372 376 374
f 374 376 379 378
f 378 379 254 255
f 562 259 254 557
f 1336 905 901 1328
f 1372 917 913 1364
f 1420 921 909 1356
f 1520 925 929 1524
f 1056 957 861 945 1528
f 849 845 1400 1404
f 857 841 1384 1412
f 1288 853 873 1292
f 1300 825 853 1288
f 845 821 1376 1400
f 801 813 1360 1408
f 809 805 1352 1368
f 818 837 1317 1340
f 813 809 1368 1360
f 797 801 1408 1380
f 805 793 1416 1352
f 2285 2284 2250 2277 760
f 821 797 1380 1376
f 841 849 1404 1384
f 837 833 1321 1317
f 833 829 1308 1321
f 1308 829 825 1300
f 913 857 1412 1364
f 1296 877 889 1312
f 1292 873 869 1284
f 1348 881 893 1324
f 1324 893 897 1344
f 1312 889 885 1304
f 1304 885 881 1348
f 1344 897 905 1336
f 1328 901 921 1420
f 1356 909 917 1372
f 1004 1032 1144 1128
f 1108 988 996 1068 1073
f 1112 992 984 1104
f 1016 1040 1124 1152
f 1008 1036 1096 1148
f 1012 1004 1128 1120
f 1920 1853 1841 1904
f 1032 1024 1140 1144
f 1024 1020 1132 1140
f 1020 1028 1136 1132
f 1028 1016 1152 1136
f 1116 1044 1012 1120
f 1040 1008 1148 1124
f 1104 984 1044 1116
f 1036 980 1100 1096
f 1092 1000 992 1112
f 1064 968 972 1085
f 996 960 1080 1068
f 960 964 1076 1080
f 2024 1953 1937 2008
f 1052 865 953 1048
f 1528 945 937 1532
f 1524 929 941 1516
f 1536 933 925 1520
f 1532 937 933 1536
f 1284 869 877 1296
f 1060 949 968 1064
f 964 957 1056 1076
f 1048 953 949 1060
f 1085 972 976 1088
f 1088 976 1000 1092
f 980 988 1108 1100
f 2764 2753 2867 2869 2759 2766 2761
f 2874 2873 2888 2889 2879 2881 2892 2891 2882 2884 2895 2894 2885 2887 397 399 866 942 930 926 934 938 946 862 672 413 418 416 431 433 427 425 429 434 422 436 421 415 441 411 407 400 403 408 394 450 448 445 442 447 460 798 822 846 850 842 858 914 918 910 922 902 906 898 894 882 886 890 878 870 874 854 826 830 834 838 817 785 697 701 705 709 713 717 721 2859 2858 2898 2899 2900 2902 2905 2904 2896 2897 2860 2862
f 2977 2988 2935 2907
f 2704 2654 2658 2660 2656 2248 1188 1205 1197 1281 1221 1237 1229 1273 1245 1265 1257 1249 2032 2609 2622 2626 2628 2624 2670 2674 2676 2672 2686 2690 2692 2688 2702 2706 2708
f 588 591 593 592
f 591 595 596 593
f 589 594 596 595
f 594 598 599 596
f 590 597 599 598
f 597 592 593 599
f 593 596 599
f 604 607 609 608
f 607 611 612 609
f 605 610 612 611
f 610 614 615 612
f 606 613 615 614
f 613 608 609 615
f 609 612 615
f 660 663 665 664
f 663 667 668 665
f 661 666 668 667
f 666 670 671 668
f 662 669 671 670
f 669 664 665 671
f 665 668 671
f 676 679 681 680
f 679 683 684 681
f 677 682 684 683
f 682 686 687 684
f 678 685 687 686
f 685 680 681 687
f 681 684 687
f 732 735 737 736
f 735 739 740 737
f 733 738 740 739
f 738 742 743 740
f 734 741 743 742
f 741 736 737 743
f 737 740 743
f 744 746 748 747
f 746 750 751 748
f 745 749 751 750
f 749 753 754 751
f 752 2262 2261 590 598
f 752 747 748 754
f 748 751 754
f 758 761 763 762
f 761 765 766 763
f 759 764 766 765
f 764 768 769 766
f 760 767 769 768
f 767 762 763 769
f 763 766 769
f 770 772 774 773
f 772 776 777 774
f 662 2189 2721 2283
f 775 779 780 777
f 771 778 780 779
f 778 773 774 780
f 774 777 780
f 734 759 765 741
f 741 765 761 736
f 736 761 758 732
f 2057 2046 2073 2094
f 2172 2058 2093 2233
f 2054 1993 1977 2045
f 1969 1896 1913 1984
f 1984 1913 1921 1992
f 2050 1985 1993 2054
f 2164 2177 2181 2160
f 2169 2061 2069 2176
f 2152 2173 2232 2221
f 2148 2165 2161 2144
f 2160 2181 2173 2152
f 2136 2153 2220 2205
f 1897 1846 1859 1912
f 1912 1859 1853 1920
f 2053 2066 2070 2049
f 661 2184 2193 666
f 2081 2102 2094 2073
f 2176 2069 2065 2180
f 2121 2140 2149 2128
f 2128 2149 2145 2132
f 2124 2137 2204 2185
f 589 744 747 594
f 594 747 752 598
f 590 2261 2664 2120
f 2132 2145 2137 2124
f 2144 2161 2153 2136
f 592 2133 2125 588
f 606 677 683 613
f 613 683 679 608
f 608 679 676 604
f 2267 605 1575 2305
f 756 2273 2271 757
f 755 782 2287 2269
f 2287 782 784 2290
f 2290 784 783 2292
f 2317 2288 781 1565
f 1615 1574 1585 1624
f 1624 1585 1580 1629
f 1669 1630 1620 1659
f 1665 1614 1625 1674
f 1674 1625 1630 1669
f 1714 1670 1660 1704
f 1710 1664 1675 1719
f 1719 1675 1670 1714
f 1759 1715 1705 1749
f 1755 1709 1720 1764
f 1764 1720 1715 1759
f 1804 1760 1750 1794
f 1800 1754 1765 1809
f 1809 1765 1760 1804
f 1852 1805 1795 1840
f 1847 1799 1810 1858
f 1858 1810 1805 1852
f 2086 2025 2009 2077
f 673 688 690 675
f 675 690 691 674
f 674 691 689 672
f 688 696 698 690
f 690 698 699 691
f 691 699 697 689
f 696 700 702 698
f 698 702 703 699
f 699 703 701 697
f 700 704 706 702
f 702 706 707 703
f 703 707 705 701
f 704 708 710 706
f 706 710 711 707
f 707 711 709 705
f 708 712 714 710
f 710 714 715 711
f 711 715 713 709
f 712 716 718 714
f 714 718 719 715
f 715 719 717 713
f 716 720 722 718
f 718 722 723 719
f 719 723 721 717
f 720 724 726 722
f 722 726 727 723
f 723 727 725 721
f 724 728 730 726
f 726 730 731 727
f 727 731 729 725
f 693 729 731 695
f 695 731 730 694
f 694 730 728 692
f 2276 758 762 2279
f 2279 762 767 2281
f 694 2280 2282 695
f 601 755 756 603
f 603 756 757 602
f 2295 2265 2268 2304
f 672 781 783 674
f 674 783 784 675
f 675 784 782 673
f 739 2256 2253 733
f 735 2258 2256 739
f 732 758 2276 2254
f 2082 2017 2025 2086
f 2240 2101 2097 2244
f 2074 2000 2017 2082
f 2001 1928 1945 2016
f 2016 1945 1953 2024
f 2085 2098 2102 2081
f 2228 2241 2245 2224
f 2233 2093 2101 2240
f 2221 2232 2241 2228
f 2212 2229 2225 2208
f 2224 2245 2237 2216
f 2205 2220 2229 2212
f 1929 1870 1883 1944
f 1944 1883 1877 1952
f 2244 2097 2090 2236
f 776 775 777
f 669 776 772 664
f 664 772 770 660
f 2185 2204 2213 2192
f 2192 2213 2209 2196
f 666 2193 2197 670
f 2196 2209 2201 2188
f 2208 2225 2217 2200
f 670 2197 2189 662
f 1590 676 680 1599
f 1599 680 685 1604
f 1649 1600 1605 1644
f 1640 1589 1600 1649
f 1694 1650 1645 1689
f 1685 1639 1650 1694
f 1739 1695 1690 1734
f 1730 1684 1695 1739
f 1784 1740 1735 1779
f 1775 1729 1740 1784
f 1829 1785 1780 1824
f 1820 1774 1785 1829
f 1882 1830 1825 1876
f 1871 1819 1830 1882
f 1604 685 678 1594
f 2078 2089 2098 2085
f 759 771 779 764
f 764 779 775 768
f 677 2286 2291 682
f 588 661 667 591
f 591 667 663 595
f 595 663 660 589
f 1644 1605 1595 1634
f 1952 1877 1865 1936
f 1569 604 676 1590
f 1575 605 611 1584
f 1584 611 607 1579
f 1629 1580 1570 1619
f 2262 752 754 753 2263
f 738 753 749 742
f 742 749 745 734
f 621 657 659 623
f 623 659 658 622
f 622 658 656 620
f 652 656 658 654
f 654 658 659 655
f 655 659 657 653
f 648 652 654 650
f 650 654 655 651
f 651 655 653 649
f 644 648 650 646
f 646 650 651 647
f 647 651 649 645
f 640 644 646 642
f 642 646 647 643
f 643 647 645 641
f 636 640 642 638
f 638 642 643 639
f 639 643 641 637
f 632 636 638 634
f 634 638 639 635
f 635 639 637 633
f 628 632 634 630
f 630 634 635 631
f 631 635 633 629
f 624 628 630 626
f 626 630 631 627
f 627 631 629 625
f 617 624 626 619
f 619 626 627 618
f 618 627 625 616
f 600 617 619 602
f 602 619 618 603
f 603 618 616 601
f 623 2259 2255 621
f 2264 2263 753 738 733
f 732 2254 2258 735
f 614 2274 2270 606
f 692 2275 2280 694
f 602 757 2266 600
f 2281 767 760 2277
f 662 2283 776 669
f 695 2282 2278 693
f 2292 783 781 2288
f 2295 2304 2309 2299
f 686 2293 2289 678
f 744 770 773 746
f 746 773 778 750
f 750 778 771 745
f 597 2129 2133 592
f 786 789 791 788
f 788 791 792 787
f 787 792 790 785
f 789 793 795 791
f 791 795 796 792
f 792 796 794 790
f 793 805 807 795
f 795 807 808 796
f 796 808 806 794
f 805 809 811 807
f 807 811 812 808
f 808 812 810 806
f 809 813 815 811
f 811 815 816 812
f 812 816 814 810
f 802 814 816 804
f 804 816 815 803
f 803 815 813 801
f 798 802 804 800
f 800 804 803 799
f 799 803 801 797
f 785 817 819 787
f 787 819 820 788
f 788 820 818 786
f 865 941 943 867
f 867 943 944 868
f 868 944 942 866
f 930 942 944 932
f 932 944 943 931
f 931 943 941 929
f 926 930 932 928
f 928 932 931 927
f 927 931 929 925
f 925 933 935 927
f 927 935 936 928
f 928 936 934 926
f 933 937 939 935
f 935 939 940 936
f 936 940 938 934
f 937 945 947 939
f 939 947 948 940
f 940 948 946 938
f 862 946 948 864
f 864 948 947 863
f 863 947 945 861
f 797 821 823 799
f 799 823 824 800
f 800 824 822 798
f 821 845 847 823
f 823 847 848 824
f 824 848 846 822
f 845 849 851 847
f 847 851 852 848
f 848 852 850 846
f 842 850 852 844
f 844 852 851 843
f 843 851 849 841
f 841 857 859 843
f 843 859 860 844
f 844 860 858 842
f 857 913 915 859
f 859 915 916 860
f 860 916 914 858
f 913 917 919 915
f 915 919 920 916
f 916 920 918 914
f 910 918 920 912
f 912 920 919 911
f 911 919 917 909
f 909 921 923 911
f 911 923 924 912
f 912 924 922 910
f 902 922 924 904
f 904 924 923 903
f 903 923 921 901
f 901 905 907 903
f 903 907 908 904
f 904 908 906 902
f 898 906 908 900
f 900 908 907 899
f 899 907 905 897
f 894 898 900 896
f 896 900 899 895
f 895 899 897 893
f 882 894 896 884
f 884 896 895 883
f 883 895 893 881
f 881 885 887 883
f 883 887 888 884
f 884 888 886 882
f 885 889 891 887
f 887 891 892 888
f 888 892 890 886
f 878 890 892 880
f 880 892 891 879
f 879 891 889 877
f 870 878 880 872
f 872 880 879 871
f 871 879 877 869
f 869 873 875 871
f 871 875 876 872
f 872 876 874 870
f 854 874 876 856
f 856 876 875 855
f 855 875 873 853
f 826 854 856 828
f 828 856 855 827
f 827 855 853 825
f 825 829 831 827
f 827 831 832 828
f 828 832 830 826
f 829 833 835 831
f 831 835 836 832
f 832 836 834 830
f 833 837 839 835
f 835 839 840 836
f 836 840 838 834
f 817 838 840 819
f 819 840 839 820
f 820 839 837 818
f 861 957 958 863
f 863 958 959 864
f 864 959 862
f 957 964 966 958
f 958 966 967 959
f 959 967 965 862
f 961 965 967 963
f 963 967 966 962
f 962 966 964 960
f 960 996 998 962
f 962 998 999 963
f 963 999 997 961
f 989 997 999 991
f 991 999 998 990
f 990 998 996 988
f 981 989 991 983
f 983 991 990 982
f 982 990 988 980
f 980 1036 1038 982
f 982 1038 1039 983
f 983 1039 1037 981
f 1009 1037 1039 1011
f 1011 1039 1038 1010
f 1010 1038 1036 1008
f 1008 1040 1042 1010
f 1010 1042 1043 1011
f 1011 1043 1041 1009
f 1017 1041 1043 1019
f 1019 1043 1042 1018
f 1018 1042 1040 1016
f 1016 1028 1030 1018
f 1018 1030 1031 1019
f 1019 1031 1029 1017
f 1021 1029 1031 1023
f 1023 1031 1030 1022
f 1022 1030 1028 1020
f 1020 1024 1026 1022
f 1022 1026 1027 1023
f 1023 1027 1025 1021
f 1024 1032 1034 1026
f 1026 1034 1035 1027
f 1027 1035 1033 1025
f 1005 1033 1035 1007
f 1007 1035 1034 1006
f 1006 1034 1032 1004
f 1004 1012 1014 1006
f 1006 1014 1015 1007
f 1007 1015 1013 1005
f 1012 1044 1046 1014
f 1014 1046 1047 1015
f 1015 1047 1045 1013
f 985 1045 1047 987
f 987 1047 1046 986
f 986 1046 1044 984
f 984 992 994 986
f 986 994 995 987
f 987 995 993 985
f 992 1000 1002 994
f 994 1002 1003 995
f 995 1003 1001 993
f 977 1001 1003 979
f 979 1003 1002 978
f 978 1002 1000 976
f 973 977 979 975
f 975 979 978 974
f 974 978 976 972
f 969 973 975 971
f 971 975 974 970
f 970 974 972 968
f 950 969 971 952
f 952 971 970 951
f 951 970 968 949
f 949 953 955 951
f 951 955 956 952
f 952 956 954 950
f 866 954 956 868
f 868 956 955 867
f 867 955 953 865
f 1189 1204 1206 1191
f 1191 1206 1207 1190
f 1190 1207 1205 1188
f 1197 1205 1207 1199
f 1199 1207 1206 1198
f 1198 1206 1204 1196
f 1196 1280 1282 1198
f 1198 1282 1283 1199
f 1199 1283 1281 1197
f 1221 1281 1283 1223
f 1223 1283 1282 1222
f 1222 1282 1280 1220
f 1220 1236 1238 1222
f 1222 1238 1239 1223
f 1223 1239 1237 1221
f 1229 1237 1239 1231
f 1231 1239 1238 1230
f 1230 1238 1236 1228
f 1228 1272 1274 1230
f 1230 1274 1275 1231
f 1231 1275 1273 1229
f 1245 1273 1275 1247
f 1247 1275 1274 1246
f 1246 1274 1272 1244
f 1244 1264 1266 1246
f 1246 1266 1267 1247
f 1247 1267 1265 1245
f 1257 1265 1267 1259
f 1259 1267 1266 1258
f 1258 1266 1264 1256
f 1249 1257 1259 1251
f 1251 1259 1258 1250
f 1250 1258 1256 1248
f 1188 1212 1214 1190
f 1190 1214 1215 1191
f 1191 1215 1213 1189
f 1049 1053 1055 1051
f 1051 1055 1054 1050
f 1050 1054 1052 1048
f 1048 1060 1062 1050
f 1050 1062 1063 1051
f 1051 1063 1061 1049
f 1060 1064 1066 1062
f 1062 1066 1067 1063
f 1063 1067 1065 1061
f 1064 1085 1087 1066
f 1066 1087 1086 1067
f 1067 1086 1084 1065
f 1085 1088 1090 1087
f 1087 1090 1091 1086
f 1086 1091 1089 1084
f 1088 1092 1094 1090
f 1090 1094 1095 1091
f 1091 1095 1093 1089
f 1092 1112 1114 1094
f 1094 1114 1115 1095
f 1095 1115 1113 1093
f 1105 1113 1115 1107
f 1107 1115 1114 1106
f 1106 1114 1112 1104
f 1104 1116 1118 1106
f 1106 1118 1119 1107
f 1107 1119 1117 1105
f 1116 1120 1122 1118
f 1118 1122 1123 1119
f 1119 1123 1121 1117
f 1120 1128 1130 1122
f 1122 1130 1131 1123
f 1123 1131 1129 1121
f 1128 1144 1146 1130
f 1130 1146 1147 1131
f 1131 1147 1145 1129
f 1141 1145 1147 1143
f 1143 1147 1146 1142
f 1142 1146 1144 1140
f 1133 1141 1143 1135
f 1135 1143 1142 1134
f 1134 1142 1140 1132
f 1132 1136 1138 1134
f 1134 1138 1139 1135
f 1135 1139 1137 1133
f 1136 1152 1154 1138
f 1138 1154 1155 1139
f 1139 1155 1153 1137
f 1125 1153 1155 1127
f 1127 1155 1154 1126
f 1126 1154 1152 1124
f 1124 1148 1150 1126
f 1126 1150 1151 1127
f 1127 1151 1149 1125
f 1097 1149 1151 1099
f 1099 1151 1150 1098
f 1098 1150 1148 1096
f 1096 1100 1102 1098
f 1098 1102 1103 1099
f 1099 1103 1101 1097
f 1100 1108 1110 1102
f 1102 1110 1111 1103
f 1103 1111 1109 1101
f 1072 1109 1111 1074
f 1074 1111 1110 1075
f 1075 1110 1108 1073
f 1069 1072 1074 1071
f 1071 1074 1075 1070
f 1070 1075 1073 1068
f 1068 1080 1082 1070
f 1070 1082 1083 1071
f 1071 1083 1081 1069
f 1077 1081 1083 1079
f 1079 1083 1082 1078
f 1078 1082 1080 1076
f 1057 1077 1079 1059
f 1059 1079 1078 1058
f 1058 1078 1076 1056
f 1248 1252 1254 1250
f 1250 1254 1255 1251
f 1251 1255 1253 1249
f 1252 1260 1262 1254
f 1254 1262 1263 1255
f 1255 1263 1261 1253
f 1241 1261 1263 1243
f 1243 1263 1262 1242
f 1242 1262 1260 1240
f 1240 1268 1270 1242
f 1242 1270 1271 1243
f 1243 1271 1269 1241
f 1225 1269 1271 1227
f 1227 1271 1270 1226
f 1226 1270 1268 1224
f 1224 1232 1234 1226
f 1226 1234 1235 1227
f 1227 1235 1233 1225
f 1217 1233 1235 1219
f 1219 1235 1234 1218
f 1218 1234 1232 1216
f 1216 1276 1278 1218
f 1218 1278 1279 1219
f 1219 1279 1277 1217
f 1193 1277 1279 1195
f 1195 1279 1278 1194
f 1194 1278 1276 1192
f 1192 1200 1202 1194
f 1194 1202 1203 1195
f 1195 1203 1201 1193
f 1185 1201 1203 1187
f 1187 1203 1202 1186
f 1186 1202 1200 1184
f 1184 1208 1210 1186
f 1186 1210 1211 1187
f 1187 1211 1209 1185
f 1169 1209 1211 1171
f 1171 1211 1210 1170
f 1170 1210 1208 1168
f 1168 1176 1178 1170
f 1170 1178 1179 1171
f 1171 1179 1177 1169
f 1161 1177 1179 1163
f 1163 1179 1178 1162
f 1162 1178 1176 1160
f 1157 1161 1163 1159
f 1159 1163 1162 1158
f 1158 1162 1160 1156
f 1156 1164 1166 1158
f 1158 1166 1167 1159
f 1159 1167 1165 1157
f 1164 1180 1182 1166
f 1166 1182 1183 1167
f 1167 1183 1181 1165
f 1173 1181 1183 1175
f 1175 1183 1182 1174
f 1174 1182 1180 1172
f 1172 1213 1215 1174
f 1174 1215 1214 1175
f 1175 1214 1212 1173
f 1309 1320 1322 1311
f 1311 1322 1323 1310
f 1310 1323 1321 1308
f 1301 1309 1311 1303
f 1303 1311 1310 1302
f 1302 1310 1308 1300
f 1289 1301 1303 1291
f 1291 1303 1302 1290
f 1290 1302 1300 1288
f 1288 1292 1294 1290
f 1290 1294 1295 1291
f 1291 1295 1293 1289
f 1285 1293 1295 1287
f 1287 1295 1294 1286
f 1286 1294 1292 1284
f 1284 1296 1298 1286
f 1286 1298 1299 1287
f 1287 1299 1297 1285
f 1296 1312 1314 1298
f 1298 1314 1315 1299
f 1299 1315 1313 1297
f 1305 1313 1315 1307
f 1307 1315 1314 1306
f 1306 1314 1312 1304
f 1304 1348 1350 1306
f 1306 1350 1351 1307
f 1307 1351 1349 1305
f 1325 1349 1351 1327
f 1327 1351 1350 1326
f 1326 1350 1348 1324
f 1324 1344 1346 1326
f 1326 1346 1347 1327
f 1327 1347 1345 1325
f 1337 1345 1347 1339
f 1339 1347 1346 1338
f 1338 1346 1344 1336
f 1329 1337 1339 1331
f 1331 1339 1338 1330
f 1330 1338 1336 1328
f 1328 1420 1422 1330
f 1330 1422 1423 1331
f 1331 1423 1421 1329
f 1357 1421 1423 1359
f 1359 1423 1422 1358
f 1358 1422 1420 1356
f 1356 1372 1374 1358
f 1358 1374 1375 1359
f 1359 1375 1373 1357
f 1365 1373 1375 1367
f 1367 1375 1374 1366
f 1366 1374 1372 1364
f 1364 1412 1414 1366
f 1366 1414 1415 1367
f 1367 1415 1413 1365
f 1385 1413 1415 1387
f 1387 1415 1414 1386
f 1386 1414 1412 1384
f 1393 1556 1558 1395
f 1395 1558 1559 1394
f 1394 1559 1557 1392
f 1392 1396 1398 1394
f 1394 1398 1399 1395
f 1395 1399 1397 1393
f 1389 1397 1399 1391
f 1391 1399 1398 1390
f 1390 1398 1396 1388
f 1388 1560 1562 1390
f 1390 1562 1563 1391
f 1391 1563 1561 1389
f 1429 1561 1563 1431
f 1431 1563 1562 1430
f 1430 1562 1560 1428
f 1428 1444 1446 1430
f 1430 1446 1447 1431
f 1431 1447 1445 1429
f 1437 1445 1447 1439
f 1439 1447 1446 1438
f 1438 1446 1444 1436
f 1436 1484 1486 1438
f 1438 1486 1487 1439
f 1439 1487 1485 1437
f 1457 1485 1487 1459
f 1459 1487 1486 1458
f 1458 1486 1484 1456
f 1456 1476 1478 1458
f 1458 1478 1479 1459
f 1459 1479 1477 1457
f 1461 1477 1479 1463
f 1463 1479 1478 1462
f 1462 1478 1476 1460
f 1460 1468 1470 1462
f 1462 1470 1471 1463
f 1463 1471 1469 1461
f 1468 1552 1554 1470
f 1470 1554 1555 1471
f 1471 1555 1553 1469
f 1493 1553 1555 1495
f 1495 1555 1554 1494
f 1494 1554 1552 1492
f 1492 1512 1514 1494
f 1494 1514 1515 1495
f 1495 1515 1513 1493
f 1505 1513 1515 1507
f 1507 1515 1514 1506
f 1506 1514 1512 1504
f 1504 1544 1546 1506
f 1506 1546 1547 1507
f 1507 1547 1545 1505
f 1541 1545 1547 1543
f 1543 1547 1546 1542
f 1542 1546 1544 1540
f 1497 1541 1543 1499
f 1499 1543 1542 1498
f 1498 1542 1540 1496
f 1496 1500 1502 1498
f 1498 1502 1503 1499
f 1499 1503 1501 1497
f 1500 1508 1510 1502
f 1502 1510 1511 1503
f 1503 1511 1509 1501
f 1489 1509 1511 1491
f 1491 1511 1510 1490
f 1490 1510 1508 1488
f 1488 1548 1550 1490
f 1490 1550 1551 1491
f 1491 1551 1549 1489
f 1317 1321 1323 1319
f 1319 1323 1322 1318
f 1318 1322 1320 1316
f 1056 1528 1530 1058
f 1058 1530 1531 1059
f 1059 1531 1529 1057
f 1528 1532 1534 1530
f 1530 1534 1535 1531
f 1531 1535 1533 1529
f 1532 1536 1538 1534
f 1534 1538 1539 1535
f 1535 1539 1537 1533
f 1521 1537 1539 1523
f 1523 1539 1538 1522
f 1522 1538 1536 1520
f 1520 1524 1526 1522
f 1522 1526 1527 1523
f 1523 1527 1525 1521
f 1517 1525 1527 1519
f 1519 1527 1526 1518
f 1518 1526 1524 1516
f 1516 1052 1054 1518
f 1518 1054 1055 1519
f 1519 1055 1053 1517
f 1465 1549 1551 1467
f 1467 1551 1550 1466
f 1466 1550 1548 1464
f 1464 1472 1474 1466
f 1466 1474 1475 1467
f 1467 1475 1473 1465
f 1449 1473 1475 1451
f 1451 1475 1474 1450
f 1450 1474 1472 1448
f 1448 1452 1454 1450
f 1450 1454 1455 1451
f 1451 1455 1453 1449
f 1452 1480 1482 1454
f 1454 1482 1483 1455
f 1455 1483 1481 1453
f 1433 1481 1483 1435
f 1435 1483 1482 1434
f 1434 1482 1480 1432
f 1432 1440 1442 1434
f 1434 1442 1443 1435
f 1435 1443 1441 1433
f 1425 1441 1443 1427
f 1427 1443 1442 1426
f 1426 1442 1440 1424
f 1424 1557 1559 1426
f 1426 1559 1558 1427
f 1427 1558 1556 1425
f 1384 1404 1406 1386
f 1386 1406 1407 1387
f 1387 1407 1405 1385
f 1401 1405 1407 1403
f 1403 1407 1406 1402
f 1402 1406 1404 1400
f 1377 1401 1403 1379
f 1379 1403 1402 1378
f 1378 1402 1400 1376
f 1376 1380 1382 1378
f 1378 1382 1383 1379
f 1379 1383 1381 1377
f 1380 1408 1410 1382
f 1382 1410 1411 1383
f 1383 1411 1409 1381
f 1361 1409 1411 1363
f 1363 1411 1410 1362
f 1362 1410 1408 1360
f 1360 1368 1370 1362
f 1362 1370 1371 1363
f 1363 1371 1369 1361
f 1353 1369 1371 1355
f 1355 1371 1370 1354
f 1354 1370 1368 1352
f 1352 1416 1418 1354
f 1354 1418 1419 1355
f 1355 1419 1417 1353
f 1333 1417 1419 1335
f 1335 1419 1418 1334
f 1334 1418 1416 1332
f 1332 1340 1342 1334
f 1334 1342 1343 1335
f 1335 1343 1341 1333
f 1316 1341 1343 1318
f 1318 1343 1342 1319
f 1319 1342 1340 1317
f 1332 789 786 818 1340
f 2303 2313 2307 2297
f 2301 2311 2313 2303
f 2305 1575 1578 2308
f 2325 2297 2307 2334
f 1598 2318 2315 1595
f 1597 2320 2318 1598
f 1596 2322 2320 1597
f 1566 2319 2321 1567
f 1590 1599 1601 1593
f 1593 1601 1602 1592
f 1592 1602 1603 1591
f 1591 1603 1600 1589
f 1599 1604 1606 1601
f 1601 1606 1607 1602
f 1602 1607 1608 1603
f 1603 1608 1605 1600
f 1604 1594 1596 1606
f 1606 1596 1597 1607
f 1607 1597 1598 1608
f 1608 1598 1595 1605
f 1585 1574 1576 1588
f 1588 1576 1577 1587
f 1587 1577 1578 1586
f 1586 1578 1575 1584
f 1580 1585 1588 1583
f 1583 1588 1587 1582
f 1582 1587 1586 1581
f 1581 1586 1584 1579
f 1570 1580 1583 1573
f 1573 1583 1582 1572
f 1572 1582 1581 1571
f 1571 1581 1579 1569
f 2312 1576 1574 2306
f 2310 1577 1576 2312
f 1564 2314 2319 1566
f 2306 1574 1615 2335
f 1569 1590 1593 1571
f 1571 1593 1592 1572
f 1572 1592 1591 1573
f 1573 1591 1589 1570
f 1568 2323 2317 1565
f 2325 2334 2339 2329
f 1567 2321 2323 1568
f 2315 2346 1634 1595
f 2046 2057 2066 2053
f 2333 2343 2337 2327
f 2331 2341 2343 2333
f 2335 1615 1618 2338
f 2355 2327 2337 2364
f 1638 2348 2345 1635
f 1637 2350 2348 1638
f 1636 2352 2350 1637
f 1611 2349 2351 1612
f 1615 1624 1626 1618
f 1618 1626 1627 1617
f 1617 1627 1628 1616
f 1616 1628 1625 1614
f 1624 1629 1631 1626
f 1626 1631 1632 1627
f 1627 1632 1633 1628
f 1628 1633 1630 1625
f 1629 1619 1621 1631
f 1631 1621 1622 1632
f 1632 1622 1623 1633
f 1633 1623 1620 1630
f 1650 1639 1641 1653
f 1653 1641 1642 1652
f 1652 1642 1643 1651
f 1651 1643 1640 1649
f 1645 1650 1653 1648
f 1648 1653 1652 1647
f 1647 1652 1651 1646
f 1646 1651 1649 1644
f 1635 1645 1648 1638
f 1638 1648 1647 1637
f 1637 1647 1646 1636
f 1636 1646 1644 1634
f 1619 1640 1643 1621
f 1621 1643 1642 1622
f 1622 1642 1641 1623
f 1623 1641 1639 1620
f 2342 1616 1614 2336
f 2340 1617 1616 2342
f 1609 2344 2349 1611
f 2336 1614 1665 2365
f 1613 2353 2347 1610
f 2355 2364 2369 2359
f 1612 2351 2353 1613
f 2345 2376 1679 1635
f 1992 1921 1905 1976
f 2363 2373 2367 2357
f 2361 2371 2373 2363
f 2365 1665 1668 2368
f 2385 2357 2367 2394
f 1683 2378 2375 1680
f 1682 2380 2378 1683
f 1681 2382 2380 1682
f 1656 2379 2381 1657
f 1675 1664 1666 1678
f 1678 1666 1667 1677
f 1677 1667 1668 1676
f 1676 1668 1665 1674
f 1670 1675 1678 1673
f 1673 1678 1677 1672
f 1672 1677 1676 1671
f 1671 1676 1674 1669
f 1660 1670 1673 1663
f 1663 1673 1672 1662
f 1662 1672 1671 1661
f 1661 1671 1669 1659
f 1695 1684 1686 1698
f 1698 1686 1687 1697
f 1697 1687 1688 1696
f 1696 1688 1685 1694
f 1690 1695 1698 1693
f 1693 1698 1697 1692
f 1692 1697 1696 1691
f 1691 1696 1694 1689
f 1680 1690 1693 1683
f 1683 1693 1692 1682
f 1682 1692 1691 1681
f 1681 1691 1689 1679
f 1659 1685 1688 1661
f 1661 1688 1687 1662
f 1662 1687 1686 1663
f 1663 1686 1684 1660
f 2372 1666 1664 2366
f 2370 1667 1666 2372
f 1654 2374 2379 1656
f 2366 1664 1710 2395
f 1658 2383 2377 1655
f 2385 2394 2399 2389
f 1657 2381 2383 1658
f 2375 2406 1724 1680
f 2049 2070 2062 2041
f 2393 2403 2397 2387
f 2391 2401 2403 2393
f 2395 1710 1713 2398
f 2415 2387 2397 2424
f 1728 2408 2405 1725
f 1727 2410 2408 1728
f 1726 2412 2410 1727
f 1701 2409 2411 1702
f 1720 1709 1711 1723
f 1723 1711 1712 1722
f 1722 1712 1713 1721
f 1721 1713 1710 1719
f 1715 1720 1723 1718
f 1718 1723 1722 1717
f 1717 1722 1721 1716
f 1716 1721 1719 1714
f 1705 1715 1718 1708
f 1708 1718 1717 1707
f 1707 1717 1716 1706
f 1706 1716 1714 1704
f 1740 1729 1731 1743
f 1743 1731 1732 1742
f 1742 1732 1733 1741
f 1741 1733 1730 1739
f 1735 1740 1743 1738
f 1738 1743 1742 1737
f 1737 1742 1741 1736
f 1736 1741 1739 1734
f 1725 1735 1738 1728
f 1728 1738 1737 1727
f 1727 1737 1736 1726
f 1726 1736 1734 1724
f 1704 1730 1733 1706
f 1706 1733 1732 1707
f 1707 1732 1731 1708
f 1708 1731 1729 1705
f 2402 1711 1709 2396
f 2400 1712 1711 2402
f 1699 2404 2409 1701
f 2396 1709 1755 2425
f 1703 2413 2407 1700
f 2415 2424 2429 2419
f 1702 2411 2413 1703
f 2405 2436 1769 1725
f 2739 2728 2108 2113
f 2423 2433 2427 2417
f 2421 2431 2433 2423
f 2425 1755 1758 2428
f 2445 2417 2427 2454
f 1773 2438 2435 1770
f 1772 2440 2438 1773
f 1771 2442 2440 1772
f 1746 2439 2441 1747
f 1765 1754 1756 1768
f 1768 1756 1757 1767
f 1767 1757 1758 1766
f 1766 1758 1755 1764
f 1760 1765 1768 1763
f 1763 1768 1767 1762
f 1762 1767 1766 1761
f 1761 1766 1764 1759
f 1750 1760 1763 1753
f 1753 1763 1762 1752
f 1752 1762 1761 1751
f 1751 1761 1759 1749
f 1785 1774 1776 1788
f 1788 1776 1777 1787
f 1787 1777 1778 1786
f 1786 1778 1775 1784
f 1780 1785 1788 1783
f 1783 1788 1787 1782
f 1782 1787 1786 1781
f 1781 1786 1784 1779
f 1770 1780 1783 1773
f 1773 1783 1782 1772
f 1772 1782 1781 1771
f 1771 1781 1779 1769
f 1749 1775 1778 1751
f 1751 1778 1777 1752
f 1752 1777 1776 1753
f 1753 1776 1774 1750
f 2432 1756 1754 2426
f 2430 1757 1756 2432
f 1744 2434 2439 1746
f 2426 1754 1800 2455
f 1748 2443 2437 1745
f 2445 2454 2459 2449
f 1747 2441 2443 1748
f 2435 2466 1814 1770
f 2649 2638 2033 2038
f 2453 2463 2457 2447
f 2451 2461 2463 2453
f 2455 1800 1803 2458
f 2475 2447 2457 2486
f 1818 2468 2465 1815
f 1817 2470 2468 1818
f 1816 2472 2470 1817
f 1791 2469 2471 1792
f 1810 1799 1801 1813
f 1813 1801 1802 1812
f 1812 1802 1803 1811
f 1811 1803 1800 1809
f 1805 1810 1813 1808
f 1808 1813 1812 1807
f 1807 1812 1811 1806
f 1806 1811 1809 1804
f 1795 1805 1808 1798
f 1798 1808 1807 1797
f 1797 1807 1806 1796
f 1796 1806 1804 1794
f 1830 1819 1821 1833
f 1833 1821 1822 1832
f 1832 1822 1823 1831
f 1831 1823 1820 1829
f 1825 1830 1833 1828
f 1828 1833 1832 1827
f 1827 1832 1831 1826
f 1826 1831 1829 1824
f 1815 1825 1828 1818
f 1818 1828 1827 1817
f 1817 1827 1826 1816
f 1816 1826 1824 1814
f 1794 1820 1823 1796
f 1796 1823 1822 1797
f 1797 1822 1821 1798
f 1798 1821 1819 1795
f 2462 1801 1799 2456
f 2460 1802 1801 2462
f 1789 2464 2469 1791
f 2456 1799 1847 2487
f 1793 2473 2467 1790
f 2475 2486 2491 2479
f 1792 2471 2473 1793
f 2465 2500 1864 1815
f 2644 2079 2077 2640
f 2485 2497 2489 2477
f 2481 2493 2495 2483
f 2483 2495 2497 2485
f 2487 1847 1851 2490
f 2511 2477 2489 2526
f 1869 2502 2499 1865
f 1868 2504 2502 1869
f 1867 2506 2504 1868
f 1866 2508 2506 1867
f 1836 2503 2505 1837
f 1859 1846 1848 1863
f 1863 1848 1849 1862
f 1862 1849 1850 1861
f 1861 1850 1851 1860
f 1860 1851 1847 1858
f 1853 1859 1863 1857
f 1857 1863 1862 1856
f 1856 1862 1861 1855
f 1855 1861 1860 1854
f 1854 1860 1858 1852
f 1841 1853 1857 1845
f 1845 1857 1856 1844
f 1844 1856 1855 1843
f 1843 1855 1854 1842
f 1842 1854 1852 1840
f 1883 1870 1872 1887
f 1887 1872 1873 1886
f 1886 1873 1874 1885
f 1885 1874 1875 1884
f 1884 1875 1871 1882
f 1877 1883 1887 1881
f 1881 1887 1886 1880
f 1880 1886 1885 1879
f 1879 1885 1884 1878
f 1878 1884 1882 1876
f 1865 1877 1881 1869
f 1869 1881 1880 1868
f 1868 1880 1879 1867
f 1867 1879 1878 1866
f 1866 1878 1876 1864
f 2496 1848 1846 2488
f 2492 1850 1849 2494
f 2494 1849 1848 2496
f 1834 2498 2503 1836
f 2488 1846 1897 2527
f 1840 1871 1875 1842
f 1842 1875 1874 1843
f 1843 1874 1873 1844
f 1844 1873 1872 1845
f 1845 1872 1870 1841
f 1839 2509 2501 1835
f 2511 2526 2531 2515
f 1838 2507 2509 1839
f 1837 2505 2507 1838
f 2499 2544 1936 1865
f 2682 2171 2170 2684
f 2525 2541 2529 2513
f 2517 2533 2535 2519
f 2519 2535 2537 2521
f 2521 2537 2539 2523
f 2523 2539 2541 2525
f 2527 1897 1903 2530
f 2559 2513 2529 2574
f 1943 2546 2543 1937
f 1942 2548 2546 1943
f 1941 2550 2548 1942
f 1940 2552 2550 1941
f 1939 2554 2552 1940
f 1938 2556 2554 1939
f 1890 2547 2549 1891
f 1897 1912 1914 1903
f 1903 1914 1915 1902
f 1902 1915 1916 1901
f 1901 1916 1917 1900
f 1900 1917 1918 1899
f 1899 1918 1919 1898
f 1898 1919 1913 1896
f 1912 1920 1922 1914
f 1914 1922 1923 1915
f 1915 1923 1924 1916
f 1916 1924 1925 1917
f 1917 1925 1926 1918
f 1918 1926 1927 1919
f 1919 1927 1921 1913
f 1920 1904 1906 1922
f 1922 1906 1907 1923
f 1923 1907 1908 1924
f 1924 1908 1909 1925
f 1925 1909 1910 1926
f 1926 1910 1911 1927
f 1927 1911 1905 1921
f 1929 1944 1946 1935
f 1935 1946 1947 1934
f 1934 1947 1948 1933
f 1933 1948 1949 1932
f 1932 1949 1950 1931
f 1931 1950 1951 1930
f 1930 1951 1945 1928
f 1944 1952 1954 1946
f 1946 1954 1955 1947
f 1947 1955 1956 1948
f 1948 1956 1957 1949
f 1949 1957 1958 1950
f 1950 1958 1959 1951
f 1951 1959 1953 1945
f 1952 1936 1938 1954
f 1954 1938 1939 1955
f 1955 1939 1940 1956
f 1956 1940 1941 1957
f 1957 1941 1942 1958
f 1958 1942 1943 1959
f 1959 1943 1937 1953
f 2540 1898 1896 2528
f 2532 1902 1901 2534
f 2534 1901 1900 2536
f 2536 1900 1899 2538
f 2538 1899 1898 2540
f 1888 2542 2547 1890
f 2528 1896 1969 2575
f 1904 1929 1935 1906
f 1906 1935 1934 1907
f 1907 1934 1933 1908
f 1908 1933 1932 1909
f 1909 1932 1931 1910
f 1910 1931 1930 1911
f 1911 1930 1928 1905
f 1895 2557 2545 1889
f 2559 2574 2579 2563
f 1894 2555 2557 1895
f 1893 2553 2555 1894
f 1892 2551 2553 1893
f 1891 2549 2551 1892
f 2543 2592 2008 1937
f 2043 2620 2618 2044
f 2573 2589 2577 2561
f 2565 2581 2583 2567
f 2567 2583 2585 2569
f 2569 2585 2587 2571
f 2571 2587 2589 2573
f 2575 1969 1975 2578
f 2607 2561 2577 2614
f 2015 2594 2591 2009
f 2014 2596 2594 2015
f 2013 2598 2596 2014
f 2012 2600 2598 2013
f 2011 2602 2600 2012
f 2010 2604 2602 2011
f 1962 2595 2597 1963
f 1969 1984 1986 1975
f 1975 1986 1987 1974
f 1974 1987 1988 1973
f 1973 1988 1989 1972
f 1972 1989 1990 1971
f 1971 1990 1991 1970
f 1970 1991 1985 1968
f 1984 1992 1994 1986
f 1986 1994 1995 1987
f 1987 1995 1996 1988
f 1988 1996 1997 1989
f 1989 1997 1998 1990
f 1990 1998 1999 1991
f 1991 1999 1993 1985
f 1992 1976 1978 1994
f 1994 1978 1979 1995
f 1995 1979 1980 1996
f 1996 1980 1981 1997
f 1997 1981 1982 1998
f 1998 1982 1983 1999
f 1999 1983 1977 1993
f 2001 2016 2018 2007
f 2007 2018 2019 2006
f 2006 2019 2020 2005
f 2005 2020 2021 2004
f 2004 2021 2022 2003
f 2003 2022 2023 2002
f 2002 2023 2017 2000
f 2016 2024 2026 2018
f 2018 2026 2027 2019
f 2019 2027 2028 2020
f 2020 2028 2029 2021
f 2021 2029 2030 2022
f 2022 2030 2031 2023
f 2023 2031 2025 2017
f 2024 2008 2010 2026
f 2026 2010 2011 2027
f 2027 2011 2012 2028
f 2028 2012 2013 2029
f 2029 2013 2014 2030
f 2030 2014 2015 2031
f 2031 2015 2009 2025
f 2588 1970 1968 2576
f 2580 1974 1973 2582
f 2582 1973 1972 2584
f 2584 1972 1971 2586
f 2586 1971 1970 2588
f 1960 2590 2595 1962
f 2042 2615 2576 1968
f 1976 2001 2007 1978
f 1978 2007 2006 1979
f 1979 2006 2005 1980
f 1980 2005 2004 1981
f 1981 2004 2003 1982
f 1982 2003 2002 1983
f 1983 2002 2000 1977
f 1967 2605 2593 1961
f 2606 2611 2032
f 1966 2603 2605 1967
f 1965 2601 2603 1966
f 1964 2599 2601 1965
f 1963 2597 2599 1964
f 2077 2009 2591 2640
f 2563 2579 2581 2565
f 2607 2614 2619 2610
f 2044 2618 2615 2042
f 2623 2608 2617 2630
f 2629 2637 2633 2625
f 2064 2634 2631 2062
f 2671 2625 2633 2678
f 2612 2621 2617 2608
f 2611 2613 2032
f 2613 2609 2032
f 2647 2090 2092 2650
f 2650 2092 2091 2652
f 2039 2651 2653 2040
f 2639 2078 2080 2642
f 2642 2080 2079 2644
f 2035 2643 2645 2036
f 2054 2045 2047 2056
f 2056 2047 2048 2055
f 2055 2048 2046 2053
f 2058 2065 2067 2060
f 2060 2067 2068 2059
f 2059 2068 2066 2057
f 2050 2054 2056 2052
f 2052 2056 2055 2051
f 2051 2055 2053 2049
f 2065 2069 2071 2067
f 2067 2071 2072 2068
f 2068 2072 2070 2066
f 2042 2050 2052 2044
f 2044 2052 2051 2043
f 2043 2051 2049 2041
f 2069 2061 2063 2071
f 2071 2063 2064 2072
f 2072 2064 2062 2070
f 2086 2077 2079 2088
f 2088 2079 2080 2087
f 2087 2080 2078 2085
f 2090 2097 2099 2092
f 2092 2099 2100 2091
f 2091 2100 2098 2089
f 2082 2086 2088 2084
f 2084 2088 2087 2083
f 2083 2087 2085 2081
f 2097 2101 2103 2099
f 2099 2103 2104 2100
f 2100 2104 2102 2098
f 2074 2082 2084 2076
f 2076 2084 2083 2075
f 2075 2083 2081 2073
f 2101 2093 2095 2103
f 2103 2095 2096 2104
f 2104 2096 2094 2102
f 2616 2041 2062 2631
f 2623 2630 2635 2627
f 2041 2616 2620 2043
f 2632 2061 2169 2679
f 2033 2638 2643 2035
f 2061 2632 2636 2063
f 2073 2046 2048 2075
f 2075 2048 2047 2076
f 2076 2047 2045 2074
f 2093 2058 2060 2095
f 2095 2060 2059 2096
f 2096 2059 2057 2094
f 2639 2648 2089 2078
f 2037 2646 2651 2039
f 2036 2645 2641 2034
f 2647 2730 2236 2090
f 2655 2662 2667 2659
f 2040 2653 2649 2038
f 2948 620 656 652 2969
f 3033 2752 2755 3042
f 2953 2914 3000 2996
f 2761 2766 3044 3052
f 2958 2922 3002 2998
f 2979 2992 2942 2911
f 2677 2685 2681 2673
f 2679 2169 2171 2682
f 2687 2673 2681 2694
f 2693 2701 2697 2689
f 2695 2157 2159 2698
f 2703 2689 2697 2710
f 2709 2717 2713 2705
f 2711 2141 2143 2714
f 2707 2715 2717 2709
f 2655 2705 2713 2662
f 2663 2121 2123 2666
f 2659 2667 2669 2661
f 2239 2732 2729 2237
f 2238 2734 2732 2239
f 2110 2733 2735 2111
f 2219 2740 2737 2217
f 2218 2742 2740 2219
f 2114 2741 2743 2115
f 2203 2748 2745 2201
f 2202 2750 2748 2203
f 2118 2749 2751 2119
f 2191 2724 2721 2189
f 2190 2726 2724 2191
f 2745 2722 2188 2201
f 2165 2156 2158 2167
f 2167 2158 2159 2166
f 2166 2159 2157 2164
f 2169 2176 2178 2171
f 2171 2178 2179 2170
f 2170 2179 2177 2168
f 2161 2165 2167 2163
f 2163 2167 2166 2162
f 2162 2166 2164 2160
f 2176 2180 2182 2178
f 2178 2182 2183 2179
f 2179 2183 2181 2177
f 2153 2161 2163 2155
f 2155 2163 2162 2154
f 2154 2162 2160 2152
f 2180 2172 2174 2182
f 2182 2174 2175 2183
f 2183 2175 2173 2181
f 2149 2140 2142 2151
f 2151 2142 2143 2150
f 2150 2143 2141 2148
f 2145 2149 2151 2147
f 2147 2151 2150 2146
f 2146 2150 2148 2144
f 2137 2145 2147 2139
f 2139 2147 2146 2138
f 2138 2146 2144 2136
f 2121 2128 2130 2123
f 2123 2130 2131 2122
f 2122 2131 2129 2120
f 2128 2132 2134 2130
f 2130 2134 2135 2131
f 2131 2135 2133 2129
f 2132 2124 2126 2134
f 2134 2126 2127 2135
f 2135 2127 2125 2133
f 2229 2220 2222 2231
f 2231 2222 2223 2230
f 2230 2223 2221 2228
f 2233 2240 2242 2235
f 2235 2242 2243 2234
f 2234 2243 2241 2232
f 2225 2229 2231 2227
f 2227 2231 2230 2226
f 2226 2230 2228 2224
f 2240 2244 2246 2242
f 2242 2246 2247 2243
f 2243 2247 2245 2241
f 2217 2225 2227 2219
f 2219 2227 2226 2218
f 2218 2226 2224 2216
f 2244 2236 2238 2246
f 2246 2238 2239 2247
f 2247 2239 2237 2245
f 2213 2204 2206 2215
f 2215 2206 2207 2214
f 2214 2207 2205 2212
f 2209 2213 2215 2211
f 2211 2215 2214 2210
f 2210 2214 2212 2208
f 2201 2209 2211 2203
f 2203 2211 2210 2202
f 2202 2210 2208 2200
f 2185 2192 2194 2187
f 2187 2194 2195 2186
f 2186 2195 2193 2184
f 2192 2196 2198 2194
f 2194 2198 2199 2195
f 2195 2199 2197 2193
f 2196 2188 2190 2198
f 2198 2190 2191 2199
f 2199 2191 2189 2197
f 2124 2185 2187 2126
f 2126 2187 2186 2127
f 2127 2186 2184 2125
f 2712 2140 2121 2663
f 2671 2678 2683 2675
f 2666 2123 2122 2668
f 2716 2142 2140 2712
f 2719 2725 2106
f 2714 2143 2142 2716
f 2136 2205 2207 2138
f 2138 2207 2206 2139
f 2139 2206 2204 2137
f 2152 2221 2223 2154
f 2154 2223 2222 2155
f 2155 2222 2220 2153
f 2700 2158 2156 2696
f 2703 2710 2715 2707
f 2696 2156 2141 2711
f 2172 2233 2235 2174
f 2174 2235 2234 2175
f 2175 2234 2232 2173
f 2684 2170 2168 2680
f 2687 2694 2699 2691
f 2680 2168 2157 2695
f 2107 2727 2723 2105
f 2108 2728 2733 2110
f 2188 2722 2726 2190
f 2119 2751 2747 2117
f 2200 2746 2750 2202
f 2115 2743 2739 2113
f 2116 2744 2749 2118
f 2737 2746 2200 2217
f 2111 2735 2731 2109
f 2112 2736 2741 2114
f 2729 2738 2216 2237
f 2032 1249 1253 1261 1241 1269 1225 1233 1217 1277 1193 1201 1185 1209 1169 1177 1161 1157 1165 1181 1173 1212 1188 2248 1053 1049 1061 1065 1084 1089 1093 1113 1105 1117 1121 1129 1145 1141 1133 1137 1153 1125 1149 1097 1101 1109 1072 1069 1081 1077 1057 600 2266 2294 2298 2300 2302 2296 2324 2328 2330 2332 2326 2354 2358 2360 2362 2356 2384 2388 2390 2392 2386 2414 2418 2420 2422 2416 2444 2448 2450 2452 2446 2474 2478 2480 2482 2484 2476 2510 2514 2516 2518 2520 2522 2524 2512 2558 2562 2564 2566 2568 2570 2572 2560 2606
f 2264 2260 2261 2262 2263
f 2265 2266 757
f 2284 2285 775
f 2268 2271 2272 2267
f 2271 2273 2274 2272
f 2273 2269 2270 2274
f 2287 2290 2291 2286
f 2290 2292 2293 2291
f 2292 2288 2289 2293
f 2276 2279 2280 2275
f 2279 2281 2282 2280
f 2281 2277 2278 2282
f 2253 2256 2257 2252
f 2256 2258 2259 2257
f 2258 2254 2255 2259
f 2269 2287 2286 2270
f 2249 2253 2252 2248
f 2254 2276 2275 2255
f 2277 2250 2251 2278
f 2298 2294 2295 2299
f 2305 2308 2309 2304
f 2300 2298 2299 2301
f 2308 2310 2311 2309
f 2302 2300 2301 2303
f 2310 2312 2313 2311
f 2296 2302 2303 2297
f 2312 2306 2307 2313
f 2315 2318 2319 2314
f 2318 2320 2321 2319
f 2320 2322 2323 2321
f 2322 2316 2317 2323
f 2265 2295 2294 2266
f 2267 2305 2304 2268
f 2316 2289 2288 2317
f 2328 2324 2325 2329
f 2335 2338 2339 2334
f 2330 2328 2329 2331
f 2338 2340 2341 2339
f 2332 2330 2331 2333
f 2340 2342 2343 2341
f 2326 2332 2333 2327
f 2342 2336 2337 2343
f 2345 2348 2349 2344
f 2348 2350 2351 2349
f 2350 2352 2353 2351
f 2352 2346 2347 2353
f 2297 2325 2324 2296
f 2306 2335 2334 2307
f 2346 2315 2314 2347
f 2358 2354 2355 2359
f 2365 2368 2369 2364
f 2360 2358 2359 2361
f 2368 2370 2371 2369
f 2362 2360 2361 2363
f 2370 2372 2373 2371
f 2356 2362 2363 2357
f 2372 2366 2367 2373
f 2375 2378 2379 2374
f 2378 2380 2381 2379
f 2380 2382 2383 2381
f 2382 2376 2377 2383
f 2327 2355 2354 2326
f 2336 2365 2364 2337
f 2376 2345 2344 2377
f 2388 2384 2385 2389
f 2395 2398 2399 2394
f 2390 2388 2389 2391
f 2398 2400 2401 2399
f 2392 2390 2391 2393
f 2400 2402 2403 2401
f 2386 2392 2393 2387
f 2402 2396 2397 2403
f 2405 2408 2409 2404
f 2408 2410 2411 2409
f 2410 2412 2413 2411
f 2412 2406 2407 2413
f 2357 2385 2384 2356
f 2366 2395 2394 2367
f 2406 2375 2374 2407
f 2418 2414 2415 2419
f 2425 2428 2429 2424
f 2420 2418 2419 2421
f 2428 2430 2431 2429
f 2422 2420 2421 2423
f 2430 2432 2433 2431
f 2416 2422 2423 2417
f 2432 2426 2427 2433
f 2435 2438 2439 2434
f 2438 2440 2441 2439
f 2440 2442 2443 2441
f 2442 2436 2437 2443
f 2387 2415 2414 2386
f 2396 2425 2424 2397
f 2436 2405 2404 2437
f 2448 2444 2445 2449
f 2455 2458 2459 2454
f 2450 2448 2449 2451
f 2458 2460 2461 2459
f 2452 2450 2451 2453
f 2460 2462 2463 2461
f 2446 2452 2453 2447
f 2462 2456 2457 2463
f 2465 2468 2469 2464
f 2468 2470 2471 2469
f 2470 2472 2473 2471
f 2472 2466 2467 2473
f 2417 2445 2444 2416
f 2426 2455 2454 2427
f 2466 2435 2434 2467
f 2478 2474 2475 2479
f 2487 2490 2491 2486
f 2480 2478 2479 2481
f 2490 2492 2493 2491
f 2482 2480 2481 2483
f 2492 2494 2495 2493
f 2484 2482 2483 2485
f 2494 2496 2497 2495
f 2476 2484 2485 2477
f 2496 2488 2489 2497
f 2499 2502 2503 2498
f 2502 2504 2505 2503
f 2504 2506 2507 2505
f 2506 2508 2509 2507
f 2508 2500 2501 2509
f 2447 2475 2474 2446
f 2456 2487 2486 2457
f 2500 2465 2464 2501
f 2514 2510 2511 2515
f 2527 2530 2531 2526
f 2516 2514 2515 2517
f 2530 2532 2533 2531
f 2518 2516 2517 2519
f 2532 2534 2535 2533
f 2520 2518 2519 2521
f 2534 2536 2537 2535
f 2522 2520 2521 2523
f 2536 2538 2539 2537
f 2524 2522 2523 2525
f 2538 2540 2541 2539
f 2512 2524 2525 2513
f 2540 2528 2529 2541
f 2543 2546 2547 2542
f 2546 2548 2549 2547
f 2548 2550 2551 2549
f 2550 2552 2553 2551
f 2552 2554 2555 2553
f 2554 2556 2557 2555
f 2556 2544 2545 2557
f 2477 2511 2510 2476
f 2488 2527 2526 2489
f 2544 2499 2498 2545
f 2562 2558 2559 2563
f 2575 2578 2579 2574
f 2564 2562 2563 2565
f 2578 2580 2581 2579
f 2566 2564 2565 2567
f 2580 2582 2583 2581
f 2568 2566 2567 2569
f 2582 2584 2585 2583
f 2570 2568 2569 2571
f 2584 2586 2587 2585
f 2572 2570 2571 2573
f 2586 2588 2589 2587
f 2560 2572 2573 2561
f 2588 2576 2577 2589
f 2591 2594 2595 2590
f 2594 2596 2597 2595
f 2596 2598 2599 2597
f 2598 2600 2601 2599
f 2600 2602 2603 2601
f 2602 2604 2605 2603
f 2604 2592 2593 2605
f 2513 2559 2558 2512
f 2528 2575 2574 2529
f 2592 2543 2542 2593
f 2607 2610 2611 2606
f 2610 2612 2613 2611
f 2612 2608 2609 2613
f 2626 2622 2623 2627
f 2631 2634 2635 2630
f 2628 2626 2627 2629
f 2634 2636 2637 2635
f 2624 2628 2629 2625
f 2636 2632 2633 2637
f 2615 2618 2619 2614
f 2618 2620 2621 2619
f 2620 2616 2617 2621
f 2647 2650 2651 2646
f 2650 2652 2653 2651
f 2652 2648 2649 2653
f 2639 2642 2643 2638
f 2642 2644 2645 2643
f 2644 2640 2641 2645
f 2608 2623 2622 2609
f 2616 2631 2630 2617
f 2561 2607 2606 2560
f 2576 2615 2614 2577
f 2648 2639 2638 2649
f 2640 2591 2590 2641
f 2674 2670 2671 2675
f 2679 2682 2683 2678
f 2676 2674 2675 2677
f 2682 2684 2685 2683
f 2672 2676 2677 2673
f 2684 2680 2681 2685
f 2690 2686 2687 2691
f 2695 2698 2699 2694
f 2692 2690 2691 2693
f 2698 2700 2701 2699
f 2688 2692 2693 2689
f 2700 2696 2697 2701
f 2706 2702 2703 2707
f 2711 2714 2715 2710
f 2708 2706 2707 2709
f 2714 2716 2717 2715
f 2704 2708 2709 2705
f 2716 2712 2713 2717
f 2658 2654 2655 2659
f 2663 2666 2667 2662
f 2660 2658 2659 2661
f 2666 2668 2669 2667
f 2656 2660 2661 2657
f 2668 2664 2665 2669
f 2729 2732 2733 2728
f 2732 2734 2735 2733
f 2734 2730 2731 2735
f 2737 2740 2741 2736
f 2740 2742 2743 2741
f 2742 2738 2739 2743
f 2745 2748 2749 2744
f 2748 2750 2751 2749
f 2750 2746 2747 2751
f 2721 2724 2725 2720
f 2724 2726 2727 2725
f 2726 2722 2723 2727
f 2689 2703 2702 2688
f 2705 2655 2654 2704
f 2657 2249 2248 2656
f 2625 2671 2670 2624
f 2673 2687 2686 2672
f 2664 2261 2260 2665
f 2712 2663 2662 2713
f 2680 2695 2694 2681
f 2632 2679 2678 2633
f 2696 2711 2710 2697
f 2283 2721 2720 2284
f 2718 2251 2250 2719
f 2722 2745 2744 2723
f 2738 2729 2728 2739
f 2730 2647 2646 2731
f 2746 2737 2736 2747
f 2249 2260 2264 733 2253
f 776 2283 775
f 2283 2284 775
f 2106 2718 2719
f 2719 2720 2725
f 2788 2792 2970 2966 2931
f 2790 2798 2885 2894
f 2794 2798 2994 2974 2971
f 2786 2795 2945 2944 2941
f 2798 2790 2984 2994
f 2795 2789 2930 2965 2945
f 2886 2797 2796 2867 2753
f 2868 2795 2786 2877
f 2991 2791 2785 2940
f 2799 2805 2890 2876
f 2787 2796 2797 2793
f 2802 2808 2980 2910
f 2804 2811 2882 2891
f 2807 2811 2989 2982 2978
f 2800 2809 2939 2937 2934
f 2811 2804 2986 2989
f 2809 2803 2909 2962 2939
f 2883 2812 2810 2865
f 2866 2809 2800 2875
f 2987 2805 2799 2933
f 2813 2819 2888 2873
f 2801 2810 2812 2806
f 2906 2816 2820 2975
f 2818 2825 2879 2889
f 2976 2822 2825 3006 3003
f 2814 2824 2927 2960 2957
f 2825 2818 3008 3006
f 2824 2817 2908 2929 2927
f 2880 2826 2823 2863
f 2864 2824 2814 2872
f 3010 2819 2813 2959 2997
f 2827 2833 2903 2871
f 2815 2823 2826 2821
f 2921 2830 2834 3015 3001
f 2832 2839 2896 2904
f 2836 2839 3020 3012 3013
f 2828 2837 2919 2956 2952
f 2839 2832 3017 3020
f 2837 2831 2923 2924 2919
f 2897 2840 2838 2860
f 2861 2837 2828 2870
f 3019 2833 2827 2954 2995
f 2841 2847 2898 2858
f 2829 2838 2840 2835
f 2913 2844 2848 3024 2999
f 2846 2854 2900 2899
f 2850 2854 3027 3026 3022
f 2842 2851 2916 2951 2947
f 2854 2846 3029 3027
f 2851 2845 2912 2917 2916
f 2901 2853 2852 2855
f 2856 2851 2842 2857
f 3031 2847 2841 2949 2968
f 2875 2876 2890 2892 2881 2880 2863 2864 2872 2874 2862 2861 2870 2871 2903 2905 2902 2901 2855 2856 2857 2859 721 725 729 693 2278 2251 390 391 397 2887 2886 2753 2764 2762 2783 2770 2768 2776 2774 2773 2781 2778 2780 2779 2782 2775 2772 2777 2769 2771 2784 2763 2765 2767 2758 2760 2757 2755 2752 2754 2756 2759 2869 2868 2877 2878 2893 2895 2884 2883 2865 2866
f 2843 2852 2853 2849
f 2774 2776 3067 3091
f 3078 2784 2771 3066
f 2781 2773 3083 3080
f 3074 2769 2777 3070
f 2780 2778 3094 3088
f 2782 2779 3090 3081
f 2773 2774 3091 3083
f 2779 2780 3088 3090
f 2775 2782 3081 3086
f 2778 2781 3080 3094
f 2772 2775 3086 3096
f 2776 2768 3072 3067
f 3070 2777 2772 3096
f 3066 2771 2769 3074
f 2768 2770 3064 3072
f 2770 2783 3076 3064
f 3058 2763 2784 3078
f 3053 2767 2765 3062
f 3050 2760 2758 3045
f 3048 2932 2967 3079 3084 3092 3068 3071 3063 3075 3059 3055 3051 3043
f 3038 2757 2760 3050
f 3047 2759 2756 3036
f 2998 3002 3014 3011 3021 3016 3018 2996 3000 3023 3025 3028 3030 3032 2969 652 648 644 640 636 632 628 624 617 1320 1309 1301 1289 1293 1285 1297 1313 1305 1349 1325 1345 1337 1329 1421 1357 1373 1365 1413 1385 1556 1393 1397 1389 1561 1429 1445 1437 1485 1457 1477 1461 1469 1553 1493 1513 1505 1545 1541 1497 1501 1509 1489 1549 1053 2248 2252 620 2948 2950 2915 2918 2914 2953 2955 2920 2925 2922 2958 2961 2926 2928 2907 2935 2936 2938 2963 2911 2942 2943 2946 2964 2932 3048 3035 3039 3034 3041 3037 3049 3046 3054 3061 3057 3077 3065 3073 3069 3095 3085 3082 3089 3087 3093 3079 2967 2972 2973 2993 2983 2992 2979 2981 2990 2985 2988 2977 3004 3005 3007 3009
f 3036 2756 2754 3040
f 3044 2766 2759 3047
f 3042 2755 2757 3038
f 3045 2758 2767 3053
f 2764 2761 3052 3056
f 2762 2764 3056 3060
f 2783 2762 3060 3076
f 3062 2765 2763 3058
f 2787 2788 2789
f 2792 2793 2794
f 2801 2802 2803
f 2806 2807 2808
f 2815 2816 2817
f 2820 2821 2822
f 2829 2830 2831
f 2834 2835 2836
f 2843 2844 2845
f 2848 2849 2850
f 2857 2858 2859
f 2860 2861 2862
f 2867 2868 2869
f 2872 2873 2874
f 2879 2880 2881
f 2882 2883 2884
f 2885 2886 2887
f 2890 2891 2892
f 2893 2894 2895
f 2900 2901 2902
f 2903 2904 2905
f 2906 2907 2908
f 2909 2910 2911
f 2912 2913 2914
f 2921 2922 2923
f 2930 2931 2932
f 2933 2934 2935
f 2940 2941 2942
f 2947 2948 2949
f 2952 2953 2954
f 2957 2958 2959
f 2970 2971 2972
f 2975 2976 2977
f 2978 2979 2980
f 2986 2987 2988
f 2991 2992 2984
f 3009 3008 3010
f 3013 3014 3015
f 3018 3017 3019
f 3022 3023 3024
f 3029 3031 3032
f 2942 2992 2991 2940
f 2921 3001 3002 2922
f 3011 3014 3013 3012
f 3012 3020 3021 3011
f 2996 3018 3019 2995
f 3029 3032 3030
f 2922 2925 2924 2923
f 2941 2944 2943 2942
f 2978 2982 2981 2979
f 2824 2864 2863 2823
f 2842 2947 2949 2841
f 2841 2858 2857 2842
f 2998 3009 3010 2997
f 2944 2945 2946 2943
f 2982 2989 2990 2981
f 2794 2971 2970 2792
f 2786 2941 2940 2785
f 2793 2797 2798 2794
f 2785 2878 2877 2786
f 2833 3019 3017 2832
f 2832 2904 2903 2833
f 2850 3022 3024 2848
f 2849 2853 2854 2850
f 2906 2975 2977 2907
f 3016 3021 3020 3017
f 3017 3018 3016
f 2999 3024 3023 3000
f 2926 2961 2960 2927
f 2927 2929 2928 2926
f 2907 2928 2929 2908
f 2945 2965 2964 2946
f 2983 2993 2994 2984
f 2984 2992 2983
f 2803 2809 2810 2801
f 2802 2910 2909 2803
f 2801 2806 2808 2802
f 2840 2897 2896 2839
f 2948 2969 2968 2949
f 2910 2980 2979 2911
f 3001 3015 3014 3002
f 2947 2951 2950 2948
f 2911 2963 2962 2909
f 2985 2990 2989 2986
f 2986 2988 2985
f 2789 2795 2796 2787
f 2788 2931 2930 2789
f 2787 2793 2792 2788
f 2809 2866 2865 2810
f 2819 3010 3008 2818
f 2818 2889 2888 2819
f 2826 2880 2879 2825
f 2828 2952 2954 2827
f 2827 2871 2870 2828
f 2845 2851 2852 2843
f 2844 2913 2912 2845
f 2843 2849 2848 2844
f 2931 2966 2967 2932
f 2913 2999 3000 2914
f 2969 3032 3031 2968
f 2914 2918 2917 2912
f 2932 2964 2965 2930
f 3003 3006 3005 3004
f 2795 2868 2867 2796
f 2805 2987 2986 2804
f 2804 2891 2890 2805
f 2814 2957 2959 2813
f 2813 2873 2872 2814
f 2836 3013 3015 2834
f 2835 2840 2839 2836
f 2851 2856 2855 2852
f 2935 2988 2987 2933
f 2953 2996 2995 2954
f 3022 3026 3025 3023
f 2915 2950 2951 2916
f 2916 2917 2918 2915
f 2952 2956 2955 2953
f 2934 2937 2936 2935
f 2971 2974 2973 2972
f 3006 3008 3007 3005
f 2831 2837 2838 2829
f 2830 2921 2923 2831
f 2829 2835 2834 2830
f 3026 3027 3028 3025
f 2937 2939 2938 2936
f 2974 2994 2993 2973
f 3008 3009 3007
f 2791 2991 2984 2790
f 2790 2894 2893 2791
f 2812 2883 2882 2811
f 2822 2976 2975 2820
f 2821 2826 2825 2822
f 2847 3031 3029 2846
f 2846 2899 2898 2847
f 2958 2998 2997 2959
f 3027 3029 3030 3028
f 2920 2955 2956 2919
f 2919 2924 2925 2920
f 2957 2960 2961 2958
f 2939 2962 2963 2938
f 2966 2970 2972 2967
f 2976 3003 3004 2977
f 2797 2886 2885 2798
f 2807 2978 2980 2808
f 2800 2934 2933 2799
f 2806 2812 2811 2807
f 2799 2876 2875 2800
f 2817 2824 2823 2815
f 2816 2906 2908 2817
f 2815 2821 2820 2816
f 2837 2861 2860 2838
f 2853 2901 2900 2854
f 2785 2791 2893 2878
f 3044 3047 3048 3043
f 3059 3075 3076 3060
f 3043 3051 3052 3044
f 3046 3049 3050 3045
f 3045 3053 3054 3046
f 3080 3083 3084 3079
f 3063 3071 3072 3064
f 3064 3076 3075 3063
f 3079 3093 3094 3080
f 3034 3039 3040 3033
f 3033 3042 3041 3034
f 3065 3077 3078 3066
f 3066 3074 3073 3065
f 3082 3085 3086 3081
f 3081 3090 3089 3082
f 3083 3091 3092 3084
f 3068 3092 3091 3067
f 3067 3072 3071 3068
f 3051 3055 3056 3052
f 3035 3048 3047 3036
f 3036 3040 3039 3035
f 3037 3041 3042 3038
f 3038 3050 3049 3037
f 3053 3062 3061 3054
f 3069 3073 3074 3070
f 3070 3096 3095 3069
f 3085 3095 3096 3086
f 3055 3059 3060 3056
f 3087 3089 3090 3088
f 3088 3094 3093 3087
f 3057 3061 3062 3058
f 3058 3078 3077 3057
f 3040 2754 2752 3033
