# Blender 4.3.2
# www.blender.org
o Bottom
v 0.013948 0.001271 -0.048015
v 0.024809 0.004000 0.031532
v 0.013840 0.001271 -0.056086
v 0.024773 0.002258 0.032318
v -0.009547 -0.000038 -0.050890
v 0.025395 0.004000 0.031590
v -0.014728 -0.000038 -0.050864
v 0.025204 0.002258 0.032360
v -0.011949 -0.000038 -0.051006
v 0.025957 0.004000 0.031760
v -0.009545 0.001806 -0.050890
v 0.025617 0.002258 0.032486
v -0.011943 0.001806 -0.051007
v -0.014708 0.001806 -0.050868
v 0.025998 0.002258 0.032690
v 0.026476 0.004000 0.032038
v -0.016008 0.022131 -0.082405
v 0.026931 0.004000 0.032411
v 0.026333 0.002258 0.032964
v -0.018998 0.023921 -0.084592
v -0.021779 0.025004 -0.085710
v -0.016162 0.024077 -0.083064
v 0.026607 0.002258 0.033298
v 0.027304 0.004000 0.032865
v -0.021592 0.026843 -0.085942
v 0.027581 0.004000 0.033384
v -0.018961 0.025798 -0.084914
v 0.026811 0.002258 0.033679
v -0.015550 0.022583 -0.080843
v -0.018456 0.024439 -0.082500
v 0.026936 0.002258 0.034093
v 0.027752 0.004000 0.033947
v -0.010773 0.014003 -0.056219
v 0.026978 0.002258 0.034523
v -0.013040 0.015107 -0.056064
v 0.027809 0.004000 0.034532
v -0.010165 -0.000038 -0.053730
v 0.027752 0.004000 0.035117
v -0.015343 -0.000038 -0.053840
v 0.026936 0.002258 0.034953
v -0.012565 -0.000038 -0.053924
v 0.027581 0.004000 0.035680
v -0.015734 0.020240 -0.081642
v 0.026811 0.002258 0.035367
v -0.018630 0.021929 -0.083272
v 0.027304 0.004000 0.036199
v 0.026607 0.002258 0.035748
v -0.021563 0.023089 -0.084131
v -0.018016 0.001511 0.054814
v 0.026931 0.004000 0.036653
v 0.026333 0.002258 0.036082
v -0.023350 0.001505 0.054983
v -0.020486 0.001509 0.054756
v -0.018101 0.003063 0.050485
v 0.026476 0.004000 0.037027
v 0.025998 0.002258 0.036357
v -0.020568 0.003062 0.050496
v -0.023425 0.003059 0.050840
v 0.025957 0.004000 0.037304
v 0.025617 0.002258 0.036560
v 0.013105 0.001512 0.063363
v 0.025395 0.004000 0.037474
v 0.025204 0.002258 0.036686
v 0.009455 0.001512 0.060970
v 0.012029 0.001490 0.062609
v 0.024809 0.004000 0.037532
v 0.024773 0.002258 0.036728
v 0.010694 0.001490 0.061733
v 0.010326 0.003064 0.057326
v 0.013847 0.003064 0.060091
v 0.024343 0.002258 0.036686
v 0.024224 0.004000 0.037474
v 0.011540 0.003064 0.058158
v 0.023661 0.004000 0.037304
v 0.023929 0.002258 0.036560
v 0.012829 0.003064 0.059170
v 0.020068 0.001489 0.069046
v 0.014364 0.001512 0.064380
v 0.023548 0.002258 0.036357
v 0.023143 0.004000 0.037027
v 0.018927 0.001494 0.068113
v 0.023214 0.002258 0.036082
v 0.022688 0.004000 0.036653
v 0.017786 0.001498 0.067180
v 0.016646 0.001503 0.066246
v 0.022315 0.004000 0.036199
v 0.022940 0.002258 0.035748
v 0.015505 0.001507 0.065313
v 0.015081 0.003064 0.061334
v 0.022038 0.004000 0.035680
v 0.022736 0.002258 0.035367
v 0.020621 0.003047 0.066452
v 0.016017 0.003063 0.062254
v 0.017153 0.003061 0.063333
v 0.021867 0.004000 0.035117
v 0.022611 0.002258 0.034953
v 0.018379 0.003057 0.064465
v 0.019574 0.003052 0.065540
v 0.021809 0.004000 0.034532
v 0.022568 0.002258 0.034523
v -0.059413 0.001786 0.049112
v 0.021867 0.004000 0.033947
v 0.022611 0.002258 0.034093
v -0.059224 0.002978 0.047685
v -0.059669 0.002173 0.048606
v -0.059872 0.001794 0.048537
v 0.022736 0.002258 0.033679
v 0.022038 0.004000 0.033384
v -0.059916 0.002014 0.048299
v -0.059582 0.002406 0.047696
v 0.022315 0.004000 0.032865
v 0.022940 0.002258 0.033298
v -0.059601 0.002604 0.048092
v -0.059829 0.002211 0.048029
v 0.022688 0.004000 0.032411
v 0.023214 0.002258 0.032964
v -0.060311 0.001803 0.047834
v -0.060085 0.001983 0.047516
v 0.023548 0.002258 0.032690
v 0.023143 0.004000 0.032038
v -0.060060 0.001957 0.047944
v 0.053683 0.002978 0.080162
v 0.023661 0.004000 0.031760
v 0.023929 0.002258 0.032486
v 0.053152 0.001775 0.081139
v 0.024224 0.004000 0.031590
v 0.054754 0.001984 0.080283
v 0.024343 0.002258 0.032360
v 0.024773 0.002258 0.033374
v 0.024809 0.002990 0.031532
v 0.024997 0.002258 0.033396
v 0.054825 0.001800 0.080557
v 0.025213 0.002258 0.033462
v 0.025395 0.002990 0.031590
v 0.054495 0.001963 0.080599
v 0.025412 0.002258 0.033568
v 0.025586 0.002258 0.033711
v 0.025957 0.002990 0.031760
v 0.025729 0.002258 0.033885
v 0.053897 0.002697 0.080575
v 0.025835 0.002258 0.034083
v 0.026476 0.002990 0.032038
v 0.054099 0.002408 0.080296
v 0.025900 0.002258 0.034299
v 0.026931 0.002990 0.032411
v 0.025922 0.002258 0.034523
v 0.025900 0.002258 0.034747
v 0.054192 0.002247 0.080605
v 0.053969 0.001787 0.080928
v 0.025835 0.002258 0.034963
v 0.025729 0.002258 0.035161
v 0.027304 0.002990 0.032865
v 0.025586 0.002258 0.035335
v 0.053714 0.002269 0.080925
v 0.025412 0.002258 0.035478
v 0.027581 0.002990 0.033384
v 0.025213 0.002258 0.035585
v 0.054147 0.002049 0.080806
v 0.024997 0.002258 0.035650
v 0.027752 0.002990 0.033947
v 0.024773 0.002258 0.035672
v -0.046630 0.001438 0.060731
v 0.024549 0.002258 0.035650
v 0.027809 0.002990 0.034532
v 0.024334 0.002258 0.035585
v -0.048845 0.001465 0.060009
v 0.024135 0.002258 0.035478
v 0.027752 0.002990 0.035117
v 0.023961 0.002258 0.035335
v -0.047372 0.001440 0.060747
v 0.027581 0.002990 0.035680
v 0.023818 0.002258 0.035161
v -0.048182 0.001450 0.060483
v 0.023712 0.002258 0.034963
v 0.027304 0.002990 0.036199
v 0.023647 0.002258 0.034747
v 0.026931 0.002990 0.036653
v 0.023624 0.002258 0.034523
v 0.038624 0.001397 0.083045
v 0.023647 0.002258 0.034299
v 0.036163 0.001368 0.082376
v 0.023712 0.002258 0.034083
v 0.023818 0.002258 0.033885
v 0.026476 0.002990 0.037027
v 0.023961 0.002258 0.033711
v 0.037772 0.001380 0.083024
v 0.024135 0.002258 0.033568
v 0.025957 0.002990 0.037304
v 0.036871 0.001369 0.082779
v 0.024334 0.002258 0.033462
v 0.024549 0.002258 0.033396
v 0.025395 0.002990 0.037474
v -0.059224 0.005925 0.047685
v 0.024809 0.002990 0.037532
v -0.035689 0.002258 -0.040958
v -0.059413 0.005558 0.049111
v 0.024224 0.002990 0.037474
v -0.058426 0.006774 0.048532
v 0.023661 0.002990 0.037304
v -0.035259 0.002258 -0.040916
v 0.023143 0.002990 0.037027
v -0.059602 0.005809 0.048094
v -0.034846 0.002258 -0.040790
v 0.022688 0.002990 0.036653
v -0.059063 0.006453 0.047788
v -0.059477 0.006369 0.048176
v 0.022315 0.002990 0.036199
v -0.034464 0.002258 -0.040587
v 0.022038 0.002990 0.035680
v -0.059200 0.006127 0.049093
v -0.034130 0.002258 -0.040312
v -0.059670 0.005678 0.048604
v 0.021867 0.002990 0.035117
v -0.059521 0.006268 0.048576
v -0.033856 0.002258 -0.039978
v 0.021809 0.002990 0.034532
v -0.058778 0.006756 0.048091
v 0.021867 0.002990 0.033947
v -0.058843 0.006567 0.048884
v -0.033652 0.002258 -0.039597
v 0.022038 0.002990 0.033384
v -0.059243 0.006602 0.048416
v -0.033527 0.002258 -0.039183
v 0.022315 0.002990 0.032865
v 0.022688 0.002990 0.032411
v -0.033484 0.002258 -0.038753
v 0.023143 0.002990 0.032038
v -0.048601 0.003001 0.058676
v -0.049131 0.002204 0.059501
v -0.033527 0.002258 -0.038323
v 0.023661 0.002990 0.031760
v -0.049057 0.002787 0.058998
v 0.024224 0.002990 0.031590
v -0.033652 0.002258 -0.037909
v 0.052031 0.006654 0.080266
v 0.053161 0.005489 0.081138
v -0.008665 0.004000 -0.037719
v -0.033856 0.002258 -0.037528
v 0.053683 0.005925 0.080162
v 0.052358 0.006436 0.080720
v -0.034130 0.002258 -0.037194
v -0.008080 0.004000 -0.037661
v 0.052723 0.006695 0.080100
v 0.053165 0.006541 0.080579
v -0.007517 0.004000 -0.037490
v -0.034464 0.002258 -0.036920
v 0.053722 0.005668 0.080921
v 0.052768 0.006013 0.081038
v -0.006998 0.004000 -0.037213
v 0.053486 0.006223 0.080832
v -0.034846 0.002258 -0.036716
v 0.053317 0.006431 0.080063
v -0.006544 0.004000 -0.036840
v -0.035259 0.002258 -0.036590
v 0.053898 0.005819 0.080582
v 0.053641 0.006346 0.080541
v -0.035689 0.002258 -0.036548
v -0.006171 0.004000 -0.036385
v 0.038869 0.002942 0.082003
v -0.005893 0.004000 -0.035867
v -0.036120 0.002258 -0.036590
v 0.039206 0.002726 0.082464
v -0.005723 0.004000 -0.035304
v 0.039099 0.002143 0.082848
v -0.036533 0.002258 -0.036716
v -0.018423 -0.000038 0.025664
v -0.005665 0.004000 -0.034719
v -0.018558 -0.000038 0.028379
v -0.036915 0.002258 -0.036920
v -0.018501 -0.000038 0.026527
v -0.005723 0.004000 -0.034133
v -0.018550 -0.000038 0.027520
v -0.037249 0.002258 -0.037194
v -0.020884 -0.000038 0.025991
v -0.021018 -0.000038 0.028676
v -0.005893 0.004000 -0.033571
v -0.037523 0.002258 -0.037528
v -0.020961 -0.000038 0.026846
v -0.006171 0.004000 -0.033052
v -0.021010 -0.000038 0.027829
v -0.023746 -0.000038 0.026818
v -0.037727 0.002258 -0.037909
v -0.006544 0.004000 -0.032597
v -0.023880 -0.000038 0.029492
v -0.037852 0.002258 -0.038323
v -0.023823 -0.000038 0.027672
v -0.006998 0.004000 -0.032224
v -0.023872 -0.000038 0.028651
v -0.037895 0.002258 -0.038753
v -0.018581 0.002978 0.027027
v -0.018421 0.001806 0.025665
v -0.037852 0.002258 -0.039183
v -0.007517 0.004000 -0.031947
v -0.018560 0.002395 0.026844
v -0.008080 0.004000 -0.031776
v -0.018502 0.001967 0.026346
v -0.037727 0.002258 -0.039597
v -0.023875 0.002978 0.028156
v -0.023716 0.001806 0.026802
v -0.008665 0.004000 -0.031719
v -0.037523 0.002258 -0.039978
v -0.023855 0.002395 0.027974
v -0.009250 0.004000 -0.031776
v -0.023796 0.001967 0.027479
v -0.021035 0.002978 0.027340
v -0.037249 0.002258 -0.040312
v -0.020876 0.001806 0.025988
v -0.036915 0.002258 -0.040587
v -0.009813 0.004000 -0.031947
v -0.021014 0.002395 0.027159
v -0.010332 0.004000 -0.032224
v -0.020956 0.001967 0.026664
v -0.018546 0.006862 0.028365
v -0.036533 0.002258 -0.040790
v -0.018575 0.005925 0.027026
v -0.010786 0.004000 -0.032597
v -0.036120 0.002258 -0.040916
v -0.018560 0.006821 0.027696
v -0.018571 0.006478 0.027206
v -0.035689 0.002258 -0.039902
v -0.035465 0.002258 -0.039880
v -0.011159 0.004000 -0.033052
v -0.035250 0.002258 -0.039815
v -0.023871 0.005925 0.028153
v -0.035051 0.002258 -0.039708
v -0.011437 0.004000 -0.033571
v -0.034877 0.002258 -0.039566
v -0.023843 0.006860 0.029460
v -0.023866 0.006477 0.028328
v -0.034734 0.002258 -0.039391
v -0.034628 0.002258 -0.039193
v -0.011607 0.004000 -0.034133
v -0.023856 0.006820 0.028806
v -0.034563 0.002258 -0.038977
v -0.021031 0.005925 0.027340
v -0.034541 0.002258 -0.038753
v -0.034563 0.002258 -0.038529
v -0.021003 0.006863 0.028657
v -0.034628 0.002258 -0.038314
v -0.011665 0.004000 -0.034719
v -0.021027 0.006478 0.027516
v -0.034734 0.002258 -0.038115
v -0.034877 0.002258 -0.037941
v -0.011607 0.004000 -0.035304
v -0.035051 0.002258 -0.037798
v -0.021016 0.006821 0.027999
v -0.035250 0.002258 -0.037692
v 0.018438 -0.000038 0.041106
v -0.035465 0.002258 -0.037626
v -0.011437 0.004000 -0.035867
v -0.035689 0.002258 -0.037604
v 0.017637 -0.000038 0.043895
v -0.035914 0.002258 -0.037626
v 0.018160 -0.000038 0.041975
v -0.036129 0.002258 -0.037692
v -0.011159 0.004000 -0.036385
v 0.017867 -0.000038 0.042996
v -0.036328 0.002258 -0.037798
v -0.036502 0.002258 -0.037941
v 0.014653 -0.000038 0.039046
v -0.036645 0.002258 -0.038115
v 0.015374 -0.000038 0.036565
v -0.010786 0.004000 -0.036840
v -0.036751 0.002258 -0.038314
v -0.036816 0.002258 -0.038529
v 0.014858 -0.000038 0.038254
v -0.036838 0.002258 -0.038753
v 0.015122 -0.000038 0.037346
v -0.036816 0.002258 -0.038977
v -0.010332 0.004000 -0.037213
v -0.036751 0.002258 -0.039193
v 0.016832 -0.000038 0.042162
v 0.017609 -0.000038 0.039470
v -0.036645 0.002258 -0.039391
v -0.036502 0.002258 -0.039566
v -0.009813 0.004000 -0.037490
v -0.036328 0.002258 -0.039708
v 0.017055 -0.000038 0.041296
v -0.036129 0.002258 -0.039815
v 0.017339 -0.000038 0.040311
v -0.035914 0.002258 -0.039880
v -0.009250 0.004000 -0.037661
v 0.015739 -0.000038 0.040390
v -0.008665 0.002990 -0.037719
v -0.008080 0.002990 -0.037661
v -0.034611 0.002258 0.020978
v 0.016488 -0.000038 0.037806
v -0.007517 0.002990 -0.037490
v -0.034180 0.002258 0.021020
v 0.015954 -0.000038 0.039562
v -0.006998 0.002990 -0.037213
v 0.016228 -0.000038 0.038616
v -0.033767 0.002258 0.021145
v -0.006544 0.002990 -0.036840
v 0.015393 0.001806 0.036584
v -0.006171 0.002990 -0.036385
v -0.033385 0.002258 0.021349
v 0.014969 0.002978 0.037809
v 0.015181 0.001967 0.037197
v -0.005893 0.002990 -0.035867
v -0.033051 0.002258 0.021623
v -0.005723 0.002990 -0.035304
v 0.015026 0.002395 0.037645
v -0.032777 0.002258 0.021958
v -0.005665 0.002990 -0.034719
v 0.017926 0.002978 0.042338
v -0.005723 0.002990 -0.034133
v 0.018389 0.001806 0.040984
v -0.032573 0.002258 0.022339
v 0.017987 0.002395 0.042155
v -0.005893 0.002990 -0.033571
v -0.032448 0.002258 0.022752
v 0.018157 0.001967 0.041659
v -0.006171 0.002990 -0.033052
v -0.006544 0.002990 -0.032597
v 0.016491 0.001806 0.037800
v -0.032405 0.002258 0.023183
v 0.016054 0.002978 0.039067
v -0.006998 0.002990 -0.032224
v -0.007517 0.002990 -0.031947
v 0.016272 0.001967 0.038433
v -0.032448 0.002258 0.023613
v -0.008080 0.002990 -0.031776
v 0.016112 0.002395 0.038897
v 0.017587 0.001806 0.039412
v -0.032573 0.002258 0.024027
v -0.008665 0.002990 -0.031719
v -0.032777 0.002258 0.024408
v 0.017136 0.002978 0.040724
v -0.009250 0.002990 -0.031776
v 0.017361 0.001967 0.040067
v -0.009813 0.002990 -0.031947
v -0.033051 0.002258 0.024742
v 0.017196 0.002395 0.040548
v -0.010332 0.002990 -0.032224
v 0.017605 0.006770 0.043774
v -0.010786 0.002990 -0.032597
v -0.033385 0.002258 0.025016
v 0.017930 0.005925 0.042349
v -0.011159 0.002990 -0.033052
v -0.011437 0.002990 -0.033571
v -0.033767 0.002258 0.025220
v 0.017769 0.006775 0.043063
v -0.011607 0.002990 -0.034133
v 0.017887 0.006465 0.042542
v -0.034180 0.002258 0.025345
v 0.014967 0.005925 0.037808
v -0.011665 0.002990 -0.034719
v -0.034611 0.002258 0.025388
v 0.014673 0.006837 0.039044
v -0.011607 0.002990 -0.035304
v 0.014928 0.006474 0.037973
v -0.011437 0.002990 -0.035867
v -0.035041 0.002258 0.025345
v -0.011159 0.002990 -0.036385
v 0.014820 0.006808 0.038426
v -0.035454 0.002258 0.025220
v -0.010786 0.002990 -0.036840
v 0.017138 0.005925 0.040730
v -0.010332 0.002990 -0.037213
v -0.035836 0.002258 0.025016
v 0.016821 0.006795 0.042092
v -0.009813 0.002990 -0.037490
v -0.036170 0.002258 0.024742
v 0.017096 0.006469 0.040913
v 0.016980 0.006787 0.041412
v -0.009250 0.002990 -0.037661
v 0.016053 0.005925 0.039068
v -0.036444 0.002258 0.024408
v 0.015747 0.006819 0.040365
v -0.035676 0.004000 -0.041714
v 0.016012 0.006472 0.039241
v 0.015900 0.006799 0.039716
v -0.036648 0.002258 0.024027
v -0.035091 0.004000 -0.041656
v 0.024051 -0.000038 0.050873
v 0.023334 -0.000038 0.053500
v -0.036773 0.002258 0.023613
v -0.034528 0.004000 -0.041485
v 0.023794 -0.000038 0.051709
v -0.034010 0.004000 -0.041208
v -0.036816 0.002258 0.023183
v 0.023532 -0.000038 0.052670
v -0.036773 0.002258 0.022752
v 0.018462 -0.000038 0.046046
v 0.019260 -0.000038 0.043166
v -0.033555 0.004000 -0.040835
v 0.018690 -0.000038 0.045115
v -0.036648 0.002258 0.022339
v 0.018982 -0.000038 0.044060
v -0.033182 0.004000 -0.040380
v 0.023073 -0.000038 0.049789
v -0.036444 0.002258 0.021958
v -0.032905 0.004000 -0.039862
v 0.022332 -0.000038 0.052476
v 0.022810 -0.000038 0.050638
v 0.022539 -0.000038 0.051621
v -0.036170 0.002258 0.021623
v -0.032734 0.004000 -0.039299
v -0.035836 0.002258 0.021349
v 0.022003 -0.000038 0.048318
v 0.021246 -0.000038 0.051084
v -0.032676 0.004000 -0.038714
v 0.021735 -0.000038 0.049185
v -0.032734 0.004000 -0.038128
v -0.035454 0.002258 0.021145
v 0.021459 -0.000038 0.050197
v 0.020944 -0.000038 0.046608
v 0.020176 -0.000038 0.049452
v -0.035041 0.002258 0.021020
v -0.032905 0.004000 -0.037566
v -0.034611 0.002258 0.022034
v -0.034386 0.002258 0.022056
v 0.020673 -0.000038 0.047493
v -0.034171 0.002258 0.022121
v 0.020391 -0.000038 0.048534
v -0.033182 0.004000 -0.037047
v -0.033972 0.002258 0.022227
v 0.020000 -0.000038 0.044831
v -0.033798 0.002258 0.022370
v -0.033655 0.002258 0.022544
v 0.019218 -0.000038 0.047724
v -0.033555 0.004000 -0.036592
v -0.033549 0.002258 0.022743
v -0.033484 0.002258 0.022959
v 0.019725 -0.000038 0.045727
v -0.033462 0.002258 0.023183
v 0.019438 -0.000038 0.046786
v -0.034010 0.004000 -0.036219
v -0.033484 0.002258 0.023407
v 0.019363 0.001806 0.043434
v -0.033549 0.002258 0.023622
v -0.034528 0.004000 -0.035942
v -0.033655 0.002258 0.023821
v 0.018896 0.002978 0.044819
v -0.033798 0.002258 0.023995
v -0.033972 0.002258 0.024138
v 0.019131 0.001967 0.044129
v -0.034171 0.002258 0.024244
v -0.035091 0.004000 -0.035771
v 0.018960 0.002395 0.044636
v -0.034386 0.002258 0.024309
v 0.023605 0.002978 0.052190
v -0.034611 0.002258 0.024332
v -0.034835 0.002258 0.024309
v -0.035676 0.004000 -0.035714
v -0.035050 0.002258 0.024244
v 0.024037 0.001806 0.050861
v -0.035249 0.002258 0.024138
v 0.023660 0.002395 0.052009
v -0.036262 0.004000 -0.035771
v -0.035423 0.002258 0.023995
v 0.023818 0.001967 0.051522
v -0.035566 0.002258 0.023821
v -0.035672 0.002258 0.023622
v 0.019605 0.002978 0.046403
v -0.036824 0.004000 -0.035942
v -0.035737 0.002258 0.023407
v -0.035759 0.002258 0.023183
v 0.020070 0.001806 0.045017
v 0.019668 0.002395 0.046218
v -0.035737 0.002258 0.022959
v -0.035672 0.002258 0.022743
v 0.019838 0.001967 0.045711
v -0.035566 0.002258 0.022544
v -0.037343 0.004000 -0.036219
v 0.020525 0.002978 0.048092
v -0.035423 0.002258 0.022370
v -0.035249 0.002258 0.022227
v 0.020983 0.001806 0.046718
v -0.035050 0.002258 0.022121
v -0.037798 0.004000 -0.036592
v 0.020586 0.002395 0.047908
v -0.034835 0.002258 0.022056
v -0.038171 0.004000 -0.037047
v 0.020754 0.001967 0.047405
v 0.021567 0.002978 0.049723
v -0.070684 0.002258 -0.027959
v 0.022016 0.001806 0.048365
v -0.038448 0.004000 -0.037566
v 0.021626 0.002395 0.049540
v -0.070253 0.002258 -0.027917
v -0.038619 0.004000 -0.038128
v 0.021790 0.001967 0.049043
v -0.069840 0.002258 -0.027791
v 0.022628 0.002978 0.051135
v -0.038676 0.004000 -0.038714
v 0.023068 0.001806 0.049794
v 0.022685 0.002395 0.050953
v -0.069458 0.002258 -0.027587
v -0.038619 0.004000 -0.039299
v 0.022846 0.001967 0.050462
v -0.069124 0.002258 -0.027313
v 0.023342 0.006697 0.053611
v -0.038448 0.004000 -0.039862
v -0.068850 0.002258 -0.026979
v 0.023628 0.005925 0.052211
v 0.023489 0.006738 0.052914
v 0.023593 0.006456 0.052402
v -0.038171 0.004000 -0.040380
v 0.018891 0.005925 0.044806
v -0.068646 0.002258 -0.026598
v 0.018556 0.006740 0.046245
v -0.068521 0.002258 -0.026184
v -0.037798 0.004000 -0.040835
v 0.018845 0.006461 0.044997
v -0.037343 0.004000 -0.041208
v 0.018723 0.006760 0.045523
v -0.068478 0.002258 -0.025754
v 0.022644 0.005925 0.051149
v -0.036824 0.004000 -0.041485
v 0.022350 0.006698 0.052559
v 0.022607 0.006456 0.051340
v -0.068521 0.002258 -0.025324
v -0.036262 0.004000 -0.041656
v 0.022499 0.006739 0.051856
v -0.035676 0.002990 -0.041714
v -0.068646 0.002258 -0.024910
v 0.021575 0.005925 0.049729
v -0.035091 0.002990 -0.041656
v -0.068850 0.002258 -0.024529
v 0.021270 0.006702 0.051155
v -0.034528 0.002990 -0.041485
v 0.021536 0.006456 0.049921
v -0.069124 0.002258 -0.024195
v -0.034010 0.002990 -0.041208
v 0.021424 0.006741 0.050443
v 0.020527 0.005925 0.048091
v -0.033555 0.002990 -0.040835
v -0.069458 0.002258 -0.023920
v -0.033182 0.002990 -0.040380
v 0.020209 0.006711 0.049531
v 0.020485 0.006458 0.048283
v -0.069840 0.002258 -0.023717
v -0.032905 0.002990 -0.039862
v 0.020368 0.006745 0.048811
v -0.032734 0.002990 -0.039299
v -0.070253 0.002258 -0.023591
v 0.019602 0.005925 0.046394
v -0.070684 0.002258 -0.023549
v -0.032676 0.002990 -0.038714
v -0.032734 0.002990 -0.038128
v 0.019273 0.006724 0.047842
v -0.032905 0.002990 -0.037566
v 0.019558 0.006459 0.046587
v -0.071114 0.002258 -0.023591
v 0.019437 0.006752 0.047117
v -0.033182 0.002990 -0.037047
v -0.071527 0.002258 -0.023717
v 0.013801 -0.000038 -0.044961
v -0.033555 0.002990 -0.036592
v 0.012696 -0.000038 -0.046408
v -0.071909 0.002258 -0.023920
v -0.034010 0.002990 -0.036219
v -0.034528 0.002990 -0.035942
v 0.012696 0.001806 -0.046408
v -0.072243 0.002258 -0.024195
v 0.013801 0.001806 -0.044961
v -0.035091 0.002990 -0.035771
v 0.013827 0.001811 -0.056651
v -0.035676 0.002990 -0.035714
v -0.072517 0.002258 -0.024529
v 0.012827 0.003398 -0.058825
v -0.036262 0.002990 -0.035771
v -0.036824 0.002990 -0.035942
v -0.072721 0.002258 -0.024910
v 0.013682 0.002288 -0.057419
v 0.013316 0.002847 -0.058215
v -0.037343 0.002990 -0.036219
v -0.072846 0.002258 -0.025324
v -0.037798 0.002990 -0.036592
v 0.012827 0.002266 -0.058825
v -0.072889 0.002258 -0.025754
v -0.038171 0.002990 -0.037047
v 0.013827 0.000406 -0.056651
v -0.038448 0.002990 -0.037566
v -0.072846 0.002258 -0.026184
v 0.013316 0.001653 -0.058215
v -0.038619 0.002990 -0.038128
v 0.013682 0.001049 -0.057419
v -0.072721 0.002258 -0.026598
v 0.006431 0.001512 0.059346
v -0.038676 0.002990 -0.038714
v -0.003986 0.001512 0.056205
v -0.072517 0.002258 -0.026979
v -0.038619 0.002990 -0.039299
v -0.038448 0.002990 -0.039862
v 0.004767 0.001512 0.058561
v -0.038171 0.002990 -0.040380
v -0.072243 0.002258 -0.027313
v 0.002602 0.001512 0.057746
v -0.037798 0.002990 -0.040835
v -0.071909 0.002258 -0.027587
v 0.000270 0.001512 0.057039
v -0.037343 0.002990 -0.041208
v -0.002000 0.001512 0.056508
v -0.071527 0.002258 -0.027791
v 0.007654 0.003064 0.055665
v -0.036824 0.002990 -0.041485
v -0.004751 0.003064 0.051562
v -0.036262 0.002990 -0.041656
v -0.071114 0.002258 -0.027917
v 0.005556 0.003064 0.054537
v -0.070684 0.002258 -0.026903
v -0.070459 0.002258 -0.026881
v -0.055659 0.004000 0.036286
v -0.070244 0.002258 -0.026815
v 0.003011 0.003064 0.053467
v -0.070045 0.002258 -0.026709
v 0.000266 0.003064 0.052559
v -0.069871 0.002258 -0.026566
v -0.002408 0.003064 0.051903
v -0.069728 0.002258 -0.026392
v -0.055073 0.004000 0.036343
v -0.069622 0.002258 -0.026194
v 0.056052 -0.000038 -0.048621
v -0.069557 0.002258 -0.025978
v -0.054511 0.004000 0.036514
v -0.069535 0.002258 -0.025754
v 0.005796 -0.000038 0.027553
v 0.000800 -0.000038 0.025433
v -0.069557 0.002258 -0.025530
v -0.053992 0.004000 0.036791
v -0.069622 0.002258 -0.025314
v -0.069728 0.002258 -0.025116
v 0.003509 -0.000038 0.025393
v -0.053537 0.004000 0.037164
v -0.069871 0.002258 -0.024942
v -0.070045 0.002258 -0.024799
v 0.004956 -0.000038 0.026890
v 0.003934 -0.000038 0.026294
v -0.070244 0.002258 -0.024693
v -0.070459 0.002258 -0.024627
v 0.002829 -0.000038 0.025825
v -0.070684 0.002258 -0.024605
v -0.053164 0.004000 0.037619
v -0.070908 0.002258 -0.024627
v 0.001749 -0.000038 0.025528
v -0.071123 0.002258 -0.024693
v 0.006412 -0.000038 0.031204
v -0.071322 0.002258 -0.024799
v -0.052887 0.004000 0.038138
v -0.071496 0.002258 -0.024942
v -0.000497 -0.000038 0.028210
v -0.071639 0.002258 -0.025116
v -0.052716 0.004000 0.038700
v -0.071745 0.002258 -0.025314
v 0.005246 -0.000038 0.030270
v -0.071810 0.002258 -0.025530
v 0.003830 -0.000038 0.029430
v -0.052659 0.004000 0.039286
v -0.071832 0.002258 -0.025754
v 0.002301 -0.000038 0.028768
v -0.071810 0.002258 -0.025978
v -0.071745 0.002258 -0.026194
v 0.000810 -0.000038 0.028347
v -0.052716 0.004000 0.039871
v -0.071639 0.002258 -0.026392
v 0.000581 -0.000038 0.026311
v -0.071496 0.002258 -0.026566
v -0.071322 0.002258 -0.026709
v 0.005775 -0.000038 0.028524
v -0.052887 0.004000 0.040434
v -0.071123 0.002258 -0.026815
v 0.001567 -0.000038 0.026411
v -0.070908 0.002258 -0.026881
v 0.002690 -0.000038 0.026721
v -0.053164 0.004000 0.040952
v 0.003839 -0.000038 0.027211
v -0.011655 0.002258 0.017149
v 0.004902 -0.000038 0.027832
v -0.053537 0.004000 0.041407
v 0.000148 -0.000038 0.027327
v -0.011225 0.002258 0.017192
v 0.005960 -0.000038 0.029822
v -0.053992 0.004000 0.041780
v -0.010812 0.002258 0.017317
v 0.001251 -0.000038 0.027441
v 0.002506 -0.000038 0.027791
v 0.003792 -0.000038 0.028342
v -0.054511 0.004000 0.042057
v -0.010430 0.002258 0.017521
v 0.004982 -0.000038 0.029042
v -0.055073 0.004000 0.042228
v -0.010096 0.002258 0.017795
v -0.001909 0.002978 0.026843
v 0.007323 0.002978 0.030583
v -0.009822 0.002258 0.018129
v -0.000101 0.002978 0.027011
v -0.055659 0.004000 0.042286
v 0.001923 0.002978 0.027534
v -0.056244 0.004000 0.042228
v -0.009618 0.002258 0.018511
v 0.003965 0.002978 0.028362
v 0.005826 0.002978 0.029412
v -0.009493 0.002258 0.018924
v -0.056807 0.004000 0.042057
v -0.001843 0.001806 0.025466
v 0.007708 0.001806 0.029353
v -0.009450 0.002258 0.019354
v 0.004656 0.001806 0.017546
v -0.057325 0.004000 0.041780
v 0.000016 0.001806 0.025639
v 0.002104 0.001806 0.026183
v -0.009493 0.002258 0.019785
v -0.057780 0.004000 0.041407
v 0.004217 0.001806 0.027043
v 0.006148 0.001806 0.028135
v -0.009618 0.002258 0.020198
v -0.058153 0.004000 0.040952
v 0.007297 0.002395 0.030345
v -0.058430 0.004000 0.040434
v -0.009822 0.002258 0.020580
v -0.001789 0.002395 0.026657
v 0.005821 0.002395 0.029191
v -0.010096 0.002258 0.020914
v 0.003989 0.002395 0.028155
v -0.058601 0.004000 0.039871
v 0.001978 0.002395 0.027339
v -0.058659 0.004000 0.039286
v -0.000012 0.002395 0.026823
v -0.010430 0.002258 0.021188
v 0.007494 0.001967 0.029949
v -0.058601 0.004000 0.038700
v -0.001836 0.001967 0.026154
v -0.010812 0.002258 0.021392
v 0.005974 0.001967 0.028760
v -0.058430 0.004000 0.038138
v -0.011225 0.002258 0.021517
v 0.004090 0.001967 0.027694
v 0.002026 0.001967 0.026855
v -0.058153 0.004000 0.037619
v -0.011655 0.002258 0.021560
v -0.000016 0.001967 0.026324
v -0.004182 0.006869 0.028232
v 0.009372 0.006854 0.034004
v -0.057780 0.004000 0.037164
v -0.012086 0.002258 0.021517
v -0.001591 0.006870 0.028497
v -0.057325 0.004000 0.036791
v 0.001348 0.006868 0.029307
v -0.012499 0.002258 0.021392
v 0.004346 0.006864 0.030584
v 0.007111 0.006860 0.032202
v -0.056807 0.004000 0.036514
v -0.012881 0.002258 0.021188
v 0.007576 0.005925 0.030823
v -0.013215 0.002258 0.020914
v -0.002260 0.005925 0.026847
v -0.056244 0.004000 0.036343
v -0.055659 0.002990 0.036286
v 0.005984 0.005925 0.029578
v 0.004003 0.005925 0.028461
v -0.013489 0.002258 0.020580
v -0.055073 0.002990 0.036343
v 0.001827 0.005925 0.027582
v -0.013693 0.002258 0.020198
v -0.054511 0.002990 0.036514
v -0.000331 0.005925 0.027026
v -0.053992 0.002990 0.036791
v -0.013818 0.002258 0.019785
v 0.008948 0.006817 0.032859
v -0.053537 0.002990 0.037164
v -0.053164 0.002990 0.037619
v -0.003865 0.006825 0.027547
v -0.013861 0.002258 0.019354
v -0.052887 0.002990 0.038138
v 0.006843 0.006820 0.031199
v -0.013818 0.002258 0.018924
v -0.052716 0.002990 0.038700
v 0.004247 0.006822 0.029708
v 0.001412 0.006824 0.028533
v -0.013693 0.002258 0.018511
v -0.052659 0.002990 0.039286
v -0.001383 0.006825 0.027788
v -0.052716 0.002990 0.039871
v -0.013489 0.002258 0.018129
v 0.008059 0.006477 0.031477
v -0.052887 0.002990 0.040434
v -0.002907 0.006479 0.027037
v -0.013215 0.002258 0.017795
v -0.053164 0.002990 0.040952
v -0.053537 0.002990 0.041407
v 0.006283 0.006478 0.030087
v -0.012881 0.002258 0.017521
v -0.053992 0.002990 0.041780
v 0.004074 0.006478 0.028841
v -0.054511 0.002990 0.042057
v 0.001648 0.006479 0.027858
v -0.012499 0.002258 0.017317
v -0.000757 0.006479 0.027237
v -0.055073 0.002990 0.042228
v -0.016814 -0.000038 -0.050550
v -0.012086 0.002258 0.017192
v -0.011655 0.002258 0.018206
v -0.055659 0.002990 0.042286
v -0.017460 -0.000038 -0.050430
v -0.011431 0.002258 0.018228
v -0.056244 0.002990 0.042228
v -0.011216 0.002258 0.018293
v -0.016931 -0.000038 -0.050531
v -0.011017 0.002258 0.018399
v -0.010843 0.002258 0.018542
v -0.056807 0.002990 0.042057
v -0.057325 0.002990 0.041780
v -0.010700 0.002258 0.018716
v -0.017067 -0.000038 -0.050508
v -0.010594 0.002258 0.018915
v -0.010529 0.002258 0.019130
v -0.017210 -0.000038 -0.050481
v -0.010507 0.002258 0.019354
v -0.057780 0.002990 0.041407
v -0.017345 -0.000038 -0.050454
v -0.010529 0.002258 0.019579
v -0.010594 0.002258 0.019794
v -0.058153 0.002990 0.040952
v -0.058430 0.002990 0.040434
v -0.010700 0.002258 0.019993
v -0.017766 0.001806 -0.050362
v -0.010843 0.002258 0.020167
v -0.011017 0.002258 0.020310
v -0.058601 0.002990 0.039871
v -0.016419 0.001806 -0.050612
v -0.011216 0.002258 0.020416
v -0.017528 0.001806 -0.050412
v -0.011431 0.002258 0.020481
v -0.058659 0.002990 0.039286
v -0.011655 0.002258 0.020503
v -0.017245 0.001806 -0.050468
v -0.011880 0.002258 0.020481
v -0.058601 0.002990 0.038700
v -0.012095 0.002258 0.020416
v -0.058430 0.002990 0.038138
v -0.012294 0.002258 0.020310
v -0.016947 0.001806 -0.050524
v -0.012468 0.002258 0.020167
v -0.012611 0.002258 0.019993
v -0.058153 0.002990 0.037619
v -0.016663 0.001806 -0.050573
v -0.012717 0.002258 0.019794
v -0.057780 0.002990 0.037164
v -0.012782 0.002258 0.019579
v -0.023779 0.025393 -0.086003
v -0.012804 0.002258 0.019354
v -0.012782 0.002258 0.019130
v -0.025489 0.025500 -0.085979
v -0.012717 0.002258 0.018915
v -0.057325 0.002990 0.036791
v -0.024117 0.025451 -0.086055
v -0.012611 0.002258 0.018716
v -0.056807 0.002990 0.036514
v -0.012468 0.002258 0.018542
v -0.056244 0.002990 0.036343
v -0.012294 0.002258 0.018399
v -0.012095 0.002258 0.018293
v -0.024321 0.025475 -0.086074
v -0.011880 0.002258 0.018228
v -0.024508 0.025488 -0.086077
v -0.024927 0.025496 -0.086047
v 0.012634 0.004000 0.019168
v -0.025690 0.027360 -0.085981
v 0.053821 0.002258 0.008043
v 0.013220 0.004000 0.019226
v -0.023647 0.027292 -0.086056
v -0.025147 0.027372 -0.086065
v 0.054252 0.002258 0.008086
v 0.013782 0.004000 0.019396
v -0.024543 0.027393 -0.086108
v 0.054665 0.002258 0.008211
v -0.024276 0.027388 -0.086111
v 0.014301 0.004000 0.019674
v -0.023993 0.027356 -0.086094
v -0.024324 0.026617 -0.083435
v 0.055046 0.002258 0.008415
v -0.024166 0.026614 -0.083463
v 0.014756 0.004000 0.020047
v 0.055381 0.002258 0.008689
v -0.023977 0.026608 -0.083488
v 0.015129 0.004000 0.020501
v -0.023778 0.026599 -0.083506
v 0.055655 0.002258 0.009024
v -0.023586 0.026588 -0.083515
v 0.015406 0.004000 0.021020
v -0.018630 0.016705 -0.055033
v 0.055859 0.002258 0.009405
v -0.017751 0.016695 -0.055199
v 0.015577 0.004000 0.021583
v 0.055984 0.002258 0.009818
v -0.017977 0.016699 -0.055161
v -0.018215 0.016702 -0.055117
v 0.015634 0.004000 0.022168
v -0.018440 0.016704 -0.055073
v 0.056026 0.002258 0.010249
v -0.018058 -0.000038 -0.053433
v 0.015577 0.004000 0.022753
v -0.017448 -0.000038 -0.053543
v -0.017950 -0.000038 -0.053455
v 0.055984 0.002258 0.010679
v 0.015406 0.004000 0.023316
v -0.017822 -0.000038 -0.053480
v -0.017687 -0.000038 -0.053505
v 0.055859 0.002258 0.011092
v -0.017558 -0.000038 -0.053526
v 0.015129 0.004000 0.023835
v 0.055655 0.002258 0.011474
v -0.023739 0.023550 -0.084253
v -0.024371 0.023608 -0.084185
v 0.055381 0.002258 0.011808
v 0.014756 0.004000 0.024289
v -0.023854 0.023569 -0.084251
v 0.014301 0.004000 0.024662
v -0.023988 0.023585 -0.084241
v -0.024128 0.023597 -0.084226
v 0.055046 0.002258 0.012082
v 0.013782 0.004000 0.024940
v -0.024260 0.023605 -0.084206
v 0.054665 0.002258 0.012286
v -0.026982 0.001496 0.055724
v 0.013220 0.004000 0.025110
v -0.024685 0.001502 0.055224
v -0.026573 0.001496 0.055624
v 0.054252 0.002258 0.012411
v -0.026091 0.001496 0.055514
v 0.012634 0.004000 0.025168
v 0.053821 0.002258 0.012454
v -0.025583 0.001498 0.055403
v -0.025098 0.001500 0.055303
v 0.012049 0.004000 0.025110
v -0.024520 0.003056 0.051098
v 0.053391 0.002258 0.012411
v -0.027270 0.003051 0.051860
v 0.011486 0.004000 0.024940
v -0.025015 0.003056 0.051220
v 0.052978 0.002258 0.012286
v -0.025595 0.003054 0.051373
v 0.010968 0.004000 0.024662
v 0.052596 0.002258 0.012082
v -0.026204 0.003053 0.051542
v -0.026781 0.003052 0.051710
v 0.052262 0.002258 0.011808
v 0.010513 0.004000 0.024289
v -0.025654 -0.000038 0.030281
v -0.027094 -0.000038 0.031004
v 0.010140 0.004000 0.023835
v 0.051988 0.002258 0.011474
v -0.025912 -0.000038 0.030400
v -0.026215 -0.000038 0.030546
v 0.009863 0.004000 0.023316
v 0.051784 0.002258 0.011092
v -0.026534 -0.000038 0.030706
v -0.026837 -0.000038 0.030864
v 0.009692 0.004000 0.022753
v 0.051659 0.002258 0.010679
v -0.026624 -0.000038 0.028141
v -0.025856 -0.000038 0.027756
v 0.009634 0.004000 0.022168
v 0.051616 0.002258 0.010249
v -0.026487 -0.000038 0.028067
v 0.009692 0.004000 0.021583
v 0.051659 0.002258 0.009818
v -0.026326 -0.000038 0.027983
v -0.026156 -0.000038 0.027897
v 0.009863 0.004000 0.021020
v -0.025994 -0.000038 0.027819
v 0.051784 0.002258 0.009405
v -0.026937 -0.000038 0.030082
v 0.010140 0.004000 0.020501
v -0.025796 -0.000038 0.029508
v 0.051988 0.002258 0.009024
v -0.026733 -0.000038 0.029971
v 0.010513 0.004000 0.020047
v -0.026493 -0.000038 0.029845
v -0.026241 -0.000038 0.029718
v 0.052262 0.002258 0.008689
v 0.010968 0.004000 0.019674
v -0.026000 -0.000038 0.029602
v 0.052596 0.002258 0.008415
v -0.026779 -0.000038 0.029041
v -0.025856 -0.000038 0.028578
v 0.011486 0.004000 0.019396
v -0.026614 -0.000038 0.028952
v 0.052978 0.002258 0.008211
v 0.012049 0.004000 0.019226
v -0.026420 -0.000038 0.028850
v 0.053391 0.002258 0.008086
v 0.012634 0.002990 0.019168
v -0.026216 -0.000038 0.028748
v 0.053821 0.002258 0.009100
v 0.013220 0.002990 0.019226
v 0.054046 0.002258 0.009122
v -0.026022 -0.000038 0.028654
v 0.054261 0.002258 0.009187
v 0.013782 0.002990 0.019396
v 0.054460 0.002258 0.009293
v -0.025263 0.001806 0.027487
v 0.054634 0.002258 0.009436
v 0.014301 0.002990 0.019674
v 0.054777 0.002258 0.009610
v -0.027093 0.001806 0.028404
v 0.054883 0.002258 0.009809
v -0.025592 0.001806 0.027638
v 0.054948 0.002258 0.010024
v 0.054970 0.002258 0.010249
v 0.014756 0.002990 0.020047
v -0.025977 0.001806 0.027824
v 0.054948 0.002258 0.010473
v 0.015129 0.002990 0.020501
v 0.054883 0.002258 0.010688
v -0.026382 0.001806 0.028027
v 0.054777 0.002258 0.010887
v 0.015406 0.002990 0.021020
v 0.054634 0.002258 0.011061
v 0.054460 0.002258 0.011204
v 0.015577 0.002990 0.021583
v -0.026767 0.001806 0.028227
v 0.054261 0.002258 0.011310
v 0.054046 0.002258 0.011375
v 0.015634 0.002990 0.022168
v -0.027575 0.002978 0.029945
v 0.053821 0.002258 0.011397
v -0.025083 0.002978 0.028693
v 0.053597 0.002258 0.011375
v 0.015577 0.002990 0.022753
v 0.053382 0.002258 0.011310
v -0.027132 0.002980 0.029704
v 0.053183 0.002258 0.011204
v 0.015406 0.002990 0.023316
v 0.053009 0.002258 0.011061
v -0.026609 0.002981 0.029432
v 0.052866 0.002258 0.010887
v 0.015129 0.002990 0.023835
v 0.052760 0.002258 0.010688
v 0.014756 0.002990 0.024289
v 0.052695 0.002258 0.010473
v 0.052672 0.002258 0.010249
v -0.026058 0.002981 0.029155
v 0.052695 0.002258 0.010024
v -0.025532 0.002980 0.028901
v 0.052760 0.002258 0.009809
v 0.014301 0.002990 0.024662
v 0.052866 0.002258 0.009610
v -0.025168 0.001967 0.028088
v 0.053009 0.002258 0.009436
v 0.013782 0.002990 0.024940
v 0.053183 0.002258 0.009293
v 0.013220 0.002990 0.025110
v 0.053382 0.002258 0.009187
v -0.027348 0.001968 0.029182
v 0.012634 0.002990 0.025168
v 0.053597 0.002258 0.009122
v -0.025560 0.001971 0.028272
v 0.012049 0.002990 0.025110
v -0.026020 0.001973 0.028497
v -0.007673 0.002258 -0.021512
v 0.011486 0.002990 0.024940
v -0.026502 0.001973 0.028739
v -0.007243 0.002258 -0.021470
v 0.010968 0.002990 0.024662
v -0.026960 0.001971 0.028975
v -0.025138 0.002395 0.028545
v 0.010513 0.002990 0.024289
v -0.006829 0.002258 -0.021344
v -0.027487 0.002395 0.029725
v 0.010140 0.002990 0.023835
v -0.025561 0.002401 0.028745
v -0.006448 0.002258 -0.021140
v 0.009863 0.002990 0.023316
v 0.009692 0.002990 0.022753
v -0.006114 0.002258 -0.020866
v -0.026057 0.002404 0.028988
v -0.026577 0.002404 0.029248
v 0.009634 0.002990 0.022168
v -0.005840 0.002258 -0.020532
v -0.027070 0.002401 0.029503
v 0.009692 0.002990 0.021583
v 0.009863 0.002990 0.021020
v -0.024983 0.005925 0.028648
v -0.005636 0.002258 -0.020151
v -0.027653 0.005925 0.029989
v -0.005510 0.002258 -0.019737
v 0.010140 0.002990 0.020501
v 0.010513 0.002990 0.020047
v -0.025465 0.005927 0.028871
v -0.005468 0.002258 -0.019307
v -0.026029 0.005929 0.029144
v 0.010968 0.002990 0.019674
v -0.026619 0.005929 0.029440
v 0.011486 0.002990 0.019396
v -0.027179 0.005927 0.029731
v -0.005510 0.002258 -0.018877
v 0.012049 0.002990 0.019226
v -0.027869 0.006851 0.031426
v -0.005636 0.002258 -0.018463
v -0.011642 0.004000 0.016394
v -0.024713 0.006858 0.029845
v -0.027308 0.006852 0.031121
v -0.005840 0.002258 -0.018082
v -0.026646 0.006854 0.030777
v -0.011057 0.004000 0.016451
v -0.006114 0.002258 -0.017748
v -0.025948 0.006856 0.030427
v -0.025282 0.006857 0.030106
v -0.010494 0.004000 0.016622
v -0.024857 0.006477 0.028769
v -0.006448 0.002258 -0.017473
v -0.009976 0.004000 0.016899
v -0.027764 0.006476 0.030228
v -0.025382 0.006484 0.029018
v -0.009521 0.004000 0.017273
v -0.006829 0.002258 -0.017270
v -0.025996 0.006488 0.029318
v -0.026639 0.006488 0.029641
v -0.007243 0.002258 -0.017144
v -0.027248 0.006483 0.029955
v -0.009148 0.004000 0.017727
v -0.007673 0.002258 -0.017102
v -0.024703 0.006819 0.029182
v -0.008871 0.004000 0.018246
v -0.027899 0.006814 0.030785
v -0.025279 0.006823 0.029454
v -0.008103 0.002258 -0.017144
v -0.008700 0.004000 0.018809
v -0.025954 0.006825 0.029784
v -0.026661 0.006824 0.030139
v -0.008517 0.002258 -0.017270
v -0.008642 0.004000 0.019394
v -0.027331 0.006820 0.030484
v -0.017155 0.015961 -0.049998
v -0.008898 0.002258 -0.017473
v -0.016874 0.015957 -0.050047
v -0.008700 0.004000 0.019979
v -0.009232 0.002258 -0.017748
v 0.013948 0.003963 -0.048015
v -0.010208 0.020807 -0.053925
v -0.008871 0.004000 0.020542
v 0.013959 0.004113 -0.047554
v -0.009148 0.004000 0.021061
v -0.009507 0.002258 -0.018082
v 0.012696 0.004884 -0.046408
v -0.014789 0.015839 -0.050359
v -0.009521 0.004000 0.021515
v -0.009710 0.002258 -0.018463
v -0.016442 0.015948 -0.050116
v -0.026717 0.015972 -0.047889
v -0.009836 0.002258 -0.018877
v -0.017728 0.015966 -0.049887
v -0.009976 0.004000 0.021888
v -0.012235 0.015320 -0.050632
v -0.009878 0.002258 -0.019307
v -0.010494 0.004000 0.022165
v -0.007301 0.013375 -0.050197
v -0.017449 0.015964 -0.049942
v -0.009836 0.002258 -0.019737
v -0.011057 0.004000 0.022336
v -0.012526 0.021971 -0.053771
v -0.009710 0.002258 -0.020151
v 0.012827 0.005272 -0.058825
v -0.011642 0.004000 0.022394
v -0.023926 0.029388 -0.085747
v -0.024075 0.029396 -0.085748
v -0.012228 0.004000 0.022336
v -0.009507 0.002258 -0.020532
v -0.016393 0.026774 -0.083366
v -0.018965 0.028132 -0.084850
v -0.024731 0.029413 -0.085678
v -0.009232 0.002258 -0.020866
v -0.012790 0.004000 0.022165
v 0.013682 0.004264 -0.057419
v -0.008898 0.002258 -0.021140
v 0.013316 0.004835 -0.058215
v -0.013309 0.004000 0.021888
v -0.023102 0.033054 -0.081356
v 0.013840 0.003915 -0.056086
v -0.008517 0.002258 -0.021344
v -0.013764 0.004000 0.021515
v -0.015419 0.029681 -0.079211
v -0.008103 0.002258 -0.021470
v -0.024579 0.029412 -0.085705
v -0.014137 0.004000 0.021061
v -0.007673 0.002258 -0.020456
v -0.007449 0.002258 -0.020434
v -0.023681 0.033080 -0.081304
v -0.021864 0.029203 -0.085691
v -0.007233 0.002258 -0.020368
v -0.007035 0.002258 -0.020262
v -0.014414 0.004000 0.020542
v -0.018018 0.031368 -0.080594
v -0.006861 0.002258 -0.020119
v -0.014585 0.004000 0.019979
v -0.006718 0.002258 -0.019945
v -0.006612 0.002258 -0.019747
v -0.024415 0.029408 -0.085726
v -0.006546 0.002258 -0.019531
v -0.023493 0.033074 -0.081328
v -0.014642 0.004000 0.019394
v -0.006524 0.002258 -0.019307
v -0.006546 0.002258 -0.019083
v -0.023293 0.033065 -0.081346
v -0.024242 0.029403 -0.085741
v -0.006612 0.002258 -0.018867
v 0.013827 0.004053 -0.056651
v -0.006718 0.002258 -0.018669
v -0.014585 0.004000 0.018809
v -0.006861 0.002258 -0.018495
v -0.087970 -0.000038 -0.034743
v -0.007035 0.002258 -0.018352
v -0.007233 0.002258 -0.018246
v -0.088346 0.000368 -0.034659
v -0.014414 0.004000 0.018246
v -0.007449 0.002258 -0.018180
v -0.087970 0.001806 -0.034743
v -0.007673 0.002258 -0.018158
v -0.007897 0.002258 -0.018180
v -0.088364 0.001427 -0.034740
v -0.014137 0.004000 0.017727
v -0.008113 0.002258 -0.018246
v -0.008311 0.002258 -0.018352
v -0.096139 0.027566 -0.070549
v -0.095817 0.027675 -0.071003
v -0.008485 0.002258 -0.018495
v -0.013764 0.004000 0.017273
v -0.008628 0.002258 -0.018669
v -0.096061 0.025934 -0.071109
v -0.008734 0.002258 -0.018867
v -0.096308 0.026018 -0.070655
v -0.008800 0.002258 -0.019083
v -0.008822 0.002258 -0.019307
v -0.013309 0.004000 0.016899
v -0.095395 0.026822 -0.068110
v -0.008800 0.002258 -0.019531
v -0.095880 0.026585 -0.068503
v -0.008734 0.002258 -0.019747
v -0.008628 0.002258 -0.019945
v -0.012790 0.004000 0.016622
v -0.008485 0.002258 -0.020119
v -0.089336 0.016273 -0.039096
v -0.008311 0.002258 -0.020262
v -0.089013 0.016760 -0.039412
v -0.008113 0.002258 -0.020368
v -0.012228 0.004000 0.016451
v -0.011642 0.002990 0.016394
v -0.007897 0.002258 -0.020434
v -0.095534 0.024002 -0.068735
v -0.011057 0.002990 0.016451
v -0.008678 0.002258 -0.036963
v -0.095893 0.024339 -0.068579
v -0.010494 0.002990 0.016622
v -0.089030 0.000375 -0.037733
v -0.088645 -0.000038 -0.037776
v -0.008248 0.002258 -0.036921
v -0.009976 0.002990 0.016899
v -0.009521 0.002990 0.017273
v 0.013948 0.000346 -0.048015
v -0.007834 0.002258 -0.036795
v -0.009148 0.002990 0.017727
v 0.013587 -0.000038 -0.048074
v -0.007453 0.002258 -0.036592
v -0.008871 0.002990 0.018246
v 0.013840 0.000346 -0.056086
v 0.013538 0.000169 -0.056364
v -0.007119 0.002258 -0.036317
v -0.008700 0.002990 0.018809
v -0.008642 0.002990 0.019394
v -0.006845 0.002258 -0.035983
v 0.013833 0.000199 -0.056388
v -0.008700 0.002990 0.019979
v -0.021357 0.027043 -0.083244
v -0.021803 0.026160 -0.083561
v -0.006641 0.002258 -0.035602
v -0.008871 0.002990 0.020542
v -0.009148 0.002990 0.021061
v -0.021357 0.025940 -0.083215
v -0.006515 0.002258 -0.035188
v -0.009521 0.002990 0.021515
v -0.021109 0.025889 -0.083455
v -0.009976 0.002990 0.021888
v -0.006473 0.002258 -0.034758
v -0.016102 0.016380 -0.055534
v -0.015653 0.017286 -0.055283
v -0.010494 0.002990 0.022165
v -0.006515 0.002258 -0.034328
v -0.011057 0.002990 0.022336
v -0.015381 0.016146 -0.055671
v -0.011642 0.002990 0.022394
v -0.015800 0.016424 -0.055968
v -0.006641 0.002258 -0.033914
v -0.018020 -0.000038 0.054875
v -0.012228 0.002990 0.022336
v -0.006845 0.002258 -0.033533
v -0.012790 0.002990 0.022165
v -0.018013 0.000333 0.055160
v -0.007119 0.002258 -0.033199
v -0.023351 0.000334 0.055314
v -0.013309 0.002990 0.021888
v -0.013764 0.002990 0.021515
v -0.023359 -0.000038 0.055028
v -0.014137 0.002990 0.021061
v -0.007453 0.002258 -0.032925
v -0.020490 -0.000038 0.054812
v -0.014414 0.002990 0.020542
v -0.020483 0.000333 0.055096
v -0.007834 0.002258 -0.032721
v -0.014585 0.002990 0.019979
v 0.046261 0.000348 -0.050642
v -0.014642 0.002990 0.019394
v -0.008248 0.002258 -0.032595
v 0.045996 -0.000038 -0.049858
v -0.008678 0.002258 -0.032553
v -0.014585 0.002990 0.018809
v 0.036895 -0.000038 -0.046280
v -0.014414 0.002990 0.018246
v 0.037142 0.000347 -0.046987
v 0.043040 -0.000038 -0.048063
v -0.009108 0.002258 -0.032595
v -0.014137 0.002990 0.017727
v 0.043299 0.000347 -0.048822
v -0.013764 0.002990 0.017273
v -0.009522 0.002258 -0.032721
v 0.039709 -0.000038 -0.046753
v -0.013309 0.002990 0.016899
v 0.039961 0.000347 -0.047484
v -0.009903 0.002258 -0.032925
v -0.012790 0.002990 0.016622
v -0.010237 0.002258 -0.033199
v -0.012228 0.002990 0.016451
v 0.037150 0.001426 -0.046987
v 0.036909 0.001806 -0.046280
v 0.045967 0.001806 -0.049835
v 0.053331 0.004000 0.070290
v -0.010512 0.002258 -0.033533
v 0.046245 0.001425 -0.050629
v 0.039963 0.001426 -0.047482
v 0.053916 0.004000 0.070348
v -0.010715 0.002258 -0.033914
v 0.039712 0.001806 -0.046750
v 0.054479 0.004000 0.070518
v 0.043292 0.001426 -0.048816
v -0.010841 0.002258 -0.034328
v 0.043027 0.001806 -0.048052
v 0.054998 0.004000 0.070796
v -0.010883 0.002258 -0.034758
v 0.009385 0.000335 0.061262
v 0.009454 -0.000038 0.060972
v -0.010841 0.002258 -0.035188
v 0.013107 -0.000038 0.063298
v 0.055452 0.004000 0.071169
v 0.013036 0.000338 0.063616
v -0.010715 0.002258 -0.035602
v 0.055825 0.004000 0.071623
v 0.010631 0.000330 0.061990
v 0.010703 -0.000038 0.061685
v 0.056103 0.004000 0.072142
v -0.010512 0.002258 -0.035983
v 0.011967 0.000331 0.062852
v 0.012040 -0.000038 0.062537
v 0.059651 -0.000038 -0.048292
v 0.056273 0.004000 0.072705
v -0.010237 0.002258 -0.036317
v 0.059863 0.000353 -0.048927
v 0.047922 -0.000038 -0.051321
v -0.009903 0.002258 -0.036592
v 0.056331 0.004000 0.073290
v 0.048202 0.000349 -0.052126
v 0.055935 0.000353 -0.052971
v -0.009522 0.002258 -0.036795
v 0.056273 0.004000 0.073875
v 0.055667 -0.000038 -0.052173
v 0.056103 0.004000 0.074438
v 0.053156 -0.000038 -0.052863
v -0.009108 0.002258 -0.036921
v -0.008678 0.002258 -0.035907
v 0.053425 0.000351 -0.053654
v 0.050552 -0.000038 -0.052750
v -0.008454 0.002258 -0.035885
v 0.055825 0.004000 0.074957
v -0.008238 0.002258 -0.035820
v 0.050825 0.000349 -0.053545
v -0.008040 0.002258 -0.035713
v -0.007866 0.002258 -0.035570
v 0.048237 0.001424 -0.052153
v -0.007723 0.002258 -0.035396
v 0.055452 0.004000 0.075411
v -0.007617 0.002258 -0.035198
v 0.047984 0.001806 -0.051369
v -0.007551 0.002258 -0.034982
v 0.059861 0.001421 -0.048931
v -0.007529 0.002258 -0.034758
v 0.054998 0.004000 0.075785
v 0.059648 0.001806 -0.048300
v -0.007551 0.002258 -0.034534
v 0.050849 0.001424 -0.053564
v -0.007617 0.002258 -0.034318
v -0.007723 0.002258 -0.034120
v 0.054479 0.004000 0.076062
v -0.007866 0.002258 -0.033946
v 0.050595 0.001806 -0.052783
v 0.053439 0.001422 -0.053666
v -0.008040 0.002258 -0.033803
v -0.008238 0.002258 -0.033697
v 0.053916 0.004000 0.076232
v -0.008454 0.002258 -0.033631
v 0.053181 0.001806 -0.052884
v -0.008678 0.002258 -0.033609
v 0.053331 0.004000 0.076290
v 0.055678 0.001806 -0.052186
v -0.008902 0.002258 -0.033631
v 0.055941 0.001420 -0.052978
v -0.009118 0.002258 -0.033697
v -0.009316 0.002258 -0.033803
v 0.014331 0.000339 0.064641
v -0.009490 0.002258 -0.033946
v 0.052746 0.004000 0.076232
v 0.014411 -0.000038 0.064320
v -0.009633 0.002258 -0.034120
v 0.052183 0.004000 0.076062
v -0.009740 0.002258 -0.034318
v -0.009805 0.002258 -0.034534
v 0.020078 -0.000038 0.068885
v 0.020009 0.000342 0.069238
v -0.009827 0.002258 -0.034758
v 0.051664 0.004000 0.075785
v -0.009805 0.002258 -0.034982
v -0.009740 0.002258 -0.035198
v 0.015541 -0.000038 0.065229
v 0.015467 0.000339 0.065561
v -0.009633 0.002258 -0.035396
v 0.051210 0.004000 0.075411
v -0.009490 0.002258 -0.035570
v -0.009316 0.002258 -0.035713
v 0.016675 -0.000038 0.066142
v -0.009118 0.002258 -0.035820
v 0.016602 0.000340 0.066480
v 0.050837 0.004000 0.074957
v -0.008902 0.002258 -0.035885
v 0.017811 -0.000038 0.067057
v 0.017738 0.000340 0.067399
v -0.032554 0.002258 -0.024031
v 0.018947 -0.000038 0.067972
v 0.050559 0.004000 0.074438
v 0.018874 0.000341 0.068319
v 0.050389 0.004000 0.073875
v -0.032124 0.002258 -0.023989
v 0.078285 -0.000038 0.017819
v 0.079359 0.000351 0.020335
v -0.031710 0.002258 -0.023863
v 0.050331 0.004000 0.073290
v 0.065221 -0.000038 0.071114
v 0.065482 0.000346 0.071396
v -0.031329 0.002258 -0.023660
v 0.080091 -0.000038 0.024529
v 0.050389 0.004000 0.072705
v 0.080467 0.000349 0.024449
v -0.030995 0.002258 -0.023385
v 0.050559 0.004000 0.072142
v 0.080765 -0.000038 0.028890
v -0.030721 0.002258 -0.023051
v 0.081147 0.000349 0.028851
v 0.050837 0.004000 0.071623
v 0.081002 -0.000038 0.033466
v 0.081386 0.000348 0.033465
v -0.030517 0.002258 -0.022670
v 0.051210 0.004000 0.071169
v 0.080799 -0.000038 0.038178
v 0.081181 0.000347 0.038211
v -0.030391 0.002258 -0.022256
v 0.051664 0.004000 0.070796
v 0.080158 -0.000038 0.042942
v -0.030349 0.002258 -0.021826
v 0.080536 0.000347 0.043010
v 0.052183 0.004000 0.070518
v 0.079090 -0.000038 0.047678
v 0.079461 0.000347 0.047779
v -0.030391 0.002258 -0.021396
v 0.052746 0.004000 0.070348
v 0.077614 -0.000038 0.052303
v 0.053331 0.002990 0.070290
v -0.030517 0.002258 -0.020982
v 0.077974 0.000346 0.052436
v 0.075755 -0.000038 0.056737
v -0.030721 0.002258 -0.020601
v 0.053916 0.002990 0.070348
v 0.076102 0.000346 0.056901
v 0.054479 0.002990 0.070518
v -0.030995 0.002258 -0.020267
v 0.054998 0.002990 0.070796
v 0.073546 -0.000038 0.060903
v 0.073876 0.000346 0.061098
v 0.055452 0.002990 0.071169
v 0.055825 0.002990 0.071623
v -0.031329 0.002258 -0.019993
v 0.071024 -0.000038 0.064729
v 0.056103 0.002990 0.072142
v 0.071334 0.000346 0.064956
v -0.031710 0.002258 -0.019789
v 0.056273 0.002990 0.072705
v 0.068236 -0.000038 0.068150
v 0.056331 0.002990 0.073290
v -0.032124 0.002258 -0.019663
v 0.068520 0.000346 0.068408
v 0.056273 0.002990 0.073875
v -0.032554 0.002258 -0.019621
v 0.065221 0.001806 0.071114
v 0.056103 0.002990 0.074438
v 0.065482 0.001427 0.071396
v 0.055825 0.002990 0.074957
v -0.032984 0.002258 -0.019663
v 0.078284 0.001806 0.017819
v 0.079359 0.001422 0.020335
v -0.033398 0.002258 -0.019789
v 0.055452 0.002990 0.075411
v 0.054998 0.002990 0.075785
v 0.068236 0.001806 0.068150
v 0.054479 0.002990 0.076062
v -0.033779 0.002258 -0.019993
v 0.068520 0.001427 0.068408
v -0.034113 0.002258 -0.020267
v 0.053916 0.002990 0.076232
v 0.071024 0.001806 0.064729
v 0.053331 0.002990 0.076290
v 0.071334 0.001427 0.064956
v 0.073546 0.001806 0.060903
v -0.034388 0.002258 -0.020601
v 0.052746 0.002990 0.076232
v 0.073876 0.001427 0.061098
v 0.052183 0.002990 0.076062
v -0.034591 0.002258 -0.020982
v 0.075755 0.001806 0.056737
v 0.051664 0.002990 0.075785
v -0.034717 0.002258 -0.021396
v 0.076102 0.001427 0.056901
v 0.051210 0.002990 0.075411
v 0.077614 0.001806 0.052303
v 0.050837 0.002990 0.074957
v -0.034759 0.002258 -0.021826
v 0.050559 0.002990 0.074438
v -0.034717 0.002258 -0.022256
v 0.077974 0.001427 0.052436
v 0.050389 0.002990 0.073875
v 0.079090 0.001806 0.047678
v -0.034591 0.002258 -0.022670
v 0.050331 0.002990 0.073290
v 0.079461 0.001426 0.047779
v 0.050389 0.002990 0.072705
v 0.080158 0.001806 0.042942
v 0.080536 0.001426 0.043010
v -0.034388 0.002258 -0.023051
v 0.050559 0.002990 0.072142
v 0.050837 0.002990 0.071623
v 0.080799 0.001806 0.038178
v -0.034113 0.002258 -0.023385
v 0.081181 0.001426 0.038211
v 0.051210 0.002990 0.071169
v -0.033779 0.002258 -0.023660
v 0.051664 0.002990 0.070796
v 0.081002 0.001806 0.033466
v 0.081386 0.001425 0.033465
v -0.033398 0.002258 -0.023863
v 0.052183 0.002990 0.070518
v 0.052746 0.002990 0.070348
v 0.080765 0.001806 0.028890
v -0.032984 0.002258 -0.023989
v 0.081147 0.001424 0.028851
v 0.080091 0.001806 0.024529
v -0.032554 0.002258 -0.022975
v -0.007660 0.004000 -0.022268
v -0.032330 0.002258 -0.022953
v -0.032114 0.002258 -0.022888
v 0.080467 0.001424 0.024449
v -0.031916 0.002258 -0.022781
v -0.007075 0.004000 -0.022210
v -0.031742 0.002258 -0.022639
v -0.060612 0.000362 0.047188
v -0.031599 0.002258 -0.022464
v -0.060274 -0.000038 0.046999
v -0.031493 0.002258 -0.022266
v -0.006512 0.004000 -0.022039
v -0.031427 0.002258 -0.022050
v -0.059071 -0.000038 0.048924
v -0.031405 0.002258 -0.021826
v -0.059411 0.000352 0.049114
v -0.031427 0.002258 -0.021602
v -0.060315 0.000358 0.047836
v -0.005993 0.004000 -0.021762
v -0.031493 0.002258 -0.021387
v -0.059977 -0.000038 0.047647
v -0.031599 0.002258 -0.021188
v -0.059875 0.000354 0.048541
v -0.031742 0.002258 -0.021014
v -0.005539 0.004000 -0.021389
v -0.031916 0.002258 -0.020871
v -0.059537 -0.000038 0.048352
v -0.032114 0.002258 -0.020765
v -0.060274 0.001806 0.046999
v -0.032330 0.002258 -0.020699
v -0.032554 0.002258 -0.020677
v -0.005166 0.004000 -0.020934
v -0.060612 0.001427 0.047188
v -0.032778 0.002258 -0.020699
v -0.032994 0.002258 -0.020765
v -0.004888 0.004000 -0.020416
v -0.033192 0.002258 -0.020871
v -0.060450 0.001807 0.047536
v -0.033366 0.002258 -0.021014
v -0.060298 0.001913 0.047384
v -0.033509 0.002258 -0.021188
v -0.004718 0.004000 -0.019853
v 0.053130 0.000344 0.081142
v -0.033615 0.002258 -0.021387
v 0.052759 -0.000038 0.080804
v -0.033681 0.002258 -0.021602
v 0.055209 -0.000038 0.079861
v -0.033703 0.002258 -0.021826
v -0.004660 0.004000 -0.019268
v -0.033681 0.002258 -0.022050
v 0.055491 0.000346 0.080124
v -0.033615 0.002258 -0.022266
v -0.004718 0.004000 -0.018682
v -0.033509 0.002258 -0.022464
v 0.055491 0.001427 0.080124
v -0.033366 0.002258 -0.022639
v 0.055209 0.001806 0.079862
v -0.033192 0.002258 -0.022781
v -0.004888 0.004000 -0.018119
v -0.032994 0.002258 -0.022888
v -0.032778 0.002258 -0.022953
v 0.055126 0.001897 0.080203
v 0.055169 0.001806 0.080333
v -0.005166 0.004000 -0.017601
v -0.055672 0.002258 0.037041
v -0.046471 -0.000038 0.060566
v -0.046481 0.000344 0.060892
v -0.005539 0.004000 -0.017146
v -0.055242 0.002258 0.037083
v -0.048412 -0.000038 0.059914
v -0.048687 0.000350 0.060172
v -0.005993 0.004000 -0.016773
v -0.047110 -0.000038 0.060577
v -0.054828 0.002258 0.037209
v -0.047221 0.000346 0.060906
v -0.006512 0.004000 -0.016496
v -0.047799 -0.000038 0.060352
v -0.054447 0.002258 0.037413
v -0.048028 0.000348 0.060643
v 0.038304 -0.000038 0.082700
v -0.054112 0.002258 0.037687
v -0.007075 0.004000 -0.016325
v 0.038404 0.000344 0.083074
v 0.036071 -0.000038 0.082084
v -0.053838 0.002258 0.038021
v -0.007660 0.004000 -0.016268
v 0.035958 0.000343 0.082407
v -0.008245 0.004000 -0.016325
v 0.037537 -0.000038 0.082681
v -0.053634 0.002258 0.038402
v 0.037559 0.000343 0.083053
v -0.008808 0.004000 -0.016496
v -0.053509 0.002258 0.038816
v 0.036734 -0.000038 0.082462
v 0.036664 0.000343 0.082808
v -0.053467 0.002258 0.039246
v 0.013609 -0.000038 -0.047236
v -0.009327 0.004000 -0.016773
v 0.013959 0.000346 -0.047554
v 0.015293 0.000346 -0.046257
v -0.009781 0.004000 -0.017146
v -0.053509 0.002258 0.039676
v 0.014837 -0.000038 -0.045861
v -0.010154 0.004000 -0.017601
v 0.014149 0.000346 -0.046903
v -0.053634 0.002258 0.040090
v 0.013751 -0.000038 -0.046754
v -0.010432 0.004000 -0.018119
v -0.053838 0.002258 0.040471
v 0.014637 0.000346 -0.046428
v 0.014601 -0.000038 -0.045928
v -0.010602 0.004000 -0.018682
v -0.054112 0.002258 0.040805
v 0.014837 0.001806 -0.045861
v 0.015293 0.001427 -0.046257
v -0.010660 0.004000 -0.019268
v 0.013661 0.001684 -0.047283
v -0.054447 0.002258 0.041080
v 0.013959 0.001427 -0.047554
v 0.013953 0.001519 -0.047803
v -0.054828 0.002258 0.041283
v -0.010233 0.004000 -0.019853
v 0.013959 0.002195 -0.047554
v 0.014637 0.001427 -0.046428
v -0.010062 0.004000 -0.020416
v -0.055242 0.002258 0.041409
v 0.014602 0.001811 -0.045927
v -0.055672 0.002258 0.041451
v 0.014149 0.001427 -0.046903
v -0.009978 0.004000 -0.020934
v 0.013809 0.001811 -0.046698
v -0.003184 0.000332 0.056653
v -0.009781 0.004000 -0.021389
v -0.056102 0.002258 0.041409
v -0.002900 -0.000038 0.056402
v 0.005716 -0.000038 0.058993
v -0.009327 0.004000 -0.021762
v -0.056516 0.002258 0.041283
v 0.005909 0.000334 0.059412
v -0.008808 0.004000 -0.022039
v -0.056897 0.002258 0.041080
v -0.001291 -0.000038 0.056647
v -0.001483 0.000332 0.056915
v -0.057231 0.002258 0.040805
v 0.000556 -0.000038 0.057078
v -0.008245 0.004000 -0.022210
v 0.000469 0.000333 0.057373
v -0.007660 0.002990 -0.022268
v -0.007075 0.002990 -0.022210
v -0.057505 0.002258 0.040471
v 0.002462 -0.000038 0.057652
v -0.006512 0.002990 -0.022039
v -0.057709 0.002258 0.040090
v 0.002481 0.000333 0.057983
v 0.004240 -0.000038 0.058312
v -0.005993 0.002990 -0.021762
v -0.005539 0.002990 -0.021389
v -0.057834 0.002258 0.039676
v 0.004355 0.000334 0.058685
v 0.056023 -0.000038 -0.052112
v -0.005166 0.002990 -0.020934
v -0.057877 0.002258 0.039246
v -0.004888 0.002990 -0.020416
v -0.057834 0.002258 0.038816
v -0.004718 0.002990 -0.019853
v -0.057709 0.002258 0.038402
v 0.059352 -0.000038 -0.048529
v -0.004660 0.002990 -0.019268
v -0.004718 0.002990 -0.018682
v 0.056749 0.000352 -0.052390
v -0.004888 0.002990 -0.018119
v -0.057505 0.002258 0.038021
v 0.056730 -0.000038 -0.051575
v -0.005166 0.002990 -0.017601
v 0.057633 0.000351 -0.051614
v -0.057231 0.002258 0.037687
v 0.057489 -0.000038 -0.050875
v -0.005539 0.002990 -0.017146
v -0.056897 0.002258 0.037413
v -0.005993 0.002990 -0.016773
v 0.058502 0.000351 -0.050719
v -0.006512 0.002990 -0.016496
v -0.056516 0.002258 0.037209
v 0.058225 -0.000038 -0.050083
v -0.007075 0.002990 -0.016325
v 0.059270 0.000352 -0.049793
v -0.007660 0.002990 -0.016268
v -0.056102 0.002258 0.037083
v -0.055672 0.002258 0.038097
v 0.058866 -0.000038 -0.049275
v -0.055448 0.002258 0.038119
v 0.059350 0.001806 -0.048536
v -0.055232 0.002258 0.038185
v -0.008245 0.002990 -0.016325
v -0.055033 0.002258 0.038291
v -0.008808 0.002990 -0.016496
v -0.054859 0.002258 0.038434
v -0.054716 0.002258 0.038608
v -0.054610 0.002258 0.038807
v -0.009327 0.002990 -0.016773
v -0.054545 0.002258 0.039022
v -0.009781 0.002990 -0.017146
v 0.056032 0.001806 -0.052124
v -0.054523 0.002258 0.039246
v -0.010154 0.002990 -0.017601
v -0.054545 0.002258 0.039470
v 0.059270 0.001421 -0.049798
v -0.054610 0.002258 0.039686
v -0.054716 0.002258 0.039884
v 0.058865 0.001806 -0.049283
v -0.010432 0.002990 -0.018119
v -0.054859 0.002258 0.040059
v -0.055033 0.002258 0.040201
v 0.058503 0.001422 -0.050724
v -0.010602 0.002990 -0.018682
v -0.055232 0.002258 0.040308
v -0.055448 0.002258 0.040373
v -0.010660 0.002990 -0.019268
v 0.058226 0.001806 -0.050091
v -0.055672 0.002258 0.040395
v -0.010233 0.002990 -0.019853
v -0.055896 0.002258 0.040373
v -0.056111 0.002258 0.040308
v 0.057636 0.001422 -0.051619
v -0.056310 0.002258 0.040201
v 0.057493 0.001806 -0.050884
v -0.010062 0.002990 -0.020416
v -0.056484 0.002258 0.040059
v -0.009978 0.002990 -0.020934
v -0.056627 0.002258 0.039884
v 0.056753 0.001421 -0.052396
v -0.056733 0.002258 0.039686
v -0.009781 0.002990 -0.021389
v -0.056799 0.002258 0.039470
v 0.056736 0.001806 -0.051586
v -0.056821 0.002258 0.039246
v -0.009327 0.002990 -0.021762
v -0.056799 0.002258 0.039022
v -0.023049 0.026480 -0.083526
v -0.056733 0.002258 0.038807
v -0.008808 0.002990 -0.022039
v -0.056627 0.002258 0.038608
v -0.023350 0.027531 -0.083197
v -0.056484 0.002258 0.038434
v -0.008245 0.002990 -0.022210
v -0.056310 0.002258 0.038291
v -0.056111 0.002258 0.038185
v -0.023348 0.026452 -0.083160
v -0.055896 0.002258 0.038119
v -0.034597 0.004000 0.020222
v -0.017484 0.017654 -0.054908
v -0.017182 0.016610 -0.055308
v 0.012634 0.002258 0.019963
v -0.034012 0.004000 0.020280
v -0.017630 0.016814 -0.055585
v 0.013065 0.002258 0.020005
v -0.033449 0.004000 0.020450
v -0.026826 0.000337 0.055997
v 0.013478 0.002258 0.020131
v -0.026781 -0.000038 0.055693
v -0.032931 0.004000 0.020728
v -0.024932 -0.000038 0.055303
v -0.024864 0.000334 0.055580
v 0.013860 0.002258 0.020335
v -0.026451 -0.000038 0.055615
v 0.014194 0.002258 0.020609
v -0.032476 0.004000 0.021101
v -0.026476 0.000335 0.055914
v -0.026062 -0.000038 0.055529
v 0.014468 0.002258 0.020943
v -0.032103 0.004000 0.021555
v -0.026064 0.000333 0.055822
v -0.025653 -0.000038 0.055443
v -0.031826 0.004000 0.022074
v -0.025629 0.000333 0.055729
v 0.014672 0.002258 0.021324
v -0.025264 -0.000038 0.055365
v -0.031655 0.004000 0.022637
v 0.014797 0.002258 0.021738
v -0.025216 0.000333 0.055646
v -0.088425 0.024614 -0.036789
v 0.014840 0.002258 0.022168
v -0.031597 0.004000 0.023222
v -0.088827 0.024251 -0.036827
v -0.088280 0.023390 -0.034370
v -0.031655 0.004000 0.023807
v 0.014797 0.002258 0.022598
v -0.087813 0.023242 -0.034042
v -0.087866 0.023733 -0.034276
v -0.031826 0.004000 0.024370
v 0.014672 0.002258 0.023012
v -0.095471 0.035319 -0.068478
v -0.032103 0.004000 0.024889
v 0.014468 0.002258 0.023393
v -0.095771 0.035201 -0.068055
v -0.095363 0.035554 -0.067990
v -0.032476 0.004000 0.025343
v 0.014194 0.002258 0.023727
v -0.095209 0.034314 -0.065527
v -0.094806 0.034676 -0.065487
v -0.011834 0.022470 -0.050521
v -0.032931 0.004000 0.025716
v 0.013860 0.002258 0.024002
v -0.011882 0.022975 -0.050758
v -0.033449 0.004000 0.025994
v -0.014603 0.023638 -0.050422
v -0.014555 0.023137 -0.050185
v 0.013478 0.002258 0.024205
v -0.009505 0.021454 -0.050708
v -0.034012 0.004000 0.026164
v -0.009555 0.021965 -0.050945
v 0.013065 0.002258 0.024331
v -0.034597 0.004000 0.026222
v 0.012634 0.002258 0.024373
v -0.018539 0.033818 -0.082951
v -0.018421 0.034039 -0.082420
v -0.015853 0.032469 -0.080987
v -0.035183 0.004000 0.026164
v -0.015982 0.032256 -0.081535
v 0.012204 0.002258 0.024331
v -0.035745 0.004000 0.025994
v -0.021438 0.034888 -0.083793
v -0.021328 0.035114 -0.083276
v 0.011791 0.002258 0.024205
v -0.015141 0.024124 -0.053000
v -0.036264 0.004000 0.025716
v 0.011409 0.002258 0.024002
v -0.015038 0.024369 -0.052513
v -0.036719 0.004000 0.025343
v 0.011075 0.002258 0.023727
v -0.012311 0.023686 -0.052791
v -0.012416 0.023439 -0.053281
v -0.037092 0.004000 0.024889
v -0.009980 0.022649 -0.052900
v -0.010088 0.022401 -0.053393
v 0.010801 0.002258 0.023393
v -0.020899 0.034398 -0.081230
v -0.037369 0.004000 0.024370
v 0.010597 0.002258 0.023012
v -0.020843 0.033898 -0.080955
v -0.017909 0.032825 -0.080107
v -0.037540 0.004000 0.023807
v 0.010472 0.002258 0.022598
v -0.017973 0.033330 -0.080397
v -0.015301 0.031257 -0.078685
v -0.037597 0.004000 0.023222
v 0.010429 0.002258 0.022168
v -0.015376 0.031767 -0.078991
v 0.013948 0.004557 -0.048015
v -0.037540 0.004000 0.022637
v 0.010472 0.002258 0.021738
v 0.013957 0.004996 -0.047657
v 0.013840 0.004562 -0.056086
v 0.010597 0.002258 0.021324
v -0.037369 0.004000 0.022074
v 0.013546 0.005258 -0.056467
v -0.037092 0.004000 0.021555
v 0.013959 0.004552 -0.047554
v 0.010801 0.002258 0.020943
v -0.036719 0.004000 0.021101
v 0.012535 0.006279 -0.046769
v 0.011075 0.002258 0.020609
v 0.012696 0.005827 -0.046408
v 0.013682 0.004828 -0.057419
v -0.036264 0.004000 0.020728
v 0.011409 0.002258 0.020335
v 0.013412 0.005472 -0.057238
v -0.035745 0.004000 0.020450
v 0.013663 0.005342 -0.056576
v 0.011791 0.002258 0.020131
v 0.013827 0.004563 -0.056651
v -0.035183 0.004000 0.020280
v 0.012999 0.005765 -0.057997
v 0.012204 0.002258 0.020005
v -0.034597 0.002990 0.020222
v 0.012634 0.002258 0.021019
v 0.013316 0.005294 -0.058215
v 0.012827 0.005731 -0.058825
v 0.012859 0.002258 0.021041
v -0.034012 0.002990 0.020280
v 0.013074 0.002258 0.021107
v -0.033449 0.002990 0.020450
v 0.013273 0.002258 0.021213
v 0.012363 0.006612 -0.058896
v 0.013447 0.002258 0.021356
v -0.024291 0.035099 -0.083782
v 0.013590 0.002258 0.021530
v 0.013696 0.002258 0.021728
v -0.032931 0.002990 0.020728
v -0.032476 0.002990 0.021101
v 0.013761 0.002258 0.021944
v -0.024195 0.035334 -0.083291
v 0.013783 0.002258 0.022168
v 0.013761 0.002258 0.022392
v -0.024054 0.035331 -0.083315
v -0.032103 0.002990 0.021555
v 0.013696 0.002258 0.022608
v -0.024153 0.035097 -0.083807
v 0.013590 0.002258 0.022806
v 0.013447 0.002258 0.022980
v -0.031826 0.002990 0.022074
v 0.013273 0.002258 0.023123
v -0.031655 0.002990 0.022637
v -0.023887 0.035325 -0.083334
v 0.013074 0.002258 0.023230
v 0.012859 0.002258 0.023295
v -0.031597 0.002990 0.023222
v -0.023990 0.035091 -0.083828
v 0.012634 0.002258 0.023317
v 0.012410 0.002258 0.023295
v -0.031655 0.002990 0.023807
v -0.023710 0.035316 -0.083346
v 0.012195 0.002258 0.023230
v -0.023816 0.035084 -0.083844
v 0.011996 0.002258 0.023123
v -0.031826 0.002990 0.024370
v 0.011822 0.002258 0.022980
v -0.032103 0.002990 0.024889
v 0.011679 0.002258 0.022806
v -0.023539 0.035304 -0.083350
v 0.011573 0.002258 0.022608
v 0.011508 0.002258 0.022392
v -0.032476 0.002990 0.025343
v -0.023650 0.035074 -0.083852
v 0.011486 0.002258 0.022168
v 0.011508 0.002258 0.021944
v -0.032931 0.002990 0.025716
v -0.023392 0.035291 -0.083344
v 0.011573 0.002258 0.021728
v -0.033449 0.002990 0.025994
v 0.011679 0.002258 0.021530
v 0.011822 0.002258 0.021356
v -0.023507 0.035063 -0.083853
v -0.017788 0.024433 -0.052090
v 0.011996 0.002258 0.021213
v -0.034012 0.002990 0.026164
v 0.012195 0.002258 0.021107
v -0.034597 0.002990 0.026222
v 0.012410 0.002258 0.021041
v -0.017879 0.024193 -0.052572
v -0.035183 0.002990 0.026164
v -0.018070 0.024194 -0.052532
v 0.053324 0.002258 0.033043
v -0.018338 0.024436 -0.051973
v -0.035745 0.002990 0.025994
v -0.017641 0.023693 -0.049906
v 0.053754 0.002258 0.033085
v -0.036264 0.002990 0.025716
v -0.017611 0.023202 -0.049667
v -0.036719 0.002990 0.025343
v 0.054167 0.002258 0.033210
v -0.037092 0.002990 0.024889
v -0.017372 0.023200 -0.049718
v 0.054549 0.002258 0.033414
v -0.037369 0.002990 0.024370
v -0.017408 0.023692 -0.049956
v 0.054883 0.002258 0.033688
v -0.017555 0.024431 -0.052135
v -0.037540 0.002990 0.023807
v -0.037597 0.002990 0.023222
v -0.017654 0.024190 -0.052616
v 0.055157 0.002258 0.034023
v -0.037540 0.002990 0.022637
v -0.017090 0.023197 -0.049775
v -0.017134 0.023690 -0.050011
v -0.037369 0.002990 0.022074
v 0.055361 0.002258 0.034404
v -0.037092 0.002990 0.021555
v 0.055486 0.002258 0.034817
v -0.017310 0.024427 -0.052179
v -0.017417 0.024186 -0.052660
v -0.036719 0.002990 0.021101
v 0.055529 0.002258 0.035248
v -0.036264 0.002990 0.020728
v -0.016792 0.023193 -0.049831
v -0.035745 0.002990 0.020450
v -0.016843 0.023687 -0.050066
v 0.055486 0.002258 0.035678
v -0.035183 0.002990 0.020280
v -0.017075 0.024423 -0.052218
v -0.017190 0.024181 -0.052699
v 0.055361 0.002258 0.036092
v -0.016508 0.023187 -0.049882
v -0.032541 0.004000 -0.024787
v -0.016566 0.023682 -0.050115
v 0.055157 0.002258 0.036473
v -0.031956 0.004000 -0.024729
v -0.016875 0.024418 -0.052248
v 0.054883 0.002258 0.036807
v -0.016996 0.024175 -0.052730
v -0.031393 0.004000 -0.024558
v -0.016265 0.023180 -0.049922
v -0.016330 0.023678 -0.050155
v -0.030874 0.004000 -0.024281
v 0.054549 0.002258 0.037081
v -0.024193 0.034606 -0.081114
v -0.023763 0.034108 -0.080933
v -0.023604 0.034106 -0.080961
v 0.054167 0.002258 0.037285
v -0.030420 0.004000 -0.023908
v -0.023649 0.034599 -0.081213
v -0.030046 0.004000 -0.023454
v 0.053754 0.002258 0.037410
v -0.023416 0.034100 -0.080986
v -0.023465 0.034593 -0.081239
v 0.053324 0.002258 0.037453
v -0.029769 0.004000 -0.022935
v -0.023217 0.034091 -0.081004
v -0.023269 0.034586 -0.081260
v -0.029599 0.004000 -0.022372
v 0.052893 0.002258 0.037410
v -0.023025 0.034080 -0.081013
v -0.023082 0.034576 -0.081274
v -0.029541 0.004000 -0.021787
v 0.052480 0.002258 0.037285
v -0.022860 0.034068 -0.081014
v -0.022922 0.034567 -0.081281
v -0.029599 0.004000 -0.021202
v 0.052098 0.002258 0.037081
v -0.017250 0.023372 -0.052969
v 0.051764 0.002258 0.036807
v -0.017305 0.022646 -0.053212
v -0.017477 0.023376 -0.052931
v -0.029769 0.004000 -0.020639
v -0.017532 0.022650 -0.053173
v -0.016770 0.023085 -0.053545
v 0.051490 0.002258 0.036473
v -0.030046 0.004000 -0.020120
v -0.017111 0.022641 -0.053242
v -0.017056 0.023368 -0.052999
v 0.051286 0.002258 0.036092
v -0.030420 0.004000 -0.019665
v -0.015679 0.022958 -0.053737
v -0.015144 0.023146 -0.053336
v 0.051161 0.002258 0.035678
v -0.030874 0.004000 -0.019292
v -0.018533 0.023021 -0.052845
v 0.051118 0.002258 0.035248
v -0.018130 0.023382 -0.052803
v -0.031393 0.004000 -0.019015
v -0.017994 0.022655 -0.053086
v 0.051161 0.002258 0.034817
v -0.017940 0.023381 -0.052843
v -0.031956 0.004000 -0.018844
v -0.088269 0.017161 -0.034150
v 0.051286 0.002258 0.034404
v -0.088683 0.018016 -0.034245
v -0.032541 0.004000 -0.018787
v -0.088809 0.023313 -0.036745
v -0.088540 0.023074 -0.037304
v 0.051490 0.002258 0.034023
v -0.033126 0.004000 -0.018844
v -0.017769 0.022653 -0.053130
v 0.051764 0.002258 0.033688
v -0.033689 0.004000 -0.019015
v -0.017715 0.023379 -0.052887
v -0.021249 0.032654 -0.080983
v 0.052098 0.002258 0.033414
v -0.020956 0.032352 -0.081456
v -0.034208 0.004000 -0.019292
v -0.095897 0.029632 -0.070377
v 0.052480 0.002258 0.033210
v -0.096155 0.030068 -0.069770
v -0.034461 0.004000 -0.019665
v -0.022476 0.032851 -0.080988
v 0.052893 0.002258 0.033085
v -0.022847 0.033396 -0.081235
v 0.053324 0.002258 0.034099
v -0.034619 0.004000 -0.020120
v 0.053548 0.002258 0.034121
v -0.023812 0.033445 -0.081154
v 0.053763 0.002258 0.034186
v -0.024215 0.033083 -0.081195
v -0.034705 0.004000 -0.020639
v 0.053962 0.002258 0.034292
v 0.054136 0.002258 0.034435
v -0.023867 0.032719 -0.081397
v 0.054279 0.002258 0.034609
v -0.034876 0.004000 -0.021202
v 0.054385 0.002258 0.034808
v 0.054450 0.002258 0.035024
v -0.094911 0.033287 -0.065951
v 0.054472 0.002258 0.035248
v -0.095335 0.033776 -0.066103
v -0.034934 0.004000 -0.021787
v 0.054450 0.002258 0.035472
v -0.018697 0.025003 -0.053592
v 0.054385 0.002258 0.035687
v 0.054279 0.002258 0.035886
v -0.018350 0.024637 -0.053797
v 0.054136 0.002258 0.036060
v -0.035067 0.004000 -0.022372
v -0.018803 0.024764 -0.054068
v 0.053962 0.002258 0.036203
v 0.053763 0.002258 0.036309
v -0.088705 0.025058 -0.038055
v 0.053548 0.002258 0.036374
v -0.035112 0.004000 -0.022935
v 0.053324 0.002258 0.036397
v -0.088811 0.024819 -0.038530
v 0.053099 0.002258 0.036374
v -0.035035 0.004000 -0.023454
v -0.089107 0.024695 -0.038093
v 0.052884 0.002258 0.036309
v -0.094535 0.034232 -0.064219
v 0.052685 0.002258 0.036203
v 0.052511 0.002258 0.036060
v -0.094937 0.033871 -0.064260
v 0.052368 0.002258 0.035886
v -0.034662 0.004000 -0.023908
v 0.052262 0.002258 0.035687
v -0.094485 0.033745 -0.063986
v 0.052197 0.002258 0.035472
v -0.023839 0.034028 -0.079463
v 0.052175 0.002258 0.035248
v -0.034208 0.004000 -0.024281
v 0.052197 0.002258 0.035024
v -0.023415 0.033540 -0.079310
v 0.052262 0.002258 0.034808
v -0.023943 0.032640 -0.079927
v 0.052368 0.002258 0.034609
v -0.033689 0.004000 -0.024558
v -0.023464 0.032877 -0.079532
v 0.052511 0.002258 0.034435
v -0.018411 0.023826 -0.054068
v 0.052685 0.002258 0.034292
v -0.033126 0.004000 -0.024729
v 0.052884 0.002258 0.034186
v 0.053099 0.002258 0.034121
v -0.018813 0.023463 -0.054107
v -0.032541 0.002990 -0.024787
v -0.031956 0.002990 -0.024729
v -0.018864 0.023950 -0.054340
v 0.053318 0.002258 0.071046
v -0.031393 0.002990 -0.024558
v -0.089168 0.023881 -0.038365
v -0.030874 0.002990 -0.024281
v 0.053748 0.002258 0.071088
v -0.088872 0.024005 -0.038802
v -0.088821 0.023517 -0.038569
v 0.054162 0.002258 0.071213
v -0.030420 0.002990 -0.023908
v -0.094986 0.033208 -0.064481
v -0.030046 0.002990 -0.023454
v 0.054543 0.002258 0.071417
v -0.029769 0.002990 -0.022935
v -0.094639 0.032844 -0.064683
v 0.054877 0.002258 0.071691
v -0.029599 0.002990 -0.022372
v -0.094535 0.033082 -0.064207
v -0.029541 0.002990 -0.021787
v -0.016063 0.023327 -0.055890
v 0.055151 0.002258 0.072026
v -0.029599 0.002990 -0.021202
v -0.015996 0.023588 -0.055551
v -0.029769 0.002990 -0.020639
v -0.015618 0.023123 -0.055570
v 0.055355 0.002258 0.072407
v -0.030046 0.002990 -0.020120
v -0.017150 0.023454 -0.055695
v 0.055481 0.002258 0.072821
v -0.017460 0.023335 -0.055241
v -0.030420 0.002990 -0.019665
v -0.017087 0.023715 -0.055359
v 0.055523 0.002258 0.073251
v -0.030874 0.002990 -0.019292
v -0.031393 0.002990 -0.019015
v -0.020883 0.032001 -0.079110
v -0.020852 0.031580 -0.078988
v 0.055481 0.002258 0.073681
v -0.031956 0.002990 -0.018844
v -0.020552 0.031631 -0.079389
v -0.032541 0.002990 -0.018787
v 0.055355 0.002258 0.074095
v -0.022100 0.031783 -0.078996
v 0.055151 0.002258 0.074476
v -0.033126 0.002990 -0.018844
v -0.022109 0.032198 -0.079115
v -0.033689 0.002990 -0.019015
v 0.054877 0.002258 0.074810
v -0.034208 0.002990 -0.019292
v -0.022558 0.031955 -0.079403
v 0.053961 0.000371 0.080936
v -0.034461 0.002990 -0.019665
v 0.054543 0.002258 0.075084
v -0.034619 0.002990 -0.020120
v 0.053629 -0.000038 0.080632
v 0.054497 -0.000038 0.080260
v 0.054162 0.002258 0.075288
v -0.034705 0.002990 -0.020639
v -0.034876 0.002990 -0.021202
v 0.054825 0.000371 0.080564
v 0.053748 0.002258 0.075413
v -0.034934 0.002990 -0.021787
v -0.035067 0.002990 -0.022372
v 0.053318 0.002258 0.075456
v -0.035112 0.002990 -0.022935
v -0.035035 0.002990 -0.023454
v -0.034662 0.002990 -0.023908
v -0.034208 0.002990 -0.024281
v -0.033689 0.002990 -0.024558
v 0.052888 0.002258 0.075413
v -0.033126 0.002990 -0.024729
v -0.070670 0.004000 -0.028715
v 0.052474 0.002258 0.075288
v -0.070085 0.004000 -0.028657
v -0.069522 0.004000 -0.028486
v -0.069004 0.004000 -0.028209
v -0.068549 0.004000 -0.027836
v 0.052093 0.002258 0.075084
v -0.068176 0.004000 -0.027381
v 0.051759 0.002258 0.074810
v -0.067899 0.004000 -0.026863
v -0.067728 0.004000 -0.026300
v -0.067670 0.004000 -0.025715
v -0.067728 0.004000 -0.025129
v -0.067899 0.004000 -0.024567
v 0.051484 0.002258 0.074476
v -0.068176 0.004000 -0.024048
v -0.068549 0.004000 -0.023593
v -0.069004 0.004000 -0.023220
v 0.051281 0.002258 0.074095
v -0.069522 0.004000 -0.022943
v -0.070085 0.004000 -0.022772
v -0.070670 0.004000 -0.022715
v 0.051155 0.002258 0.073681
v -0.071256 0.004000 -0.022772
v -0.071818 0.004000 -0.022943
v -0.072337 0.004000 -0.023220
v 0.051113 0.002258 0.073251
v -0.072792 0.004000 -0.023593
v 0.051155 0.002258 0.072821
v -0.073165 0.004000 -0.024048
v -0.073442 0.004000 -0.024567
v -0.073613 0.004000 -0.025129
v 0.051281 0.002258 0.072407
v -0.073670 0.004000 -0.025715
v -0.073613 0.004000 -0.026300
v -0.073442 0.004000 -0.026863
v -0.073165 0.004000 -0.027381
v -0.072792 0.004000 -0.027836
v 0.051484 0.002258 0.072026
v -0.072337 0.004000 -0.028209
v -0.071818 0.004000 -0.028486
v -0.071256 0.004000 -0.028657
v 0.051759 0.002258 0.071691
v -0.070670 0.002990 -0.028715
v 0.052093 0.002258 0.071417
v -0.070085 0.002990 -0.028657
v -0.069522 0.002990 -0.028486
v -0.069004 0.002990 -0.028209
v -0.068549 0.002990 -0.027836
v 0.052474 0.002258 0.071213
v -0.068176 0.002990 -0.027381
v -0.067899 0.002990 -0.026863
v -0.067728 0.002990 -0.026300
v 0.052888 0.002258 0.071088
v -0.067670 0.002990 -0.025715
v -0.067728 0.002990 -0.025129
v 0.053318 0.002258 0.072102
v 0.053542 0.002258 0.072124
v -0.067899 0.002990 -0.024567
v -0.068176 0.002990 -0.024048
v 0.053758 0.002258 0.072189
v -0.068549 0.002990 -0.023593
v 0.053956 0.002258 0.072295
v 0.054130 0.002258 0.072438
v -0.069004 0.002990 -0.023220
v -0.069522 0.002990 -0.022943
v 0.054273 0.002258 0.072612
v 0.054379 0.002258 0.072811
v -0.070085 0.002990 -0.022772
v -0.070670 0.002990 -0.022715
v 0.054445 0.002258 0.073027
v 0.054467 0.002258 0.073251
v -0.071256 0.002990 -0.022772
v 0.054445 0.002258 0.073475
v -0.071818 0.002990 -0.022943
v 0.054379 0.002258 0.073690
v -0.072337 0.002990 -0.023220
v 0.054273 0.002258 0.073889
v -0.072792 0.002990 -0.023593
v 0.054130 0.002258 0.074063
v -0.073165 0.002990 -0.024048
v -0.073442 0.002990 -0.024567
v 0.053956 0.002258 0.074206
v -0.073613 0.002990 -0.025129
v 0.053758 0.002258 0.074312
v 0.053542 0.002258 0.074378
v -0.073670 0.002990 -0.025715
v -0.073613 0.002990 -0.026300
v 0.053318 0.002258 0.074400
v -0.073442 0.002990 -0.026863
v 0.053094 0.002258 0.074378
v 0.052878 0.002258 0.074312
v -0.073165 0.002990 -0.027381
v -0.072792 0.002990 -0.027836
v 0.052680 0.002258 0.074206
v 0.052506 0.002258 0.074063
v -0.072337 0.002990 -0.028209
v 0.052363 0.002258 0.073889
v -0.071818 0.002990 -0.028486
v -0.071256 0.002990 -0.028657
v 0.052257 0.002258 0.073690
v 0.053337 0.004000 0.032287
v 0.052191 0.002258 0.073475
v 0.053922 0.004000 0.032345
v 0.052169 0.002258 0.073251
v 0.054485 0.004000 0.032515
v 0.052191 0.002258 0.073027
v 0.055003 0.004000 0.032793
v 0.052257 0.002258 0.072811
v 0.052363 0.002258 0.072612
v 0.055458 0.004000 0.033166
v 0.055831 0.004000 0.033620
v 0.052506 0.002258 0.072438
v 0.052680 0.002258 0.072295
v 0.056108 0.004000 0.034139
v 0.052878 0.002258 0.072189
v 0.056279 0.004000 0.034702
v 0.056337 0.004000 0.035287
v 0.053094 0.002258 0.072124
v 0.056279 0.004000 0.035872
v 0.056108 0.004000 0.036435
v 0.055831 0.004000 0.036954
v 0.053325 0.002258 -0.047954
v 0.055458 0.004000 0.037408
v 0.055003 0.004000 0.037782
v 0.053755 0.002258 -0.047911
v 0.054485 0.004000 0.038059
v 0.053922 0.004000 0.038229
v 0.053337 0.004000 0.038287
v 0.054169 0.002258 -0.047786
v 0.052751 0.004000 0.038229
v 0.052189 0.004000 0.038059
v 0.051670 0.004000 0.037782
v 0.051215 0.004000 0.037408
v 0.054550 0.002258 -0.047582
v 0.050842 0.004000 0.036954
v 0.054884 0.002258 -0.047308
v 0.050565 0.004000 0.036435
v 0.050394 0.004000 0.035872
v 0.050337 0.004000 0.035287
v 0.055158 0.002258 -0.046974
v 0.050394 0.004000 0.034702
v 0.050565 0.004000 0.034139
v 0.050842 0.004000 0.033620
v 0.051215 0.004000 0.033166
v 0.055362 0.002258 -0.046592
v 0.051670 0.004000 0.032793
v 0.052189 0.004000 0.032515
v 0.055488 0.002258 -0.046179
v 0.052751 0.004000 0.032345
v 0.053337 0.002990 0.032287
v 0.053922 0.002990 0.032345
v 0.054485 0.002990 0.032515
v 0.055530 0.002258 -0.045748
v 0.055003 0.002990 0.032793
v 0.055458 0.002990 0.033166
v 0.055831 0.002990 0.033620
v 0.055488 0.002258 -0.045318
v 0.056108 0.002990 0.034139
v 0.056279 0.002990 0.034702
v 0.056337 0.002990 0.035287
v 0.055362 0.002258 -0.044905
v 0.056279 0.002990 0.035872
v 0.056108 0.002990 0.036435
v 0.055158 0.002258 -0.044523
v 0.055831 0.002990 0.036954
v 0.055458 0.002990 0.037408
v 0.055003 0.002990 0.037782
v 0.054884 0.002258 -0.044189
v 0.054485 0.002990 0.038059
v 0.053922 0.002990 0.038229
v 0.053337 0.002990 0.038287
v 0.052751 0.002990 0.038229
v 0.052189 0.002990 0.038059
v 0.054550 0.002258 -0.043915
v 0.051670 0.002990 0.037782
v 0.051215 0.002990 0.037408
v 0.050842 0.002990 0.036954
v 0.054169 0.002258 -0.043711
v 0.050565 0.002990 0.036435
v 0.050394 0.002990 0.035872
v 0.050337 0.002990 0.035287
v 0.053755 0.002258 -0.043586
v 0.050394 0.002990 0.034702
v 0.053325 0.002258 -0.043543
v 0.050565 0.002990 0.034139
v 0.050842 0.002990 0.033620
v 0.051215 0.002990 0.033166
v 0.051670 0.002990 0.032793
v 0.052189 0.002990 0.032515
v 0.052895 0.002258 -0.043586
v 0.052751 0.002990 0.032345
v 0.053835 0.004000 0.007288
v 0.054420 0.004000 0.007346
v 0.052481 0.002258 -0.043711
v 0.054983 0.004000 0.007516
v 0.055501 0.004000 0.007794
v 0.055956 0.004000 0.008167
v 0.052100 0.002258 -0.043915
v 0.056329 0.004000 0.008621
v 0.056606 0.004000 0.009140
v 0.051766 0.002258 -0.044189
v 0.056777 0.004000 0.009703
v 0.056835 0.004000 0.010288
v 0.056777 0.004000 0.010873
v 0.056606 0.004000 0.011436
v 0.051491 0.002258 -0.044523
v 0.056329 0.004000 0.011955
v 0.055956 0.004000 0.012409
v 0.055501 0.004000 0.012782
v 0.051288 0.002258 -0.044905
v 0.054983 0.004000 0.013060
v 0.054420 0.004000 0.013230
v 0.051162 0.002258 -0.045318
v 0.053835 0.004000 0.013288
v 0.053249 0.004000 0.013230
v 0.052686 0.004000 0.013060
v 0.051120 0.002258 -0.045748
v 0.052168 0.004000 0.012782
v 0.051713 0.004000 0.012409
v 0.051340 0.004000 0.011955
v 0.051162 0.002258 -0.046179
v 0.051063 0.004000 0.011436
v 0.050892 0.004000 0.010873
v 0.050835 0.004000 0.010288
v 0.051288 0.002258 -0.046592
v 0.050892 0.004000 0.009703
v 0.051063 0.004000 0.009140
v 0.051340 0.004000 0.008621
v 0.051713 0.004000 0.008167
v 0.051491 0.002258 -0.046974
v 0.052168 0.004000 0.007794
v 0.052686 0.004000 0.007516
v 0.053249 0.004000 0.007346
v 0.051766 0.002258 -0.047308
v 0.053835 0.002990 0.007288
v 0.054420 0.002990 0.007346
v 0.052100 0.002258 -0.047582
v 0.054983 0.002990 0.007516
v 0.055501 0.002990 0.007794
v 0.055956 0.002990 0.008167
v 0.056329 0.002990 0.008621
v 0.052481 0.002258 -0.047786
v 0.056606 0.002990 0.009140
v 0.056777 0.002990 0.009703
v 0.056835 0.002990 0.010288
v 0.052895 0.002258 -0.047911
v 0.056777 0.002990 0.010873
v 0.053325 0.002258 -0.046897
v 0.056606 0.002990 0.011436
v 0.053549 0.002258 -0.046875
v 0.053764 0.002258 -0.046810
v 0.056329 0.002990 0.011955
v 0.053963 0.002258 -0.046704
v 0.055956 0.002990 0.012409
v 0.054137 0.002258 -0.046561
v 0.055501 0.002990 0.012782
v 0.054280 0.002258 -0.046387
v 0.054983 0.002990 0.013060
v 0.054386 0.002258 -0.046188
v 0.054420 0.002990 0.013230
v 0.054452 0.002258 -0.045973
v 0.053835 0.002990 0.013288
v 0.054474 0.002258 -0.045748
v 0.053249 0.002990 0.013230
v 0.054452 0.002258 -0.045524
v 0.052686 0.002990 0.013060
v 0.052168 0.002990 0.012782
v 0.054386 0.002258 -0.045309
v 0.051713 0.002990 0.012409
v 0.054280 0.002258 -0.045110
v 0.051340 0.002990 0.011955
v 0.054137 0.002258 -0.044936
v 0.051063 0.002990 0.011436
v 0.053963 0.002258 -0.044793
v 0.050892 0.002990 0.010873
v 0.053764 0.002258 -0.044687
v 0.050835 0.002990 0.010288
v 0.053549 0.002258 -0.044622
v 0.050892 0.002990 0.009703
v 0.053325 0.002258 -0.044600
v 0.051063 0.002990 0.009140
v 0.053101 0.002258 -0.044622
v 0.052885 0.002258 -0.044687
v 0.051340 0.002990 0.008621
v 0.052687 0.002258 -0.044793
v 0.051713 0.002990 0.008167
v 0.052512 0.002258 -0.044936
v 0.052168 0.002990 0.007794
v 0.052370 0.002258 -0.045110
v 0.052686 0.002990 0.007516
v 0.053249 0.002990 0.007346
v 0.052263 0.002258 -0.045309
v 0.053338 0.004000 -0.048709
v 0.052198 0.002258 -0.045524
v 0.053923 0.004000 -0.048651
v 0.052176 0.002258 -0.045748
v 0.052198 0.002258 -0.045973
v 0.054486 0.004000 -0.048481
v 0.055005 0.004000 -0.048203
v 0.052263 0.002258 -0.046188
v 0.052370 0.002258 -0.046387
v 0.055459 0.004000 -0.047830
v 0.052512 0.002258 -0.046561
v 0.055832 0.004000 -0.047376
v 0.056110 0.004000 -0.046857
v 0.052687 0.002258 -0.046704
v 0.052885 0.002258 -0.046810
v 0.056280 0.004000 -0.046294
v 0.053101 0.002258 -0.046875
v 0.056338 0.004000 -0.045709
v 0.056280 0.004000 -0.045124
v 0.056110 0.004000 -0.044561
v 0.055832 0.004000 -0.044042
v 0.055459 0.004000 -0.043588
v 0.055005 0.004000 -0.043215
v 0.054486 0.004000 -0.042937
v 0.053923 0.004000 -0.042767
v 0.053338 0.004000 -0.042709
v 0.052753 0.004000 -0.042767
v 0.052190 0.004000 -0.042937
v 0.051671 0.004000 -0.043215
v 0.051217 0.004000 -0.043588
v 0.050844 0.004000 -0.044042
v 0.050566 0.004000 -0.044561
v 0.050396 0.004000 -0.045124
v 0.050338 0.004000 -0.045709
v 0.050396 0.004000 -0.046294
v 0.050566 0.004000 -0.046857
v 0.050844 0.004000 -0.047376
v 0.051217 0.004000 -0.047830
v 0.051671 0.004000 -0.048203
v 0.052190 0.004000 -0.048481
v 0.052753 0.004000 -0.048651
v 0.053338 0.002990 -0.048709
v 0.053923 0.002990 -0.048651
v 0.054486 0.002990 -0.048481
v 0.055005 0.002990 -0.048203
v 0.055459 0.002990 -0.047830
v 0.055832 0.002990 -0.047376
v 0.056110 0.002990 -0.046857
v 0.056280 0.002990 -0.046294
v 0.056338 0.002990 -0.045709
v 0.056280 0.002990 -0.045124
v 0.056110 0.002990 -0.044561
v 0.055832 0.002990 -0.044042
v 0.055459 0.002990 -0.043588
v 0.055005 0.002990 -0.043215
v 0.054486 0.002990 -0.042937
v 0.053923 0.002990 -0.042767
v 0.053338 0.002990 -0.042709
v 0.052753 0.002990 -0.042767
v 0.052190 0.002990 -0.042937
v 0.051671 0.002990 -0.043215
v 0.051217 0.002990 -0.043588
v 0.050844 0.002990 -0.044042
v 0.050566 0.002990 -0.044561
v 0.050396 0.002990 -0.045124
v 0.050338 0.002990 -0.045709
v 0.050396 0.002990 -0.046294
v 0.050566 0.002990 -0.046857
v 0.050844 0.002990 -0.047376
v 0.051217 0.002990 -0.047830
v 0.051671 0.002990 -0.048203
v 0.052190 0.002990 -0.048481
v 0.052753 0.002990 -0.048651
v -0.011243 0.001806 -0.018555
v -0.011313 0.001806 -0.019268
v -0.011521 0.001806 -0.032467
v -0.011152 0.001806 -0.019980
v -0.011208 0.001806 -0.019412
v -0.010944 0.001806 -0.020666
v -0.010923 0.001806 -0.020794
v -0.011035 0.001806 -0.017869
v -0.010697 0.001806 -0.017238
v -0.010243 0.001806 -0.021851
v -0.010654 0.001806 -0.021297
v -0.010605 0.001806 -0.021409
v -0.010695 0.001806 -0.031681
v -0.010695 0.001806 -0.037756
v -0.010914 0.001806 -0.037576
v -0.010243 0.001806 -0.016684
v -0.011248 0.001806 -0.032135
v -0.010063 0.001806 -0.038094
v -0.009378 0.001806 -0.031136
v -0.009058 0.001806 -0.022643
v -0.009690 0.001806 -0.016230
v -0.009378 0.001806 -0.038302
v -0.008373 0.001806 -0.015684
v -0.008228 0.001806 -0.022865
v -0.008373 0.001806 -0.022851
v -0.008665 0.001806 -0.031065
v -0.008097 0.001806 -0.031121
v -0.007952 0.001806 -0.038302
v -0.009058 0.001806 -0.015892
v -0.008665 0.001806 -0.038372
v -0.007660 0.001806 -0.015614
v -0.009690 0.001806 -0.022305
v -0.010063 0.001806 -0.031344
v -0.006947 0.001806 -0.022851
v -0.007267 0.001806 -0.031344
v -0.006635 0.001806 -0.037756
v -0.005627 0.001806 -0.036748
v -0.006262 0.001806 -0.015892
v -0.006082 0.001806 -0.032135
v -0.005630 0.001806 -0.022305
v -0.006947 0.001806 -0.015684
v -0.006262 0.001806 -0.022643
v -0.006635 0.001806 -0.031681
v -0.006082 0.001806 -0.037302
v -0.005290 0.001806 -0.033321
v -0.005012 0.001806 -0.034719
v -0.005077 0.001806 -0.021851
v -0.005082 0.001806 -0.034006
v -0.005082 0.001806 -0.035431
v -0.004622 0.001806 -0.017238
v -0.004007 0.001806 -0.019268
v -0.004077 0.001806 -0.018555
v -0.004077 0.001806 -0.019980
v -0.004285 0.001806 -0.017869
v -0.004285 0.001806 -0.020666
v -0.005077 0.001806 -0.016684
v -0.004622 0.001806 -0.021297
v -0.005290 0.001806 -0.036117
v -0.005630 0.001806 -0.016230
v -0.005627 0.001806 -0.032689
v -0.007660 0.001806 -0.022921
v -0.007952 0.001806 -0.031136
v -0.007267 0.001806 -0.038094
v -0.015296 0.001806 0.019394
v -0.015225 0.001806 0.020107
v -0.015225 0.001806 0.018681
v -0.014680 0.001806 0.021423
v -0.014680 0.001806 0.017364
v -0.015017 0.001806 0.020792
v -0.015017 0.001806 0.017996
v -0.013672 0.001806 0.022431
v -0.013672 0.001806 0.016356
v -0.012355 0.001806 0.022977
v -0.012355 0.001806 0.015811
v -0.013040 0.001806 0.022769
v -0.013040 0.001806 0.016019
v -0.011642 0.001806 0.023047
v -0.014226 0.001806 0.021977
v -0.014226 0.001806 0.016811
v -0.010930 0.001806 0.022977
v -0.010930 0.001806 0.015811
v -0.009613 0.001806 0.022431
v -0.009613 0.001806 0.016356
v -0.010244 0.001806 0.022769
v -0.010244 0.001806 0.016019
v -0.008605 0.001806 0.021423
v -0.008605 0.001806 0.017364
v -0.007989 0.001806 0.019394
v -0.008045 0.001806 0.018826
v -0.008059 0.001806 0.020107
v -0.008059 0.001806 0.018681
v -0.008267 0.001806 0.020792
v -0.008267 0.001806 0.017996
v -0.009059 0.001806 0.021977
v -0.009059 0.001806 0.016811
v -0.011642 0.001806 0.015741
v 0.056713 0.001806 -0.047107
v 0.027392 0.001806 0.037115
v 0.026839 0.001806 0.037570
v 0.028184 0.001806 0.035930
v 0.027847 0.001806 0.036562
v 0.054051 0.001806 -0.042126
v 0.028392 0.001806 0.035245
v 0.028462 0.001806 0.034532
v 0.028392 0.001806 0.033819
v 0.054736 0.001806 -0.042334
v 0.055368 0.001806 -0.042671
v 0.055921 0.001806 -0.043126
v 0.056991 0.001806 -0.045709
v 0.056921 0.001806 -0.044996
v 0.056921 0.001806 -0.046422
v 0.056375 0.001806 -0.043679
v 0.056713 0.001806 -0.044311
v -0.012248 0.001806 -0.034006
v -0.012318 0.001806 -0.034719
v -0.012040 0.001806 -0.033321
v -0.012248 0.001806 -0.035431
v -0.011703 0.001806 -0.036748
v -0.011248 0.001806 -0.037302
v -0.011703 0.001806 -0.032689
v -0.012040 0.001806 -0.036117
v 0.021156 0.001806 0.034532
v 0.021226 0.001806 0.035245
v 0.021226 0.001806 0.033819
v 0.022226 0.001806 0.031949
v 0.021772 0.001806 0.032502
v 0.021434 0.001806 0.033134
v 0.021434 0.001806 0.035930
v 0.021559 0.001806 0.036163
v 0.023004 0.001806 0.031375
v 0.022780 0.001806 0.031495
v 0.010605 0.001806 0.025206
v 0.010051 0.001806 0.024751
v 0.011236 0.001806 0.025543
v 0.011922 0.001806 0.025751
v 0.012634 0.001806 0.025821
v 0.012634 0.001806 0.018515
v 0.013347 0.001806 0.025751
v 0.013347 0.001806 0.018585
v 0.011922 0.001806 0.018585
v 0.014664 0.001806 0.025206
v 0.014664 0.001806 0.019131
v 0.015672 0.001806 0.024198
v 0.015218 0.001806 0.024751
v 0.015218 0.001806 0.019585
v 0.016010 0.001806 0.020770
v 0.016288 0.001806 0.022168
v 0.016217 0.001806 0.022881
v 0.016217 0.001806 0.021455
v 0.016010 0.001806 0.023566
v 0.015672 0.001806 0.020138
v 0.014032 0.001806 0.025543
v 0.014032 0.001806 0.018793
v 0.008981 0.001806 0.022168
v 0.009051 0.001806 0.022881
v 0.009051 0.001806 0.021455
v 0.009259 0.001806 0.023566
v 0.009259 0.001806 0.020770
v 0.010051 0.001806 0.019585
v 0.011236 0.001806 0.018793
v 0.010605 0.001806 0.019131
v 0.009597 0.001806 0.020138
v 0.009597 0.001806 0.024198
v 0.049754 0.001806 0.034574
v 0.050181 0.001806 0.010288
v 0.049962 0.001806 0.033889
v 0.050251 0.001806 0.011001
v 0.050753 0.001806 0.032704
v 0.050797 0.001806 0.012318
v 0.050299 0.001806 0.033257
v 0.050459 0.001806 0.011686
v 0.050459 0.001806 0.008890
v 0.050251 0.001806 0.009575
v 0.051805 0.001806 0.013326
v 0.051307 0.001806 0.032250
v 0.051251 0.001806 0.012871
v 0.051251 0.001806 0.007705
v 0.052436 0.001806 0.013663
v 0.051939 0.001806 0.031912
v 0.053122 0.001806 0.013871
v 0.052624 0.001806 0.031704
v 0.052436 0.001806 0.006913
v 0.051805 0.001806 0.007250
v 0.050797 0.001806 0.008258
v 0.054049 0.001806 0.031704
v 0.053835 0.001806 0.013941
v 0.053337 0.001806 0.031634
v 0.053835 0.001806 0.006635
v 0.055233 0.001806 0.013663
v 0.054735 0.001806 0.031912
v 0.054547 0.001806 0.013871
v 0.055233 0.001806 0.006913
v 0.054547 0.001806 0.006705
v 0.056872 0.001806 0.008258
v 0.056418 0.001806 0.012871
v 0.056418 0.001806 0.007705
v 0.057210 0.001806 0.011686
v 0.057488 0.001806 0.010288
v 0.057418 0.001806 0.009575
v 0.057418 0.001806 0.011001
v 0.057210 0.001806 0.008890
v 0.056872 0.001806 0.012318
v 0.055864 0.001806 0.007250
v 0.055864 0.001806 0.013326
v 0.053122 0.001806 0.006705
v 0.049678 0.001806 0.073290
v 0.049748 0.001806 0.074003
v 0.049748 0.001806 0.072577
v 0.050294 0.001806 0.071260
v 0.050296 0.001811 0.075318
v 0.049956 0.001806 0.074688
v 0.049956 0.001806 0.071892
v 0.050748 0.001806 0.070707
v 0.051557 0.001806 0.076464
v 0.051301 0.001806 0.070253
v 0.051933 0.001806 0.069915
v 0.052618 0.001806 0.076873
v 0.053331 0.001806 0.069637
v 0.051933 0.001806 0.076665
v 0.052618 0.001806 0.069707
v 0.054044 0.001806 0.076873
v 0.054729 0.001806 0.069915
v 0.055361 0.001806 0.076328
v 0.055914 0.001806 0.075873
v 0.054729 0.001806 0.076665
v 0.055361 0.001806 0.070253
v 0.056369 0.001806 0.075320
v 0.056369 0.001806 0.071260
v 0.056984 0.001806 0.073290
v 0.056914 0.001806 0.074003
v 0.056914 0.001806 0.072577
v 0.056706 0.001806 0.074688
v 0.056706 0.001806 0.071892
v 0.055914 0.001806 0.070707
v 0.054044 0.001806 0.069707
v 0.053331 0.001806 0.076943
v 0.049683 0.001806 0.035287
v 0.049754 0.001806 0.036000
v 0.050753 0.001806 0.037870
v 0.050299 0.001806 0.037317
v 0.049962 0.001806 0.036685
v 0.052624 0.001806 0.038870
v 0.051939 0.001806 0.038662
v 0.054049 0.001806 0.038870
v 0.053337 0.001806 0.038940
v 0.051307 0.001806 0.038325
v 0.055366 0.001806 0.038325
v 0.056374 0.001806 0.033257
v 0.055920 0.001806 0.037870
v 0.055920 0.001806 0.032704
v 0.056712 0.001806 0.036685
v 0.056990 0.001806 0.035287
v 0.056920 0.001806 0.034574
v 0.056920 0.001806 0.036000
v 0.056712 0.001806 0.033889
v 0.056374 0.001806 0.037317
v 0.055366 0.001806 0.032250
v 0.054735 0.001806 0.038662
v 0.024097 0.001806 0.038115
v 0.023794 0.001806 0.038023
v 0.024809 0.001806 0.038185
v 0.026839 0.001806 0.031495
v 0.051955 0.001806 -0.049089
v 0.050300 0.001806 -0.043679
v 0.026031 0.001806 0.031104
v 0.026207 0.001806 0.031157
v 0.025522 0.001806 0.038115
v 0.051308 0.001806 -0.042671
v 0.050755 0.001806 -0.043126
v 0.027477 0.001806 0.032052
v 0.027392 0.001806 0.031949
v 0.052625 0.001806 -0.042126
v 0.052625 0.001806 -0.049292
v 0.053338 0.001806 -0.049362
v 0.054736 0.001806 -0.049084
v 0.054051 0.001806 -0.049292
v 0.051940 0.001806 -0.042334
v 0.021772 0.001806 0.036562
v 0.022226 0.001806 0.037115
v 0.024097 0.001806 0.030949
v 0.023411 0.001806 0.031157
v 0.022473 0.001806 0.037318
v 0.024473 0.001806 0.030912
v 0.022780 0.001806 0.037570
v 0.023411 0.001806 0.037907
v 0.024809 0.001806 0.030879
v 0.025522 0.001806 0.030949
v 0.049755 0.001806 -0.044996
v 0.049755 0.001806 -0.046422
v 0.049963 0.001806 -0.044311
v 0.049685 0.001806 -0.045709
v 0.050300 0.001806 -0.047739
v 0.049963 0.001806 -0.047107
v 0.051308 0.001806 -0.048747
v 0.050755 0.001806 -0.048292
v 0.026207 0.001806 0.037907
v 0.028184 0.001806 0.033134
v 0.027847 0.001806 0.032502
v 0.055368 0.001806 -0.048747
v 0.053338 0.001806 -0.042056
v 0.050759 0.001835 0.075862
v 0.051307 0.001824 0.076319
v 0.055921 0.001806 -0.048292
v 0.056375 0.001806 -0.047739
v -0.074324 0.001806 -0.025715
v -0.074253 0.001806 -0.025002
v -0.074253 0.001806 -0.026427
v -0.074046 0.001806 -0.024317
v -0.074046 0.001806 -0.027113
v -0.073708 0.001806 -0.023685
v -0.073254 0.001806 -0.028298
v -0.072700 0.001806 -0.022677
v -0.073254 0.001806 -0.023131
v -0.072700 0.001806 -0.028752
v -0.073708 0.001806 -0.027744
v -0.072068 0.001806 -0.029090
v -0.071383 0.001806 -0.022132
v -0.071383 0.001806 -0.029298
v -0.069958 0.001806 -0.029298
v -0.070670 0.001806 -0.022061
v -0.070670 0.001806 -0.029368
v -0.069272 0.001806 -0.022339
v -0.068087 0.001806 -0.023131
v -0.068087 0.001806 -0.028298
v -0.068641 0.001806 -0.022677
v -0.068641 0.001806 -0.028752
v -0.069958 0.001806 -0.022132
v -0.069272 0.001806 -0.029090
v -0.072068 0.001806 -0.022339
v -0.067017 0.001806 -0.025715
v -0.067087 0.001806 -0.025002
v -0.067087 0.001806 -0.026427
v -0.067295 0.001806 -0.024317
v -0.067295 0.001806 -0.027113
v -0.059242 0.001806 0.039998
v -0.059312 0.001806 0.039286
v -0.059034 0.001806 0.040684
v -0.059034 0.001806 0.037888
v -0.058696 0.001806 0.041315
v -0.059242 0.001806 0.038573
v -0.058242 0.001806 0.036702
v -0.056371 0.001806 0.035703
v -0.057057 0.001806 0.035910
v -0.058242 0.001806 0.041869
v -0.057688 0.001806 0.036248
v -0.039330 0.001806 -0.038714
v -0.039051 0.001806 -0.037316
v -0.039051 0.001806 -0.040112
v -0.039259 0.001806 -0.038001
v -0.039259 0.001806 -0.039426
v -0.055659 0.001806 0.035632
v -0.058696 0.001806 0.037256
v -0.067633 0.001806 -0.027744
v -0.067633 0.001806 -0.023685
v -0.037706 0.001806 -0.035676
v -0.037706 0.001806 -0.041751
v -0.038260 0.001806 -0.036131
v -0.038260 0.001806 -0.041297
v -0.036389 0.001806 -0.042297
v -0.036389 0.001806 -0.035131
v -0.037074 0.001806 -0.035339
v -0.037074 0.001806 -0.042089
v -0.035587 0.001806 -0.021787
v -0.035620 0.001806 -0.021931
v -0.035309 0.001806 -0.020389
v -0.035162 0.001806 -0.019757
v -0.035183 0.001806 -0.019885
v -0.035517 0.001806 -0.021074
v -0.034571 0.001806 -0.018749
v -0.034633 0.001806 -0.018841
v -0.034923 0.001806 -0.019204
v -0.034962 0.001806 -0.019316
v -0.034571 0.001806 -0.024824
v -0.034964 0.001806 -0.035131
v -0.035108 0.001806 -0.035117
v -0.034964 0.001806 -0.042297
v -0.035708 0.001806 -0.022500
v -0.035719 0.001806 -0.022638
v -0.035715 0.001806 -0.023185
v -0.035696 0.001806 -0.023313
v -0.035124 0.001806 -0.024370
v -0.035578 0.001806 -0.023816
v -0.038714 0.001806 -0.036684
v -0.035676 0.001806 -0.035061
v -0.035676 0.001806 -0.042367
v -0.033939 0.001806 -0.018412
v -0.033647 0.001806 -0.035676
v -0.033647 0.001806 -0.041751
v -0.032541 0.001806 -0.025440
v -0.033109 0.001806 -0.025384
v -0.032639 0.001806 -0.036684
v -0.032570 0.001806 -0.040615
v -0.032639 0.001806 -0.040743
v -0.033254 0.001806 -0.018204
v -0.033254 0.001806 -0.025370
v -0.033093 0.001806 -0.036131
v -0.033093 0.001806 -0.041297
v -0.032023 0.001806 -0.038714
v -0.032093 0.001806 -0.038001
v -0.032093 0.001806 -0.039426
v -0.030511 0.001806 -0.024824
v -0.029503 0.001806 -0.023816
v -0.029166 0.001806 -0.023185
v -0.029958 0.001806 -0.024370
v -0.031828 0.001806 -0.018204
v -0.031143 0.001806 -0.025162
v -0.032301 0.001806 -0.037316
v -0.032301 0.001806 -0.040112
v -0.032541 0.001806 -0.018134
v -0.031828 0.001806 -0.025370
v -0.033939 0.001806 -0.025162
v -0.034278 0.001806 -0.035339
v -0.034278 0.001806 -0.042089
v -0.038714 0.001806 -0.040743
v -0.057057 0.001806 0.042661
v -0.057688 0.001806 0.042323
v -0.055659 0.001806 0.042939
v -0.054946 0.001806 0.035703
v -0.054946 0.001806 0.042869
v -0.056371 0.001806 0.042869
v -0.054261 0.001806 0.042661
v -0.053629 0.001806 0.036248
v -0.053075 0.001806 0.041869
v -0.052621 0.001806 0.037256
v -0.053629 0.001806 0.042323
v -0.053075 0.001806 0.036702
v -0.054261 0.001806 0.035910
v -0.052283 0.001806 0.040684
v -0.052005 0.001806 0.039286
v -0.038251 0.001806 0.023222
v -0.052076 0.001806 0.039998
v -0.052076 0.001806 0.038573
v -0.037973 0.001806 0.024620
v -0.037973 0.001806 0.021824
v -0.037181 0.001806 0.025805
v -0.037181 0.001806 0.020639
v -0.037635 0.001806 0.025252
v -0.037635 0.001806 0.021192
v -0.036627 0.001806 0.026260
v -0.052283 0.001806 0.037888
v -0.038180 0.001806 0.023935
v -0.038180 0.001806 0.022509
v -0.052621 0.001806 0.041315
v -0.035995 0.001806 0.026597
v -0.035995 0.001806 0.019847
v -0.034597 0.001806 0.026875
v -0.034597 0.001806 0.019569
v -0.035310 0.001806 0.026805
v -0.035310 0.001806 0.019639
v -0.033199 0.001806 0.026597
v -0.033199 0.001806 0.019847
v -0.032014 0.001806 0.025805
v -0.032014 0.001806 0.020639
v -0.032568 0.001806 0.026260
v -0.032568 0.001806 0.020185
v -0.033885 0.001806 0.026805
v -0.033885 0.001806 0.019639
v -0.031222 0.001806 0.021824
v -0.030944 0.001806 0.023222
v -0.031014 0.001806 0.023935
v -0.031222 0.001806 0.024620
v -0.031014 0.001806 0.022509
v -0.031143 0.001806 -0.018412
v -0.029958 0.001806 -0.019204
v -0.029503 0.001806 -0.019757
v -0.028888 0.001806 -0.021787
v -0.028958 0.001806 -0.021074
v -0.028958 0.001806 -0.022500
v -0.029166 0.001806 -0.020389
v -0.031560 0.001806 0.021192
v -0.030511 0.001806 -0.018749
v -0.031560 0.001806 0.025252
v -0.036627 0.001806 0.020185
v -0.073013 -0.000038 -0.025754
v -0.072968 -0.000038 -0.025300
v -0.072968 -0.000038 -0.026208
v -0.072835 -0.000038 -0.024863
v -0.072835 -0.000038 -0.026645
v -0.071978 -0.000038 -0.023817
v -0.071978 -0.000038 -0.027690
v -0.072330 -0.000038 -0.024107
v -0.072330 -0.000038 -0.027401
v -0.072620 -0.000038 -0.024460
v -0.072620 -0.000038 -0.027048
v -0.071138 -0.000038 -0.028038
v -0.070684 -0.000038 -0.023425
v -0.071138 -0.000038 -0.023470
v -0.070684 -0.000038 -0.028083
v -0.069792 -0.000038 -0.023602
v -0.069792 -0.000038 -0.027906
v -0.069037 -0.000038 -0.027401
v -0.069390 -0.000038 -0.023817
v -0.069390 -0.000038 -0.027690
v -0.070229 -0.000038 -0.023470
v -0.070229 -0.000038 -0.028038
v -0.071575 -0.000038 -0.023602
v -0.071575 -0.000038 -0.027906
v -0.068747 -0.000038 -0.024460
v -0.068399 -0.000038 -0.025300
v -0.068399 -0.000038 -0.026208
v -0.068532 -0.000038 -0.024863
v -0.068532 -0.000038 -0.026645
v -0.038018 -0.000038 -0.038753
v -0.037841 -0.000038 -0.037862
v -0.037841 -0.000038 -0.039644
v -0.037974 -0.000038 -0.038299
v -0.037974 -0.000038 -0.039208
v -0.068355 -0.000038 -0.025754
v -0.037626 -0.000038 -0.037459
v -0.068747 -0.000038 -0.027048
v -0.037336 -0.000038 -0.040400
v -0.036983 -0.000038 -0.036817
v -0.037336 -0.000038 -0.037106
v -0.036983 -0.000038 -0.040690
v -0.036144 -0.000038 -0.036469
v -0.036144 -0.000038 -0.041037
v -0.035235 -0.000038 -0.041037
v -0.035689 -0.000038 -0.036424
v -0.035381 -0.000038 -0.036455
v -0.035689 -0.000038 -0.041082
v -0.036581 -0.000038 -0.036601
v -0.036581 -0.000038 -0.040905
v -0.037626 -0.000038 -0.040047
v -0.069037 -0.000038 -0.024107
v -0.034883 -0.000038 -0.021826
v -0.034838 -0.000038 -0.021372
v -0.034838 -0.000038 -0.022281
v -0.034490 -0.000038 -0.020532
v -0.034490 -0.000038 -0.023120
v -0.034396 -0.000038 -0.040690
v -0.034706 -0.000038 -0.020935
v -0.034706 -0.000038 -0.022717
v -0.034798 -0.000038 -0.036601
v -0.033848 -0.000038 -0.019890
v -0.034043 -0.000038 -0.037106
v -0.033538 -0.000038 -0.037862
v -0.033538 -0.000038 -0.039644
v -0.033684 -0.000038 -0.039918
v -0.033719 -0.000038 0.021031
v -0.033445 -0.000038 -0.019675
v -0.033848 -0.000038 -0.023763
v -0.033753 -0.000038 -0.037459
v -0.033753 -0.000038 -0.040047
v -0.034201 -0.000038 -0.020179
v -0.034201 -0.000038 -0.023473
v -0.034396 -0.000038 -0.036817
v -0.034043 -0.000038 -0.040400
v -0.033360 -0.000038 -0.038753
v -0.033008 -0.000038 -0.019542
v -0.032964 -0.000038 0.021536
v -0.032863 -0.000038 -0.024125
v -0.033008 -0.000038 -0.024110
v -0.032459 -0.000038 0.022291
v -0.032100 -0.000038 -0.019542
v -0.032100 -0.000038 -0.024110
v -0.032674 -0.000038 0.021889
v -0.032554 -0.000038 -0.019497
v -0.032554 -0.000038 -0.024155
v -0.031260 -0.000038 -0.023763
v -0.030907 -0.000038 -0.020179
v -0.031260 -0.000038 -0.019890
v -0.030907 -0.000038 -0.023473
v -0.030402 -0.000038 -0.020935
v -0.030402 -0.000038 -0.022717
v -0.030225 -0.000038 -0.021826
v -0.030270 -0.000038 -0.021372
v -0.030270 -0.000038 -0.022281
v -0.030618 -0.000038 -0.020532
v -0.030618 -0.000038 -0.023120
v -0.033317 -0.000038 0.021246
v -0.031663 -0.000038 -0.019675
v -0.031663 -0.000038 -0.023978
v -0.033445 -0.000038 -0.023978
v -0.033405 -0.000038 -0.038299
v -0.033405 -0.000038 -0.039208
v -0.034798 -0.000038 -0.040905
v -0.035235 -0.000038 -0.036469
v -0.057956 -0.000038 0.039701
v -0.058001 -0.000038 0.039246
v -0.057956 -0.000038 0.038792
v -0.057823 -0.000038 0.040137
v -0.057823 -0.000038 0.038355
v -0.057608 -0.000038 0.040540
v -0.057608 -0.000038 0.037952
v -0.057319 -0.000038 0.040893
v -0.057319 -0.000038 0.037599
v -0.056563 -0.000038 0.041398
v -0.056563 -0.000038 0.037094
v -0.056966 -0.000038 0.041183
v -0.056966 -0.000038 0.037310
v -0.056126 -0.000038 0.041530
v -0.055672 -0.000038 0.041575
v -0.055672 -0.000038 0.036917
v -0.054780 -0.000038 0.041398
v -0.054780 -0.000038 0.037094
v -0.055217 -0.000038 0.041530
v -0.055217 -0.000038 0.036962
v -0.054025 -0.000038 0.040893
v -0.054025 -0.000038 0.037599
v -0.053520 -0.000038 0.040137
v -0.053520 -0.000038 0.038355
v -0.053735 -0.000038 0.040540
v -0.053735 -0.000038 0.037952
v -0.054378 -0.000038 0.041183
v -0.054378 -0.000038 0.037310
v -0.056126 -0.000038 0.036962
v -0.036940 -0.000038 0.023183
v -0.053343 -0.000038 0.039246
v -0.036762 -0.000038 0.024074
v -0.036762 -0.000038 0.022291
v -0.036895 -0.000038 0.023637
v -0.036895 -0.000038 0.022728
v -0.036257 -0.000038 0.024830
v -0.036257 -0.000038 0.021536
v -0.035502 -0.000038 0.025334
v -0.035502 -0.000038 0.021031
v -0.035904 -0.000038 0.025119
v -0.035904 -0.000038 0.021246
v -0.053387 -0.000038 0.038792
v -0.036547 -0.000038 0.024477
v -0.036547 -0.000038 0.021889
v -0.034611 -0.000038 0.020854
v -0.033719 -0.000038 0.025334
v -0.034156 -0.000038 0.025467
v -0.034611 -0.000038 0.025512
v -0.034156 -0.000038 0.020898
v -0.032964 -0.000038 0.024830
v -0.032674 -0.000038 0.024477
v -0.032282 -0.000038 0.023183
v -0.032326 -0.000038 0.023637
v -0.032326 -0.000038 0.022728
v -0.033317 -0.000038 0.025119
v -0.032459 -0.000038 0.024074
v -0.035065 -0.000038 0.025467
v -0.035065 -0.000038 0.020898
v -0.053387 -0.000038 0.039701
v 0.054619 -0.000038 -0.043812
v 0.054216 -0.000038 -0.043597
v 0.055261 -0.000038 -0.044455
v 0.054972 -0.000038 -0.044102
v 0.055654 -0.000038 -0.045748
v 0.055609 -0.000038 -0.046203
v 0.055476 -0.000038 -0.044857
v 0.055609 -0.000038 -0.045294
v 0.055476 -0.000038 -0.046640
v 0.010305 -0.000038 0.022168
v 0.010350 -0.000038 0.022622
v 0.010350 -0.000038 0.021714
v 0.010698 -0.000038 0.023462
v 0.010698 -0.000038 0.020874
v 0.010483 -0.000038 0.023059
v 0.010483 -0.000038 0.021277
v 0.011341 -0.000038 0.024105
v 0.011341 -0.000038 0.020232
v 0.012180 -0.000038 0.024452
v 0.012180 -0.000038 0.019884
v 0.011743 -0.000038 0.024320
v 0.011743 -0.000038 0.020016
v 0.010988 -0.000038 0.023815
v 0.010988 -0.000038 0.020521
v 0.013089 -0.000038 0.024452
v 0.013089 -0.000038 0.019884
v 0.013928 -0.000038 0.024105
v 0.013928 -0.000038 0.020232
v 0.013526 -0.000038 0.024320
v 0.013526 -0.000038 0.020016
v 0.014571 -0.000038 0.023462
v 0.014571 -0.000038 0.020874
v 0.014963 -0.000038 0.022168
v 0.014919 -0.000038 0.022622
v 0.014919 -0.000038 0.021714
v 0.014786 -0.000038 0.023059
v 0.014786 -0.000038 0.021277
v 0.014281 -0.000038 0.023815
v 0.014281 -0.000038 0.020521
v 0.012634 -0.000038 0.019839
v 0.012634 -0.000038 0.024497
v 0.024319 -0.000038 0.036807
v 0.024136 -0.000038 0.036752
v 0.025665 -0.000038 0.032371
v 0.025564 -0.000038 0.032341
v 0.050996 -0.000038 -0.045748
v 0.051041 -0.000038 -0.045294
v 0.051173 -0.000038 -0.044857
v 0.051173 -0.000038 -0.046640
v 0.051388 -0.000038 -0.044455
v 0.051041 -0.000038 -0.046203
v 0.051678 -0.000038 -0.047395
v 0.052031 -0.000038 -0.043812
v 0.051678 -0.000038 -0.044102
v 0.052031 -0.000038 -0.047685
v 0.052870 -0.000038 -0.048033
v 0.052434 -0.000038 -0.047900
v 0.053779 -0.000038 -0.048033
v 0.053325 -0.000038 -0.048077
v 0.052434 -0.000038 -0.043597
v 0.051388 -0.000038 -0.047042
v 0.024773 -0.000038 0.036852
v 0.025665 -0.000038 0.036675
v 0.025955 -0.000038 0.036520
v 0.025228 -0.000038 0.036807
v 0.026420 -0.000038 0.032876
v 0.026710 -0.000038 0.033229
v 0.054216 -0.000038 -0.047900
v 0.026925 -0.000038 0.033632
v 0.026067 -0.000038 0.032587
v 0.022837 -0.000038 0.035817
v 0.023882 -0.000038 0.032371
v 0.023479 -0.000038 0.036460
v 0.023882 -0.000038 0.036675
v 0.023126 -0.000038 0.036170
v 0.024319 -0.000038 0.032239
v 0.025228 -0.000038 0.032239
v 0.024773 -0.000038 0.032194
v 0.052870 -0.000038 -0.043464
v 0.053325 -0.000038 -0.043419
v 0.053779 -0.000038 -0.043464
v 0.054972 -0.000038 -0.047395
v 0.055261 -0.000038 -0.047042
v 0.054619 -0.000038 -0.047685
v 0.026420 -0.000038 0.036170
v 0.026067 -0.000038 0.036460
v 0.026710 -0.000038 0.035817
v 0.026925 -0.000038 0.035414
v 0.027102 -0.000038 0.034523
v 0.027058 -0.000038 0.034977
v 0.027058 -0.000038 0.034069
v 0.022444 -0.000038 0.034523
v 0.022622 -0.000038 0.035414
v 0.022489 -0.000038 0.034977
v 0.022489 -0.000038 0.034069
v 0.022622 -0.000038 0.033632
v 0.022837 -0.000038 0.033229
v 0.023479 -0.000038 0.032587
v 0.023126 -0.000038 0.032876
v 0.050989 -0.000038 0.073251
v 0.051034 -0.000038 0.073705
v 0.051034 -0.000038 0.072796
v 0.051381 -0.000038 0.074545
v 0.051381 -0.000038 0.071957
v 0.051166 -0.000038 0.074142
v 0.051166 -0.000038 0.072359
v 0.052024 -0.000038 0.075187
v 0.052024 -0.000038 0.071314
v 0.052864 -0.000038 0.075535
v 0.052864 -0.000038 0.070966
v 0.052427 -0.000038 0.075402
v 0.052427 -0.000038 0.071099
v 0.051671 -0.000038 0.074898
v 0.051671 -0.000038 0.071604
v 0.053772 -0.000038 0.075535
v 0.053772 -0.000038 0.070966
v 0.054612 -0.000038 0.075187
v 0.054612 -0.000038 0.071314
v 0.054209 -0.000038 0.075402
v 0.054209 -0.000038 0.071099
v 0.055254 -0.000038 0.074545
v 0.055470 -0.000038 0.074142
v 0.055254 -0.000038 0.071957
v 0.055647 -0.000038 0.073251
v 0.055602 -0.000038 0.072796
v 0.055602 -0.000038 0.073705
v 0.055470 -0.000038 0.072359
v 0.054965 -0.000038 0.074898
v 0.054965 -0.000038 0.071604
v 0.053318 -0.000038 0.075580
v 0.053318 -0.000038 0.070922
v 0.051387 -0.000038 0.033954
v 0.051492 -0.000038 0.010249
v 0.051537 -0.000038 0.010703
v 0.051537 -0.000038 0.009794
v 0.051670 -0.000038 0.011140
v 0.051670 -0.000038 0.009357
v 0.051677 -0.000038 0.033601
v 0.051885 -0.000038 0.011543
v 0.052432 -0.000038 0.033096
v 0.052527 -0.000038 0.012185
v 0.052030 -0.000038 0.033311
v 0.052175 -0.000038 0.011895
v 0.052175 -0.000038 0.008602
v 0.052869 -0.000038 0.032963
v 0.052930 -0.000038 0.012400
v 0.052930 -0.000038 0.008097
v 0.052527 -0.000038 0.008312
v 0.051885 -0.000038 0.008955
v 0.053821 -0.000038 0.012578
v 0.053821 -0.000038 0.007920
v 0.054713 -0.000038 0.012400
v 0.054713 -0.000038 0.008097
v 0.055115 -0.000038 0.012185
v 0.054276 -0.000038 0.012533
v 0.054276 -0.000038 0.007964
v 0.055468 -0.000038 0.008602
v 0.055758 -0.000038 0.011543
v 0.055468 -0.000038 0.011895
v 0.055758 -0.000038 0.008955
v 0.056150 -0.000038 0.010249
v 0.056106 -0.000038 0.009794
v 0.055973 -0.000038 0.011140
v 0.056106 -0.000038 0.010703
v 0.055973 -0.000038 0.009357
v 0.055115 -0.000038 0.008312
v 0.053367 -0.000038 0.007964
v 0.053324 -0.000038 0.032919
v 0.053367 -0.000038 0.012533
v 0.050995 -0.000038 0.035248
v 0.051039 -0.000038 0.035702
v 0.051039 -0.000038 0.034793
v 0.051387 -0.000038 0.036542
v 0.051318 -0.000038 0.036413
v 0.051172 -0.000038 0.036139
v 0.051172 -0.000038 0.034356
v 0.052432 -0.000038 0.037399
v 0.052030 -0.000038 0.037184
v 0.053324 -0.000038 0.037577
v 0.053778 -0.000038 0.032963
v 0.052869 -0.000038 0.037532
v 0.051677 -0.000038 0.036895
v 0.054215 -0.000038 0.037399
v 0.054970 -0.000038 0.036895
v 0.054970 -0.000038 0.033601
v 0.054617 -0.000038 0.037184
v 0.054617 -0.000038 0.033311
v 0.055475 -0.000038 0.036139
v 0.055475 -0.000038 0.034356
v 0.055653 -0.000038 0.035248
v 0.055608 -0.000038 0.035702
v 0.055608 -0.000038 0.034793
v 0.055260 -0.000038 0.033954
v 0.055260 -0.000038 0.036542
v 0.054215 -0.000038 0.033096
v 0.053778 -0.000038 0.037532
v -0.011007 -0.000038 -0.034758
v -0.010962 -0.000038 -0.034304
v -0.010962 -0.000038 -0.035212
v -0.010615 -0.000038 -0.033464
v -0.010615 -0.000038 -0.036052
v -0.010830 -0.000038 -0.033867
v -0.010830 -0.000038 -0.035649
v -0.009957 -0.000038 -0.018853
v -0.010002 -0.000038 -0.019307
v -0.009957 -0.000038 -0.019761
v -0.009972 -0.000038 -0.036695
v -0.009825 -0.000038 -0.018416
v -0.009825 -0.000038 -0.020198
v -0.010325 -0.000038 -0.033111
v -0.010325 -0.000038 -0.036405
v -0.009320 -0.000038 -0.020954
v -0.009610 -0.000038 -0.018013
v -0.009610 -0.000038 -0.020601
v -0.009569 -0.000038 -0.032606
v -0.009569 -0.000038 -0.036910
v -0.008967 -0.000038 -0.017370
v -0.008564 -0.000038 -0.017155
v -0.008564 -0.000038 -0.021459
v -0.008678 -0.000038 -0.032429
v -0.008369 -0.000038 -0.032459
v -0.008678 -0.000038 -0.037087
v -0.009320 -0.000038 -0.017660
v -0.008967 -0.000038 -0.021243
v -0.009132 -0.000038 -0.032474
v -0.009132 -0.000038 -0.037042
v -0.009972 -0.000038 -0.032822
v -0.007673 -0.000038 -0.021636
v -0.007982 -0.000038 -0.021606
v -0.007787 -0.000038 -0.032606
v -0.007787 -0.000038 -0.036910
v -0.006742 -0.000038 -0.036052
v -0.007219 -0.000038 -0.017023
v -0.006782 -0.000038 -0.021459
v -0.007031 -0.000038 -0.033111
v -0.007031 -0.000038 -0.036405
v -0.007673 -0.000038 -0.016978
v -0.007219 -0.000038 -0.021591
v -0.007384 -0.000038 -0.032822
v -0.007384 -0.000038 -0.036695
v -0.006526 -0.000038 -0.033867
v -0.006349 -0.000038 -0.034758
v -0.006379 -0.000038 -0.017370
v -0.006394 -0.000038 -0.034304
v -0.006394 -0.000038 -0.035212
v -0.005737 -0.000038 -0.018013
v -0.005737 -0.000038 -0.020601
v -0.005344 -0.000038 -0.019307
v -0.005389 -0.000038 -0.019761
v -0.005389 -0.000038 -0.018853
v -0.005521 -0.000038 -0.020198
v -0.005521 -0.000038 -0.018416
v -0.006026 -0.000038 -0.017660
v -0.006026 -0.000038 -0.020954
v -0.006526 -0.000038 -0.035649
v -0.006782 -0.000038 -0.017155
v -0.006379 -0.000038 -0.021243
v -0.006742 -0.000038 -0.033464
v -0.008127 -0.000038 -0.017023
v -0.008127 -0.000038 -0.021591
v -0.008224 -0.000038 -0.032474
v -0.008224 -0.000038 -0.037042
v -0.013984 -0.000038 0.019354
v -0.013940 -0.000038 0.019809
v -0.013940 -0.000038 0.018900
v -0.013592 -0.000038 0.020648
v -0.013592 -0.000038 0.018060
v -0.013807 -0.000038 0.020246
v -0.013807 -0.000038 0.018463
v -0.012949 -0.000038 0.021291
v -0.012949 -0.000038 0.017418
v -0.012110 -0.000038 0.021639
v -0.012110 -0.000038 0.017070
v -0.012547 -0.000038 0.021506
v -0.012547 -0.000038 0.017203
v -0.011655 -0.000038 0.021683
v -0.013302 -0.000038 0.021001
v -0.013302 -0.000038 0.017708
v -0.011201 -0.000038 0.021639
v -0.011201 -0.000038 0.017070
v -0.010362 -0.000038 0.021291
v -0.010362 -0.000038 0.017418
v -0.010764 -0.000038 0.021506
v -0.010764 -0.000038 0.017203
v -0.009719 -0.000038 0.020648
v -0.009719 -0.000038 0.018060
v -0.009326 -0.000038 0.019354
v -0.009371 -0.000038 0.019809
v -0.009371 -0.000038 0.018900
v -0.009504 -0.000038 0.020246
v -0.009504 -0.000038 0.018463
v -0.010009 -0.000038 0.021001
v -0.010009 -0.000038 0.017708
v -0.011655 -0.000038 0.017025
v 0.023624 0.004000 0.034523
v 0.023647 0.004000 0.034747
v 0.023647 0.004000 0.034299
v 0.023961 0.004000 0.033711
v 0.023818 0.004000 0.035161
v 0.023818 0.004000 0.033885
v 0.023712 0.004000 0.034963
v 0.023712 0.004000 0.034083
v 0.024334 0.004000 0.033462
v 0.024773 0.004000 0.033374
v 0.024549 0.004000 0.033396
v 0.025412 0.004000 0.033568
v 0.025213 0.004000 0.033462
v 0.025729 0.004000 0.033885
v 0.025586 0.004000 0.033711
v 0.024997 0.004000 0.033396
v 0.024135 0.004000 0.033568
v 0.023961 0.004000 0.035335
v 0.024334 0.004000 0.035585
v 0.024135 0.004000 0.035478
v 0.024773 0.004000 0.035672
v 0.025213 0.004000 0.035585
v 0.024997 0.004000 0.035650
v 0.024549 0.004000 0.035650
v 0.025586 0.004000 0.035335
v 0.025729 0.004000 0.035161
v 0.025922 0.004000 0.034523
v 0.025900 0.004000 0.034747
v 0.025900 0.004000 0.034299
v 0.025835 0.004000 0.034963
v 0.025835 0.004000 0.034083
v 0.025412 0.004000 0.035478
v -0.008678 0.004000 -0.033609
v -0.008454 0.004000 -0.033631
v -0.008040 0.004000 -0.035713
v -0.008040 0.004000 -0.033803
v -0.008238 0.004000 -0.035820
v -0.008238 0.004000 -0.033697
v -0.007723 0.004000 -0.034120
v -0.007723 0.004000 -0.035396
v -0.007529 0.004000 -0.034758
v -0.007551 0.004000 -0.034982
v -0.007551 0.004000 -0.034534
v -0.007617 0.004000 -0.035198
v -0.007866 0.004000 -0.033946
v -0.007617 0.004000 -0.034318
v -0.007866 0.004000 -0.035570
v -0.009827 0.004000 -0.034758
v -0.009740 0.004000 -0.034318
v -0.009805 0.004000 -0.034534
v -0.009805 0.004000 -0.034982
v -0.009490 0.004000 -0.035570
v -0.009633 0.004000 -0.034120
v -0.009633 0.004000 -0.035396
v -0.009740 0.004000 -0.035198
v -0.009118 0.004000 -0.033697
v -0.009316 0.004000 -0.033803
v -0.009118 0.004000 -0.035820
v -0.008902 0.004000 -0.033631
v -0.008454 0.004000 -0.035885
v -0.008678 0.004000 -0.035907
v -0.008902 0.004000 -0.035885
v -0.009316 0.004000 -0.035713
v -0.009490 0.004000 -0.033946
v -0.035689 0.004000 -0.037604
v -0.035465 0.004000 -0.037626
v -0.035051 0.004000 -0.039708
v -0.035051 0.004000 -0.037798
v -0.035250 0.004000 -0.039815
v -0.035250 0.004000 -0.037692
v -0.034734 0.004000 -0.038115
v -0.034734 0.004000 -0.039391
v -0.034541 0.004000 -0.038753
v -0.034563 0.004000 -0.038977
v -0.034563 0.004000 -0.038529
v -0.034628 0.004000 -0.039193
v -0.034877 0.004000 -0.037941
v -0.034628 0.004000 -0.038314
v -0.034877 0.004000 -0.039566
v -0.036838 0.004000 -0.038753
v -0.036751 0.004000 -0.038314
v -0.036816 0.004000 -0.038529
v -0.036816 0.004000 -0.038977
v -0.036502 0.004000 -0.039566
v -0.036645 0.004000 -0.038115
v -0.036645 0.004000 -0.039391
v -0.036751 0.004000 -0.039193
v -0.036129 0.004000 -0.037692
v -0.036328 0.004000 -0.037798
v -0.036129 0.004000 -0.039815
v -0.035914 0.004000 -0.037626
v -0.035465 0.004000 -0.039880
v -0.035689 0.004000 -0.039902
v -0.035914 0.004000 -0.039880
v -0.036328 0.004000 -0.039708
v -0.036502 0.004000 -0.037941
v -0.056821 0.004000 0.039246
v -0.056733 0.004000 0.038807
v -0.056799 0.004000 0.039022
v -0.056627 0.004000 0.038608
v -0.056310 0.004000 0.038291
v -0.056484 0.004000 0.038434
v -0.055896 0.004000 0.038119
v -0.056111 0.004000 0.038185
v -0.055448 0.004000 0.038119
v -0.055033 0.004000 0.038291
v -0.055232 0.004000 0.038185
v -0.054859 0.004000 0.038434
v -0.054610 0.004000 0.038807
v -0.054716 0.004000 0.038608
v -0.054523 0.004000 0.039246
v -0.054545 0.004000 0.039022
v -0.055672 0.004000 0.038097
v -0.056799 0.004000 0.039470
v -0.056627 0.004000 0.039884
v -0.056733 0.004000 0.039686
v -0.056310 0.004000 0.040201
v -0.055896 0.004000 0.040373
v -0.056111 0.004000 0.040308
v -0.056484 0.004000 0.040059
v -0.055448 0.004000 0.040373
v -0.055033 0.004000 0.040201
v -0.054859 0.004000 0.040059
v -0.055232 0.004000 0.040308
v -0.054716 0.004000 0.039884
v -0.054545 0.004000 0.039470
v -0.054610 0.004000 0.039686
v -0.055672 0.004000 0.040395
v 0.011486 0.004000 0.022168
v 0.011508 0.004000 0.022392
v 0.011508 0.004000 0.021944
v 0.011679 0.004000 0.022806
v 0.011679 0.004000 0.021530
v 0.011573 0.004000 0.022608
v 0.011573 0.004000 0.021728
v 0.011822 0.004000 0.021356
v 0.011996 0.004000 0.021213
v 0.012634 0.004000 0.021019
v 0.012410 0.004000 0.021041
v 0.012195 0.004000 0.021107
v 0.013074 0.004000 0.021107
v 0.013447 0.004000 0.021356
v 0.013273 0.004000 0.021213
v 0.012859 0.004000 0.021041
v 0.011822 0.004000 0.022980
v 0.012195 0.004000 0.023230
v 0.011996 0.004000 0.023123
v 0.012634 0.004000 0.023317
v 0.013074 0.004000 0.023230
v 0.012859 0.004000 0.023295
v 0.012410 0.004000 0.023295
v 0.013447 0.004000 0.022980
v 0.013590 0.004000 0.022806
v 0.013590 0.004000 0.021530
v 0.013783 0.004000 0.022168
v 0.013761 0.004000 0.022392
v 0.013761 0.004000 0.021944
v 0.013696 0.004000 0.021728
v 0.013696 0.004000 0.022608
v 0.013273 0.004000 0.023123
v -0.012804 0.004000 0.019354
v -0.012782 0.004000 0.019579
v -0.012782 0.004000 0.019130
v -0.012717 0.004000 0.018915
v -0.012468 0.004000 0.018542
v -0.012611 0.004000 0.018716
v -0.012095 0.004000 0.018293
v -0.012294 0.004000 0.018399
v -0.011655 0.004000 0.018206
v -0.011216 0.004000 0.018293
v -0.011431 0.004000 0.018228
v -0.010700 0.004000 0.018716
v -0.010843 0.004000 0.018542
v -0.010529 0.004000 0.019130
v -0.010594 0.004000 0.018915
v -0.011017 0.004000 0.018399
v -0.011880 0.004000 0.018228
v -0.012717 0.004000 0.019794
v -0.012468 0.004000 0.020167
v -0.012611 0.004000 0.019993
v -0.012095 0.004000 0.020416
v -0.011655 0.004000 0.020503
v -0.011880 0.004000 0.020481
v -0.012294 0.004000 0.020310
v -0.011216 0.004000 0.020416
v -0.010843 0.004000 0.020167
v -0.010700 0.004000 0.019993
v -0.011017 0.004000 0.020310
v -0.010594 0.004000 0.019794
v -0.010507 0.004000 0.019354
v -0.010529 0.004000 0.019579
v -0.011431 0.004000 0.020481
v 0.053318 0.004000 0.074400
v 0.053542 0.004000 0.074378
v 0.053956 0.004000 0.072295
v 0.053956 0.004000 0.074206
v 0.053758 0.004000 0.072189
v 0.053758 0.004000 0.074312
v 0.054273 0.004000 0.073889
v 0.054273 0.004000 0.072612
v 0.054467 0.004000 0.073251
v 0.054445 0.004000 0.073027
v 0.054445 0.004000 0.073475
v 0.054379 0.004000 0.072811
v 0.054130 0.004000 0.074063
v 0.054379 0.004000 0.073690
v 0.054130 0.004000 0.072438
v 0.052169 0.004000 0.073251
v 0.052257 0.004000 0.073690
v 0.052191 0.004000 0.073475
v 0.052191 0.004000 0.073027
v 0.052506 0.004000 0.072438
v 0.052363 0.004000 0.073889
v 0.052363 0.004000 0.072612
v 0.052257 0.004000 0.072811
v 0.052878 0.004000 0.074312
v 0.052680 0.004000 0.074206
v 0.052878 0.004000 0.072189
v 0.053094 0.004000 0.074378
v 0.053542 0.004000 0.072124
v 0.053318 0.004000 0.072102
v 0.053094 0.004000 0.072124
v 0.052680 0.004000 0.072295
v 0.052506 0.004000 0.074063
v -0.008734 0.004000 -0.019747
v -0.008485 0.004000 -0.020119
v -0.008628 0.004000 -0.019945
v -0.008113 0.004000 -0.020368
v -0.007673 0.004000 -0.020456
v -0.007897 0.004000 -0.020434
v -0.008311 0.004000 -0.020262
v -0.007233 0.004000 -0.020368
v -0.006861 0.004000 -0.020119
v -0.007035 0.004000 -0.020262
v -0.006718 0.004000 -0.019945
v -0.006612 0.004000 -0.019747
v -0.006524 0.004000 -0.019307
v -0.006546 0.004000 -0.019531
v -0.006546 0.004000 -0.019083
v -0.007449 0.004000 -0.020434
v -0.008822 0.004000 -0.019307
v -0.008734 0.004000 -0.018867
v -0.008800 0.004000 -0.019083
v -0.008800 0.004000 -0.019531
v -0.008628 0.004000 -0.018669
v -0.008113 0.004000 -0.018246
v -0.008311 0.004000 -0.018352
v -0.008485 0.004000 -0.018495
v -0.007897 0.004000 -0.018180
v -0.007233 0.004000 -0.018246
v -0.007449 0.004000 -0.018180
v -0.007673 0.004000 -0.018158
v -0.006861 0.004000 -0.018495
v -0.006612 0.004000 -0.018867
v -0.007035 0.004000 -0.018352
v -0.006718 0.004000 -0.018669
v -0.035759 0.004000 0.023183
v -0.035737 0.004000 0.023407
v -0.035737 0.004000 0.022959
v -0.035672 0.004000 0.022743
v -0.035423 0.004000 0.022370
v -0.035566 0.004000 0.022544
v -0.035050 0.004000 0.022121
v -0.035249 0.004000 0.022227
v -0.034611 0.004000 0.022034
v -0.034171 0.004000 0.022121
v -0.034386 0.004000 0.022056
v -0.033655 0.004000 0.022544
v -0.033798 0.004000 0.022370
v -0.033484 0.004000 0.022959
v -0.033549 0.004000 0.022743
v -0.033972 0.004000 0.022227
v -0.034835 0.004000 0.022056
v -0.035672 0.004000 0.023622
v -0.035423 0.004000 0.023995
v -0.035566 0.004000 0.023821
v -0.035050 0.004000 0.024244
v -0.034611 0.004000 0.024332
v -0.034835 0.004000 0.024309
v -0.035249 0.004000 0.024138
v -0.034171 0.004000 0.024244
v -0.033798 0.004000 0.023995
v -0.033655 0.004000 0.023821
v -0.033972 0.004000 0.024138
v -0.033549 0.004000 0.023622
v -0.033462 0.004000 0.023183
v -0.033484 0.004000 0.023407
v -0.034386 0.004000 0.024309
v -0.033509 0.004000 -0.021188
v -0.033192 0.004000 -0.020871
v -0.033366 0.004000 -0.021014
v -0.032778 0.004000 -0.020699
v -0.032330 0.004000 -0.020699
v -0.032554 0.004000 -0.020677
v -0.032994 0.004000 -0.020765
v -0.031916 0.004000 -0.020871
v -0.031599 0.004000 -0.021188
v -0.031742 0.004000 -0.021014
v -0.031405 0.004000 -0.021826
v -0.031427 0.004000 -0.021602
v -0.031427 0.004000 -0.022050
v -0.031493 0.004000 -0.021387
v -0.032114 0.004000 -0.020765
v -0.033703 0.004000 -0.021826
v -0.033615 0.004000 -0.021387
v -0.033681 0.004000 -0.021602
v -0.033681 0.004000 -0.022050
v -0.033192 0.004000 -0.022781
v -0.033366 0.004000 -0.022639
v -0.033509 0.004000 -0.022464
v -0.033615 0.004000 -0.022266
v -0.032778 0.004000 -0.022953
v -0.032114 0.004000 -0.022888
v -0.032330 0.004000 -0.022953
v -0.032554 0.004000 -0.022975
v -0.031742 0.004000 -0.022639
v -0.031493 0.004000 -0.022266
v -0.031599 0.004000 -0.022464
v -0.031916 0.004000 -0.022781
v -0.032994 0.004000 -0.022888
v -0.071810 0.004000 -0.025978
v -0.071639 0.004000 -0.026392
v -0.071745 0.004000 -0.026194
v -0.071496 0.004000 -0.026566
v -0.071123 0.004000 -0.026815
v -0.071322 0.004000 -0.026709
v -0.070684 0.004000 -0.026903
v -0.070908 0.004000 -0.026881
v -0.070244 0.004000 -0.026815
v -0.069871 0.004000 -0.026566
v -0.070045 0.004000 -0.026709
v -0.069728 0.004000 -0.026392
v -0.069622 0.004000 -0.026194
v -0.069535 0.004000 -0.025754
v -0.069557 0.004000 -0.025978
v -0.069557 0.004000 -0.025530
v -0.070459 0.004000 -0.026881
v -0.071832 0.004000 -0.025754
v -0.071745 0.004000 -0.025314
v -0.071810 0.004000 -0.025530
v -0.071496 0.004000 -0.024942
v -0.071123 0.004000 -0.024693
v -0.071322 0.004000 -0.024799
v -0.071639 0.004000 -0.025116
v -0.070684 0.004000 -0.024605
v -0.070244 0.004000 -0.024693
v -0.070459 0.004000 -0.024627
v -0.069871 0.004000 -0.024942
v -0.069622 0.004000 -0.025314
v -0.069728 0.004000 -0.025116
v -0.070045 0.004000 -0.024799
v -0.070908 0.004000 -0.024627
v 0.052197 0.004000 0.035024
v 0.052368 0.004000 0.034609
v 0.052262 0.004000 0.034808
v 0.052511 0.004000 0.034435
v 0.052884 0.004000 0.034186
v 0.052685 0.004000 0.034292
v 0.053324 0.004000 0.034099
v 0.053099 0.004000 0.034121
v 0.053763 0.004000 0.034186
v 0.054136 0.004000 0.034435
v 0.053962 0.004000 0.034292
v 0.054279 0.004000 0.034609
v 0.054385 0.004000 0.034808
v 0.054472 0.004000 0.035248
v 0.054450 0.004000 0.035024
v 0.054450 0.004000 0.035472
v 0.053548 0.004000 0.034121
v 0.052175 0.004000 0.035248
v 0.052262 0.004000 0.035687
v 0.052197 0.004000 0.035472
v 0.052511 0.004000 0.036060
v 0.052884 0.004000 0.036309
v 0.052685 0.004000 0.036203
v 0.052368 0.004000 0.035886
v 0.053324 0.004000 0.036397
v 0.053763 0.004000 0.036309
v 0.053548 0.004000 0.036374
v 0.054136 0.004000 0.036060
v 0.054385 0.004000 0.035687
v 0.054279 0.004000 0.035886
v 0.053962 0.004000 0.036203
v 0.053099 0.004000 0.036374
v 0.053821 0.004000 0.011397
v 0.054046 0.004000 0.011375
v 0.054460 0.004000 0.009293
v 0.054460 0.004000 0.011204
v 0.054261 0.004000 0.009187
v 0.054261 0.004000 0.011310
v 0.054777 0.004000 0.010887
v 0.054777 0.004000 0.009610
v 0.054970 0.004000 0.010249
v 0.054948 0.004000 0.010024
v 0.054948 0.004000 0.010473
v 0.054883 0.004000 0.009809
v 0.054634 0.004000 0.011061
v 0.054883 0.004000 0.010688
v 0.054634 0.004000 0.009436
v 0.052672 0.004000 0.010249
v 0.052760 0.004000 0.010688
v 0.052695 0.004000 0.010473
v 0.052695 0.004000 0.010024
v 0.053009 0.004000 0.009436
v 0.052866 0.004000 0.010887
v 0.052866 0.004000 0.009610
v 0.052760 0.004000 0.009809
v 0.053382 0.004000 0.011310
v 0.053183 0.004000 0.011204
v 0.053382 0.004000 0.009187
v 0.053597 0.004000 0.011375
v 0.054046 0.004000 0.009122
v 0.053821 0.004000 0.009100
v 0.053597 0.004000 0.009122
v 0.053183 0.004000 0.009293
v 0.053009 0.004000 0.011061
v 0.053325 0.004000 -0.044600
v 0.053549 0.004000 -0.044622
v 0.053963 0.004000 -0.046704
v 0.053963 0.004000 -0.044793
v 0.053764 0.004000 -0.046810
v 0.053764 0.004000 -0.044687
v 0.054280 0.004000 -0.045110
v 0.054280 0.004000 -0.046387
v 0.054474 0.004000 -0.045748
v 0.054452 0.004000 -0.045973
v 0.054452 0.004000 -0.045524
v 0.054386 0.004000 -0.046188
v 0.054137 0.004000 -0.044936
v 0.054386 0.004000 -0.045309
v 0.054137 0.004000 -0.046561
v 0.052176 0.004000 -0.045748
v 0.052263 0.004000 -0.045309
v 0.052198 0.004000 -0.045524
v 0.052198 0.004000 -0.045973
v 0.052512 0.004000 -0.046561
v 0.052370 0.004000 -0.045110
v 0.052370 0.004000 -0.046387
v 0.052263 0.004000 -0.046188
v 0.052885 0.004000 -0.044687
v 0.052687 0.004000 -0.044793
v 0.052885 0.004000 -0.046810
v 0.053101 0.004000 -0.044622
v 0.053549 0.004000 -0.046875
v 0.053325 0.004000 -0.046897
v 0.053101 0.004000 -0.046875
v 0.052687 0.004000 -0.046704
v 0.052512 0.004000 -0.044936
s 0
f 1741 1734 1678 1043 1924 1730 1737
f 1367 1375 30 1287 2223
f 996 1006 48 39
f 682 64 69 698
f 2760 2759 2757 2794
f 2795 2760 2794 2767 2775 2773 2780 2790 2788 2786 2784 2785 2787 2783 2789 2792 2771 2774 2764 2756 2762 2754 2749 2742 2741 2734 2735 2738 2737 2739 2740 2744 2745 2743 2765 2753 2758 2757 2759 2752 2766 2746 2750 2736 291 2811 2800 2802 2798 2797 2799 2803 2801 2812 2805 2809 2807 2829 2814 2818 2816 2828 2820 2826 2824 2822 801 658 656 11 2748 2747 2751 2755 2763 2761 2796 2769 2777 2770 2791 2782 2779 2781 2778 2793 2772 2776 2768
f 2804 2811 291 798 801 2822 2821 2823 2825 2819 2827 2815 2817 2813 2810 2806 2808
f 1437 1416 1421 1432
f 58 328 1195 1029
f 923 1095 299 14
f 3211 1305 897 3271 3276 3280 3263 3309 3250 3253 3249 3255 3247 3244 3256 3238 3240 3236 3239 3237 3235 3243 3224 3226 3223 3228 3221 3218 3230 3213 3215 3217
f 3285 3252 3310 3284
f 3322 1674 1305 3211 3209 3207 3208 3210 3216 3214 3212 3229 3220 3219 3227 3222 3225 3257 3231 3234 3232 3241 3233 3235 3237 3242 3246 3245 3254 3248 3251 3252 3285 3306 3274 3278 3262 3265 3260 3258 3259 3264 3261 3277 3267 3273 3282 3290 3287 3304 3294 3293 3301 3296 3299 3298 3300 3297 3302 3295 3292 3305 3288 3291 3284 3310 3266 3279 3268 3275 3269 3307 3281 3308 3270 3271 897 1054 3361 3366 3363 3362 3364 3286 3289 3283 3303 3272 3359 3355 3368 3349 3351 3347 3354 3343 3345 3340 3344 3342 3353 3336 3332 3338 3328 3330 3326 3339 3321 3323 3319 3317 3315 3313 3312 3311 3314 3316 3318
f 3361 1054 1674 3322 3320 3324 3325 3329 3327 3337 3331 3335 3333 3369 3341 3352 3334 3336 3353 3346 3350 3348 3367 3358 3357 3356 3365 3360
f 680 675 1360
f 125 236 179
f 360 740 775 366
f 2235 1282 2162 2161
f 1662 1557 1552 1668
f 2832 588 548 1489 1856 2830 2844 2842 2843 2846 2845 2841 2840 2839 2835 2838 2837 2836 2833 2834 2831
f 77 181 259 92
f 324 298 1121 1177
f 52 1393 1401 53
f 1419 387 362 1410
f 162 1018 1031 228
f 3378 716 1831 1456 476 492 3371 3370 3373 3372 3376 3377 3374 3375
f 1998 1975 2025 2016
f 1318 1331 2248 2227
f 17 22 663 672
f 1367 2223 2336
f 2106 2203 2289 2254
f 759 270 266 721
f 1399 275 268 1387
f 1311 919 1244 2209
f 1029 1020 52 58
f 1353 1359 3 1
f 1763 1353 1 1784 1783
f 897 1305 1349 994
f 2237 2246 1329 973 2241
f 961 1319 2225 1265
f 1761 652 5 37 1356
f 294 814 825 296
f 1 3 29 33
f 235 594 92 259
f 49 684 700 54
f 1020 1927 1393 52
f 284 1042 1068 288
f 49 1391 1796 684
f 395 799 823 399
f 740 360 1443 1800
f 1538 495 477 1518
f 786 290 315 849
f 1336 1314 2211 2213
f 1447 61 65 1454
f 73 470 450 69
f 101 166 196
f 450 836 698 69
f 122 543 597 239
f 77 1519 1751 181
f 425 1439 1435 416
f 61 78 89 70
f 352 485 1513 1445
f 1926 1042 284 1396
f 1006 943 21 48
f 1066 1691 1685 1078
f 110 1163 1148 118
f 335 305 298 324
f 14 299 307 13
f 1431 1404 1416 1437
f 58 52 53 57
f 57 53 49 54
f 22 17 20 27
f 27 20 21 25
f 973 1329 1338 984
f 1301 1268 2028 2035
f 1230 1243 2156 2147
f 2056 2160 2165 2059
f 25 21 943 964
f 48 21 20 45
f 45 20 17 43
f 1292 1278 2062 2072
f 1234 1255 1996 1999
f 2297 2303 2264 2257
f 1331 1346 1348 1336
f 1919 1916 1378 1385 1372 1368 1903 1912
f 30 35 33 29
f 1672 1697 1314 1308
f 7 39 41 9
f 9 41 37 5
f 37 43 1360 1356
f 39 48 45 41
f 41 45 43 37
f 1743 173 166 1735
f 1396 284 275 1399
f 268 744 1799 1387
f 893 996 39 7
f 281 7 9 274
f 274 9 5 266
f 2852 2748 11 13 307 291 2736 2853 2849 2847 2848 2850 2854 2851
f 1192 198 228 1031
f 315 290 305 335
f 57 338 328 58
f 1407 348 373 1413
f 54 313 338 57
f 835 313 54 700
f 348 1407 1460 486
f 1413 373 387 1419
f 3382 720 726 650 1767 1410 362 3394 3398 3396 3407 3400 3405 3403 3402 3404 3406 3401 3408 3397 3399 3395 3409 3389 3391 3387 3393 3383 3385 3381 3379 3380 3384
f 3394 362 720 3382 3392 3386 3390 3388 3410
f 535 406 439 601
f 70 436 462 76
f 439 406 429 459
f 1454 65 68 1450
f 1459 1486 1608 1544
f 416 1435 1427 395
f 61 1447 1510 78
f 372 1455 1451 383
f 682 1803 1442 64
f 352 1445 1455 372
f 468 418 398 447
f 1432 1421 1412 1426
f 603 436 70 89
f 88 1525 1532 85
f 76 462 470 73
f 2864 2863 1484 1428 408 531 2862 2861 2856 2855 2857 2860 2859 2858
f 1450 68 64 1442
f 2867 2865 799 395 2871 2869 2868
f 2885 2871 395 1427 1778 658 801 799 2865 2866 2896 2890 2888 2887 2889 2891 2895 2892 2894 2893 2873 2870 2872 2886 2875 2878 2884 2879 2882 2880 2881 2883 2876 2877 2874
f 69 64 68 73
f 73 68 65 76
f 76 65 61 70
f 459 429 418 468
f 1497 1472 1477 1491
f 3433 501 508 3412 3411 3431 3434 3432
f 3413 3414 1469 1467 3437 3427 3428 3425 3426 3424 3421 3430 3418 3420 3415 3416 3417 3419 3423 3422 3429 3438 3436 3435 3439
f 3441 1473 1469 3414 3446 3447 3445
f 519 3440 3444 3442 3443 3412 508
f 1507 1464 1472 1497
f 1668 1552 1544 1608
f 2914 2920 2919 2913 2911 2907 2909 2902 2904 2900 2898 2906 2905 2917 2910 2916 2915 2938 2921 2926 2925 2936 2929 2927 2934 2932 2931 2933 2930 1607 1489 548 2974 2971 2970 2897 2899 2903 2901 2908 2912
f 2952 2947 1721 1602 1612 1618 1621 1627 1632 1639 1644 1649 1655 1660 1663 1607 2930 2935 2928 2937 2922 2924 2919 2920 2918 2923 2990 2983 2981 2988 2986 2985 2987 2984 2989 2982 2980 2991 2977 2978 2975 2976 2979 2972 2973 2974 548 2943 2944 2940 2939 2941 2945 2942 2946 2948 2949 2953 2951 2968 2955 2959 2967 2961 2966 2964 2962 2963 2965 2960 2957 2956 2958 2954 2969 2950
f 85 1532 1536 84
f 84 1536 1540 81
f 81 1540 1519 77
f 639 556 535 601
f 628 567 556 639
f 619 577 567 628
f 610 586 577 619
f 2992 2993 570 579 3000 2994
f 3002 2997 2998 2999 2995 3004 3003 3005 3010 3001
f 3009 3008 1505 1502 2996 3006 3007
f 1513 485 522 1524
f 1524 522 509 1530
f 1530 509 502 1535
f 1535 502 495 1538
f 1758 1748 1518 477 1709 1744 1753
f 1491 1477 1463 1480
f 3011 2862 531 560 3015 3012
f 3016 1496 1484 2863 3014 3013
f 3437 1467 1824 716 3378 3452 3451 3453
f 3438 3429 3448 3449 3450 3371 492 501 3433 3455 3454 3456 3457 3459 3458 3460
f 3017 3015 560 570 2993 3018
f 2996 1502 1496 3016 3019 3020 2998 2997 3023 3021 3024 3022 3026 3025 3028 3027
f 486 1460 1473 3441 3467 3468 3466 3465 3464 3461 3463 3462 3440 519
f 93 643 603 89
f 97 622 632 94
f 94 632 643 93
f 98 612 622 97
f 77 92 98 81
f 81 98 97 84
f 84 97 94 85
f 85 94 93 88
f 88 93 89 78
f 78 1510 1525 88
f 92 594 612 98
f 368 762 720 362
f 3000 579 588 2832 3029
f 3005 3003 3031 3030 2838 2835 3033
f 3032 1867 1505 3008
f 597 543 586 610
f 1404 1431 1480 1463
f 1548 1604 1719 1715
f 1078 1685 1674 1054
f 1615 1599 1593 1620
f 1620 1593 1587 1624
f 1624 1587 1582 1630
f 1630 1582 1578 1637
f 1637 1578 1572 1642
f 1642 1572 1569 1645
f 1645 1569 1564 1651
f 1651 1564 1560 1656
f 1656 1560 1557 1662
f 1604 1548 1599 1615
f 3494 1547 1711 3484 3488 3486 3497 3490 3491 3495 3493
f 3484 1711 476 3543 3542 3551 3547 3546 3550 3548 3565 3552 3555 3553 3563 3557 3560 3559 3561 3558 3562 3554 3556 3564 3549 3537 3519 3524 3521 3523 3528 3527 3532 1543 1550 1555 1559 1563 1567 1571 1575 1579 1586 1591 1596 1547 3494 3496 3492 3498 3487 3489 3485 3500 3479 3481 3477 3483 3473 3475 3471 3469 3470 3474 3472 3482 3476 3480 3478 3499
f 3519 3537 3514 3509 3511 3507 3501 3545 3541 3539 3540 3544 3543 476 1456 1543 3532 3533 3530 3531 3534 3529 3526 3535 3522 3525 3520 3536 3516 3517 3513 3518 3506 3504 3502 3503 3505 3508 3512 3510 3515 3538
f 101 105 109 106
f 105 113 114 109
f 104 110 114 113
f 110 118 121 114
f 1715 1719 1727 132 2356
f 117 106 109 121
f 109 114 121
f 2943 548 553 127 1726 1721 2947 3035 3034
f 127 143 148 135
f 122 140 148 143
f 140 154 158 148
f 125 149 158 154
f 149 132 135 158
f 135 148 158
f 193 202 206 205
f 202 212 214 206
f 196 210 214 212
f 210 219 222 214
f 198 217 222 219
f 217 205 206 222
f 206 214 222
f 235 240 244 243
f 240 248 250 244
f 236 247 250 248
f 247 255 256 250
f 239 252 256 255
f 252 243 244 256
f 244 250 256
f 101 1680 1735 166
f 1693 1704 118 1148 1099
f 1043 1678 1691 1066
f 125 1707 2347 149
f 2351 483 480 2352
f 1727 1726 127 135 132
f 1922 1018 162 1731
f 186 1755 1747 179
f 1739 170 173 1743
f 189 1759 1755 186
f 1775 1767 650 652 1761 1771
f 181 1751 1759 189
f 101 196 212 105
f 105 212 202 113
f 113 202 193 104
f 196 166 229 210
f 210 229 232 219
f 219 232 228 198
f 235 259 262 240
f 240 262 264 248
f 248 264 179 236
f 162 228 232 170
f 170 232 229 173
f 173 229 166
f 122 239 255 140
f 140 255 247 154
f 154 247 236 125
f 259 181 189 262
f 262 189 186 264
f 264 186 179
f 1680 101 106 1687
f 1687 106 117 1682
f 288 1068 1079 286
f 275 284 288 280
f 280 288 286 278
f 278 286 281 274
f 268 275 280 272
f 272 280 278 270
f 270 278 274 266
f 1119 104 193 1179
f 205 1207 1179 193
f 104 1119 1163 110
f 298 305 310 302
f 302 310 312 304
f 304 312 307 299
f 305 290 294 310
f 310 294 296 312
f 312 296 291 307
f 338 313 318 346
f 346 318 319 341
f 341 319 315 335
f 328 338 346 333
f 333 346 341 329
f 329 341 335 324
f 217 1219 1207 205
f 198 1192 1219 217
f 366 775 762 368
f 290 786 814 294
f 3591 5 652 3601 3605 3609 3600 3631
f 3598 3589 3590 3597
f 3646 266 5 3591 3595 3585 3576 3580 3570 3572 3568 3566 3567 3571 3569 3579 3596 3584 3594 3589 3598 3629 3588 3593 3581 3583 3578 3575 3574 3573 3577 3582 3592 3586 3587 3628 3606 3602 3625 3612 3622 3615 3621 3619 3617 3618 3620 3616 3623 3626 3603 3607 3597 3590 3630 3599 3608 3604 3627 3610 3613 3611 3614 3624 3601 652 650 726 3659 3657 3656 3658 3660 3655 3662 3651 3653 3649 3663 3642 3644 3640 3647 3636 3638 3634 3632 3633 3637 3635
f 3659 726 721 266 3646 3639 3643 3641 3645 3648 3652 3650 3661 3654
f 1697 1672 1682 117 1702
f 1704 1702 117 121 118
f 286 1079 1055 281
f 403 811 787 398
f 399 823 811 403
f 408 1428 1439 425
f 836 450 456 862
f 862 456 452 878
f 318 865 880 319
f 1121 298 302 1160
f 1160 302 304 1142
f 1142 304 299 1095
f 1195 328 333 1217
f 1217 333 329 1204
f 1204 329 324 1177
f 429 406 410 434
f 434 410 413 431
f 431 413 408 425
f 418 429 434 424
f 424 434 431 421
f 421 431 425 416
f 398 418 424 403
f 403 424 421 399
f 399 421 416 395
f 352 372 378 357
f 357 378 380 354
f 354 380 373 348
f 372 383 390 378
f 378 390 392 380
f 380 392 387 373
f 383 360 366 390
f 390 366 368 392
f 392 368 362 387
f 439 459 465 445
f 445 465 466 443
f 443 466 462 436
f 459 468 472 465
f 465 472 473 466
f 466 473 470 462
f 468 447 452 472
f 472 452 456 473
f 473 456 450 470
f 744 268 272 773
f 773 272 270 759
f 1764 1779 1426 1412
f 296 825 798 291
f 313 835 865 318
f 398 787 847 447
f 878 452 447 847
f 319 880 849 315
f 522 485 488 528
f 528 488 490 526
f 526 490 486 519
f 509 522 528 516
f 516 528 526 514
f 514 526 519 508
f 502 509 516 507
f 507 516 514 504
f 504 514 508 501
f 495 502 507 497
f 497 507 504 496
f 496 504 501 492
f 477 495 497 483
f 483 497 496 480
f 480 496 492 476
f 535 556 561 541
f 541 561 564 538
f 538 564 560 531
f 556 567 573 561
f 561 573 576 564
f 564 576 570 560
f 567 577 581 573
f 573 581 584 576
f 576 584 579 570
f 577 586 589 581
f 581 589 592 584
f 584 592 588 579
f 586 543 550 589
f 589 550 553 592
f 592 553 548 588
f 597 610 613 599
f 599 613 616 598
f 598 616 612 594
f 610 619 624 613
f 613 624 627 616
f 616 627 622 612
f 619 628 633 624
f 624 633 636 627
f 627 636 632 622
f 628 639 645 633
f 633 645 647 636
f 636 647 643 632
f 639 601 606 645
f 645 606 608 647
f 647 608 603 643
f 485 352 357 488
f 488 357 354 490
f 490 354 348 486
f 1707 125 179 1747
f 1709 477 483 2351
f 2352 480 476 1711
f 406 535 541 410
f 410 541 538 413
f 413 538 531 408
f 543 122 143 550
f 550 143 127 553
f 1731 162 170 1739
f 594 235 243 598
f 598 243 252 599
f 599 252 239 597
f 436 603 608 443
f 443 608 606 445
f 445 606 601 439
f 2022 1236 1233 2016
f 1233 2013 2016
f 1793 1769 1763 1783
f 1787 1236 1239 656 1781
f 1788 1774 1769 1793
f 1795 1781 656 658 1778 1791
f 1779 1764 1774 1788
f 660 675 680 667
f 667 680 678 668
f 668 678 672 663
f 1365 675 660 3 1359
f 1464 1507 1895 1834
f 1839 1888 1878 1845
f 1845 1878 1871 1850
f 2830 1856 1874
f 1834 1895 1888 1839
f 3036 1899 1867 3032
f 3037 1883 1890 3036
f 3036 1890 1899
f 1907 2231 1272 982
f 2830 1874 1883 3037
f 720 730 726
f 730 731 726
f 731 734 726
f 734 738 726
f 738 721 726
f 798 803 801
f 803 804 801
f 804 807 801
f 807 808 801
f 808 799 801
f 1799 744 756 1806
f 1806 756 753 1809
f 1809 753 750 1815
f 1815 750 748 1819
f 696 1807 1811 694
f 682 698 703 688
f 688 703 708 691
f 691 708 710 694
f 694 710 712 696
f 696 712 700 684
f 1850 1871 1486 1459
f 1837 1841 716
f 1841 1848 716
f 1848 1854 716
f 1854 1831 716
f 775 740 748 783
f 783 748 750 780
f 780 750 753 779
f 779 753 756 778
f 778 756 744 773
f 762 775 783 771
f 771 783 780 769
f 769 780 779 767
f 767 779 778 765
f 765 778 773 759
f 720 762 771 730
f 730 771 769 731
f 731 769 767 734
f 734 767 765 738
f 738 765 759 721
f 787 811 815 795
f 795 815 817 794
f 794 817 819 791
f 791 819 821 789
f 789 821 814 786
f 811 823 827 815
f 815 827 830 817
f 817 830 831 819
f 819 831 834 821
f 821 834 825 814
f 823 799 808 827
f 827 808 807 830
f 830 807 804 831
f 831 804 803 834
f 834 803 798 825
f 836 862 868 844
f 844 868 871 843
f 843 871 872 841
f 841 872 875 839
f 839 875 865 835
f 862 878 884 868
f 868 884 887 871
f 871 887 889 872
f 872 889 891 875
f 875 891 880 865
f 878 847 852 884
f 884 852 853 887
f 887 853 856 889
f 889 856 859 891
f 891 859 849 880
f 1819 748 740 1800
f 694 1811 1818 691
f 691 1818 1823 688
f 1824 1837 716
f 688 1823 1803 682
f 786 849 859 789
f 789 859 856 791
f 791 856 853 794
f 794 853 852 795
f 795 852 847 787
f 835 700 712 839
f 839 712 710 841
f 841 710 708 843
f 843 708 703 844
f 844 703 698 836
f 383 1451 1443 360
f 1031 1018 1021 1039
f 1039 1021 1023 1038
f 1038 1023 1026 1035
f 1035 1026 1027 1033
f 1033 1027 1020 1029
f 946 961 965 959
f 959 965 968 958
f 958 968 970 956
f 956 970 972 949
f 949 972 964 943
f 2092 2181 2001 1987
f 2084 2177 2181 2092
f 1287 1276 2009 2005
f 1987 2001 2008 1980
f 2144 2149 2157 2152
f 1007 946 959 1016
f 1016 959 958 1013
f 1013 958 956 1012
f 1012 956 949 1010
f 1010 949 943 1006
f 2160 1964 2269 2278
f 2134 2141 2149 2144
f 1270 1257 2042 2041
f 2223 1287 2005 2004
f 986 989 2189 2186
f 973 984 992 975
f 975 992 990 978
f 978 990 989 980
f 980 989 986 982
f 1915 986 2186 2193
f 897 994 997 913
f 913 997 1000 910
f 910 1000 1001 907
f 907 1001 1003 901
f 901 1003 996 893
f 994 1007 1016 997
f 997 1016 1013 1000
f 1000 1013 1012 1001
f 1001 1012 1010 1003
f 1003 1010 1006 996
f 1051 1929 1924 1043
f 1050 1933 1929 1051
f 1047 1937 1933 1050
f 1046 1941 1937 1047
f 1021 1932 1936 1023
f 1043 1066 1070 1051
f 1051 1070 1072 1050
f 1050 1072 1073 1047
f 1047 1073 1076 1046
f 1046 1076 1068 1042
f 1066 1078 1081 1070
f 1070 1081 1084 1072
f 1072 1084 1087 1073
f 1073 1087 1091 1076
f 1076 1091 1079 1068
f 1078 1054 1058 1081
f 1081 1058 1061 1084
f 1084 1061 1062 1087
f 1087 1062 1064 1091
f 1091 1064 1055 1079
f 1163 1119 1125 1174
f 1174 1125 1129 1171
f 1171 1129 1136 1170
f 1170 1136 1138 1165
f 1165 1138 1121 1160
f 1148 1163 1174 1159
f 1159 1174 1171 1156
f 1156 1171 1170 1153
f 1153 1170 1165 1151
f 1151 1165 1160 1142
f 1099 1148 1159 1115
f 1115 1159 1156 1109
f 1109 1156 1153 1105
f 1105 1153 1151 1101
f 1101 1151 1142 1095
f 1219 1192 1196 1227
f 1227 1196 1198 1224
f 1224 1198 1201 1223
f 1223 1201 1202 1220
f 1220 1202 1195 1217
f 1207 1219 1227 1214
f 1214 1227 1224 1212
f 1212 1224 1223 1211
f 1211 1223 1220 1208
f 1208 1220 1217 1204
f 1179 1207 1214 1189
f 1189 1214 1212 1187
f 1187 1212 1211 1185
f 1185 1211 1208 1183
f 1183 1208 1204 1177
f 893 1055 1064 901
f 901 1064 1062 907
f 907 1062 1061 910
f 910 1061 1058 913
f 913 1058 1054 897
f 1027 1944 1927 1020
f 2213 2211 1949 1948
f 1026 1939 1944 1027
f 1023 1936 1939 1026
f 1042 1926 1941 1046
f 1095 923 939 1101
f 1101 939 935 1105
f 1105 935 929 1109
f 1109 929 925 1115
f 1115 925 919 1099
f 1177 1121 1138 1183
f 1183 1138 1136 1185
f 1185 1136 1129 1187
f 1187 1129 1125 1189
f 1189 1125 1119 1179
f 1029 1195 1202 1033
f 1033 1202 1201 1035
f 1035 1201 1198 1038
f 1038 1198 1196 1039
f 1039 1196 1192 1031
f 1055 893 7 281
f 1251 1239 2027 1973
f 1257 1263 1983 2042
f 1283 1259 2097 1986
f 1945 2108 2251 2260
f 1248 1251 1973 1965
f 1992 1970 1968 1995
f 1265 2225 1956 2050
f 1980 2008 2012 1981
f 2020 2033 2031
f 1243 1240 1971 2156
f 2098 2120 2129 2122
f 2220 2207 2104 2125
f 2187 2220 2125 2135
f 1228 1230 2147 2139
f 2194 2184 2145 2154
f 1278 1265 2050 2062
f 1299 1292 2072 2078
f 1260 1299 2078 2088
f 1259 1260 2088 2097
f 2108 2110 2120 2098
f 2227 2248 1963 1959
f 2235 2161 2282 2287
f 2213 1948 2267 2300
f 1263 1264 1979 1983
f 1246 1252 2128 2117
f 1995 1968 1975 1998
f 2209 1244 2113 1952
f 2231 2223 2004 2180
f 1273 1301 2035 2017
f 2059 2165 2169 2068
f 2152 2157 1970 1992
f 1294 1298 2172 2168
f 2207 2203 2106 2104
f 1276 1273 2017 2009
f 1964 2160 2056 1960
f 2122 2129 2141 2134
f 1298 1272 2176 2172
f 2068 2169 2173 2076
f 2198 2194 2154 1989
f 1268 1270 2041 2028
f 1252 1228 2139 2128
f 1255 2198 1989 1996
f 1272 2231 2180 2176
f 1264 1283 1986 1979
f 1233 1234 1999 2013
f 2184 2187 2135 2145
f 2076 2173 2177 2084
f 1239 1236 2022 2027
f 929 935 1228 1252
f 33 35 1255 1234
f 11 656 1239 1251
f 2190 2197 2319 2328
f 2198 1379 2321
f 925 929 1252 1246
f 2221 2229 2342 2332
f 13 11 1251 1248
f 684 1796 1807 696
f 1343 1007 994 1349
f 14 13 1248 1240
f 919 925 1246 1244
f 3104 3105 3099 3100 3098 3101 3096 3097 3110 3111 3112 3113 3115 3114 3106 3144 3128 3108 3117 3093 3094 3088 3090 3116 3080 3067 3065 3063 3064 3066 3087 3056 3058 3055 3060 3053 3050 3062 3045 3046 3043 3041 3039 3038 3040 3042 1311 1693 3149 3077 3072 3070 3068 3069 3073 3071 3085 3074 3078 3076 3075 3084 3151 3160 3155 3159 3157 3170 3166 3174 3163 3175 3167 3171 3169 3206 3178 3182 3180 3190 3184 3188 3186 3203 3191 3195 3192 3193 3194 3205 1099 919 3125 3141 3133 3131 3132 3140 3124 3129 3120 3145 3107 3123 3122 3143 3139 3134 3137 3135 3136 3201 3199 3200 3202 3198 3197 3204 3196 3138 3142 3127 3119 3102 3103
f 3126 3125 919 1311 3042 3048 3044 3047 3049 3051 3054 3052 3061 3059 3057 3086 3067 3080 3082 3079 3083 3081 3147 3091 3089 3095 3092 3118 3109 3146 3121 3130
f 3128 3123 3107 3108
f 3148 3149 1693 1099 3205 3185 3187 3183 3189 3179 3181 3177 3172 3168 3170 3157 3173 3165 3162 3164 3161 3176 3156 3158 3154 3152 3150 3153
f 1323 1319 961 946
f 1 33 1234 1233
f 989 990 2217 2189
f 935 939 1230 1228
f 992 984 2201 2205
f 1915 2193 2326
f 1787 1784 1 1233 1236
f 2201 2214 2304 2294
f 923 14 1240 1243
f 939 923 1243 1230
f 3 660 1301 1273
f 972 970 1299 1260
f 980 982 1272 1298
f 25 964 1259 1283
f 660 667 1268 1301
f 970 968 1292 1299
f 978 980 1298 1294
f 1007 1343 1323 946
f 30 29 1276 1287
f 975 978 1294 1282
f 968 965 1278 1292
f 1385 1383 35 30 1375 1372
f 27 25 1283 1264
f 2246 2237 2284 2311
f 2231 1907 2346
f 667 668 1270 1268
f 1346 1331 1318 1325
f 22 27 1264 1263
f 1912 982 986 1919
f 964 972 1260 1259
f 663 22 1263 1257
f 29 3 1273 1276
f 984 1338 2214 2201
f 965 961 1265 1278
f 668 663 1257 1270
f 2314 2287 2282 2276
f 1953 2110 2108 1945
f 1282 1294 2168 2162
f 1244 1246 2117 2113
f 990 992 2205 2217
f 1240 1248 1965 1971
f 1963 2248 2307 2272
f 53 1401 1391 49
f 1379 2198 1255 35 1383
f 1903 1368 2333 2339
f 1282 2241 973 975
f 1378 1916 2324 2316
f 1018 1922 1932 1021
f 1359 1360 1365
f 1367 1372 1375
f 1378 1379 1385
f 1379 1383 1385
f 1693 1697 1702 1704
f 1719 1721 1726 1727
f 1781 1783 1784 1787
f 1903 1907 1912
f 1907 982 1912
f 1915 1916 986
f 1916 1919 986
f 1949 1952 1953
f 1956 1959 1960
f 2190 2193 2194
f 2235 2237 2241 1282
f 2251 2254 2257
f 2260 2264 2267
f 2269 2272 2276
f 2289 2294 2297
f 2300 2303 2304
f 2307 2311 2314
f 2316 2319 2321
f 2324 2326 2328
f 2332 2333 2336
f 2339 2342 2346
f 1319 1323 1325 1318
f 1349 1305 1308 1348
f 1331 1336 1338 1329
f 1323 1343 1346 1325
f 1343 1349 1348 1346
f 1356 1360 1359 1353
f 1396 1399 1401 1393
f 1399 1387 1391 1401
f 1439 1428 1431 1437
f 1407 1413 1416 1404
f 1435 1439 1437 1432
f 1413 1419 1421 1416
f 1427 1435 1432 1426
f 1419 1410 1412 1421
f 1455 1445 1447 1454
f 1451 1455 1454 1450
f 1443 1451 1450 1442
f 1502 1505 1507 1497
f 1467 1469 1472 1464
f 1496 1502 1497 1491
f 1469 1473 1477 1472
f 1484 1496 1491 1480
f 1473 1460 1463 1477
f 1513 1524 1525 1510
f 1524 1530 1532 1525
f 1530 1535 1536 1532
f 1535 1538 1540 1536
f 1538 1518 1519 1540
f 1404 1463 1460 1407
f 1510 1447 1445 1513
f 1480 1431 1428 1484
f 1612 1602 1604 1615
f 1547 1596 1599 1548
f 1618 1612 1615 1620
f 1596 1591 1593 1599
f 1621 1618 1620 1624
f 1591 1586 1587 1593
f 1627 1621 1624 1630
f 1586 1579 1582 1587
f 1632 1627 1630 1637
f 1579 1575 1578 1582
f 1639 1632 1637 1642
f 1575 1571 1572 1578
f 1644 1639 1642 1645
f 1571 1567 1569 1572
f 1649 1644 1645 1651
f 1567 1563 1564 1569
f 1655 1649 1651 1656
f 1563 1559 1560 1564
f 1660 1655 1656 1662
f 1559 1555 1557 1560
f 1663 1660 1662 1668
f 1555 1550 1552 1557
f 1607 1663 1668 1608
f 1550 1543 1544 1552
f 1543 1456 1459 1544
f 1489 1607 1608 1486
f 1691 1678 1680 1687
f 1685 1691 1687 1682
f 1674 1685 1682 1672
f 1737 1730 1731 1739
f 1741 1737 1739 1743
f 1734 1741 1743 1735
f 1748 1758 1759 1751
f 1758 1753 1755 1759
f 1753 1744 1747 1755
f 1672 1308 1305 1674
f 1693 1311 1314 1697
f 1678 1734 1735 1680
f 1744 1709 1707 1747
f 1548 1715 1711 1547
f 1602 1721 1719 1604
f 1751 1519 1518 1748
f 1763 1769 1771 1761
f 1769 1774 1775 1771
f 1774 1764 1767 1775
f 1779 1788 1791 1778
f 1788 1793 1795 1791
f 1793 1783 1781 1795
f 1761 1356 1353 1763
f 1764 1412 1410 1767
f 1778 1427 1426 1779
f 1464 1834 1837 1824
f 1834 1839 1841 1837
f 1839 1845 1848 1841
f 1845 1850 1854 1848
f 1850 1459 1831 1854
f 1486 1871 1874 1856
f 1871 1878 1883 1874
f 1878 1888 1890 1883
f 1888 1895 1899 1890
f 1895 1507 1867 1899
f 1799 1806 1807 1796
f 1806 1809 1811 1807
f 1809 1815 1818 1811
f 1815 1819 1823 1818
f 1819 1800 1803 1823
f 1800 1443 1442 1803
f 1387 1799 1796 1391
f 1459 1456 1831
f 1856 1489 1486
f 1505 1867 1507
f 1824 1467 1464
f 2227 1959 1956 2225
f 1924 1929 1932 1922
f 1929 1933 1936 1932
f 1933 1937 1939 1936
f 1937 1941 1944 1939
f 1941 1926 1927 1944
f 1926 1396 1393 1927
f 1730 1924 1922 1731
f 1948 1949 1953 1945
f 1959 1963 1964 1960
f 1968 1970 1971 1965
f 1975 1968 1965 1973
f 1980 1981 1983 1979
f 1987 1980 1979 1986
f 1996 1989 1992 1995
f 1999 1996 1995 1998
f 2004 2005 2008 2001
f 2005 2009 2012 2008
f 2013 1999 1998 2016
f 2009 2017 2020 2012
f 2016 2025 2027 2022
f 2031 2033 2035 2028
f 2037 2031 2028 2041
f 2048 2037 2041 2042
f 1973 2027 2025 1975
f 2033 2020 2035
f 2020 2017 2035
f 1981 2048 2042 1983
f 2056 2059 2062 2050
f 2059 2068 2072 2062
f 2068 2076 2078 2072
f 2076 2084 2088 2078
f 2084 2092 2097 2088
f 2104 2106 2108 2098
f 2113 2117 2120 2110
f 2125 2104 2098 2122
f 2117 2128 2129 2120
f 2135 2125 2122 2134
f 2128 2139 2141 2129
f 2145 2135 2134 2144
f 2139 2147 2149 2141
f 2154 2145 2144 2152
f 2147 2156 2157 2149
f 2161 2162 2165 2160
f 2162 2168 2169 2165
f 2168 2172 2173 2169
f 2172 2176 2177 2173
f 2176 2180 2181 2177
f 1989 2154 2152 1992
f 2156 1971 1970 2157
f 1952 2113 2110 1953
f 2092 1987 1986 2097
f 1960 2056 2050 1956
f 2180 2004 2001 2181
f 2248 1331 1329 2246
f 2211 1314 1311 2209
f 2214 1338 1336 2213
f 1949 2211 2209 1952
f 2220 2187 2189 2217
f 2207 2220 2217 2205
f 2187 2184 2186 2189
f 2194 2198 2197 2190
f 2184 2194 2193 2186
f 2203 2207 2205 2201
f 1318 2227 2225 1319
f 2223 2229 2221
f 2257 2264 2260 2251
f 2276 2282 2278 2269
f 2297 2257 2254 2289
f 2264 2303 2300 2267
f 2303 2297 2294 2304
f 2272 2307 2314 2276
f 2287 2314 2311 2284
f 2106 2254 2251 2108
f 2267 1948 1945 2260
f 2235 2287 2284 2237
f 2307 2248 2246 2311
f 2304 2214 2213 2300
f 2160 2278 2282 2161
f 2201 2294 2289 2203
f 2269 1964 1963 2272
f 2328 2319 2316 2324
f 2332 2342 2339 2333
f 1367 2336 2333 1368
f 2229 2346 2342
f 2321 2197 2198
f 2326 2193 2190 2328
f 2321 1379 1378 2316
f 2221 2332 2336 2223
f 1915 2326 2324 1916
f 1903 2339 2346 1907
f 1308 1314 1336 1348
f 2351 2352 2356 2347
f 1709 2351 2347 1707
f 1715 2356 2352 1711
f 149 2347 2356 132
f 130 2 6 134
f 134 6 10 138
f 138 10 16 142
f 142 16 18 145
f 145 18 24 152
f 152 24 26 156
f 156 26 32 160
f 160 32 36 164
f 164 36 38 168
f 168 38 42 171
f 171 42 46 175
f 175 46 50 177
f 177 50 55 184
f 184 55 59 188
f 188 59 62 192
f 192 62 66 194
f 194 66 72 197
f 197 72 74 199
f 199 74 80 201
f 201 80 83 204
f 204 83 86 207
f 207 86 90 209
f 209 90 95 213
f 213 95 99 216
f 216 99 102 218
f 218 102 108 221
f 221 108 111 224
f 224 111 115 225
f 225 115 120 227
f 227 120 123 231
f 102 99 95 90 86 3668 3670 3665 3664 3666 3671 3669 3667 3680 120 115 111 108
f 38 36 32 26 24 18 16 10 6 2 126 123 120 3680 3672 3674 3673 3679 3676 3675 3678 3677 3694 3692 3690 3691 3693 3689 3688 3695 3685 3686 3684 3687 3682 3683 3681 3668 86 83 80 74 72 66 62 59 55 50 46 42
f 231 123 126 233
f 233 126 2 130
f 3016 3013 233 130 3019
f 3014 231 233 3013
f 2863 2864 227 231 3014
f 2858 225 227 2864
f 224 225 2858 2859
f 221 224 2859 2860
f 218 221 2860 2857
f 2855 216 218 2857
f 2856 213 216 2855
f 2861 209 213 2856
f 2862 3011 207 209 2861
f 3012 204 207 3011
f 3015 3017 201 204 3012
f 3018 199 201 3017
f 2993 2992 197 199 3018
f 2994 194 197 2992
f 3000 192 194 2994
f 3029 188 192 3000
f 2832 184 188 3029
f 177 184 2832 2831
f 177 2831 2834 175
f 2833 171 175 2834
f 2836 168 171 2833
f 2837 164 168 2836
f 160 164 2837 2838
f 3030 156 160 2838
f 3031 152 156 3030
f 3003 3004 145 152 3031
f 142 145 3004 2995
f 138 142 2995 2999
f 3020 134 138 2999 2998
f 3019 130 134 3020
f 384 237 242 385
f 385 242 245 388
f 388 245 249 391
f 391 249 253 394
f 394 253 258 396
f 396 258 260 400
f 400 260 263 402
f 402 263 267 405
f 405 267 271 407
f 407 271 276 411
f 411 276 279 414
f 414 279 283 415
f 415 283 287 419
f 419 287 293 420
f 420 293 295 423
f 423 295 300 427
f 427 300 303 430
f 430 303 309 432
f 432 309 311 435
f 435 311 316 437
f 437 316 322 440
f 440 322 326 441
f 441 326 332 444
f 444 332 340 448
f 448 340 344 451
f 451 344 350 453
f 453 350 356 455
f 455 356 363 458
f 458 363 370 460
f 460 370 376 463
f 303 300 295 293 287 283 279 276 271 267 263 260 258 253 249 245 242 3723 3700 3698 3710 3703 3707 3705 3704 3706 3709 3702 3708 3699 3701 3697 3696 3722 3719 3720 3727 3716 3712 3713 3711 3714 344 340 332 326 322 316 311 309
f 356 350 344 3714 3718 3717 3715 3726 3721 3725 3724 3723 242 237 382 376 370 363
f 463 376 382 467
f 467 382 237 384
f 2755 467 384 2763
f 2751 463 467 2755
f 2747 460 463 2751
f 2748 2852 458 460 2747
f 455 458 2852 2851
f 453 455 2851 2854
f 451 453 2854 2850
f 2848 448 451 2850
f 2847 444 448 2848
f 2849 441 444 2847
f 2853 440 441 2849
f 2736 2750 437 440 2853
f 437 2750 2746 435
f 2766 432 435 2746
f 2752 430 432 2766
f 2759 427 430 2752
f 2760 2795 423 427 2759
f 2768 420 423 2795
f 2776 419 420 2768
f 2772 415 419 2776
f 415 2772 2793 414
f 2778 411 414 2793
f 2781 407 411 2778
f 2779 405 407 2781
f 2782 402 405 2779
f 2791 400 402 2782
f 2770 396 400 2791
f 2777 394 396 2770
f 391 394 2777 2769
f 388 391 2769 2796
f 385 388 2796 2761
f 2763 384 385 2761
f 617 471 475 620
f 620 475 479 623
f 623 479 481 626
f 626 481 487 629
f 629 487 491 631
f 631 491 494 635
f 635 494 499 637
f 637 499 503 641
f 641 503 505 642
f 642 505 511 644
f 644 511 517 648
f 648 517 523 651
f 651 523 529 654
f 654 529 533 655
f 655 533 540 659
f 659 540 546 661
f 661 546 551 664
f 664 551 557 665
f 665 557 566 669
f 669 566 572 671
f 671 572 575 674
f 674 575 580 676
f 676 580 583 679
f 679 583 587 683
f 683 587 591 686
f 686 591 595 687
f 687 595 600 689
f 689 600 605 692
f 692 605 607 695
f 695 607 611 699
f 551 546 540 533 529 523 517 511 505 503 499 494 491 487 481 479 475 3755 3732 3730 3742 3735 3739 3737 3736 3738 3741 3734 3740 3731 3733 3729 3728 3754 3751 3752 3759 3748 3744 3745 3743 3746 591 587 583 580 575 572 566 557
f 600 595 591 3746 3750 3749 3747 3758 3753 3757 3756 3755 475 471 615 611 607 605
f 699 611 615 701
f 701 615 471 617
f 3092 701 617 3118
f 3095 699 701 3092
f 3089 695 699 3095
f 3091 692 695 3089
f 689 692 3091 3147
f 687 689 3147 3081
f 686 687 3081 3083
f 3079 683 686 3083
f 3082 679 683 3079
f 3080 676 679 3082
f 3116 674 676 3080
f 3090 671 674 3116
f 671 3090 3088 669
f 3094 665 669 3088
f 3093 664 665 3094
f 3117 661 664 3093
f 3108 3107 659 661 3117
f 3145 655 659 3107
f 3120 654 655 3145
f 3129 651 654 3120
f 651 3129 3124 648
f 3140 644 648 3124
f 3132 642 644 3140
f 3131 641 642 3132
f 3133 637 641 3131
f 3141 635 637 3133
f 3125 3126 631 635 3141
f 3130 629 631 3126
f 626 629 3130 3121
f 623 626 3121 3146
f 620 623 3146 3109
f 3118 617 620 3109
f 851 706 714 855
f 855 714 718 858
f 858 718 723 860
f 860 723 727 863
f 863 727 736 864
f 864 736 742 867
f 867 742 746 870
f 870 746 751 874
f 874 751 757 876
f 876 757 763 879
f 879 763 768 882
f 882 768 772 883
f 883 772 776 886
f 886 776 781 888
f 888 781 784 892
f 892 784 790 896
f 896 790 792 899
f 899 792 797 904
f 904 797 802 905
f 905 802 806 912
f 912 806 810 916
f 916 810 812 917
f 917 812 818 922
f 922 818 820 927
f 927 820 824 931
f 931 824 828 933
f 933 828 832 938
f 938 832 837 941
f 941 837 840 948
f 948 840 845 951
f 828 824 820 3760 3762 3761 3763 3765 3764 3767 3766 3776 706 850 845 840 837 832
f 763 757 751 746 742 736 727 723 718 714 706 3776 3768 3770 3769 3771 3773 3772 3775 3774 3789 3790 3788 3786 3785 3787 3784 3791 3781 3782 3780 3783 3778 3779 3777 3760 820 818 812 810 806 802 797 792 790 784 781 776 772 768
f 951 845 850 953
f 953 850 706 851
f 3075 953 851 3084
f 3076 951 953 3075
f 3078 948 951 3076
f 3074 941 948 3078
f 938 941 3074 3085
f 933 938 3085 3071
f 931 933 3071 3073
f 3069 927 931 3073
f 3068 922 927 3069
f 3070 917 922 3068
f 3072 916 917 3070
f 3077 912 916 3072
f 912 3077 3149 905
f 3148 904 905 3149
f 3153 899 904 3148
f 3150 896 899 3153
f 3152 892 896 3150
f 3154 888 892 3152
f 3158 886 888 3154
f 3156 883 886 3158
f 883 3156 3176 882
f 3161 879 882 3176
f 3164 876 879 3161
f 3162 874 876 3164
f 3165 870 874 3162
f 3173 867 870 3165
f 3157 864 867 3173
f 3159 863 864 3157
f 860 863 3159 3155
f 858 860 3155 3160
f 855 858 3160 3151
f 3084 851 855 3151
f 1086 960 963 1089
f 1089 963 967 1093
f 1093 967 971 1097
f 1097 971 976 1104
f 1104 976 979 1107
f 1107 979 983 1111
f 1111 983 987 1114
f 1114 987 991 1118
f 1118 991 995 1123
f 1123 995 999 1127
f 1127 999 1004 1131
f 1131 1004 1009 1133
f 1133 1009 1011 1140
f 1140 1011 1015 1144
f 1144 1015 1019 1146
f 1146 1019 1024 1149
f 1149 1024 1028 1152
f 1152 1028 1032 1155
f 1155 1032 1036 1158
f 1158 1036 1041 1161
f 1161 1041 1044 1164
f 1164 1044 1048 1167
f 1167 1048 1052 1168
f 1168 1052 1056 1172
f 1172 1056 1059 1175
f 1175 1059 1063 1176
f 1176 1063 1067 1181
f 1181 1067 1071 1182
f 1182 1071 1075 1186
f 1186 1075 1080 1188
f 1067 1063 1059 1056 1052 1048 1044 3795 3797 3793 3792 3794 3798 3796 3799 3800 3803 3802 3801 3807 3804 3806 3805 3817 979 976 971 967 963 960 1083 1080 1075 1071
f 1004 999 995 991 987 983 979 3817 3821 3820 3818 3819 3822 3816 3815 3823 3812 3813 3811 3814 3809 3810 3808 3795 1044 1041 1036 1032 1028 1024 1019 1015 1011 1009
f 1188 1080 1083 1191
f 1191 1083 960 1086
f 2873 1191 1086 2870
f 2893 1188 1191 2873
f 2894 1186 1188 2893
f 2892 1182 1186 2894
f 1181 1182 2892 2895
f 1176 1181 2895 2891
f 1175 1176 2891 2889
f 2887 1172 1175 2889
f 2888 1168 1172 2887
f 2890 1167 1168 2888
f 2896 1164 1167 2890
f 2866 1161 1164 2896
f 1161 2866 2865 1158
f 2867 1155 1158 2865
f 2868 1152 1155 2867
f 2869 1149 1152 2868
f 2871 1146 1149 2869
f 2885 1144 1146 2871
f 2874 1140 1144 2885
f 2877 1133 1140 2874
f 1133 2877 2876 1131
f 2883 1127 1131 2876
f 2881 1123 1127 2883
f 2880 1118 1123 2881
f 2882 1114 1118 2880
f 2879 1111 1114 2882
f 2884 1107 1111 2879
f 2878 1104 1107 2884
f 1097 1104 2878 2875
f 1093 1097 2875 2886
f 1089 1093 2886 2872
f 2870 1086 1089 2872
f 1341 1194 1199 1344
f 1344 1199 1203 1347
f 1347 1203 1206 1351
f 1351 1206 1209 1352
f 1352 1209 1215 1355
f 1355 1215 1218 1358
f 1358 1218 1222 1362
f 1362 1222 1226 1363
f 1363 1226 1231 1366
f 1366 1231 1235 1370
f 1370 1235 1237 1371
f 1371 1237 1241 1374
f 1374 1241 1247 1376
f 1376 1247 1250 1380
f 1380 1250 1254 1382
f 1382 1254 1258 1384
f 1384 1258 1261 1388
f 1388 1261 1267 1390
f 1390 1267 1271 1394
f 1394 1271 1275 1395
f 1395 1275 1279 1397
f 1397 1279 1286 1400
f 1400 1286 1289 1403
f 1403 1289 1295 1405
f 1405 1295 1303 1409
f 1409 1303 1309 1411
f 1411 1309 1315 1415
f 1415 1315 1321 1417
f 1417 1321 1328 1420
f 1420 1328 1334 1423
f 1328 1321 1315 1309 1303 1295 1289 3825 3824 3826 3827 3829 3828 3831 3830 3840 1340 1334
f 1261 1258 1254 1250 1247 1241 1237 1235 1231 1226 1222 1218 1215 1209 1206 1203 1199 1194 1340 3840 3832 3834 3833 3839 3836 3835 3838 3837 3853 3854 3852 3850 3849 3851 3848 3855 3845 3846 3844 3847 3842 3843 3841 3825 1289 1286 1279 1275 1271 1267
f 1423 1334 1340 1425
f 1425 1340 1194 1341
f 2807 1425 1341 2829
f 2809 1423 1425 2807
f 2805 1420 1423 2809
f 2812 1417 1420 2805
f 1415 1417 2812 2801
f 1411 1415 2801 2803
f 1409 1411 2803 2799
f 2797 1405 1409 2799
f 2798 1403 1405 2797
f 2802 1400 1403 2798
f 2800 1397 1400 2802
f 2811 1395 1397 2800
f 1395 2811 2804 1394
f 2808 1390 1394 2804
f 2806 1388 1390 2808
f 2810 1384 1388 2806
f 2813 1382 1384 2810
f 2817 1380 1382 2813
f 2815 1376 1380 2817
f 2827 1374 1376 2815
f 1374 2827 2819 1371
f 2825 1370 1371 2819
f 2823 1366 1370 2825
f 2821 1363 1366 2823
f 2822 2824 1362 1363 2821
f 2826 1358 1362 2824
f 2820 1355 1358 2826
f 2828 1352 1355 2820
f 1351 1352 2828 2816
f 1347 1351 2816 2818
f 1344 1347 2818 2814
f 2829 1341 1344 2814
f 1576 1429 1433 1581
f 1581 1433 1436 1583
f 1583 1436 1440 1585
f 1585 1440 1446 1588
f 1588 1446 1449 1589
f 1589 1449 1452 1592
f 1592 1452 1457 1595
f 1595 1457 1462 1597
f 1597 1462 1466 1600
f 1600 1466 1468 1603
f 1603 1468 1475 1605
f 1605 1475 1482 1610
f 1610 1482 1488 1611
f 1611 1488 1494 1613
f 1613 1494 1500 1617
f 1617 1500 1504 1619
f 1619 1504 1512 1623
f 1623 1512 1515 1625
f 1625 1515 1521 1628
f 1628 1521 1527 1631
f 1631 1527 1533 1633
f 1633 1533 1539 1635
f 1635 1539 1541 1638
f 1638 1541 1546 1641
f 1641 1546 1551 1643
f 1643 1551 1554 1647
f 1647 1554 1558 1648
f 1648 1558 1562 1652
f 1652 1562 1566 1654
f 1654 1566 1570 1658
f 1466 1462 1457 1452 1449 1446 1440 1436 1433 3883 3860 3858 3870 3863 3867 3865 3864 3866 3869 3862 3868 3859 3861 3857 3856 3882 3879 3880 3887 3876 3872 3873 3871 3874 1551 1546 1541 1539 1533 1527 1521 1515 1512 1504 1500 1494 1488 1482 1475 1468
f 1574 1570 1566 1562 1558 1554 1551 3874 3878 3877 3875 3886 3881 3885 3884 3883 1433 1429
f 1658 1570 1574 1659
f 1659 1574 1429 1576
f 2953 1659 1576 2951
f 2949 1658 1659 2953
f 2948 1654 1658 2949
f 2946 1652 1654 2948
f 1648 1652 2946 2942
f 1647 1648 2942 2945
f 1643 1647 2945 2941
f 2939 1641 1643 2941
f 2940 1638 1641 2939
f 2944 1635 1638 2940
f 2943 1633 1635 2944
f 3034 1631 1633 2943
f 1631 3034 3035 1628
f 2947 2952 1625 1628 3035
f 2950 1623 1625 2952
f 2969 1619 1623 2950
f 2954 1617 1619 2969
f 2958 1613 1617 2954
f 2956 1611 1613 2958
f 2957 1610 1611 2956
f 1610 2957 2960 1605
f 2965 1603 1605 2960
f 2963 1600 1603 2965
f 2962 1597 1600 2963
f 2964 1595 1597 2962
f 2966 1592 1595 2964
f 2961 1589 1592 2966
f 2967 1588 1589 2961
f 1585 1588 2967 2959
f 1583 1585 2959 2955
f 1581 1583 2955 2968
f 2951 1576 1581 2968
f 1812 1665 1670 1813
f 1813 1670 1676 1816
f 1816 1676 1683 1820
f 1820 1683 1689 1821
f 1821 1689 1696 1825
f 1825 1696 1700 1827
f 1827 1700 1706 1829
f 1829 1706 1713 1832
f 1832 1713 1717 1833
f 1833 1717 1723 1835
f 1835 1723 1728 1838
f 1838 1728 1732 1842
f 1842 1732 1736 1844
f 1844 1736 1740 1846
f 1846 1740 1746 1849
f 1849 1746 1750 1851
f 1851 1750 1752 1858
f 1858 1752 1756 1860
f 1860 1756 1762 1864
f 1864 1762 1765 1866
f 1866 1765 1768 1869
f 1869 1768 1772 1875
f 1875 1772 1776 1879
f 1879 1776 1780 1882
f 1882 1780 1786 1885
f 1885 1786 1789 1891
f 1891 1789 1794 1893
f 1893 1794 1797 1897
f 1897 1797 1801 1901
f 1901 1801 1804 1905
f 1801 1797 1794 1789 1786 3907 3888 3890 3889 3894 3891 3893 3892 3903 1670 1665 1810 1804
f 1717 1713 1706 1700 1696 1689 1683 1676 1670 3903 3895 3897 3896 3898 3899 3901 3900 3902 3917 3919 3916 3918 3913 3914 3915 3912 3909 3910 3911 3908 3905 3906 3904 3907 1786 1780 1776 1772 1768 1765 1762 1756 1752 1750 1746 1740 1736 1732 1728 1723
f 1905 1804 1810 1909
f 1909 1810 1665 1812
f 2757 2758 1909 1812 2794
f 2753 1905 1909 2758
f 2765 1901 1905 2753
f 2743 1897 1901 2765
f 2744 1893 1897 2743 2745
f 2739 1891 1893 2744 2740
f 1885 1891 2739 2737
f 2738 2735 1882 1885 2737
f 2734 1879 1882 2735
f 2741 1875 1879 2734
f 2742 1869 1875 2741
f 2749 1866 1869 2742
f 1866 2749 2754 1864
f 2762 1860 1864 2754
f 2756 1858 1860 2762
f 2764 1851 1858 2756
f 2774 1849 1851 2764
f 2771 1846 1849 2774
f 2792 1844 1846 2771
f 2789 1842 1844 2792
f 1842 2789 2783 1838
f 2787 1835 1838 2783
f 2785 1833 1835 2787
f 2784 1832 1833 2785
f 2786 1829 1832 2784
f 2788 1827 1829 2786
f 2790 1825 1827 2788
f 2780 1821 1825 2790
f 1820 1821 2780 2773
f 1816 1820 2773 2775
f 1813 1816 2775 2767
f 2794 1812 1813 2767
f 2039 1914 1918 2044
f 2044 1918 1921 2046
f 2046 1921 1925 2053
f 2053 1925 1931 2054
f 2054 1931 1935 2060
f 2060 1935 1938 2065
f 2065 1938 1942 2067
f 2067 1942 1947 2071
f 2071 1947 1950 2075
f 2075 1950 1954 2080
f 2080 1954 1957 2082
f 2082 1957 1961 2087
f 2087 1961 1966 2091
f 2091 1966 1969 2094
f 2094 1969 1974 2100
f 2100 1974 1977 2102
f 2102 1977 1982 2105
f 2105 1982 1985 2109
f 2109 1985 1990 2112
f 2112 1990 1993 2114
f 2114 1993 1997 2116
f 2116 1997 2002 2119
f 2119 2002 2006 2123
f 2123 2006 2010 2124
f 2124 2010 2014 2127
f 2127 2014 2019 2130
f 2130 2019 2021 2132
f 2132 2021 2024 2136
f 2136 2024 2029 2138
f 2138 2029 2032 2140
f 2029 2024 2021 2019 2014 2010 2006 3921 3920 3922 3923 3925 3924 3927 3926 3936 2036 2032
f 1982 1977 1974 1969 1966 1961 1957 1954 1950 1947 1942 1938 1935 1931 1925 1921 1918 1914 2036 3936 3928 3930 3929 3935 3932 3931 3934 3933 3949 3950 3948 3946 3945 3947 3944 3951 3941 3942 3940 3943 3938 3939 3937 3921 2006 2002 1997 1993 1990 1985
f 2140 2032 2036 2143
f 2143 2036 1914 2039
f 3182 2143 2039 3180
f 3178 2140 2143 3182
f 3206 2138 2140 3178
f 3169 2136 2138 3206
f 2132 2136 3169 3171
f 2130 2132 3171 3167
f 2127 2130 3167 3175
f 3163 2124 2127 3175
f 3174 2123 2124 3163
f 3166 2119 2123 3174
f 3170 2116 2119 3166
f 3168 2114 2116 3170
f 2114 3168 3172 2112
f 3177 2109 2112 3172
f 3181 2105 2109 3177
f 3179 2102 2105 3181
f 3189 2100 2102 3179
f 3183 2094 2100 3189
f 3187 2091 2094 3183
f 3185 2087 2091 3187
f 2087 3185 3205 2082
f 3194 2080 2082 3205
f 3193 2075 2080 3194
f 3192 2071 2075 3193
f 3195 2067 2071 3192
f 3191 2065 2067 3195
f 3203 2060 2065 3191
f 3186 2054 2060 3203
f 2053 2054 3186 3188
f 2046 2053 3188 3184
f 2044 2046 3184 3190
f 3180 2039 2044 3190
f 2295 2148 2151 2296
f 2296 2151 2155 2299
f 2299 2155 2158 2301
f 2301 2158 2164 2306
f 2306 2164 2166 2308
f 2308 2166 2171 2310
f 2310 2171 2174 2313
f 2313 2174 2178 2315
f 2315 2178 2182 2318
f 2318 2182 2188 2320
f 2320 2188 2192 2323
f 2323 2192 2196 2327
f 2327 2196 2200 2330
f 2330 2200 2204 2331
f 2331 2204 2208 2335
f 2335 2208 2212 2337
f 2337 2212 2216 2341
f 2341 2216 2219 2343
f 2343 2219 2224 2345
f 2345 2224 2228 2348
f 2348 2228 2233 2350
f 2350 2233 2238 2354
f 2354 2238 2243 2355
f 2355 2243 2249 2358
f 2358 2249 2256 2359
f 2359 2256 2262 2361
f 2361 2262 2266 2362
f 2362 2266 2274 2363
f 2363 2274 2280 2364
f 2364 2280 2286 2365
f 2238 2233 2228 2224 2219 2216 2212 2208 2204 2200 2196 2192 2188 2182 2178 2174 2171 2166 2164 2158 2155 2151 2148 2291 2286 3983 3975 3978 3977 3976 3982 3979 3981 3980 3964 3962 3963 3965 3960 3961 3959 3966 3956 3957 3955 3958 3953 3954 3952
f 2274 2266 2262 2256 2249 2243 2238 3952 3968 3969 3967 3970 3974 3973 3972 3971 3983 2286 2280
f 2365 2286 2291 2367
f 2367 2291 2148 2295
f 3123 3128 2367 2295 3122
f 3144 2365 2367 3128
f 3106 2364 2365 3144
f 3114 2363 2364 3106
f 2362 2363 3114 3115
f 3112 2361 2362 3115 3113
f 3110 2359 2361 3112 3111
f 3110 3097 3096 2358 2359
f 3101 2355 2358 3096
f 3098 2354 2355 3101
f 3100 3099 2350 2354 3098
f 3104 2348 2350 3099 3105
f 3103 3102 2345 2348 3104
f 3119 2343 2345 3102
f 3127 2341 2343 3119
f 3142 2337 2341 3127
f 3138 2335 2337 3142
f 3196 2331 2335 3138
f 3204 2330 2331 3196
f 3197 2327 2330 3204
f 2327 3197 3198 2323
f 3202 2320 2323 3198
f 3200 2318 2320 3202
f 3199 2315 2318 3200
f 3201 2313 2315 3199
f 3136 2310 2313 3201
f 3135 2308 2310 3136
f 3137 2306 2308 3135
f 2301 2306 3137 3134
f 2299 2301 3134 3139
f 2296 2299 3139 3143
f 3122 2295 2296 3143
f 2411 2368 2370 2413
f 2413 2370 2371 2414
f 2414 2371 2372 2415
f 2415 2372 2373 2416
f 2416 2373 2375 2418
f 2418 2375 2377 2419
f 2419 2377 2378 2420
f 2420 2378 2379 2422
f 2422 2379 2380 2423
f 2423 2380 2381 2426
f 2426 2381 2383 2427
f 2427 2383 2384 2429
f 2429 2384 2385 2432
f 2432 2385 2387 2433
f 2433 2387 2388 2436
f 2436 2388 2389 2437
f 2437 2389 2391 2440
f 2440 2391 2392 2442
f 2442 2392 2393 2444
f 2444 2393 2395 2446
f 2446 2395 2397 2448
f 2448 2397 2398 2449
f 2449 2398 2399 2451
f 2451 2399 2401 2454
f 2454 2401 2402 2455
f 2455 2402 2403 2457
f 2457 2403 2404 2460
f 2460 2404 2405 2461
f 2461 2405 2407 2464
f 2464 2407 2408 2466
f 2372 2371 2370 4000 3992 3994 3993 3995 3996 3998 3997 3999 4012 4013 4011 4014 4009 4010 4008 4015 4005 4006 4004 4007 4002 4003 4001 3984 2402 2401 2399 2398 2397 2395 2393 2392 2391 2389 2388 2387 2385 2384 2383 2381 2380 2379 2378 2377 2375 2373
f 2409 2408 2407 2405 2404 2403 2402 3984 3986 3985 3987 3989 3988 3991 3990 4000 2370 2368
f 2466 2408 2409 2467
f 2467 2409 2368 2411
f 3051 2467 2411 3054
f 3049 2466 2467 3051
f 3047 2464 2466 3049
f 3044 2461 2464 3047
f 2460 2461 3044 3048
f 2457 2460 3048 3042
f 2455 2457 3042 3040
f 3038 2454 2455 3040
f 3039 2451 2454 3038
f 3041 2449 2451 3039
f 3043 2448 2449 3041
f 3046 2446 2448 3043
f 2446 3046 3045 2444
f 3062 2442 2444 3045
f 3050 2440 2442 3062
f 3053 2437 2440 3050
f 3060 2436 2437 3053
f 3055 2433 2436 3060
f 3058 2432 2433 3055
f 3056 2429 2432 3058
f 2429 3056 3087 2427
f 3066 2426 2427 3087
f 3064 2423 2426 3066
f 3063 2422 2423 3064
f 3065 2420 2422 3063
f 3067 2419 2420 3065
f 3086 2418 2419 3067
f 3057 2416 2418 3086
f 2415 2416 3057 3059
f 2414 2415 3059 3061
f 2413 2414 3061 3052
f 3054 2411 2413 3052
f 2518 2469 2471 2519
f 2519 2471 2473 2520
f 2520 2473 2475 2522
f 2522 2475 2478 2523
f 2523 2478 2479 2524
f 2524 2479 2482 2526
f 2526 2482 2484 2527
f 2527 2484 2485 2528
f 2528 2485 2487 2530
f 2530 2487 2488 2531
f 2531 2488 2489 2533
f 2533 2489 2491 2534
f 2534 2491 2492 2535
f 2535 2492 2494 2537
f 2537 2494 2495 2538
f 2538 2495 2496 2539
f 2539 2496 2498 2540
f 2540 2498 2499 2541
f 2541 2499 2500 2543
f 2543 2500 2501 2544
f 2544 2501 2503 2545
f 2545 2503 2505 2547
f 2547 2505 2506 2548
f 2548 2506 2507 2549
f 2549 2507 2509 2551
f 2551 2509 2510 2553
f 2553 2510 2511 2554
f 2554 2511 2512 2555
f 2555 2512 2514 2556
f 2556 2514 2515 2557
f 2517 2515 2514 2512 2511 2510 2509 4016 4018 4017 4019 4021 4020 4023 4022 4032 2471 2469
f 2498 2496 2495 2494 2492 2491 2489 2488 2487 2485 2484 2482 2479 2478 2475 2473 2471 4032 4024 4026 4025 4027 4028 4030 4029 4031 4044 4045 4043 4046 4041 4042 4040 4047 4037 4038 4036 4039 4034 4035 4033 4016 2509 2507 2506 2505 2503 2501 2500 2499
f 2557 2515 2517 2559
f 2559 2517 2469 2518
f 2914 2559 2518 2920
f 2912 2557 2559 2914
f 2908 2556 2557 2912
f 2901 2555 2556 2908
f 2554 2555 2901 2903
f 2553 2554 2903 2899
f 2551 2553 2899 2897
f 2549 2551 2897 2970
f 2971 2548 2549 2970
f 2974 2547 2548 2971
f 2973 2545 2547 2974
f 2972 2544 2545 2973
f 2544 2972 2979 2543
f 2976 2541 2543 2979
f 2975 2540 2541 2976
f 2978 2539 2540 2975
f 2977 2538 2539 2978
f 2991 2537 2538 2977
f 2980 2535 2537 2991
f 2982 2534 2535 2980
f 2534 2982 2989 2533
f 2984 2531 2533 2989
f 2987 2530 2531 2984
f 2985 2528 2530 2987
f 2986 2527 2528 2985
f 2988 2526 2527 2986
f 2981 2524 2526 2988
f 2983 2523 2524 2981
f 2522 2523 2983 2990
f 2520 2522 2990 2923
f 2519 2520 2923 2918
f 2920 2518 2519 2918
f 2603 2560 2561 2604
f 2604 2561 2563 2606
f 2606 2563 2564 2607
f 2607 2564 2565 2608
f 2608 2565 2567 2609
f 2609 2567 2568 2611
f 2611 2568 2570 2612
f 2612 2570 2571 2613
f 2613 2571 2572 2615
f 2615 2572 2573 2617
f 2617 2573 2575 2620
f 2620 2575 2576 2622
f 2622 2576 2577 2624
f 2624 2577 2579 2626
f 2626 2579 2580 2628
f 2628 2580 2582 2630
f 2630 2582 2583 2632
f 2632 2583 2584 2634
f 2634 2584 2586 2635
f 2635 2586 2587 2637
f 2637 2587 2588 2639
f 2639 2588 2590 2641
f 2641 2590 2591 2643
f 2643 2591 2592 2645
f 2645 2592 2594 2647
f 2647 2594 2595 2649
f 2649 2595 2596 2652
f 2652 2596 2597 2654
f 2654 2597 2599 2656
f 2656 2599 2600 2658
f 2583 2582 2580 2579 2577 2576 2575 2573 2572 2571 2570 2568 2567 2565 2564 2563 2561 4075 4052 4050 4062 4055 4059 4057 4056 4058 4061 4054 4060 4051 4053 4049 4048 4074 4071 4072 4079 4068 4064 4065 4063 4066 2594 2592 2591 2590 2588 2587 2586 2584
f 2596 2595 2594 4066 4070 4069 4067 4078 4073 4077 4076 4075 2561 2560 2601 2600 2599 2597
f 2658 2600 2601 2659
f 2659 2601 2560 2603
f 2938 2659 2603 2921
f 2915 2658 2659 2938
f 2916 2656 2658 2915
f 2910 2654 2656 2916
f 2652 2654 2910 2917
f 2649 2652 2917 2905
f 2647 2649 2905 2906
f 2898 2645 2647 2906
f 2900 2643 2645 2898
f 2904 2641 2643 2900
f 2902 2639 2641 2904
f 2909 2637 2639 2902
f 2637 2909 2907 2635
f 2911 2634 2635 2907
f 2913 2632 2634 2911
f 2919 2630 2632 2913
f 2924 2628 2630 2919
f 2922 2626 2628 2924
f 2937 2624 2626 2922
f 2928 2622 2624 2937
f 2622 2928 2935 2620
f 2930 2617 2620 2935
f 2933 2615 2617 2930
f 2931 2613 2615 2933
f 2932 2612 2613 2931
f 2934 2611 2612 2932
f 2927 2609 2611 2934
f 2929 2608 2609 2927
f 2607 2608 2929 2936
f 2606 2607 2936 2925
f 2604 2606 2925 2926
f 2921 2603 2604 2926
f 2702 2661 2663 2703
f 2703 2663 2666 2704
f 2704 2666 2667 2705
f 2705 2667 2670 2706
f 2706 2670 2672 2707
f 2707 2672 2673 2708
f 2708 2673 2676 2709
f 2709 2676 2678 2710
f 2710 2678 2679 2711
f 2711 2679 2680 2712
f 2712 2680 2681 2713
f 2713 2681 2682 2714
f 2714 2682 2683 2715
f 2715 2683 2684 2716
f 2716 2684 2685 2717
f 2717 2685 2686 2718
f 2718 2686 2687 2719
f 2719 2687 2688 2720
f 2720 2688 2689 2721
f 2721 2689 2690 2722
f 2722 2690 2691 2723
f 2723 2691 2692 2724
f 2724 2692 2693 2725
f 2725 2693 2694 2726
f 2726 2694 2695 2727
f 2727 2695 2696 2728
f 2728 2696 2697 2729
f 2729 2697 2698 2730
f 2730 2698 2699 2731
f 2731 2699 2700 2732
f 2687 2686 2685 2684 2683 2682 2681 2680 2679 2678 2676 2673 2672 2670 2667 2666 2663 4107 4084 4082 4094 4087 4091 4089 4088 4090 4093 4086 4092 4083 4085 4081 4080 4106 4103 4104 4111 4100 4096 4097 4095 4098 2695 2694 2693 2692 2691 2690 2689 2688
f 2697 2696 2695 4098 4102 4101 4099 4110 4105 4109 4108 4107 2663 2661 2701 2700 2699 2698
f 2732 2700 2701 2733
f 2733 2701 2661 2702
f 3006 2733 2702 3007
f 2996 2732 2733 3006
f 3027 2731 2732 2996
f 3028 2730 2731 3027
f 2729 2730 3028 3025
f 2728 2729 3025 3026
f 2727 2728 3026 3022
f 3024 2726 2727 3022
f 3021 2725 2726 3024
f 3023 2724 2725 3021
f 2997 2723 2724 3023
f 3002 2722 2723 2997
f 2722 3002 3001 2721
f 3010 2720 2721 3001
f 3005 2719 2720 3010
f 3033 2718 2719 3005
f 2835 2717 2718 3033
f 2839 2716 2717 2835
f 2840 2715 2716 2839
f 2841 2714 2715 2840
f 2714 2841 2845 2713
f 2846 2712 2713 2845
f 2843 2711 2712 2846
f 2842 2710 2711 2843
f 2844 2709 2710 2842
f 2830 2708 2709 2844
f 3037 2707 2708 2830
f 3036 2706 2707 3037
f 3032 2705 2706 3036
f 2704 2705 3032 3008
f 3009 2703 2704 3008
f 3007 2702 2703 3009
f 3673 129 131 3679
f 3679 131 133 3676
f 3676 133 136 3675
f 3675 136 137 3678
f 137 139 3677 3678
f 139 141 3694 3677
f 141 144 3692 3694
f 144 146 3690 3692
f 146 147 3691 3690
f 147 150 3693 3691
f 150 151 3689 3693
f 151 153 3688 3689
f 153 155 3695 3688
f 155 157 3685 3695
f 157 159 3686 3685
f 159 161 3684 3686
f 161 163 3687 3684
f 163 165 3682 3687
f 165 167 3683 3682
f 167 169 3681 3683
f 3681 169 172 3668
f 3668 172 174 3670
f 3670 174 176 3665
f 3665 176 178 3664
f 3664 178 180 3666
f 3666 180 182 3671
f 3671 182 183 3669
f 3669 183 185 3667
f 3667 185 187 3680
f 3680 187 190 3672
f 3672 190 191 3674
f 3674 191 129 3673
f 3446 8 4 3447
f 3413 12 8 3446 3414
f 3439 15 12 3413
f 3435 19 15 3439
f 23 19 3435 3436
f 28 23 3436 3438
f 31 28 3438 3460
f 3458 34 31 3460
f 3459 40 34 3458
f 3457 44 40 3459
f 3456 47 44 3457
f 3454 51 47 3456
f 56 51 3454 3455
f 60 56 3455 3433 3432
f 63 60 3432 3434
f 3431 67 63 3434
f 71 67 3431 3411
f 75 71 3411 3412 3443
f 3442 79 75 3443
f 3444 82 79 3442
f 3440 87 82 3444
f 3462 91 87 3440
f 3463 96 91 3462
f 3461 100 96 3463
f 3464 103 100 3461
f 3465 107 103 3464
f 3466 112 107 3465
f 3468 116 112 3466
f 3467 119 116 3468
f 3441 124 119 3467
f 8 12 133 131 129 191 190 187 185 183 182 107 112 116 119 124 128 4
f 15 19 23 28 31 34 40 44 47 51 56 60 63 67 71 75 79 82 87 91 96 100 103 107 182 180 178 176 174 172 169 167 165 163 161 159 157 155 153 151 150 147 146 144 141 139 137 136 133 12
f 3445 128 124 3441
f 3447 4 128 3445
f 3756 320 321 3755
f 3755 321 323 3732
f 3732 323 325 3730
f 3730 325 327 3742
f 327 330 3735 3742
f 330 331 3739 3735
f 331 334 3737 3739
f 334 336 3736 3737
f 336 337 3738 3736
f 337 339 3741 3738
f 339 342 3734 3741
f 342 343 3740 3734
f 343 345 3731 3740
f 345 347 3733 3731
f 347 349 3729 3733
f 349 351 3728 3729
f 351 353 3754 3728
f 353 355 3751 3754
f 355 358 3752 3751
f 358 359 3759 3752
f 3759 359 361 3748
f 3748 361 364 3744
f 3744 364 365 3745
f 3745 365 367 3743
f 3743 367 369 3746
f 3746 369 371 3750
f 3750 371 374 3749
f 3749 374 375 3747
f 3747 375 377 3758
f 3758 377 379 3753
f 3753 379 381 3757
f 3757 381 320 3756
f 3250 200 195 3253
f 3309 203 200 3250
f 3263 208 203 3309
f 3280 211 208 3263
f 215 211 3280 3276
f 220 215 3276 3271 3270
f 223 220 3270 3308
f 3281 226 223 3308
f 3307 230 226 3281
f 3269 234 230 3307
f 3275 238 234 3269
f 3268 241 238 3275
f 246 241 3268 3279
f 251 246 3279 3266
f 254 251 3266 3310
f 3252 3251 257 254 3310
f 3248 261 257 3251
f 3254 265 261 3248
f 3245 269 265 3254
f 3246 273 269 3245
f 3242 277 273 3246
f 3237 282 277 3242
f 3239 285 282 3237
f 3236 289 285 3239
f 3240 292 289 3236
f 3238 297 292 3240
f 3256 301 297 3238
f 3244 306 301 3256
f 3247 308 306 3244
f 3255 314 308 3247
f 195 200 203 323 321 320 381 379 377 375 374 371 297 301 306 308 314 317
f 203 208 211 215 220 223 226 230 234 238 241 246 251 254 257 261 265 269 273 277 282 285 289 292 297 371 369 367 365 364 361 359 358 355 353 351 349 347 345 343 342 339 337 336 334 331 330 327 325 323
f 3249 317 314 3255
f 3253 195 317 3249
f 3928 512 513 3930
f 3930 513 515 3929
f 3929 515 518 3935
f 3935 518 520 3932
f 520 521 3931 3932
f 521 524 3934 3931
f 524 525 3933 3934
f 525 527 3949 3933
f 527 530 3950 3949
f 530 532 3948 3950
f 532 534 3946 3948
f 534 536 3945 3946
f 536 537 3947 3945
f 537 539 3944 3947
f 539 542 3951 3944
f 542 544 3941 3951
f 544 545 3942 3941
f 545 547 3940 3942
f 547 549 3943 3940
f 549 552 3938 3943
f 3938 552 554 3939
f 3939 554 555 3937
f 3937 555 558 3921
f 3921 558 559 3920
f 3920 559 562 3922
f 3922 562 563 3923
f 3923 563 565 3925
f 3925 565 568 3924
f 3924 568 569 3927
f 3927 569 571 3926
f 3926 571 574 3936
f 3936 574 512 3928
f 3359 389 386 3355
f 3272 393 389 3359
f 3303 397 393 3272
f 3283 401 397 3303
f 404 401 3283 3289
f 409 404 3289 3286
f 412 409 3286 3364
f 3362 417 412 3364
f 3363 422 417 3362
f 3366 426 422 3363
f 3361 428 426 3366
f 3360 433 428 3361
f 438 433 3360 3365
f 442 438 3365 3356
f 446 442 3356 3357
f 3358 449 446 3357
f 3367 454 449 3358
f 3348 457 454 3367
f 3350 461 457 3348
f 3346 464 461 3350
f 3353 469 464 3346
f 3342 474 469 3353
f 3344 478 474 3342
f 3340 482 478 3344
f 3345 484 482 3340
f 3343 489 484 3345
f 3354 493 489 3343
f 3347 498 493 3354
f 3351 500 498 3347
f 3349 506 500 3351
f 389 393 515 513 512 574 571 569 568 565 563 489 493 498 500 506 510 386
f 397 401 404 409 412 417 422 426 428 433 438 442 446 449 454 457 461 464 469 474 478 482 484 489 563 562 559 558 555 554 552 549 547 545 544 542 539 537 536 534 532 530 527 525 524 521 520 518 515 393
f 3368 510 506 3349
f 3355 386 510 3368
f 3990 704 705 4000
f 4000 705 707 3992
f 3992 707 709 3994
f 3994 709 711 3993
f 711 713 3995 3993
f 713 715 3996 3995
f 715 717 3998 3996
f 717 719 3997 3998
f 719 722 3999 3997
f 722 724 4012 3999
f 724 725 4013 4012
f 725 728 4011 4013
f 728 729 4014 4011
f 729 732 4009 4014
f 732 733 4010 4009
f 733 735 4008 4010
f 735 737 4015 4008
f 737 739 4005 4015
f 739 741 4006 4005
f 741 743 4004 4006
f 4004 743 745 4007
f 4007 745 747 4002
f 4002 747 749 4003
f 4003 749 752 4001
f 4001 752 754 3984
f 3984 754 755 3986
f 3986 755 758 3985
f 3985 758 760 3987
f 3987 760 761 3989
f 3989 761 764 3988
f 3988 764 766 3991
f 3991 766 704 3990
f 3228 582 578 3221
f 3223 585 582 3228
f 3226 590 585 3223
f 3224 593 590 3226
f 596 593 3224 3243
f 602 596 3243 3235
f 604 602 3235 3233
f 3241 609 604 3233
f 3232 614 609 3241
f 3234 618 614 3232
f 3231 621 618 3234
f 3257 625 621 3231
f 630 625 3257 3225
f 634 630 3225 3222
f 638 634 3222 3227
f 3219 640 638 3227
f 3220 646 640 3219
f 3229 649 646 3220
f 3212 653 649 3229
f 3214 657 653 3212
f 3216 662 657 3214
f 3210 666 662 3216
f 3208 670 666 3210
f 3207 673 670 3208
f 3209 677 673 3207
f 3211 681 677 3209
f 3217 685 681 3211
f 3215 690 685 3217
f 3213 693 690 3215
f 3230 697 693 3213
f 582 585 707 705 704 766 764 761 760 758 755 681 685 690 693 697 702 578
f 590 593 596 602 604 609 614 618 621 625 630 634 638 640 646 649 653 657 662 666 670 673 677 681 755 754 752 749 747 745 743 741 739 737 735 733 732 729 728 725 724 722 719 717 715 713 711 709 707 585
f 3218 702 697 3230
f 3221 578 702 3218
f 3832 895 898 3834
f 3834 898 900 3833
f 3833 900 902 3839
f 3839 902 903 3836
f 903 906 3835 3836
f 906 908 3838 3835
f 908 909 3837 3838
f 909 911 3853 3837
f 911 914 3854 3853
f 914 915 3852 3854
f 915 918 3850 3852
f 918 920 3849 3850
f 920 921 3851 3849
f 921 924 3848 3851
f 924 926 3855 3848
f 926 928 3845 3855
f 928 930 3846 3845
f 930 932 3844 3846
f 932 934 3847 3844
f 934 936 3842 3847
f 3842 936 937 3843
f 3843 937 940 3841
f 3841 940 942 3825
f 3825 942 944 3824
f 3824 944 945 3826
f 3826 945 947 3827
f 3827 947 950 3829
f 3829 950 952 3828
f 3828 952 954 3831
f 3831 954 955 3830
f 3830 955 957 3840
f 3840 957 895 3832
f 3649 774 770 3663
f 3653 777 774 3649
f 3651 782 777 3653
f 3662 785 782 3651
f 788 785 3662 3655
f 793 788 3655 3660
f 796 793 3660 3658
f 3656 800 796 3658
f 3657 805 800 3656
f 3659 809 805 3657
f 3654 813 809 3659
f 3661 816 813 3654
f 822 816 3661 3650
f 826 822 3650 3652
f 829 826 3652 3648
f 3645 833 829 3648
f 3641 838 833 3645
f 3643 842 838 3641
f 3639 846 842 3643
f 3646 848 846 3639
f 3635 854 848 3646
f 3637 857 854 3635
f 3633 861 857 3637
f 3632 866 861 3633
f 3634 869 866 3632
f 3638 873 869 3634
f 3636 877 873 3638
f 3647 881 877 3636
f 3640 885 881 3647
f 3644 890 885 3640
f 774 777 900 898 895 957 955 954 952 950 947 873 877 881 885 890 894 770
f 782 785 788 793 796 800 805 809 813 816 822 826 829 833 838 842 846 848 854 857 861 866 869 873 947 945 944 942 940 937 936 934 932 930 928 926 924 921 920 918 915 914 911 909 908 906 903 902 900 777
f 3642 894 890 3644
f 3663 770 894 3642
f 4076 1088 1090 4075
f 4075 1090 1092 4052
f 4052 1092 1094 4050
f 4050 1094 1096 4062
f 1096 1098 4055 4062
f 1098 1100 4059 4055
f 1100 1102 4057 4059
f 1102 1103 4056 4057
f 1103 1106 4058 4056
f 1106 1108 4061 4058
f 1108 1110 4054 4061
f 1110 1112 4060 4054
f 1112 1113 4051 4060
f 1113 1116 4053 4051
f 1116 1117 4049 4053
f 1117 1120 4048 4049
f 1120 1122 4074 4048
f 1122 1124 4071 4074
f 1124 1126 4072 4071
f 1126 1128 4079 4072
f 4079 1128 1130 4068
f 4068 1130 1132 4064
f 4064 1132 1134 4065
f 4065 1134 1135 4063
f 4063 1135 1137 4066
f 4066 1137 1139 4070
f 4070 1139 1141 4069
f 4069 1141 1143 4067
f 4067 1143 1145 4078
f 4078 1145 1147 4073
f 4073 1147 1150 4077
f 4077 1150 1088 4076
f 3525 966 962 3520
f 3522 969 966 3525
f 3535 974 969 3522
f 3526 977 974 3535
f 981 977 3526 3529
f 985 981 3529 3534
f 988 985 3534 3531
f 3530 993 988 3531
f 3533 998 993 3530
f 3532 1002 998 3533
f 3527 1005 1002 3532
f 3528 1008 1005 3527
f 1014 1008 3528 3523
f 1017 1014 3523 3521
f 1022 1017 3521 3524
f 3519 1025 1022 3524
f 3538 1030 1025 3519
f 3515 1034 1030 3538
f 3510 1037 1034 3515
f 3512 1040 1037 3510
f 3508 1045 1040 3512
f 3505 1049 1045 3508
f 3503 1053 1049 3505
f 3502 1057 1053 3503
f 3504 1060 1057 3502
f 3506 1065 1060 3504
f 3518 1069 1065 3506
f 3513 1074 1069 3518
f 3517 1077 1074 3513
f 3516 1082 1077 3517
f 966 969 1092 1090 1088 1150 1147 1145 1143 1141 1139 1065 1069 1074 1077 1082 1085 962
f 974 977 981 985 988 993 998 1002 1005 1008 1014 1017 1022 1025 1030 1034 1037 1040 1045 1049 1053 1057 1060 1065 1139 1137 1135 1134 1132 1130 1128 1126 1124 1122 1120 1117 1116 1113 1112 1110 1108 1106 1103 1102 1100 1098 1096 1094 1092 969
f 3536 1085 1082 3516
f 3520 962 1085 3536
f 3892 1280 1281 3903
f 3903 1281 1284 3895
f 3895 1284 1285 3897
f 3897 1285 1288 3896
f 1288 1290 3898 3896
f 1290 1291 3899 3898
f 1291 1293 3901 3899
f 1293 1296 3900 3901
f 1296 1297 3902 3900
f 1297 1300 3917 3902
f 1300 1302 3919 3917
f 1302 1304 3916 3919
f 1304 1306 3918 3916
f 1306 1307 3913 3918
f 1307 1310 3914 3913
f 1310 1312 3915 3914
f 1312 1313 3912 3915
f 1313 1316 3909 3912
f 1316 1317 3910 3909
f 1317 1320 3911 3910
f 3911 1320 1322 3908
f 3908 1322 1324 3905
f 3905 1324 1326 3906
f 3906 1326 1327 3904
f 3904 1327 1330 3907
f 3907 1330 1332 3888
f 3888 1332 1333 3890
f 3890 1333 1335 3889
f 3889 1335 1337 3894
f 3894 1337 1339 3891
f 3891 1339 1342 3893
f 3893 1342 1280 3892
f 3607 1157 1154 3597
f 3603 1162 1157 3607
f 3626 1166 1162 3603
f 3623 1169 1166 3626
f 1173 1169 3623 3616
f 1178 1173 3616 3620
f 1180 1178 3620 3618
f 3617 1184 1180 3618
f 3619 1190 1184 3617
f 3621 1193 1190 3619
f 3615 1197 1193 3621
f 3622 1200 1197 3615
f 1205 1200 3622 3612
f 1210 1205 3612 3625
f 1213 1210 3625 3602
f 3606 1216 1213 3602
f 3628 1221 1216 3606
f 3587 1225 1221 3628
f 3586 1229 1225 3587
f 3592 1232 1229 3586
f 3582 1238 1232 3592
f 3577 1242 1238 3582
f 3573 1245 1242 3577
f 3574 1249 1245 3573
f 3575 1253 1249 3574
f 3578 1256 1253 3575
f 3583 1262 1256 3578
f 3581 1266 1262 3583
f 3593 1269 1266 3581
f 3588 1274 1269 3593
f 1157 1162 1284 1281 1280 1342 1339 1337 1335 1333 1332 1256 1262 1266 1269 1274 1277 1154
f 1166 1169 1173 1178 1180 1184 1190 1193 1197 1200 1205 1210 1213 1216 1221 1225 1229 1232 1238 1242 1245 1249 1253 1256 1332 1330 1327 1326 1324 1322 1320 1317 1316 1313 1312 1310 1307 1306 1304 1302 1300 1297 1296 1293 1291 1290 1288 1285 1284 1162
f 3629 1277 1274 3588
f 3597 1154 1277 3629 3598
f 3724 1471 1474 3723
f 3723 1474 1476 3700
f 3700 1476 1478 3698
f 3698 1478 1479 3710
f 1479 1481 3703 3710
f 1481 1483 3707 3703
f 1483 1485 3705 3707
f 1485 1487 3704 3705
f 1487 1490 3706 3704
f 1490 1492 3709 3706
f 1492 1493 3702 3709
f 1493 1495 3708 3702
f 1495 1498 3699 3708
f 1498 1499 3701 3699
f 1499 1501 3697 3701
f 1501 1503 3696 3697
f 1503 1506 3722 3696
f 1506 1508 3719 3722
f 1508 1509 3720 3719
f 1509 1511 3727 3720
f 3727 1511 1514 3716
f 3716 1514 1516 3712
f 3712 1516 1517 3713
f 3713 1517 1520 3711
f 3711 1520 1522 3714
f 3714 1522 1523 3718
f 3718 1523 1526 3717
f 3717 1526 1528 3715
f 3715 1528 1529 3726
f 3726 1529 1531 3721
f 3721 1531 1534 3725
f 3725 1534 1471 3724
f 3631 1350 1345 3591
f 3600 1354 1350 3631
f 3609 1357 1354 3600
f 3605 1361 1357 3609
f 1364 1361 3605 3601
f 1369 1364 3601 3624
f 1373 1369 3624 3614
f 3611 1377 1373 3614
f 3613 1381 1377 3611
f 3610 1386 1381 3613
f 3627 1389 1386 3610
f 3604 1392 1389 3627
f 1398 1392 3604 3608
f 1402 1398 3608 3599
f 1406 1402 3599 3630
f 3590 3589 1408 1406 3630
f 3594 1414 1408 3589
f 3584 1418 1414 3594
f 3596 1422 1418 3584
f 3579 1424 1422 3596
f 3569 1430 1424 3579
f 3571 1434 1430 3569
f 3567 1438 1434 3571
f 3566 1441 1438 3567
f 3568 1444 1441 3566
f 3572 1448 1444 3568
f 3570 1453 1448 3572
f 3580 1458 1453 3570
f 3576 1461 1458 3580
f 3585 1465 1461 3576
f 1350 1354 1476 1474 1471 1534 1531 1529 1528 1526 1523 1448 1453 1458 1461 1465 1470 1345
f 1357 1361 1364 1369 1373 1377 1381 1386 1389 1392 1398 1402 1406 1408 1414 1418 1422 1424 1430 1434 1438 1441 1444 1448 1523 1522 1520 1517 1516 1514 1511 1509 1508 1506 1503 1501 1499 1498 1495 1493 1492 1490 1487 1485 1483 1481 1479 1478 1476 1354
f 3595 1470 1465 3585
f 3591 1345 1470 3595
f 3978 1664 1666 3977
f 3977 1666 1667 3976
f 3976 1667 1669 3982
f 3982 1669 1671 3979
f 1671 1673 3981 3979
f 1673 1675 3980 3981
f 1675 1677 3964 3980
f 1677 1679 3962 3964
f 1679 1681 3963 3962
f 1681 1684 3965 3963
f 1684 1686 3960 3965
f 1686 1688 3961 3960
f 1688 1690 3959 3961
f 1690 1692 3966 3959
f 1692 1694 3956 3966
f 1694 1695 3957 3956
f 1695 1698 3955 3957
f 1698 1699 3958 3955
f 1699 1701 3953 3958
f 1701 1703 3954 3953
f 3954 1703 1705 3952
f 3952 1705 1708 3968
f 3968 1708 1710 3969
f 3969 1710 1712 3967
f 3967 1712 1714 3970
f 3970 1714 1716 3974
f 3974 1716 1718 3973
f 3973 1718 1720 3972
f 3972 1720 1722 3971
f 3971 1722 1724 3983
f 3983 1724 1725 3975
f 3975 1725 1664 3978
f 3288 1542 1537 3291
f 3305 1545 1542 3288
f 3292 1549 1545 3305
f 3295 1553 1549 3292
f 1556 1553 3295 3302
f 1561 1556 3302 3297
f 1565 1561 3297 3300
f 3298 1568 1565 3300
f 3299 1573 1568 3298
f 3296 1577 1573 3299
f 3301 1580 1577 3296
f 3293 1584 1580 3301
f 1590 1584 3293 3294
f 1594 1590 3294 3304
f 1598 1594 3304 3287
f 3290 1601 1598 3287
f 3282 1606 1601 3290
f 3273 1609 1606 3282
f 3267 1614 1609 3273
f 3277 1616 1614 3267
f 3261 1622 1616 3277
f 3264 1626 1622 3261
f 3259 1629 1626 3264
f 3258 1634 1629 3259
f 3260 1636 1634 3258
f 3265 1640 1636 3260
f 3262 1646 1640 3265
f 3278 1650 1646 3262
f 3274 1653 1650 3278
f 3306 1657 1653 3274
f 1542 1545 1667 1666 1664 1725 1724 1722 1720 1718 1716 1640 1646 1650 1653 1657 1661 1537
f 1549 1553 1556 1561 1565 1568 1573 1577 1580 1584 1590 1594 1598 1601 1606 1609 1614 1616 1622 1626 1629 1634 1636 1640 1716 1714 1712 1710 1708 1705 1703 1701 1699 1698 1695 1694 1692 1690 1688 1686 1684 1681 1679 1677 1675 1673 1671 1669 1667 1545
f 3285 1661 1657 3306
f 3291 1537 1661 3285 3284
f 3776 1853 1855 3768
f 3768 1855 1857 3770
f 3770 1857 1859 3769
f 3769 1859 1861 3771
f 1861 1862 3773 3771
f 1862 1863 3772 3773
f 1863 1865 3775 3772
f 1865 1868 3774 3775
f 1868 1870 3789 3774
f 1870 1872 3790 3789
f 1872 1873 3788 3790
f 1873 1876 3786 3788
f 1876 1877 3785 3786
f 1877 1880 3787 3785
f 1880 1881 3784 3787
f 1881 1884 3791 3784
f 1884 1886 3781 3791
f 1886 1887 3782 3781
f 1887 1889 3780 3782
f 1889 1892 3783 3780
f 3783 1892 1894 3778
f 3778 1894 1896 3779
f 3779 1896 1898 3777
f 3777 1898 1900 3760
f 3760 1900 1902 3762
f 3762 1902 1904 3761
f 3761 1904 1906 3763
f 3763 1906 1908 3765
f 3765 1908 1910 3764
f 3764 1910 1911 3767
f 3767 1911 1913 3766
f 3766 1913 1853 3776
f 3330 1733 1729 3326
f 3328 1738 1733 3330
f 3338 1742 1738 3328
f 3332 1745 1742 3338
f 1749 1745 3332 3336
f 1754 1749 3336 3334
f 1757 1754 3334 3352
f 3341 1760 1757 3352
f 3369 1766 1760 3341
f 3333 1770 1766 3369
f 3335 1773 1770 3333
f 3331 1777 1773 3335
f 1782 1777 3331 3337
f 1785 1782 3337 3327
f 1790 1785 3327 3329
f 3325 1792 1790 3329
f 3324 1798 1792 3325
f 3320 1802 1798 3324
f 3322 1805 1802 3320
f 3318 1808 1805 3322
f 3316 1814 1808 3318
f 3314 1817 1814 3316
f 3311 1822 1817 3314
f 3312 1826 1822 3311
f 3313 1828 1826 3312
f 3315 1830 1828 3313
f 3317 1836 1830 3315
f 3319 1840 1836 3317
f 3323 1843 1840 3319
f 3321 1847 1843 3323
f 1729 1733 1738 1857 1855 1853 1913 1911 1910 1908 1906 1904 1830 1836 1840 1843 1847 1852
f 1738 1742 1745 1749 1754 1757 1760 1766 1770 1773 1777 1782 1785 1790 1792 1798 1802 1805 1808 1814 1817 1822 1826 1828 1830 1904 1902 1900 1898 1896 1894 1892 1889 1887 1886 1884 1881 1880 1877 1876 1873 1872 1870 1868 1865 1863 1862 1861 1859 1857
f 3339 1852 1847 3321
f 3326 1729 1852 3339
f 3801 2040 2043 3807
f 3807 2043 2045 3804
f 3804 2045 2047 3806
f 3806 2047 2049 3805
f 2049 2051 3817 3805
f 2051 2052 3821 3817
f 2052 2055 3820 3821
f 2055 2057 3818 3820
f 2057 2058 3819 3818
f 2058 2061 3822 3819
f 2061 2063 3816 3822
f 2063 2064 3815 3816
f 2064 2066 3823 3815
f 2066 2069 3812 3823
f 2069 2070 3813 3812
f 2070 2073 3811 3813
f 2073 2074 3814 3811
f 2074 2077 3809 3814
f 2077 2079 3810 3809
f 2079 2081 3808 3810
f 3808 2081 2083 3795
f 3795 2083 2085 3797
f 3797 2085 2086 3793
f 3793 2086 2089 3792
f 3792 2089 2090 3794
f 3794 2090 2093 3798
f 3798 2093 2095 3796
f 3796 2095 2096 3799
f 3799 2096 2099 3800
f 3800 2099 2101 3803
f 3803 2101 2103 3802
f 3802 2103 2040 3801
f 3395 1920 1917 3409
f 3399 1923 1920 3395
f 3397 1928 1923 3399
f 3408 1930 1928 3397
f 1934 1930 3408 3401
f 1940 1934 3401 3406
f 1943 1940 3406 3404
f 3402 1946 1943 3404
f 3403 1951 1946 3402
f 3405 1955 1951 3403
f 3400 1958 1955 3405
f 3407 1962 1958 3400
f 1967 1962 3407 3396
f 1972 1967 3396 3398
f 1976 1972 3398 3394
f 3410 1978 1976 3394
f 3388 1984 1978 3410
f 3390 1988 1984 3388
f 3386 1991 1988 3390
f 3392 1994 1991 3386
f 3382 2000 1994 3392
f 3384 2003 2000 3382
f 3380 2007 2003 3384
f 3379 2011 2007 3380
f 3381 2015 2011 3379
f 3385 2018 2015 3381
f 3383 2023 2018 3385
f 3393 2026 2023 3383
f 3387 2030 2026 3393
f 3391 2034 2030 3387
f 1920 1923 2045 2043 2040 2103 2101 2099 2096 2095 2093 2018 2023 2026 2030 2034 2038 1917
f 1928 1930 1934 1940 1943 1946 1951 1955 1958 1962 1967 1972 1976 1978 1984 1988 1991 1994 2000 2003 2007 2011 2015 2018 2093 2090 2089 2086 2085 2083 2081 2079 2077 2074 2073 2070 2069 2066 2064 2063 2061 2058 2057 2055 2052 2051 2049 2047 2045 1923
f 3389 2038 2034 3391
f 3409 1917 2038 3389
f 4022 2232 2234 4032
f 4032 2234 2236 4024
f 4024 2236 2239 4026
f 4026 2239 2240 4025
f 2240 2242 4027 4025
f 2242 2244 4028 4027
f 2244 2245 4030 4028
f 2245 2247 4029 4030
f 2247 2250 4031 4029
f 2250 2252 4044 4031
f 2252 2253 4045 4044
f 2253 2255 4043 4045
f 2255 2258 4046 4043
f 2258 2259 4041 4046
f 2259 2261 4042 4041
f 2261 2263 4040 4042
f 2263 2265 4047 4040
f 2265 2268 4037 4047
f 2268 2270 4038 4037
f 2270 2271 4036 4038
f 4036 2271 2273 4039
f 4039 2273 2275 4034
f 4034 2275 2277 4035
f 4035 2277 2279 4033
f 4033 2279 2281 4016
f 4016 2281 2283 4018
f 4018 2283 2285 4017
f 4017 2285 2288 4019
f 4019 2288 2290 4021
f 4021 2290 2292 4020
f 4020 2292 2293 4023
f 4023 2293 2232 4022
f 3549 2111 2107 3537
f 3564 2115 2111 3549
f 3556 2118 2115 3564
f 3554 2121 2118 3556
f 2126 2121 3554 3562
f 2131 2126 3562 3558
f 2133 2131 3558 3561
f 3559 2137 2133 3561
f 3560 2142 2137 3559
f 3557 2146 2142 3560
f 3563 2150 2146 3557
f 3553 2153 2150 3563
f 2159 2153 3553 3555
f 2163 2159 3555 3552
f 2167 2163 3552 3565
f 3548 2170 2167 3565
f 3550 2175 2170 3548
f 3546 2179 2175 3550
f 3547 2183 2179 3546
f 3551 2185 2183 3547
f 3542 2191 2185 3551
f 3544 2195 2191 3542 3543
f 3540 2199 2195 3544
f 3539 2202 2199 3540
f 3541 2206 2202 3539
f 3545 2210 2206 3541
f 3501 2215 2210 3545
f 3507 2218 2215 3501
f 3511 2222 2218 3507
f 3509 2226 2222 3511
f 2111 2115 2236 2234 2232 2293 2292 2290 2288 2285 2283 2210 2215 2218 2222 2226 2230 2107
f 2118 2121 2126 2131 2133 2137 2142 2146 2150 2153 2159 2163 2167 2170 2175 2179 2183 2185 2191 2195 2199 2202 2206 2210 2283 2281 2279 2277 2275 2273 2271 2270 2268 2265 2263 2261 2259 2258 2255 2253 2252 2250 2247 2245 2244 2242 2240 2239 2236 2115
f 3514 2230 2226 3509
f 3537 2107 2230 3514
f 3884 2424 2425 3883
f 3883 2425 2428 3860
f 3860 2428 2430 3858
f 3858 2430 2431 3870
f 2431 2434 3863 3870
f 2434 2435 3867 3863
f 2435 2438 3865 3867
f 2438 2439 3864 3865
f 2439 2441 3866 3864
f 2441 2443 3869 3866
f 2443 2445 3862 3869
f 2445 2447 3868 3862
f 2447 2450 3859 3868
f 2450 2452 3861 3859
f 2452 2453 3857 3861
f 2453 2456 3856 3857
f 2456 2458 3882 3856
f 2458 2459 3879 3882
f 2459 2462 3880 3879
f 2462 2463 3887 3880
f 3887 2463 2465 3876
f 3876 2465 2468 3872
f 3872 2468 2470 3873
f 3873 2470 2472 3871
f 3871 2472 2474 3874
f 3874 2474 2476 3878
f 3878 2476 2477 3877
f 3877 2477 2480 3875
f 3875 2480 2481 3886
f 3886 2481 2483 3881
f 3881 2483 2486 3885
f 3885 2486 2424 3884
f 3485 2302 2298 3500
f 3489 2305 2302 3485
f 3487 2309 2305 3489
f 3498 2312 2309 3487
f 2317 2312 3498 3492
f 2322 2317 3492 3496
f 2325 2322 3496 3494
f 3493 2329 2325 3494
f 3495 2334 2329 3493
f 3491 2338 2334 3495
f 3490 2340 2338 3491
f 3497 2344 2340 3490
f 2349 2344 3497 3486
f 2353 2349 3486 3488
f 2357 2353 3488 3484
f 3499 2360 2357 3484
f 3478 2366 2360 3499
f 3480 2369 2366 3478
f 3476 2374 2369 3480
f 3482 2376 2374 3476
f 3472 2382 2376 3482
f 3474 2386 2382 3472
f 3470 2390 2386 3474
f 3469 2394 2390 3470
f 3471 2396 2394 3469
f 3475 2400 2396 3471
f 3473 2406 2400 3475
f 3483 2410 2406 3473
f 3477 2412 2410 3483
f 3481 2417 2412 3477
f 2298 2302 2305 2428 2425 2424 2486 2483 2481 2480 2477 2476 2400 2406 2410 2412 2417 2421
f 2305 2309 2312 2317 2322 2325 2329 2334 2338 2340 2344 2349 2353 2357 2360 2366 2369 2374 2376 2382 2386 2390 2394 2396 2400 2476 2474 2472 2470 2468 2465 2463 2462 2459 2458 2456 2453 2452 2450 2447 2445 2443 2441 2439 2438 2435 2434 2431 2430 2428
f 3479 2421 2417 3481
f 3500 2298 2421 3479
f 4108 2616 2618 4107
f 4107 2618 2619 4084
f 4084 2619 2621 4082
f 4082 2621 2623 4094
f 2623 2625 4087 4094
f 2625 2627 4091 4087
f 2627 2629 4089 4091
f 2629 2631 4088 4089
f 2631 2633 4090 4088
f 2633 2636 4093 4090
f 2636 2638 4086 4093
f 2638 2640 4092 4086
f 2640 2642 4083 4092
f 2642 2644 4085 4083
f 2644 2646 4081 4085
f 2646 2648 4080 4081
f 2648 2650 4106 4080
f 2650 2651 4103 4106
f 2651 2653 4104 4103
f 2653 2655 4111 4104
f 4111 2655 2657 4100
f 4100 2657 2660 4096
f 4096 2660 2662 4097
f 4097 2662 2664 4095
f 4095 2664 2665 4098
f 4098 2665 2668 4102
f 4102 2668 2669 4101
f 4101 2669 2671 4099
f 4099 2671 2674 4110
f 4110 2674 2675 4105
f 4105 2675 2677 4109
f 4109 2677 2616 4108
f 3427 2493 2490 3428
f 3437 2497 2493 3427
f 2502 2497 3437 3453
f 3451 2504 2502 3453
f 2508 2504 3451 3452
f 2513 2508 3452 3378
f 2516 2513 3378 3375
f 3374 2521 2516 3375
f 3377 2525 2521 3374
f 3376 2529 2525 3377
f 3372 2532 2529 3376
f 3373 2536 2532 3372
f 2542 2536 3373 3370
f 2546 2542 3370 3371
f 2550 2546 3371 3450
f 3449 2552 2550 3450
f 2558 2552 3449 3448
f 2562 2558 3448 3429
f 3422 2566 2562 3429
f 3423 2569 2566 3422
f 3419 2574 2569 3423
f 3417 2578 2574 3419
f 3416 2581 2578 3417
f 3415 2585 2581 3416
f 3420 2589 2585 3415
f 3418 2593 2589 3420
f 3430 2598 2593 3418
f 3421 2602 2598 3430
f 3424 2605 2602 3421
f 3426 2610 2605 3424
f 2493 2497 2619 2618 2616 2677 2675 2674 2671 2669 2668 2593 2598 2602 2605 2610 2614 2490
f 2502 2504 2508 2513 2516 2521 2525 2529 2532 2536 2542 2546 2550 2552 2558 2562 2566 2569 2574 2578 2581 2585 2589 2593 2668 2665 2664 2662 2660 2657 2655 2653 2651 2650 2648 2646 2644 2642 2640 2638 2636 2633 2631 2629 2627 2625 2623 2621 2619 2497
f 3425 2614 2610 3426
f 3428 2490 2614 3425
f 2223 2231 2229
f 2229 2231 2346
f 1367 1368 1372
f 675 1365 1360
f 1360 43 672
f 43 17 672
f 672 678 1360
f 678 680 1360
f 2031 2037 2020
f 2037 2048 2020
f 2048 1981 2012
f 2012 2020 2048
f 2321 2319 2197
