solid OpenSCAD_Model
  facet normal 0 0 0
    outer loop
      vertex 1.33087 115.159 0.513711
      vertex 0.917324 115.202 0.82443
      vertex 1.19098 115.401 0.82443
    endloop
  endfacet
  facet normal 0 0 0
    outer loop
      vertex 1.19098 115.401 0.82443
      vertex 0.917324 115.202 0.82443
      vertex 1.08646 115.582 1.18653
    endloop
  endfacet
  facet normal 0 0 0
    outer loop
      vertex 1.86011 115.331 0.513711
      vertex 1.5 115.539 0.82443
      vertex 1.83087 115.609 0.82443
    endloop
  endfacet
  facet normal 0 0 0
    outer loop
      vertex 0.417324 115.15 1.58418
      vertex 0.17291 114.813 2
      vertex 0.381967 115.176 2
    endloop
  endfacet
  facet normal 0 0 0
    outer loop
      vertex 62.191 115.817 1.18653
      vertex 1.79551 115.946 1.58418
      vertex 62.2045 115.946 1.58418
    endloop
  endfacet
  facet normal 0 0 0
    outer loop
      vertex 1.79551 115.946 1.58418
      vertex 62.191 115.817 1.18653
      vertex 1.80902 115.817 1.18653
    endloop
  endfacet
  facet normal 0 0 0
    outer loop
      vertex 1.19098 114.588 0.26795
      vertex 0.917324 114.787 0.513711
      vertex 1.33087 114.743 0.26795
    endloop
  endfacet
  facet normal 0 0 0
    outer loop
      vertex 1.38197 114 0.097887
      vertex 1.02185 114.208 0.26795
      vertex 1.39547 114.128 0.097887
    endloop
  endfacet
  facet normal 0 0 0
    outer loop
      vertex 0.917324 114.787 0.513711
      vertex 0.690984 114.951 0.82443
      vertex 0.917324 115.202 0.82443
    endloop
  endfacet
  facet normal 0 0 0
    outer loop
      vertex 0.690984 1.72176 0.513711
      vertex 0.661739 2 0.513711
      vertex 1.02185 1.79209 0.26795
    endloop
  endfacet
  facet normal 0 0 0
    outer loop
      vertex 0.17291 1.18653 2
      vertex 0.043705 1.58418 2
      vertex 0.212836 1.2043 1.58418
    endloop
  endfacet
  facet normal 0 0 0
    outer loop
      vertex 62.6045 115.861 1.58418
      vertex 62.2091 115.989 2
      vertex 62.618 115.902 2
    endloop
  endfacet
  facet normal 0 0 0
    outer loop
      vertex 63.6691 1.25686 1.18653
      vertex 63.4781 0.926064 1.18653
      vertex 63.4781 1.34189 0.82443
    endloop
  endfacet
  facet normal 0 0 0
    outer loop
      vertex 1.19098 115.401 0.82443
      vertex 1.08646 115.582 1.18653
      vertex 1.4354 115.738 1.18653
    endloop
  endfacet
  facet normal 0 0 0
    outer loop
      vertex 62.9781 114.208 0.26795
      vertex 62.9135 114.407 0.26795
      vertex 63.2226 114.544 0.513711
    endloop
  endfacet
  facet normal 0 0 0
    outer loop
      vertex 62.5 115.539 0.82443
      vertex 62.1691 115.609 0.82443
      vertex 62.5646 115.738 1.18653
    endloop
  endfacet
  facet normal 0 0 0
    outer loop
      vertex 1.69098 114.951 0.26795
      vertex 1.33087 115.159 0.513711
      vertex 1.58646 115.273 0.513711
    endloop
  endfacet
  facet normal 0 0 0
    outer loop
      vertex 1.79551 0.0544224 1.58418
      vertex 62.2091 0.0109568 2
      vertex 1.79094 0.0109568 2
    endloop
  endfacet
  facet normal 0 0 0
    outer loop
      vertex 62.2091 0.0109568 2
      vertex 1.79551 0.0544224 1.58418
      vertex 62.2045 0.0544224 1.58418
    endloop
  endfacet
  facet normal 0 0 0
    outer loop
      vertex 1.79094 0.0109568 2
      vertex 62.2091 0.0109568 29
      vertex 1.79094 0.0109568 29
    endloop
  endfacet
  facet normal 0 0 0
    outer loop
      vertex 62.2091 0.0109568 29
      vertex 1.79094 0.0109568 2
      vertex 62.2091 0.0109568 2
    endloop
  endfacet
  facet normal 0 0 0
    outer loop
      vertex 1.39547 115.861 1.58418
      vertex 1.02185 115.694 1.58418
      vertex 1.38197 115.902 2
    endloop
  endfacet
  facet normal 0 0 0
    outer loop
      vertex 0.917324 114.787 0.513711
      vertex 0.521852 114.658 0.82443
      vertex 0.690984 114.951 0.82443
    endloop
  endfacet
  facet normal 0 0 0
    outer loop
      vertex 0.0864553 114.407 1.58418
      vertex 0.043705 114.416 2
      vertex 0.212836 114.796 1.58418
    endloop
  endfacet
  facet normal 0 0 0
    outer loop
      vertex 1.38197 115.902 2
      vertex 1 115.732 29
      vertex 1.38197 115.902 29
    endloop
  endfacet
  facet normal 0 0 0
    outer loop
      vertex 1 115.732 29
      vertex 1.38197 115.902 2
      vertex 1 115.732 2
    endloop
  endfacet
  facet normal 0 0 0
    outer loop
      vertex 1.02185 114.208 0.26795
      vertex 0.777438 114.544 0.513711
      vertex 1.08646 114.407 0.26795
    endloop
  endfacet
  facet normal 0 0 0
    outer loop
      vertex 63.0827 1.21339 0.513711
      vertex 62.6691 1.25686 0.26795
      vertex 62.809 1.41222 0.26795
    endloop
  endfacet
  facet normal 0 0 0
    outer loop
      vertex 0.690984 114.278 0.513711
      vertex 0.417324 114.336 0.82443
      vertex 0.777438 114.544 0.513711
    endloop
  endfacet
  facet normal 0 0 0
    outer loop
      vertex 64 114 29
      vertex 63.9563 114.416 2
      vertex 63.9563 114.416 29
    endloop
  endfacet
  facet normal 0 0 0
    outer loop
      vertex 63.9563 114.416 2
      vertex 64 114 29
      vertex 64 114 2
    endloop
  endfacet
  facet normal 0 0 0
    outer loop
      vertex 63 2 0.26795
      vertex 63.3383 114 0.513711
      vertex 63.3383 2 0.513711
    endloop
  endfacet
  facet normal 0 0 0
    outer loop
      vertex 63.3383 114 0.513711
      vertex 63 2 0.26795
      vertex 63 114 0.26795
    endloop
  endfacet
  facet normal 0 0 0
    outer loop
      vertex 63.3383 114 0.513711
      vertex 63.309 114.278 0.513711
      vertex 63.5827 114.336 0.82443
    endloop
  endfacet
  facet normal 0 0 0
    outer loop
      vertex 63.9135 114.407 1.58418
      vertex 63.6691 114.743 1.18653
      vertex 63.7872 114.796 1.58418
    endloop
  endfacet
  facet normal 0 0 0
    outer loop
      vertex 63.309 0.54619 1.58418
      vertex 63.2226 0.642207 1.18653
      vertex 63.5827 0.850119 1.58418
    endloop
  endfacet
  facet normal 0 0 0
    outer loop
      vertex 0.417324 114.336 0.82443
      vertex 0.212836 114.38 1.18653
      vertex 0.33087 114.743 1.18653
    endloop
  endfacet
  facet normal 0 0 0
    outer loop
      vertex 62.4135 0.727239 0.513711
      vertex 62.309 1.04894 0.26795
      vertex 62.6691 0.841032 0.513711
    endloop
  endfacet
  facet normal 0 0 0
    outer loop
      vertex 63.5827 114.336 0.82443
      vertex 63.4781 114.658 0.82443
      vertex 63.6691 114.743 1.18653
    endloop
  endfacet
  facet normal 0 0 0
    outer loop
      vertex 63.0827 0.797566 0.82443
      vertex 62.6691 0.841032 0.513711
      vertex 62.8955 1.00548 0.513711
    endloop
  endfacet
  facet normal 0 0 0
    outer loop
      vertex 0.661739 0.513711 2
      vertex 0.417324 0.850119 1.58418
      vertex 0.690984 0.54619 1.58418
    endloop
  endfacet
  facet normal 0 0 0
    outer loop
      vertex 62.2045 115.946 1.58418
      vertex 1.79094 115.989 2
      vertex 62.2091 115.989 2
    endloop
  endfacet
  facet normal 0 0 0
    outer loop
      vertex 1.79094 115.989 2
      vertex 62.2045 115.946 1.58418
      vertex 1.79551 115.946 1.58418
    endloop
  endfacet
  facet normal 0 0 0
    outer loop
      vertex 1.83087 115.609 0.82443
      vertex 1.4354 115.738 1.18653
      vertex 1.80902 115.817 1.18653
    endloop
  endfacet
  facet normal 0 0 0
    outer loop
      vertex 63.8271 2 1.18653
      vertex 63.618 114 0.82443
      vertex 63.8271 114 1.18653
    endloop
  endfacet
  facet normal 0 0 0
    outer loop
      vertex 63.618 114 0.82443
      vertex 63.8271 2 1.18653
      vertex 63.618 2 0.82443
    endloop
  endfacet
  facet normal 0 0 0
    outer loop
      vertex 62.5 114.866 0.26795
      vertex 62.191 114.588 0.097887
      vertex 62.309 114.951 0.26795
    endloop
  endfacet
  facet normal 0 0 0
    outer loop
      vertex 1.02185 115.694 1.58418
      vertex 0.661739 115.486 2
      vertex 1 115.732 2
    endloop
  endfacet
  facet normal 0 0 0
    outer loop
      vertex 0.777438 115.358 1.18653
      vertex 0.690984 115.454 1.58418
      vertex 1.02185 115.694 1.58418
    endloop
  endfacet
  facet normal 0 0 0
    outer loop
      vertex 1.89547 114.995 0.26795
      vertex 62.1399 115.331 0.513711
      vertex 62.1045 114.995 0.26795
    endloop
  endfacet
  facet normal 0 0 0
    outer loop
      vertex 62.1399 115.331 0.513711
      vertex 1.89547 114.995 0.26795
      vertex 1.86011 115.331 0.513711
    endloop
  endfacet
  facet normal 0 0 0
    outer loop
      vertex 1.58646 115.273 0.513711
      vertex 1.5 115.539 0.82443
      vertex 1.86011 115.331 0.513711
    endloop
  endfacet
  facet normal 0 0 0
    outer loop
      vertex 0.521852 115.074 1.18653
      vertex 0.33087 114.743 1.18653
      vertex 0.417324 115.15 1.58418
    endloop
  endfacet
  facet normal 0 0 0
    outer loop
      vertex 62.9135 114.407 0.26795
      vertex 62.5 114.363 0.097887
      vertex 62.809 114.588 0.26795
    endloop
  endfacet
  facet normal 0 0 0
    outer loop
      vertex 63.309 114.278 0.513711
      vertex 62.9781 114.208 0.26795
      vertex 63.2226 114.544 0.513711
    endloop
  endfacet
  facet normal 0 0 0
    outer loop
      vertex 62.618 114 0.097887
      vertex 62.2091 114 0.0109568
      vertex 62.6045 114.128 0.097887
    endloop
  endfacet
  facet normal 0 0 0
    outer loop
      vertex 63.309 114.278 0.513711
      vertex 63.2226 114.544 0.513711
      vertex 63.5827 114.336 0.82443
    endloop
  endfacet
  facet normal 0 0 0
    outer loop
      vertex 63.309 1.04894 0.82443
      vertex 63.0827 1.21339 0.513711
      vertex 63.4781 1.34189 0.82443
    endloop
  endfacet
  facet normal 0 0 0
    outer loop
      vertex 63.5827 1.66359 0.82443
      vertex 63.2226 1.45568 0.513711
      vertex 63.309 1.72176 0.513711
    endloop
  endfacet
  facet normal 0 0 0
    outer loop
      vertex 62.618 115.902 2
      vertex 62.2091 115.989 29
      vertex 62.618 115.902 29
    endloop
  endfacet
  facet normal 0 0 0
    outer loop
      vertex 62.2091 115.989 29
      vertex 62.618 115.902 2
      vertex 62.2091 115.989 2
    endloop
  endfacet
  facet normal 0 0 0
    outer loop
      vertex 63.9563 114.416 29
      vertex 63.8271 114.813 2
      vertex 63.8271 114.813 29
    endloop
  endfacet
  facet normal 0 0 0
    outer loop
      vertex 63.8271 114.813 2
      vertex 63.9563 114.416 29
      vertex 63.9563 114.416 2
    endloop
  endfacet
  facet normal 0 0 0
    outer loop
      vertex 62.6691 114.743 0.26795
      vertex 62.5 114.866 0.26795
      vertex 62.6691 115.159 0.513711
    endloop
  endfacet
  facet normal 0 0 0
    outer loop
      vertex 0.661739 0.513711 2
      vertex 1 0.26795 29
      vertex 0.661739 0.513711 29
    endloop
  endfacet
  facet normal 0 0 0
    outer loop
      vertex 1 0.26795 29
      vertex 0.661739 0.513711 2
      vertex 1 0.26795 2
    endloop
  endfacet
  facet normal 0 0 0
    outer loop
      vertex 63 0.26795 2
      vertex 62.9781 0.305799 1.58418
      vertex 63.3383 0.513711 2
    endloop
  endfacet
  facet normal 0 0 0
    outer loop
      vertex 1.97815 1.79209 0.0109568
      vertex 1.9354 1.38535 0.097887
      vertex 1.9354 1.80118 0.0109568
    endloop
  endfacet
  facet normal 0 0 0
    outer loop
      vertex 62.2045 114.043 0.0109568
      vertex 62.191 114.085 0.0109568
      vertex 62.6045 114.128 0.097887
    endloop
  endfacet
  facet normal 0 0 0
    outer loop
      vertex 63.618 0.82443 29
      vertex 63.8271 1.18653 2
      vertex 63.8271 1.18653 29
    endloop
  endfacet
  facet normal 0 0 0
    outer loop
      vertex 63.8271 1.18653 2
      vertex 63.618 0.82443 29
      vertex 63.618 0.82443 2
    endloop
  endfacet
  facet normal 0 0 0
    outer loop
      vertex 63.8271 1.18653 29
      vertex 63.9563 1.58418 2
      vertex 63.9563 1.58418 29
    endloop
  endfacet
  facet normal 0 0 0
    outer loop
      vertex 63.9563 1.58418 2
      vertex 63.8271 1.18653 29
      vertex 63.8271 1.18653 2
    endloop
  endfacet
  facet normal 0 0 0
    outer loop
      vertex 1.58646 115.273 0.513711
      vertex 1.33087 115.159 0.513711
      vertex 1.5 115.539 0.82443
    endloop
  endfacet
  facet normal 0 0 0
    outer loop
      vertex 1.33087 115.159 0.513711
      vertex 1.19098 115.401 0.82443
      vertex 1.5 115.539 0.82443
    endloop
  endfacet
  facet normal 0 0 0
    outer loop
      vertex 1.79551 115.946 1.58418
      vertex 1.39547 115.861 1.58418
      vertex 1.79094 115.989 2
    endloop
  endfacet
  facet normal 0 0 0
    outer loop
      vertex 1.80902 115.817 1.18653
      vertex 1.39547 115.861 1.58418
      vertex 1.79551 115.946 1.58418
    endloop
  endfacet
  facet normal 0 0 0
    outer loop
      vertex 0.777438 115.358 1.18653
      vertex 0.417324 115.15 1.58418
      vertex 0.690984 115.454 1.58418
    endloop
  endfacet
  facet normal 0 0 0
    outer loop
      vertex 0.690984 114.951 0.82443
      vertex 0.521852 114.658 0.82443
      vertex 0.521852 115.074 1.18653
    endloop
  endfacet
  facet normal 0 0 0
    outer loop
      vertex 0.33087 114.743 1.18653
      vertex 0.0864553 114.407 1.58418
      vertex 0.212836 114.796 1.58418
    endloop
  endfacet
  facet normal 0 0 0
    outer loop
      vertex 62.2091 115.989 2
      vertex 1.79094 115.989 29
      vertex 62.2091 115.989 29
    endloop
  endfacet
  facet normal 0 0 0
    outer loop
      vertex 1.79094 115.989 29
      vertex 62.2091 115.989 2
      vertex 1.79094 115.989 2
    endloop
  endfacet
  facet normal 0 0 0
    outer loop
      vertex 1.79094 115.989 2
      vertex 1.38197 115.902 29
      vertex 1.79094 115.989 29
    endloop
  endfacet
  facet normal 0 0 0
    outer loop
      vertex 1.38197 115.902 29
      vertex 1.79094 115.989 2
      vertex 1.38197 115.902 2
    endloop
  endfacet
  facet normal 0 0 0
    outer loop
      vertex 1.39547 0.139453 1.58418
      vertex 1.02185 0.305799 1.58418
      vertex 1.08646 0.417693 1.18653
    endloop
  endfacet
  facet normal 0 0 0
    outer loop
      vertex 0.212836 1.62013 1.18653
      vertex 0.043705 2 1.58418
      vertex 0.17291 2 1.18653
    endloop
  endfacet
  facet normal 0 0 0
    outer loop
      vertex 1.10453 114.995 0.513711
      vertex 0.917324 114.787 0.513711
      vertex 0.917324 115.202 0.82443
    endloop
  endfacet
  facet normal 0 0 0
    outer loop
      vertex 1.10453 114.995 0.513711
      vertex 0.917324 115.202 0.82443
      vertex 1.33087 115.159 0.513711
    endloop
  endfacet
  facet normal 0 0 0
    outer loop
      vertex 1.5 114.363 0.097887
      vertex 1.19098 114.588 0.26795
      vertex 1.33087 114.743 0.26795
    endloop
  endfacet
  facet normal 0 0 0
    outer loop
      vertex 62.2091 2 0.0109568
      vertex 62.618 114 0.097887
      vertex 62.618 2 0.097887
    endloop
  endfacet
  facet normal 0 0 0
    outer loop
      vertex 62.618 114 0.097887
      vertex 62.2091 2 0.0109568
      vertex 62.2091 114 0.0109568
    endloop
  endfacet
  facet normal 0 0 0
    outer loop
      vertex 62.618 2 0.097887
      vertex 63 114 0.26795
      vertex 63 2 0.26795
    endloop
  endfacet
  facet normal 0 0 0
    outer loop
      vertex 63 114 0.26795
      vertex 62.618 2 0.097887
      vertex 62.618 114 0.097887
    endloop
  endfacet
  facet normal 0 0 0
    outer loop
      vertex 62.4135 114.459 0.097887
      vertex 62.309 114.535 0.097887
      vertex 62.5 114.866 0.26795
    endloop
  endfacet
  facet normal 0 0 0
    outer loop
      vertex 63.9563 114.416 2
      vertex 63.7872 114.796 1.58418
      vertex 63.8271 114.813 2
    endloop
  endfacet
  facet normal 0 0 0
    outer loop
      vertex 63.4781 115.074 1.18653
      vertex 63.0827 115.202 0.82443
      vertex 63.2226 115.358 1.18653
    endloop
  endfacet
  facet normal 0 0 0
    outer loop
      vertex 63.3383 2 0.513711
      vertex 62.9781 1.79209 0.26795
      vertex 63 2 0.26795
    endloop
  endfacet
  facet normal 0 0 0
    outer loop
      vertex 63.618 2 0.82443
      vertex 63.3383 114 0.513711
      vertex 63.618 114 0.82443
    endloop
  endfacet
  facet normal 0 0 0
    outer loop
      vertex 63.3383 114 0.513711
      vertex 63.618 2 0.82443
      vertex 63.3383 2 0.513711
    endloop
  endfacet
  facet normal 0 0 0
    outer loop
      vertex 64 2 2
      vertex 63.9563 114 1.58418
      vertex 64 114 2
    endloop
  endfacet
  facet normal 0 0 0
    outer loop
      vertex 63.9563 114 1.58418
      vertex 64 2 2
      vertex 63.9563 2 1.58418
    endloop
  endfacet
  facet normal 0 0 0
    outer loop
      vertex 64 2 29
      vertex 64 114 2
      vertex 64 114 29
    endloop
  endfacet
  facet normal 0 0 0
    outer loop
      vertex 64 114 2
      vertex 64 2 29
      vertex 64 2 2
    endloop
  endfacet
  facet normal 0 0 0
    outer loop
      vertex 63.9135 114.407 1.58418
      vertex 63.7872 114.796 1.58418
      vertex 63.9563 114.416 2
    endloop
  endfacet
  facet normal 0 0 0
    outer loop
      vertex 64 114 2
      vertex 63.9563 114 1.58418
      vertex 63.9563 114.416 2
    endloop
  endfacet
  facet normal 0 0 0
    outer loop
      vertex 62.6691 115.159 0.513711
      vertex 62.309 114.951 0.26795
      vertex 62.4135 115.273 0.513711
    endloop
  endfacet
  facet normal 0 0 0
    outer loop
      vertex 63 115.732 2
      vertex 62.618 115.902 29
      vertex 63 115.732 29
    endloop
  endfacet
  facet normal 0 0 0
    outer loop
      vertex 62.618 115.902 29
      vertex 63 115.732 2
      vertex 62.618 115.902 2
    endloop
  endfacet
  facet normal 0 0 0
    outer loop
      vertex 63 114 0.26795
      vertex 62.9781 114.208 0.26795
      vertex 63.3383 114 0.513711
    endloop
  endfacet
  facet normal 0 0 0
    outer loop
      vertex 63.618 114 0.82443
      vertex 63.3383 114 0.513711
      vertex 63.5827 114.336 0.82443
    endloop
  endfacet
  facet normal 0 0 0
    outer loop
      vertex 63.3383 115.486 2
      vertex 62.9781 115.694 1.58418
      vertex 63 115.732 2
    endloop
  endfacet
  facet normal 0 0 0
    outer loop
      vertex 62.2091 0.0109568 2
      vertex 62.2045 0.0544224 1.58418
      vertex 62.6045 0.139453 1.58418
    endloop
  endfacet
  facet normal 0 0 0
    outer loop
      vertex 0.043705 2 1.58418
      vertex 0 114 2
      vertex 0.043705 114 1.58418
    endloop
  endfacet
  facet normal 0 0 0
    outer loop
      vertex 0 114 2
      vertex 0.043705 2 1.58418
      vertex 0 2 2
    endloop
  endfacet
  facet normal 0 0 0
    outer loop
      vertex 0.33087 114.743 1.18653
      vertex 0.212836 114.796 1.58418
      vertex 0.417324 115.15 1.58418
    endloop
  endfacet
  facet normal 0 0 0
    outer loop
      vertex 0.917324 1.21339 0.513711
      vertex 0.777438 1.45568 0.513711
      vertex 1.08646 1.59326 0.26795
    endloop
  endfacet
  facet normal 0 0 0
    outer loop
      vertex 0.777438 1.45568 0.513711
      vertex 0.690984 1.72176 0.513711
      vertex 1.02185 1.79209 0.26795
    endloop
  endfacet
  facet normal 0 0 0
    outer loop
      vertex 62.2045 0.0544224 1.58418
      vertex 62.191 0.182919 1.18653
      vertex 62.6045 0.139453 1.58418
    endloop
  endfacet
  facet normal 0 0 0
    outer loop
      vertex 1 114 0.26795
      vertex 0.661739 114 0.513711
      vertex 1.02185 114.208 0.26795
    endloop
  endfacet
  facet normal 0 0 0
    outer loop
      vertex 1.33087 1.25686 0.26795
      vertex 0.917324 1.21339 0.513711
      vertex 1.19098 1.41222 0.26795
    endloop
  endfacet
  facet normal 0 0 0
    outer loop
      vertex 1.69098 1.04894 0.26795
      vertex 1.33087 0.841032 0.513711
      vertex 1.5 1.13398 0.26795
    endloop
  endfacet
  facet normal 0 0 0
    outer loop
      vertex 62.1399 0.66907 0.513711
      vertex 1.89547 1.00548 0.26795
      vertex 62.1045 1.00548 0.26795
    endloop
  endfacet
  facet normal 0 0 0
    outer loop
      vertex 1.89547 1.00548 0.26795
      vertex 62.1399 0.66907 0.513711
      vertex 1.86011 0.66907 0.513711
    endloop
  endfacet
  facet normal 0 0 0
    outer loop
      vertex 63.3383 0.513711 2
      vertex 63.309 0.54619 1.58418
      vertex 63.5827 0.850119 1.58418
    endloop
  endfacet
  facet normal 0 0 0
    outer loop
      vertex 62.5646 0.262334 1.18653
      vertex 62.5 0.461159 0.82443
      vertex 62.809 0.598742 0.82443
    endloop
  endfacet
  facet normal 0 0 0
    outer loop
      vertex 62.1045 1.00548 0.26795
      vertex 1.9354 1.38535 0.097887
      vertex 62.0646 1.38535 0.097887
    endloop
  endfacet
  facet normal 0 0 0
    outer loop
      vertex 1.9354 1.38535 0.097887
      vertex 62.1045 1.00548 0.26795
      vertex 1.89547 1.00548 0.26795
    endloop
  endfacet
  facet normal 0 0 0
    outer loop
      vertex 63.9135 1.59326 1.58418
      vertex 63.7872 1.62013 1.18653
      vertex 63.9563 2 1.58418
    endloop
  endfacet
  facet normal 0 0 0
    outer loop
      vertex 1.39547 0.139453 1.58418
      vertex 1.08646 0.417693 1.18653
      vertex 1.4354 0.262334 1.18653
    endloop
  endfacet
  facet normal 0 0 0
    outer loop
      vertex 1.86011 0.66907 0.513711
      vertex 62.1691 0.39083 0.82443
      vertex 1.83087 0.39083 0.82443
    endloop
  endfacet
  facet normal 0 0 0
    outer loop
      vertex 62.1691 0.39083 0.82443
      vertex 1.86011 0.66907 0.513711
      vertex 62.1399 0.66907 0.513711
    endloop
  endfacet
  facet normal 0 0 0
    outer loop
      vertex 1.97815 114.208 0.0109568
      vertex 62.0646 114.615 0.097887
      vertex 62.0219 114.208 0.0109568
    endloop
  endfacet
  facet normal 0 0 0
    outer loop
      vertex 62.0646 114.615 0.097887
      vertex 1.97815 114.208 0.0109568
      vertex 1.9354 114.615 0.097887
    endloop
  endfacet
  facet normal 0 0 0
    outer loop
      vertex 1.89547 114.995 0.26795
      vertex 1.69098 114.951 0.26795
      vertex 1.86011 115.331 0.513711
    endloop
  endfacet
  facet normal 0 0 0
    outer loop
      vertex 1.5 115.539 0.82443
      vertex 1.4354 115.738 1.18653
      vertex 1.83087 115.609 0.82443
    endloop
  endfacet
  facet normal 0 0 0
    outer loop
      vertex 1.5 115.539 0.82443
      vertex 1.19098 115.401 0.82443
      vertex 1.4354 115.738 1.18653
    endloop
  endfacet
  facet normal 0 0 0
    outer loop
      vertex 1.4354 115.738 1.18653
      vertex 1.39547 115.861 1.58418
      vertex 1.80902 115.817 1.18653
    endloop
  endfacet
  facet normal 0 0 0
    outer loop
      vertex 1.02185 115.694 1.58418
      vertex 1 115.732 2
      vertex 1.38197 115.902 2
    endloop
  endfacet
  facet normal 0 0 0
    outer loop
      vertex 63.309 114.951 0.82443
      vertex 63.0827 114.787 0.513711
      vertex 63.0827 115.202 0.82443
    endloop
  endfacet
  facet normal 0 0 0
    outer loop
      vertex 62.5646 115.738 1.18653
      vertex 62.191 115.817 1.18653
      vertex 62.6045 115.861 1.58418
    endloop
  endfacet
  facet normal 0 0 0
    outer loop
      vertex 0.917324 115.202 0.82443
      vertex 0.521852 115.074 1.18653
      vertex 0.777438 115.358 1.18653
    endloop
  endfacet
  facet normal 0 0 0
    outer loop
      vertex 0.521852 115.074 1.18653
      vertex 0.417324 115.15 1.58418
      vertex 0.777438 115.358 1.18653
    endloop
  endfacet
  facet normal 0 0 0
    outer loop
      vertex 0.212836 114.38 1.18653
      vertex 0.0864553 114.407 1.58418
      vertex 0.33087 114.743 1.18653
    endloop
  endfacet
  facet normal 0 0 0
    outer loop
      vertex 0.17291 114.813 2
      vertex 0.381967 115.176 29
      vertex 0.381967 115.176 2
    endloop
  endfacet
  facet normal 0 0 0
    outer loop
      vertex 0.381967 115.176 29
      vertex 0.17291 114.813 2
      vertex 0.17291 114.813 29
    endloop
  endfacet
  facet normal 0 0 0
    outer loop
      vertex 1 115.732 2
      vertex 0.661739 115.486 29
      vertex 1 115.732 29
    endloop
  endfacet
  facet normal 0 0 0
    outer loop
      vertex 0.661739 115.486 29
      vertex 1 115.732 2
      vertex 0.661739 115.486 2
    endloop
  endfacet
  facet normal 0 0 0
    outer loop
      vertex 1.38197 0.097887 2
      vertex 1.79094 0.0109568 29
      vertex 1.38197 0.097887 29
    endloop
  endfacet
  facet normal 0 0 0
    outer loop
      vertex 1.79094 0.0109568 29
      vertex 1.38197 0.097887 2
      vertex 1.79094 0.0109568 2
    endloop
  endfacet
  facet normal 0 0 0
    outer loop
      vertex 0.690984 0.54619 1.58418
      vertex 0.417324 0.850119 1.58418
      vertex 0.777438 0.642207 1.18653
    endloop
  endfacet
  facet normal 0 0 0
    outer loop
      vertex 0.17291 2 1.18653
      vertex 0.043705 114 1.58418
      vertex 0.17291 114 1.18653
    endloop
  endfacet
  facet normal 0 0 0
    outer loop
      vertex 0.043705 114 1.58418
      vertex 0.17291 2 1.18653
      vertex 0.043705 2 1.58418
    endloop
  endfacet
  facet normal 0 0 0
    outer loop
      vertex 1.08646 0.417693 1.18653
      vertex 0.917324 0.797566 0.82443
      vertex 1.19098 0.598742 0.82443
    endloop
  endfacet
  facet normal 0 0 0
    outer loop
      vertex 0.521852 114.658 0.82443
      vertex 0.33087 114.743 1.18653
      vertex 0.521852 115.074 1.18653
    endloop
  endfacet
  facet normal 0 0 0
    outer loop
      vertex 0.661739 114 0.513711
      vertex 0.417324 114.336 0.82443
      vertex 0.690984 114.278 0.513711
    endloop
  endfacet
  facet normal 0 0 0
    outer loop
      vertex 0.777438 114.544 0.513711
      vertex 0.521852 114.658 0.82443
      vertex 0.917324 114.787 0.513711
    endloop
  endfacet
  facet normal 0 0 0
    outer loop
      vertex 0.690984 114.951 0.82443
      vertex 0.521852 115.074 1.18653
      vertex 0.917324 115.202 0.82443
    endloop
  endfacet
  facet normal 0 0 0
    outer loop
      vertex 62.4135 1.54071 0.097887
      vertex 62.1399 1.84464 0.0109568
      vertex 62.5 1.63673 0.097887
    endloop
  endfacet
  facet normal 0 0 0
    outer loop
      vertex 62.5 1.63673 0.097887
      vertex 62.191 1.91497 0.0109568
      vertex 62.5646 1.74862 0.097887
    endloop
  endfacet
  facet normal 0 0 0
    outer loop
      vertex 62.6691 0.841032 0.513711
      vertex 62.5 1.13398 0.26795
      vertex 62.6691 1.25686 0.26795
    endloop
  endfacet
  facet normal 0 0 0
    outer loop
      vertex 62.9781 114.208 0.26795
      vertex 62.5646 114.251 0.097887
      vertex 62.9135 114.407 0.26795
    endloop
  endfacet
  facet normal 0 0 0
    outer loop
      vertex 62.6045 114.128 0.097887
      vertex 62.5646 114.251 0.097887
      vertex 62.9781 114.208 0.26795
    endloop
  endfacet
  facet normal 0 0 0
    outer loop
      vertex 62.309 114.535 0.097887
      vertex 62.191 114.588 0.097887
      vertex 62.5 114.866 0.26795
    endloop
  endfacet
  facet normal 0 0 0
    outer loop
      vertex 63.8271 2 1.18653
      vertex 63.5827 1.66359 0.82443
      vertex 63.618 2 0.82443
    endloop
  endfacet
  facet normal 0 0 0
    outer loop
      vertex 63.3383 0.513711 2
      vertex 62.9781 0.305799 1.58418
      vertex 63.309 0.54619 1.58418
    endloop
  endfacet
  facet normal 0 0 0
    outer loop
      vertex 63.9563 2 1.58418
      vertex 63.8271 114 1.18653
      vertex 63.9563 114 1.58418
    endloop
  endfacet
  facet normal 0 0 0
    outer loop
      vertex 63.8271 114 1.18653
      vertex 63.9563 2 1.58418
      vertex 63.8271 2 1.18653
    endloop
  endfacet
  facet normal 0 0 0
    outer loop
      vertex 63.0827 1.21339 0.513711
      vertex 62.9135 1.59326 0.26795
      vertex 63.2226 1.45568 0.513711
    endloop
  endfacet
  facet normal 0 0 0
    outer loop
      vertex 64 2 2
      vertex 63.9563 1.58418 2
      vertex 63.9563 2 1.58418
    endloop
  endfacet
  facet normal 0 0 0
    outer loop
      vertex 63.9563 1.58418 29
      vertex 64 2 2
      vertex 64 2 29
    endloop
  endfacet
  facet normal 0 0 0
    outer loop
      vertex 64 2 2
      vertex 63.9563 1.58418 29
      vertex 63.9563 1.58418 2
    endloop
  endfacet
  facet normal 0 0 0
    outer loop
      vertex 63.9563 114 1.58418
      vertex 63.9135 114.407 1.58418
      vertex 63.9563 114.416 2
    endloop
  endfacet
  facet normal 0 0 0
    outer loop
      vertex 63.7872 114.38 1.18653
      vertex 63.5827 114.336 0.82443
      vertex 63.6691 114.743 1.18653
    endloop
  endfacet
  facet normal 0 0 0
    outer loop
      vertex 63.5827 114.336 0.82443
      vertex 63.2226 114.544 0.513711
      vertex 63.4781 114.658 0.82443
    endloop
  endfacet
  facet normal 0 0 0
    outer loop
      vertex 63.2226 114.544 0.513711
      vertex 62.9135 114.407 0.26795
      vertex 63.0827 114.787 0.513711
    endloop
  endfacet
  facet normal 0 0 0
    outer loop
      vertex 63 114 0.26795
      vertex 62.618 114 0.097887
      vertex 62.9781 114.208 0.26795
    endloop
  endfacet
  facet normal 0 0 0
    outer loop
      vertex 63.3383 114 0.513711
      vertex 62.9781 114.208 0.26795
      vertex 63.309 114.278 0.513711
    endloop
  endfacet
  facet normal 0 0 0
    outer loop
      vertex 62.809 115.401 0.82443
      vertex 62.5 115.539 0.82443
      vertex 62.5646 115.738 1.18653
    endloop
  endfacet
  facet normal 0 0 0
    outer loop
      vertex 63.8271 114.813 2
      vertex 63.5827 115.15 1.58418
      vertex 63.618 115.176 2
    endloop
  endfacet
  facet normal 0 0 0
    outer loop
      vertex 0 2 2
      vertex 0 114 29
      vertex 0 114 2
    endloop
  endfacet
  facet normal 0 0 0
    outer loop
      vertex 0 114 29
      vertex 0 2 2
      vertex 0 2 29
    endloop
  endfacet
  facet normal 0 0 0
    outer loop
      vertex 0 114 2
      vertex 0.043705 114.416 29
      vertex 0.043705 114.416 2
    endloop
  endfacet
  facet normal 0 0 0
    outer loop
      vertex 0.043705 114.416 29
      vertex 0 114 2
      vertex 0 114 29
    endloop
  endfacet
  facet normal 0 0 0
    outer loop
      vertex 0.690984 1.72176 0.513711
      vertex 0.417324 1.66359 0.82443
      vertex 0.661739 2 0.513711
    endloop
  endfacet
  facet normal 0 0 0
    outer loop
      vertex 1.08646 1.59326 0.26795
      vertex 0.777438 1.45568 0.513711
      vertex 1.02185 1.79209 0.26795
    endloop
  endfacet
  facet normal 0 0 0
    outer loop
      vertex 62.6045 0.139453 1.58418
      vertex 62.191 0.182919 1.18653
      vertex 62.5646 0.262334 1.18653
    endloop
  endfacet
  facet normal 0 0 0
    outer loop
      vertex 1.83087 1.87712 0.0109568
      vertex 1.5 1.63673 0.097887
      vertex 1.80902 1.91497 0.0109568
    endloop
  endfacet
  facet normal 0 0 0
    outer loop
      vertex 1.38197 114 0.097887
      vertex 1 114 0.26795
      vertex 1.02185 114.208 0.26795
    endloop
  endfacet
  facet normal 0 0 0
    outer loop
      vertex 1.08646 1.59326 0.26795
      vertex 1.02185 1.79209 0.26795
      vertex 1.4354 1.74862 0.097887
    endloop
  endfacet
  facet normal 0 0 0
    outer loop
      vertex 1.08646 114.407 0.26795
      vertex 0.777438 114.544 0.513711
      vertex 0.917324 114.787 0.513711
    endloop
  endfacet
  facet normal 0 0 0
    outer loop
      vertex 1.4354 0.262334 1.18653
      vertex 1.08646 0.417693 1.18653
      vertex 1.19098 0.598742 0.82443
    endloop
  endfacet
  facet normal 0 0 0
    outer loop
      vertex 1.58646 0.727239 0.513711
      vertex 1.33087 0.841032 0.513711
      vertex 1.69098 1.04894 0.26795
    endloop
  endfacet
  facet normal 0 0 0
    outer loop
      vertex 62.6691 0.841032 0.513711
      vertex 62.309 1.04894 0.26795
      vertex 62.5 1.13398 0.26795
    endloop
  endfacet
  facet normal 0 0 0
    outer loop
      vertex 62.4135 0.727239 0.513711
      vertex 62.1399 0.66907 0.513711
      vertex 62.309 1.04894 0.26795
    endloop
  endfacet
  facet normal 0 0 0
    outer loop
      vertex 62.809 0.598742 0.82443
      vertex 62.5 0.461159 0.82443
      vertex 62.6691 0.841032 0.513711
    endloop
  endfacet
  facet normal 0 0 0
    outer loop
      vertex 62.809 0.598742 0.82443
      vertex 62.6691 0.841032 0.513711
      vertex 63.0827 0.797566 0.82443
    endloop
  endfacet
  facet normal 0 0 0
    outer loop
      vertex 63.2226 0.642207 1.18653
      vertex 62.9135 0.417693 1.18653
      vertex 63.0827 0.797566 0.82443
    endloop
  endfacet
  facet normal 0 0 0
    outer loop
      vertex 1.39547 0.139453 1.58418
      vertex 1 0.26795 2
      vertex 1.02185 0.305799 1.58418
    endloop
  endfacet
  facet normal 0 0 0
    outer loop
      vertex 62.5646 0.262334 1.18653
      vertex 62.1691 0.39083 0.82443
      vertex 62.5 0.461159 0.82443
    endloop
  endfacet
  facet normal 0 0 0
    outer loop
      vertex 62.1691 0.39083 0.82443
      vertex 62.1399 0.66907 0.513711
      vertex 62.5 0.461159 0.82443
    endloop
  endfacet
  facet normal 0 0 0
    outer loop
      vertex 1.4354 115.738 1.18653
      vertex 1.08646 115.582 1.18653
      vertex 1.39547 115.861 1.58418
    endloop
  endfacet
  facet normal 0 0 0
    outer loop
      vertex 1.08646 115.582 1.18653
      vertex 1.02185 115.694 1.58418
      vertex 1.39547 115.861 1.58418
    endloop
  endfacet
  facet normal 0 0 0
    outer loop
      vertex 62.1691 115.609 0.82443
      vertex 1.80902 115.817 1.18653
      vertex 62.191 115.817 1.18653
    endloop
  endfacet
  facet normal 0 0 0
    outer loop
      vertex 1.80902 115.817 1.18653
      vertex 62.1691 115.609 0.82443
      vertex 1.83087 115.609 0.82443
    endloop
  endfacet
  facet normal 0 0 0
    outer loop
      vertex 62.809 115.401 0.82443
      vertex 62.5646 115.738 1.18653
      vertex 62.9135 115.582 1.18653
    endloop
  endfacet
  facet normal 0 0 0
    outer loop
      vertex 1.39547 115.861 1.58418
      vertex 1.38197 115.902 2
      vertex 1.79094 115.989 2
    endloop
  endfacet
  facet normal 0 0 0
    outer loop
      vertex 63 115.732 2
      vertex 62.6045 115.861 1.58418
      vertex 62.618 115.902 2
    endloop
  endfacet
  facet normal 0 0 0
    outer loop
      vertex 63.0827 114.787 0.513711
      vertex 62.8955 114.995 0.513711
      vertex 63.0827 115.202 0.82443
    endloop
  endfacet
  facet normal 0 0 0
    outer loop
      vertex 1.08646 115.582 1.18653
      vertex 0.777438 115.358 1.18653
      vertex 1.02185 115.694 1.58418
    endloop
  endfacet
  facet normal 0 0 0
    outer loop
      vertex 0.917324 115.202 0.82443
      vertex 0.777438 115.358 1.18653
      vertex 1.08646 115.582 1.18653
    endloop
  endfacet
  facet normal 0 0 0
    outer loop
      vertex 0.212836 114.796 1.58418
      vertex 0.17291 114.813 2
      vertex 0.417324 115.15 1.58418
    endloop
  endfacet
  facet normal 0 0 0
    outer loop
      vertex 0.212836 114.796 1.58418
      vertex 0.043705 114.416 2
      vertex 0.17291 114.813 2
    endloop
  endfacet
  facet normal 0 0 0
    outer loop
      vertex 0.417324 114.336 0.82443
      vertex 0.17291 114 1.18653
      vertex 0.212836 114.38 1.18653
    endloop
  endfacet
  facet normal 0 0 0
    outer loop
      vertex 0.17291 114 1.18653
      vertex 0.043705 114 1.58418
      vertex 0.212836 114.38 1.18653
    endloop
  endfacet
  facet normal 0 0 0
    outer loop
      vertex 0.690984 115.454 1.58418
      vertex 0.417324 115.15 1.58418
      vertex 0.661739 115.486 2
    endloop
  endfacet
  facet normal 0 0 0
    outer loop
      vertex 0.690984 115.454 1.58418
      vertex 0.661739 115.486 2
      vertex 1.02185 115.694 1.58418
    endloop
  endfacet
  facet normal 0 0 0
    outer loop
      vertex 1.80902 0.182919 1.18653
      vertex 1.4354 0.262334 1.18653
      vertex 1.83087 0.39083 0.82443
    endloop
  endfacet
  facet normal 0 0 0
    outer loop
      vertex 1.38197 0.097887 2
      vertex 1 0.26795 2
      vertex 1.39547 0.139453 1.58418
    endloop
  endfacet
  facet normal 0 0 0
    outer loop
      vertex 0.777438 0.642207 1.18653
      vertex 0.521852 0.926064 1.18653
      vertex 0.917324 0.797566 0.82443
    endloop
  endfacet
  facet normal 0 0 0
    outer loop
      vertex 0.212836 1.2043 1.58418
      vertex 0.043705 1.58418 2
      vertex 0.0864553 1.59326 1.58418
    endloop
  endfacet
  facet normal 0 0 0
    outer loop
      vertex 1.79094 0.0109568 2
      vertex 1.38197 0.097887 2
      vertex 1.39547 0.139453 1.58418
    endloop
  endfacet
  facet normal 0 0 0
    outer loop
      vertex 0.17291 1.18653 2
      vertex 0.043705 1.58418 29
      vertex 0.043705 1.58418 2
    endloop
  endfacet
  facet normal 0 0 0
    outer loop
      vertex 0.043705 1.58418 29
      vertex 0.17291 1.18653 2
      vertex 0.17291 1.18653 29
    endloop
  endfacet
  facet normal 0 0 0
    outer loop
      vertex 0.381967 114 0.82443
      vertex 0.17291 114 1.18653
      vertex 0.417324 114.336 0.82443
    endloop
  endfacet
  facet normal 0 0 0
    outer loop
      vertex 0.661739 114 0.513711
      vertex 0.381967 114 0.82443
      vertex 0.417324 114.336 0.82443
    endloop
  endfacet
  facet normal 0 0 0
    outer loop
      vertex 1.02185 114.208 0.26795
      vertex 0.690984 114.278 0.513711
      vertex 0.777438 114.544 0.513711
    endloop
  endfacet
  facet normal 0 0 0
    outer loop
      vertex 1.02185 114.208 0.26795
      vertex 0.661739 114 0.513711
      vertex 0.690984 114.278 0.513711
    endloop
  endfacet
  facet normal 0 0 0
    outer loop
      vertex 0.777438 114.544 0.513711
      vertex 0.417324 114.336 0.82443
      vertex 0.521852 114.658 0.82443
    endloop
  endfacet
  facet normal 0 0 0
    outer loop
      vertex 0.417324 114.336 0.82443
      vertex 0.33087 114.743 1.18653
      vertex 0.521852 114.658 0.82443
    endloop
  endfacet
  facet normal 0 0 0
    outer loop
      vertex 62.6691 1.25686 0.26795
      vertex 62.4135 1.54071 0.097887
      vertex 62.5 1.63673 0.097887
    endloop
  endfacet
  facet normal 0 0 0
    outer loop
      vertex 62.6045 1.8715 0.097887
      vertex 62.2091 2 0.0109568
      vertex 62.618 2 0.097887
    endloop
  endfacet
  facet normal 0 0 0
    outer loop
      vertex 62.9781 1.79209 0.26795
      vertex 62.5646 1.74862 0.097887
      vertex 62.6045 1.8715 0.097887
    endloop
  endfacet
  facet normal 0 0 0
    outer loop
      vertex 62.618 114 0.097887
      vertex 62.6045 114.128 0.097887
      vertex 62.9781 114.208 0.26795
    endloop
  endfacet
  facet normal 0 0 0
    outer loop
      vertex 62.6045 114.128 0.097887
      vertex 62.191 114.085 0.0109568
      vertex 62.5646 114.251 0.097887
    endloop
  endfacet
  facet normal 0 0 0
    outer loop
      vertex 62.5646 114.251 0.097887
      vertex 62.191 114.085 0.0109568
      vertex 62.5 114.363 0.097887
    endloop
  endfacet
  facet normal 0 0 0
    outer loop
      vertex 62.5646 114.251 0.097887
      vertex 62.5 114.363 0.097887
      vertex 62.9135 114.407 0.26795
    endloop
  endfacet
  facet normal 0 0 0
    outer loop
      vertex 62.6691 115.159 0.513711
      vertex 62.5 115.539 0.82443
      vertex 62.809 115.401 0.82443
    endloop
  endfacet
  facet normal 0 0 0
    outer loop
      vertex 62.191 114.588 0.097887
      vertex 62.0646 114.199 0.0109568
      vertex 62.0646 114.615 0.097887
    endloop
  endfacet
  facet normal 0 0 0
    outer loop
      vertex 62.5 114.866 0.26795
      vertex 62.309 114.951 0.26795
      vertex 62.6691 115.159 0.513711
    endloop
  endfacet
  facet normal 0 0 0
    outer loop
      vertex 62.8955 1.00548 0.513711
      vertex 62.6691 0.841032 0.513711
      vertex 62.6691 1.25686 0.26795
    endloop
  endfacet
  facet normal 0 0 0
    outer loop
      vertex 63.2226 1.45568 0.513711
      vertex 62.9781 1.79209 0.26795
      vertex 63.309 1.72176 0.513711
    endloop
  endfacet
  facet normal 0 0 0
    outer loop
      vertex 63.9135 1.59326 1.58418
      vertex 63.6691 1.25686 1.18653
      vertex 63.7872 1.62013 1.18653
    endloop
  endfacet
  facet normal 0 0 0
    outer loop
      vertex 63.6691 1.25686 1.18653
      vertex 63.5827 1.66359 0.82443
      vertex 63.7872 1.62013 1.18653
    endloop
  endfacet
  facet normal 0 0 0
    outer loop
      vertex 63.5827 115.15 1.58418
      vertex 63.309 115.454 1.58418
      vertex 63.3383 115.486 2
    endloop
  endfacet
  facet normal 0 0 0
    outer loop
      vertex 62.8955 114.995 0.513711
      vertex 62.6691 115.159 0.513711
      vertex 63.0827 115.202 0.82443
    endloop
  endfacet
  facet normal 0 0 0
    outer loop
      vertex 63.8271 114 1.18653
      vertex 63.5827 114.336 0.82443
      vertex 63.7872 114.38 1.18653
    endloop
  endfacet
  facet normal 0 0 0
    outer loop
      vertex 63.4781 115.074 1.18653
      vertex 63.2226 115.358 1.18653
      vertex 63.5827 115.15 1.58418
    endloop
  endfacet
  facet normal 0 0 0
    outer loop
      vertex 63.8271 114 1.18653
      vertex 63.7872 114.38 1.18653
      vertex 63.9563 114 1.58418
    endloop
  endfacet
  facet normal 0 0 0
    outer loop
      vertex 63.618 114 0.82443
      vertex 63.5827 114.336 0.82443
      vertex 63.8271 114 1.18653
    endloop
  endfacet
  facet normal 0 0 0
    outer loop
      vertex 62.5646 115.738 1.18653
      vertex 62.1691 115.609 0.82443
      vertex 62.191 115.817 1.18653
    endloop
  endfacet
  facet normal 0 0 0
    outer loop
      vertex 62.309 114.951 0.26795
      vertex 62.1399 115.331 0.513711
      vertex 62.4135 115.273 0.513711
    endloop
  endfacet
  facet normal 0 0 0
    outer loop
      vertex 0.043705 114.416 2
      vertex 0.17291 114.813 29
      vertex 0.17291 114.813 2
    endloop
  endfacet
  facet normal 0 0 0
    outer loop
      vertex 0.17291 114.813 29
      vertex 0.043705 114.416 2
      vertex 0.043705 114.416 29
    endloop
  endfacet
  facet normal 0 0 0
    outer loop
      vertex 0.043705 114 1.58418
      vertex 0 114 2
      vertex 0.043705 114.416 2
    endloop
  endfacet
  facet normal 0 0 0
    outer loop
      vertex 0.521852 1.34189 0.82443
      vertex 0.417324 1.66359 0.82443
      vertex 0.777438 1.45568 0.513711
    endloop
  endfacet
  facet normal 0 0 0
    outer loop
      vertex 0.777438 1.45568 0.513711
      vertex 0.417324 1.66359 0.82443
      vertex 0.690984 1.72176 0.513711
    endloop
  endfacet
  facet normal 0 0 0
    outer loop
      vertex 1.19098 1.41222 0.26795
      vertex 0.917324 1.21339 0.513711
      vertex 1.08646 1.59326 0.26795
    endloop
  endfacet
  facet normal 0 0 0
    outer loop
      vertex 1.33087 0.841032 0.513711
      vertex 0.917324 0.797566 0.82443
      vertex 1.10453 1.00548 0.513711
    endloop
  endfacet
  facet normal 0 0 0
    outer loop
      vertex 1.02185 1.79209 0.26795
      vertex 0.661739 2 0.513711
      vertex 1 2 0.26795
    endloop
  endfacet
  facet normal 0 0 0
    outer loop
      vertex 0.661739 2 0.513711
      vertex 1 114 0.26795
      vertex 1 2 0.26795
    endloop
  endfacet
  facet normal 0 0 0
    outer loop
      vertex 1 114 0.26795
      vertex 0.661739 2 0.513711
      vertex 0.661739 114 0.513711
    endloop
  endfacet
  facet normal 0 0 0
    outer loop
      vertex 62.618 0.097887 2
      vertex 63 0.26795 29
      vertex 62.618 0.097887 29
    endloop
  endfacet
  facet normal 0 0 0
    outer loop
      vertex 63 0.26795 29
      vertex 62.618 0.097887 2
      vertex 63 0.26795 2
    endloop
  endfacet
  facet normal 0 0 0
    outer loop
      vertex 62.2091 0.0109568 2
      vertex 62.618 0.097887 29
      vertex 62.2091 0.0109568 29
    endloop
  endfacet
  facet normal 0 0 0
    outer loop
      vertex 62.618 0.097887 29
      vertex 62.2091 0.0109568 2
      vertex 62.618 0.097887 2
    endloop
  endfacet
  facet normal 0 0 0
    outer loop
      vertex 63.309 0.54619 1.58418
      vertex 62.9781 0.305799 1.58418
      vertex 63.2226 0.642207 1.18653
    endloop
  endfacet
  facet normal 0 0 0
    outer loop
      vertex 1.89547 114.181 0.0109568
      vertex 1.69098 114.535 0.097887
      vertex 1.80902 114.588 0.097887
    endloop
  endfacet
  facet normal 0 0 0
    outer loop
      vertex 62.0646 114.199 0.0109568
      vertex 62.0219 114.208 0.0109568
      vertex 62.0646 114.615 0.097887
    endloop
  endfacet
  facet normal 0 0 0
    outer loop
      vertex 62.5 114.363 0.097887
      vertex 62.4135 114.459 0.097887
      vertex 62.6691 114.743 0.26795
    endloop
  endfacet
  facet normal 0 0 0
    outer loop
      vertex 1.9354 114.615 0.097887
      vertex 62.1045 114.995 0.26795
      vertex 62.0646 114.615 0.097887
    endloop
  endfacet
  facet normal 0 0 0
    outer loop
      vertex 62.1045 114.995 0.26795
      vertex 1.9354 114.615 0.097887
      vertex 1.89547 114.995 0.26795
    endloop
  endfacet
  facet normal 0 0 0
    outer loop
      vertex 1.10453 1.00548 0.513711
      vertex 0.917324 0.797566 0.82443
      vertex 0.917324 1.21339 0.513711
    endloop
  endfacet
  facet normal 0 0 0
    outer loop
      vertex 1.19098 1.41222 0.26795
      vertex 1.08646 1.59326 0.26795
      vertex 1.5 1.63673 0.097887
    endloop
  endfacet
  facet normal 0 0 0
    outer loop
      vertex 62.1045 1.00548 0.26795
      vertex 62.0646 1.38535 0.097887
      vertex 62.309 1.04894 0.26795
    endloop
  endfacet
  facet normal 0 0 0
    outer loop
      vertex 62.1399 0.66907 0.513711
      vertex 62.1045 1.00548 0.26795
      vertex 62.309 1.04894 0.26795
    endloop
  endfacet
  facet normal 0 0 0
    outer loop
      vertex 62.5 0.461159 0.82443
      vertex 62.4135 0.727239 0.513711
      vertex 62.6691 0.841032 0.513711
    endloop
  endfacet
  facet normal 0 0 0
    outer loop
      vertex 62.5 0.461159 0.82443
      vertex 62.1399 0.66907 0.513711
      vertex 62.4135 0.727239 0.513711
    endloop
  endfacet
  facet normal 0 0 0
    outer loop
      vertex 1.80902 1.41222 0.097887
      vertex 1.69098 1.46477 0.097887
      vertex 1.89547 1.81895 0.0109568
    endloop
  endfacet
  facet normal 0 0 0
    outer loop
      vertex 1.86011 0.66907 0.513711
      vertex 1.69098 1.04894 0.26795
      vertex 1.89547 1.00548 0.26795
    endloop
  endfacet
  facet normal 0 0 0
    outer loop
      vertex 1.83087 0.39083 0.82443
      vertex 62.191 0.182919 1.18653
      vertex 1.80902 0.182919 1.18653
    endloop
  endfacet
  facet normal 0 0 0
    outer loop
      vertex 62.191 0.182919 1.18653
      vertex 1.83087 0.39083 0.82443
      vertex 62.1691 0.39083 0.82443
    endloop
  endfacet
  facet normal 0 0 0
    outer loop
      vertex 62.191 0.182919 1.18653
      vertex 62.1691 0.39083 0.82443
      vertex 62.5646 0.262334 1.18653
    endloop
  endfacet
  facet normal 0 0 0
    outer loop
      vertex 62.309 114.951 0.26795
      vertex 62.1045 114.995 0.26795
      vertex 62.1399 115.331 0.513711
    endloop
  endfacet
  facet normal 0 0 0
    outer loop
      vertex 62.6045 115.861 1.58418
      vertex 62.191 115.817 1.18653
      vertex 62.2045 115.946 1.58418
    endloop
  endfacet
  facet normal 0 0 0
    outer loop
      vertex 62.6045 115.861 1.58418
      vertex 62.2045 115.946 1.58418
      vertex 62.2091 115.989 2
    endloop
  endfacet
  facet normal 0 0 0
    outer loop
      vertex 1.83087 0.39083 0.82443
      vertex 1.4354 0.262334 1.18653
      vertex 1.5 0.461159 0.82443
    endloop
  endfacet
  facet normal 0 0 0
    outer loop
      vertex 1.69098 1.46477 0.097887
      vertex 1.58646 1.54071 0.097887
      vertex 1.89547 1.81895 0.0109568
    endloop
  endfacet
  facet normal 0 0 0
    outer loop
      vertex 0.33087 1.25686 1.18653
      vertex 0.0864553 1.59326 1.58418
      vertex 0.212836 1.62013 1.18653
    endloop
  endfacet
  facet normal 0 0 0
    outer loop
      vertex 0.212836 1.62013 1.18653
      vertex 0.17291 2 1.18653
      vertex 0.417324 1.66359 0.82443
    endloop
  endfacet
  facet normal 0 0 0
    outer loop
      vertex 0.417324 0.850119 1.58418
      vertex 0.33087 1.25686 1.18653
      vertex 0.521852 0.926064 1.18653
    endloop
  endfacet
  facet normal 0 0 0
    outer loop
      vertex 0.917324 1.21339 0.513711
      vertex 0.521852 1.34189 0.82443
      vertex 0.777438 1.45568 0.513711
    endloop
  endfacet
  facet normal 0 0 0
    outer loop
      vertex 0.381967 0.82443 2
      vertex 0.17291 1.18653 29
      vertex 0.17291 1.18653 2
    endloop
  endfacet
  facet normal 0 0 0
    outer loop
      vertex 0.17291 1.18653 29
      vertex 0.381967 0.82443 2
      vertex 0.381967 0.82443 29
    endloop
  endfacet
  facet normal 0 0 0
    outer loop
      vertex 0.043705 1.58418 2
      vertex 0 2 2
      vertex 0.043705 2 1.58418
    endloop
  endfacet
  facet normal 0 0 0
    outer loop
      vertex 0.381967 2 0.82443
      vertex 0.17291 114 1.18653
      vertex 0.381967 114 0.82443
    endloop
  endfacet
  facet normal 0 0 0
    outer loop
      vertex 0.17291 114 1.18653
      vertex 0.381967 2 0.82443
      vertex 0.17291 2 1.18653
    endloop
  endfacet
  facet normal 0 0 0
    outer loop
      vertex 0.661739 2 0.513711
      vertex 0.381967 114 0.82443
      vertex 0.661739 114 0.513711
    endloop
  endfacet
  facet normal 0 0 0
    outer loop
      vertex 0.381967 114 0.82443
      vertex 0.661739 2 0.513711
      vertex 0.381967 2 0.82443
    endloop
  endfacet
  facet normal 0 0 0
    outer loop
      vertex 62.5 1.13398 0.26795
      vertex 62.309 1.46477 0.097887
      vertex 62.4135 1.54071 0.097887
    endloop
  endfacet
  facet normal 0 0 0
    outer loop
      vertex 62.309 1.04894 0.26795
      vertex 62.191 1.41222 0.097887
      vertex 62.5 1.13398 0.26795
    endloop
  endfacet
  facet normal 0 0 0
    outer loop
      vertex 62.309 1.46477 0.097887
      vertex 62.1045 1.81895 0.0109568
      vertex 62.4135 1.54071 0.097887
    endloop
  endfacet
  facet normal 0 0 0
    outer loop
      vertex 62.5 1.13398 0.26795
      vertex 62.4135 1.54071 0.097887
      vertex 62.6691 1.25686 0.26795
    endloop
  endfacet
  facet normal 0 0 0
    outer loop
      vertex 62.309 1.04894 0.26795
      vertex 62.0646 1.38535 0.097887
      vertex 62.191 1.41222 0.097887
    endloop
  endfacet
  facet normal 0 0 0
    outer loop
      vertex 62.5 1.13398 0.26795
      vertex 62.191 1.41222 0.097887
      vertex 62.309 1.46477 0.097887
    endloop
  endfacet
  facet normal 0 0 0
    outer loop
      vertex 62.2091 114 0.0109568
      vertex 62.2045 114.043 0.0109568
      vertex 62.6045 114.128 0.097887
    endloop
  endfacet
  facet normal 0 0 0
    outer loop
      vertex 62.6045 1.8715 0.097887
      vertex 62.2045 1.95654 0.0109568
      vertex 62.2091 2 0.0109568
    endloop
  endfacet
  facet normal 0 0 0
    outer loop
      vertex 63.0827 114.787 0.513711
      vertex 62.6691 114.743 0.26795
      vertex 62.8955 114.995 0.513711
    endloop
  endfacet
  facet normal 0 0 0
    outer loop
      vertex 62.9135 114.407 0.26795
      vertex 62.809 114.588 0.26795
      vertex 63.0827 114.787 0.513711
    endloop
  endfacet
  facet normal 0 0 0
    outer loop
      vertex 62.6691 114.743 0.26795
      vertex 62.4135 114.459 0.097887
      vertex 62.5 114.866 0.26795
    endloop
  endfacet
  facet normal 0 0 0
    outer loop
      vertex 62.4135 114.459 0.097887
      vertex 62.1045 114.181 0.0109568
      vertex 62.309 114.535 0.097887
    endloop
  endfacet
  facet normal 0 0 0
    outer loop
      vertex 62.8955 114.995 0.513711
      vertex 62.6691 114.743 0.26795
      vertex 62.6691 115.159 0.513711
    endloop
  endfacet
  facet normal 0 0 0
    outer loop
      vertex 62.9135 115.582 1.18653
      vertex 62.5646 115.738 1.18653
      vertex 62.6045 115.861 1.58418
    endloop
  endfacet
  facet normal 0 0 0
    outer loop
      vertex 62.191 114.588 0.097887
      vertex 62.0646 114.615 0.097887
      vertex 62.309 114.951 0.26795
    endloop
  endfacet
  facet normal 0 0 0
    outer loop
      vertex 62.309 114.951 0.26795
      vertex 62.0646 114.615 0.097887
      vertex 62.1045 114.995 0.26795
    endloop
  endfacet
  facet normal 0 0 0
    outer loop
      vertex 63.4781 1.34189 0.82443
      vertex 63.2226 1.45568 0.513711
      vertex 63.5827 1.66359 0.82443
    endloop
  endfacet
  facet normal 0 0 0
    outer loop
      vertex 63.309 1.72176 0.513711
      vertex 62.9781 1.79209 0.26795
      vertex 63.3383 2 0.513711
    endloop
  endfacet
  facet normal 0 0 0
    outer loop
      vertex 63.309 1.04894 0.82443
      vertex 63.0827 0.797566 0.82443
      vertex 63.0827 1.21339 0.513711
    endloop
  endfacet
  facet normal 0 0 0
    outer loop
      vertex 63.4781 1.34189 0.82443
      vertex 63.0827 1.21339 0.513711
      vertex 63.2226 1.45568 0.513711
    endloop
  endfacet
  facet normal 0 0 0
    outer loop
      vertex 63.2226 1.45568 0.513711
      vertex 62.9135 1.59326 0.26795
      vertex 62.9781 1.79209 0.26795
    endloop
  endfacet
  facet normal 0 0 0
    outer loop
      vertex 62.9135 1.59326 0.26795
      vertex 62.5646 1.74862 0.097887
      vertex 62.9781 1.79209 0.26795
    endloop
  endfacet
  facet normal 0 0 0
    outer loop
      vertex 63.9563 1.58418 2
      vertex 63.9135 1.59326 1.58418
      vertex 63.9563 2 1.58418
    endloop
  endfacet
  facet normal 0 0 0
    outer loop
      vertex 63.7872 1.2043 1.58418
      vertex 63.6691 1.25686 1.18653
      vertex 63.9135 1.59326 1.58418
    endloop
  endfacet
  facet normal 0 0 0
    outer loop
      vertex 63.0827 115.202 0.82443
      vertex 62.9135 115.582 1.18653
      vertex 63.2226 115.358 1.18653
    endloop
  endfacet
  facet normal 0 0 0
    outer loop
      vertex 63.5827 115.15 1.58418
      vertex 63.3383 115.486 2
      vertex 63.618 115.176 2
    endloop
  endfacet
  facet normal 0 0 0
    outer loop
      vertex 63.309 115.454 1.58418
      vertex 62.9781 115.694 1.58418
      vertex 63.3383 115.486 2
    endloop
  endfacet
  facet normal 0 0 0
    outer loop
      vertex 63.6691 114.743 1.18653
      vertex 63.4781 115.074 1.18653
      vertex 63.5827 115.15 1.58418
    endloop
  endfacet
  facet normal 0 0 0
    outer loop
      vertex 63.3383 115.486 2
      vertex 63 115.732 29
      vertex 63.3383 115.486 29
    endloop
  endfacet
  facet normal 0 0 0
    outer loop
      vertex 63 115.732 29
      vertex 63.3383 115.486 2
      vertex 63 115.732 2
    endloop
  endfacet
  facet normal 0 0 0
    outer loop
      vertex 63.2226 114.544 0.513711
      vertex 63.0827 114.787 0.513711
      vertex 63.4781 114.658 0.82443
    endloop
  endfacet
  facet normal 0 0 0
    outer loop
      vertex 63.4781 114.658 0.82443
      vertex 63.0827 114.787 0.513711
      vertex 63.309 114.951 0.82443
    endloop
  endfacet
  facet normal 0 0 0
    outer loop
      vertex 63.7872 114.38 1.18653
      vertex 63.6691 114.743 1.18653
      vertex 63.9135 114.407 1.58418
    endloop
  endfacet
  facet normal 0 0 0
    outer loop
      vertex 63.9563 114 1.58418
      vertex 63.7872 114.38 1.18653
      vertex 63.9135 114.407 1.58418
    endloop
  endfacet
  facet normal 0 0 0
    outer loop
      vertex 0.212836 114.38 1.18653
      vertex 0.043705 114 1.58418
      vertex 0.0864553 114.407 1.58418
    endloop
  endfacet
  facet normal 0 0 0
    outer loop
      vertex 0.0864553 114.407 1.58418
      vertex 0.043705 114 1.58418
      vertex 0.043705 114.416 2
    endloop
  endfacet
  facet normal 0 0 0
    outer loop
      vertex 1 2 0.26795
      vertex 1.38197 114 0.097887
      vertex 1.38197 2 0.097887
    endloop
  endfacet
  facet normal 0 0 0
    outer loop
      vertex 1.38197 114 0.097887
      vertex 1 2 0.26795
      vertex 1 114 0.26795
    endloop
  endfacet
  facet normal 0 0 0
    outer loop
      vertex 1.02185 1.79209 0.26795
      vertex 1 2 0.26795
      vertex 1.38197 2 0.097887
    endloop
  endfacet
  facet normal 0 0 0
    outer loop
      vertex 1.39547 1.8715 0.097887
      vertex 1.02185 1.79209 0.26795
      vertex 1.38197 2 0.097887
    endloop
  endfacet
  facet normal 0 0 0
    outer loop
      vertex 62.618 0.097887 2
      vertex 62.6045 0.139453 1.58418
      vertex 63 0.26795 2
    endloop
  endfacet
  facet normal 0 0 0
    outer loop
      vertex 62.618 0.097887 2
      vertex 62.2091 0.0109568 2
      vertex 62.6045 0.139453 1.58418
    endloop
  endfacet
  facet normal 0 0 0
    outer loop
      vertex 63.618 0.82443 2
      vertex 63.5827 0.850119 1.58418
      vertex 63.8271 1.18653 2
    endloop
  endfacet
  facet normal 0 0 0
    outer loop
      vertex 63.618 0.82443 2
      vertex 63.3383 0.513711 2
      vertex 63.5827 0.850119 1.58418
    endloop
  endfacet
  facet normal 0 0 0
    outer loop
      vertex 62.9781 0.305799 1.58418
      vertex 62.6045 0.139453 1.58418
      vertex 62.9135 0.417693 1.18653
    endloop
  endfacet
  facet normal 0 0 0
    outer loop
      vertex 62.6045 0.139453 1.58418
      vertex 62.5646 0.262334 1.18653
      vertex 62.9135 0.417693 1.18653
    endloop
  endfacet
  facet normal 0 0 0
    outer loop
      vertex 1.33087 114.743 0.26795
      vertex 0.917324 114.787 0.513711
      vertex 1.10453 114.995 0.513711
    endloop
  endfacet
  facet normal 0 0 0
    outer loop
      vertex 1.33087 114.743 0.26795
      vertex 1.10453 114.995 0.513711
      vertex 1.33087 115.159 0.513711
    endloop
  endfacet
  facet normal 0 0 0
    outer loop
      vertex 62.1045 114.181 0.0109568
      vertex 62.0646 114.199 0.0109568
      vertex 62.191 114.588 0.097887
    endloop
  endfacet
  facet normal 0 0 0
    outer loop
      vertex 62.309 114.535 0.097887
      vertex 62.1045 114.181 0.0109568
      vertex 62.191 114.588 0.097887
    endloop
  endfacet
  facet normal 0 0 0
    outer loop
      vertex 1.80902 114.085 0.0109568
      vertex 1.4354 114.251 0.097887
      vertex 1.5 114.363 0.097887
    endloop
  endfacet
  facet normal 0 0 0
    outer loop
      vertex 1.69098 114.951 0.26795
      vertex 1.58646 115.273 0.513711
      vertex 1.86011 115.331 0.513711
    endloop
  endfacet
  facet normal 0 0 0
    outer loop
      vertex 1.08646 0.417693 1.18653
      vertex 0.777438 0.642207 1.18653
      vertex 0.917324 0.797566 0.82443
    endloop
  endfacet
  facet normal 0 0 0
    outer loop
      vertex 1.02185 0.305799 1.58418
      vertex 0.777438 0.642207 1.18653
      vertex 1.08646 0.417693 1.18653
    endloop
  endfacet
  facet normal 0 0 0
    outer loop
      vertex 1.69098 1.04894 0.26795
      vertex 1.5 1.13398 0.26795
      vertex 1.80902 1.41222 0.097887
    endloop
  endfacet
  facet normal 0 0 0
    outer loop
      vertex 1.5 0.461159 0.82443
      vertex 1.33087 0.841032 0.513711
      vertex 1.58646 0.727239 0.513711
    endloop
  endfacet
  facet normal 0 0 0
    outer loop
      vertex 62.5 115.539 0.82443
      vertex 62.1399 115.331 0.513711
      vertex 62.1691 115.609 0.82443
    endloop
  endfacet
  facet normal 0 0 0
    outer loop
      vertex 62.1399 115.331 0.513711
      vertex 1.83087 115.609 0.82443
      vertex 62.1691 115.609 0.82443
    endloop
  endfacet
  facet normal 0 0 0
    outer loop
      vertex 1.83087 115.609 0.82443
      vertex 62.1399 115.331 0.513711
      vertex 1.86011 115.331 0.513711
    endloop
  endfacet
  facet normal 0 0 0
    outer loop
      vertex 62.9135 115.582 1.18653
      vertex 62.6045 115.861 1.58418
      vertex 62.9781 115.694 1.58418
    endloop
  endfacet
  facet normal 0 0 0
    outer loop
      vertex 62.9781 115.694 1.58418
      vertex 62.6045 115.861 1.58418
      vertex 63 115.732 2
    endloop
  endfacet
  facet normal 0 0 0
    outer loop
      vertex 1.80902 0.182919 1.18653
      vertex 1.39547 0.139453 1.58418
      vertex 1.4354 0.262334 1.18653
    endloop
  endfacet
  facet normal 0 0 0
    outer loop
      vertex 1 0.26795 2
      vertex 0.661739 0.513711 2
      vertex 1.02185 0.305799 1.58418
    endloop
  endfacet
  facet normal 0 0 0
    outer loop
      vertex 1.80902 0.182919 1.18653
      vertex 62.2045 0.0544224 1.58418
      vertex 1.79551 0.0544224 1.58418
    endloop
  endfacet
  facet normal 0 0 0
    outer loop
      vertex 62.2045 0.0544224 1.58418
      vertex 1.80902 0.182919 1.18653
      vertex 62.191 0.182919 1.18653
    endloop
  endfacet
  facet normal 0 0 0
    outer loop
      vertex 1.5 0.461159 0.82443
      vertex 1.19098 0.598742 0.82443
      vertex 1.33087 0.841032 0.513711
    endloop
  endfacet
  facet normal 0 0 0
    outer loop
      vertex 1.4354 0.262334 1.18653
      vertex 1.19098 0.598742 0.82443
      vertex 1.5 0.461159 0.82443
    endloop
  endfacet
  facet normal 0 0 0
    outer loop
      vertex 0.212836 1.2043 1.58418
      vertex 0.0864553 1.59326 1.58418
      vertex 0.33087 1.25686 1.18653
    endloop
  endfacet
  facet normal 0 0 0
    outer loop
      vertex 0.0864553 1.59326 1.58418
      vertex 0.043705 1.58418 2
      vertex 0.043705 2 1.58418
    endloop
  endfacet
  facet normal 0 0 0
    outer loop
      vertex 1 0.26795 2
      vertex 1.38197 0.097887 29
      vertex 1 0.26795 29
    endloop
  endfacet
  facet normal 0 0 0
    outer loop
      vertex 1.38197 0.097887 29
      vertex 1 0.26795 2
      vertex 1.38197 0.097887 2
    endloop
  endfacet
  facet normal 0 0 0
    outer loop
      vertex 0.043705 1.58418 2
      vertex 0 2 29
      vertex 0 2 2
    endloop
  endfacet
  facet normal 0 0 0
    outer loop
      vertex 0 2 29
      vertex 0.043705 1.58418 2
      vertex 0.043705 1.58418 29
    endloop
  endfacet
  facet normal 0 0 0
    outer loop
      vertex 0.417324 1.66359 0.82443
      vertex 0.17291 2 1.18653
      vertex 0.381967 2 0.82443
    endloop
  endfacet
  facet normal 0 0 0
    outer loop
      vertex 0.417324 1.66359 0.82443
      vertex 0.381967 2 0.82443
      vertex 0.661739 2 0.513711
    endloop
  endfacet
  facet normal 0 0 0
    outer loop
      vertex 63.0827 1.21339 0.513711
      vertex 62.809 1.41222 0.26795
      vertex 62.9135 1.59326 0.26795
    endloop
  endfacet
  facet normal 0 0 0
    outer loop
      vertex 62.6691 1.25686 0.26795
      vertex 62.5 1.63673 0.097887
      vertex 62.809 1.41222 0.26795
    endloop
  endfacet
  facet normal 0 0 0
    outer loop
      vertex 62.191 1.41222 0.097887
      vertex 62.0646 1.38535 0.097887
      vertex 62.0646 1.80118 0.0109568
    endloop
  endfacet
  facet normal 0 0 0
    outer loop
      vertex 62.0646 1.38535 0.097887
      vertex 62.0219 1.79209 0.0109568
      vertex 62.0646 1.80118 0.0109568
    endloop
  endfacet
  facet normal 0 0 0
    outer loop
      vertex 62.6045 1.8715 0.097887
      vertex 62.191 1.91497 0.0109568
      vertex 62.2045 1.95654 0.0109568
    endloop
  endfacet
  facet normal 0 0 0
    outer loop
      vertex 62.5646 1.74862 0.097887
      vertex 62.191 1.91497 0.0109568
      vertex 62.6045 1.8715 0.097887
    endloop
  endfacet
  facet normal 0 0 0
    outer loop
      vertex 62.809 114.588 0.26795
      vertex 62.6691 114.743 0.26795
      vertex 63.0827 114.787 0.513711
    endloop
  endfacet
  facet normal 0 0 0
    outer loop
      vertex 62.809 114.588 0.26795
      vertex 62.5 114.363 0.097887
      vertex 62.6691 114.743 0.26795
    endloop
  endfacet
  facet normal 0 0 0
    outer loop
      vertex 62.9781 1.79209 0.26795
      vertex 62.6045 1.8715 0.097887
      vertex 62.618 2 0.097887
    endloop
  endfacet
  facet normal 0 0 0
    outer loop
      vertex 62.9781 1.79209 0.26795
      vertex 62.618 2 0.097887
      vertex 63 2 0.26795
    endloop
  endfacet
  facet normal 0 0 0
    outer loop
      vertex 63.5827 1.66359 0.82443
      vertex 63.309 1.72176 0.513711
      vertex 63.3383 2 0.513711
    endloop
  endfacet
  facet normal 0 0 0
    outer loop
      vertex 63.5827 1.66359 0.82443
      vertex 63.3383 2 0.513711
      vertex 63.618 2 0.82443
    endloop
  endfacet
  facet normal 0 0 0
    outer loop
      vertex 62.8955 1.00548 0.513711
      vertex 62.6691 1.25686 0.26795
      vertex 63.0827 1.21339 0.513711
    endloop
  endfacet
  facet normal 0 0 0
    outer loop
      vertex 63.0827 0.797566 0.82443
      vertex 62.8955 1.00548 0.513711
      vertex 63.0827 1.21339 0.513711
    endloop
  endfacet
  facet normal 0 0 0
    outer loop
      vertex 63.6691 1.25686 1.18653
      vertex 63.4781 1.34189 0.82443
      vertex 63.5827 1.66359 0.82443
    endloop
  endfacet
  facet normal 0 0 0
    outer loop
      vertex 63.5827 0.850119 1.58418
      vertex 63.4781 0.926064 1.18653
      vertex 63.6691 1.25686 1.18653
    endloop
  endfacet
  facet normal 0 0 0
    outer loop
      vertex 63.6691 114.743 1.18653
      vertex 63.5827 115.15 1.58418
      vertex 63.7872 114.796 1.58418
    endloop
  endfacet
  facet normal 0 0 0
    outer loop
      vertex 63.7872 114.796 1.58418
      vertex 63.5827 115.15 1.58418
      vertex 63.8271 114.813 2
    endloop
  endfacet
  facet normal 0 0 0
    outer loop
      vertex 63.6691 114.743 1.18653
      vertex 63.4781 114.658 0.82443
      vertex 63.4781 115.074 1.18653
    endloop
  endfacet
  facet normal 0 0 0
    outer loop
      vertex 63.4781 114.658 0.82443
      vertex 63.309 114.951 0.82443
      vertex 63.4781 115.074 1.18653
    endloop
  endfacet
  facet normal 0 0 0
    outer loop
      vertex 63.5827 115.15 1.58418
      vertex 63.2226 115.358 1.18653
      vertex 63.309 115.454 1.58418
    endloop
  endfacet
  facet normal 0 0 0
    outer loop
      vertex 63.309 114.951 0.82443
      vertex 63.0827 115.202 0.82443
      vertex 63.4781 115.074 1.18653
    endloop
  endfacet
  facet normal 0 0 0
    outer loop
      vertex 63.618 115.176 29
      vertex 63.3383 115.486 2
      vertex 63.3383 115.486 29
    endloop
  endfacet
  facet normal 0 0 0
    outer loop
      vertex 63.3383 115.486 2
      vertex 63.618 115.176 29
      vertex 63.618 115.176 2
    endloop
  endfacet
  facet normal 0 0 0
    outer loop
      vertex 63.8271 114.813 29
      vertex 63.618 115.176 2
      vertex 63.618 115.176 29
    endloop
  endfacet
  facet normal 0 0 0
    outer loop
      vertex 63.618 115.176 2
      vertex 63.8271 114.813 29
      vertex 63.8271 114.813 2
    endloop
  endfacet
  facet normal 0 0 0
    outer loop
      vertex 62.4135 115.273 0.513711
      vertex 62.1399 115.331 0.513711
      vertex 62.5 115.539 0.82443
    endloop
  endfacet
  facet normal 0 0 0
    outer loop
      vertex 62.6691 115.159 0.513711
      vertex 62.4135 115.273 0.513711
      vertex 62.5 115.539 0.82443
    endloop
  endfacet
  facet normal 0 0 0
    outer loop
      vertex 0.661739 0.513711 2
      vertex 0.381967 0.82443 29
      vertex 0.381967 0.82443 2
    endloop
  endfacet
  facet normal 0 0 0
    outer loop
      vertex 0.381967 0.82443 29
      vertex 0.661739 0.513711 2
      vertex 0.661739 0.513711 29
    endloop
  endfacet
  facet normal 0 0 0
    outer loop
      vertex 1.9354 1.80118 0.0109568
      vertex 1.80902 1.41222 0.097887
      vertex 1.89547 1.81895 0.0109568
    endloop
  endfacet
  facet normal 0 0 0
    outer loop
      vertex 62.0646 1.38535 0.097887
      vertex 1.97815 1.79209 0.0109568
      vertex 62.0219 1.79209 0.0109568
    endloop
  endfacet
  facet normal 0 0 0
    outer loop
      vertex 1.97815 1.79209 0.0109568
      vertex 62.0646 1.38535 0.097887
      vertex 1.9354 1.38535 0.097887
    endloop
  endfacet
  facet normal 0 0 0
    outer loop
      vertex 1.5 1.13398 0.26795
      vertex 1.33087 0.841032 0.513711
      vertex 1.33087 1.25686 0.26795
    endloop
  endfacet
  facet normal 0 0 0
    outer loop
      vertex 1.58646 1.54071 0.097887
      vertex 1.33087 1.25686 0.26795
      vertex 1.5 1.63673 0.097887
    endloop
  endfacet
  facet normal 0 0 0
    outer loop
      vertex 1.4354 1.74862 0.097887
      vertex 1.39547 1.8715 0.097887
      vertex 1.80902 1.91497 0.0109568
    endloop
  endfacet
  facet normal 0 0 0
    outer loop
      vertex 1.4354 1.74862 0.097887
      vertex 1.02185 1.79209 0.26795
      vertex 1.39547 1.8715 0.097887
    endloop
  endfacet
  facet normal 0 0 0
    outer loop
      vertex 1.38197 2 0.097887
      vertex 1.79094 114 0.0109568
      vertex 1.79094 2 0.0109568
    endloop
  endfacet
  facet normal 0 0 0
    outer loop
      vertex 1.79094 114 0.0109568
      vertex 1.38197 2 0.097887
      vertex 1.38197 114 0.097887
    endloop
  endfacet
  facet normal 0 0 0
    outer loop
      vertex 54.5 110.25 0.0109568
      vertex 9.47946 109.858 0.0109568
      vertex 9.5 110.25 0.0109568
    endloop
  endfacet
  facet normal 0 0 0
    outer loop
      vertex 55.4632 8.25924 0.0109568
      vertex 8.25924 8.53679 0.0109568
      vertex 56.0458 8.78381 0.0109568
    endloop
  endfacet
  facet normal 0 0 0
    outer loop
      vertex 56.375 107.002 0.0109568
      vertex 9.31646 109.091 0.0109568
      vertex 9.47946 109.858 0.0109568
    endloop
  endfacet
  facet normal 0 0 0
    outer loop
      vertex 7.625 8.99759 0.0109568
      vertex 56.0458 8.78381 0.0109568
      vertex 8.25924 8.53679 0.0109568
    endloop
  endfacet
  facet normal 0 0 0
    outer loop
      vertex 56.375 107.002 0.0109568
      vertex 8.99759 108.375 0.0109568
      vertex 9.31646 109.091 0.0109568
    endloop
  endfacet
  facet normal 0 0 0
    outer loop
      vertex 56.0458 8.78381 0.0109568
      vertex 7.625 8.99759 0.0109568
      vertex 56.7247 9.17579 0.0109568
    endloop
  endfacet
  facet normal 0 0 0
    outer loop
      vertex 56.375 107.002 0.0109568
      vertex 8.53679 107.741 0.0109568
      vertex 8.99759 108.375 0.0109568
    endloop
  endfacet
  facet normal 0 0 0
    outer loop
      vertex 56.7247 9.17579 0.0109568
      vertex 7.625 8.99759 0.0109568
      vertex 56.375 107.002 0.0109568
    endloop
  endfacet
  facet normal 0 0 0
    outer loop
      vertex 56.375 107.002 0.0109568
      vertex 7.95419 107.216 0.0109568
      vertex 8.53679 107.741 0.0109568
    endloop
  endfacet
  facet normal 0 0 0
    outer loop
      vertex 7.27526 106.824 0.0109568
      vertex 56.375 107.002 0.0109568
      vertex 7.625 8.99759 0.0109568
    endloop
  endfacet
  facet normal 0 0 0
    outer loop
      vertex 56.375 107.002 0.0109568
      vertex 7.27526 106.824 0.0109568
      vertex 7.95419 107.216 0.0109568
    endloop
  endfacet
  facet normal 0 0 0
    outer loop
      vertex 6.90881 9.31646 0.0109568
      vertex 7.27526 106.824 0.0109568
      vertex 7.625 8.99759 0.0109568
    endloop
  endfacet
  facet normal 0 0 0
    outer loop
      vertex 6.90881 9.31646 0.0109568
      vertex 6.52967 106.582 0.0109568
      vertex 7.27526 106.824 0.0109568
    endloop
  endfacet
  facet normal 0 0 0
    outer loop
      vertex 6.14198 9.47946 0.0109568
      vertex 6.52967 106.582 0.0109568
      vertex 6.90881 9.31646 0.0109568
    endloop
  endfacet
  facet normal 0 0 0
    outer loop
      vertex 5.75 9.5 0.0109568
      vertex 6.14198 9.47946 0.0109568
      vertex 5.75 9.47946 0.0109568
    endloop
  endfacet
  facet normal 0 0 0
    outer loop
      vertex 5.75 106.5 0.0109568
      vertex 6.14198 9.47946 0.0109568
      vertex 5.75 9.5 0.0109568
    endloop
  endfacet
  facet normal 0 0 0
    outer loop
      vertex 6.14198 9.47946 0.0109568
      vertex 5.75 106.5 0.0109568
      vertex 6.52967 106.582 0.0109568
    endloop
  endfacet
  facet normal 0 0 0
    outer loop
      vertex 2 9.5 0.0109568
      vertex 5.75 106.5 0.0109568
      vertex 5.75 9.5 0.0109568
    endloop
  endfacet
  facet normal 0 0 0
    outer loop
      vertex 5.75 106.5 0.0109568
      vertex 2 9.5 0.0109568
      vertex 2 106.5 0.0109568
    endloop
  endfacet
  facet normal 0 0 0
    outer loop
      vertex 54.5205 5.75 0.0109568
      vertex 54.5 5.75 0.0109568
      vertex 54.5205 6.14198 0.0109568
    endloop
  endfacet
  facet normal 0 0 0
    outer loop
      vertex 58.25 9.5 0.0109568
      vertex 62 106.5 0.0109568
      vertex 62 9.5 0.0109568
    endloop
  endfacet
  facet normal 0 0 0
    outer loop
      vertex 58.25 9.5 0.0109568
      vertex 58.25 106.5 0.0109568
      vertex 62 106.5 0.0109568
    endloop
  endfacet
  facet normal 0 0 0
    outer loop
      vertex 57.858 106.521 0.0109568
      vertex 58.25 106.5 0.0109568
      vertex 58.25 9.5 0.0109568
    endloop
  endfacet
  facet normal 0 0 0
    outer loop
      vertex 58.25 106.5 0.0109568
      vertex 57.858 106.521 0.0109568
      vertex 58.25 106.521 0.0109568
    endloop
  endfacet
  facet normal 0 0 0
    outer loop
      vertex 57.4703 9.41805 0.0109568
      vertex 57.858 106.521 0.0109568
      vertex 58.25 9.5 0.0109568
    endloop
  endfacet
  facet normal 0 0 0
    outer loop
      vertex 57.4703 9.41805 0.0109568
      vertex 57.0912 106.684 0.0109568
      vertex 57.858 106.521 0.0109568
    endloop
  endfacet
  facet normal 0 0 0
    outer loop
      vertex 56.7247 9.17579 0.0109568
      vertex 57.0912 106.684 0.0109568
      vertex 57.4703 9.41805 0.0109568
    endloop
  endfacet
  facet normal 0 0 0
    outer loop
      vertex 56.7247 9.17579 0.0109568
      vertex 56.375 107.002 0.0109568
      vertex 57.0912 106.684 0.0109568
    endloop
  endfacet
  facet normal 0 0 0
    outer loop
      vertex 8.78381 7.95419 0.0109568
      vertex 55.0024 7.625 0.0109568
      vertex 9.17579 7.27526 0.0109568
    endloop
  endfacet
  facet normal 0 0 0
    outer loop
      vertex 55.0024 7.625 0.0109568
      vertex 8.78381 7.95419 0.0109568
      vertex 55.4632 8.25924 0.0109568
    endloop
  endfacet
  facet normal 0 0 0
    outer loop
      vertex 54.6835 6.90881 0.0109568
      vertex 9.17579 7.27526 0.0109568
      vertex 55.0024 7.625 0.0109568
    endloop
  endfacet
  facet normal 0 0 0
    outer loop
      vertex 8.25924 8.53679 0.0109568
      vertex 55.4632 8.25924 0.0109568
      vertex 8.78381 7.95419 0.0109568
    endloop
  endfacet
  facet normal 0 0 0
    outer loop
      vertex 9.17579 7.27526 0.0109568
      vertex 54.6835 6.90881 0.0109568
      vertex 9.41805 6.52967 0.0109568
    endloop
  endfacet
  facet normal 0 0 0
    outer loop
      vertex 9.47946 109.858 0.0109568
      vertex 55.7408 107.463 0.0109568
      vertex 56.375 107.002 0.0109568
    endloop
  endfacet
  facet normal 0 0 0
    outer loop
      vertex 54.5205 6.14198 0.0109568
      vertex 9.41805 6.52967 0.0109568
      vertex 54.6835 6.90881 0.0109568
    endloop
  endfacet
  facet normal 0 0 0
    outer loop
      vertex 9.47946 109.858 0.0109568
      vertex 55.2162 108.046 0.0109568
      vertex 55.7408 107.463 0.0109568
    endloop
  endfacet
  facet normal 0 0 0
    outer loop
      vertex 9.41805 6.52967 0.0109568
      vertex 54.5205 6.14198 0.0109568
      vertex 9.5 5.75 0.0109568
    endloop
  endfacet
  facet normal 0 0 0
    outer loop
      vertex 9.5 5.75 0.0109568
      vertex 54.5205 6.14198 0.0109568
      vertex 54.5 5.75 0.0109568
    endloop
  endfacet
  facet normal 0 0 0
    outer loop
      vertex 9.47946 109.858 0.0109568
      vertex 54.8242 108.725 0.0109568
      vertex 55.2162 108.046 0.0109568
    endloop
  endfacet
  facet normal 0 0 0
    outer loop
      vertex 62 2 0.0109568
      vertex 62.2091 2 0.0109568
      vertex 62.2045 1.95654 0.0109568
    endloop
  endfacet
  facet normal 0 0 0
    outer loop
      vertex 62.2091 2 0.0109568
      vertex 62 9.5 0.0109568
      vertex 62.2091 114 0.0109568
    endloop
  endfacet
  facet normal 0 0 0
    outer loop
      vertex 62 2 0.0109568
      vertex 62.2045 1.95654 0.0109568
      vertex 62.191 1.91497 0.0109568
    endloop
  endfacet
  facet normal 0 0 0
    outer loop
      vertex 62 106.5 0.0109568
      vertex 62.2091 114 0.0109568
      vertex 62 9.5 0.0109568
    endloop
  endfacet
  facet normal 0 0 0
    outer loop
      vertex 62 2 0.0109568
      vertex 62.191 1.91497 0.0109568
      vertex 62.1691 1.87712 0.0109568
    endloop
  endfacet
  facet normal 0 0 0
    outer loop
      vertex 62 114 0.0109568
      vertex 62.2091 114 0.0109568
      vertex 62 106.5 0.0109568
    endloop
  endfacet
  facet normal 0 0 0
    outer loop
      vertex 62 2 0.0109568
      vertex 62.1691 1.87712 0.0109568
      vertex 62.1399 1.84464 0.0109568
    endloop
  endfacet
  facet normal 0 0 0
    outer loop
      vertex 62.2091 114 0.0109568
      vertex 62 114 0.0109568
      vertex 62.2045 114.043 0.0109568
    endloop
  endfacet
  facet normal 0 0 0
    outer loop
      vertex 62 2 0.0109568
      vertex 62.1399 1.84464 0.0109568
      vertex 62.1045 1.81895 0.0109568
    endloop
  endfacet
  facet normal 0 0 0
    outer loop
      vertex 62.2045 114.043 0.0109568
      vertex 62 114 0.0109568
      vertex 62.191 114.085 0.0109568
    endloop
  endfacet
  facet normal 0 0 0
    outer loop
      vertex 62 2 0.0109568
      vertex 62.1045 1.81895 0.0109568
      vertex 62.0646 1.80118 0.0109568
    endloop
  endfacet
  facet normal 0 0 0
    outer loop
      vertex 62.191 114.085 0.0109568
      vertex 62 114 0.0109568
      vertex 62.1691 114.123 0.0109568
    endloop
  endfacet
  facet normal 0 0 0
    outer loop
      vertex 62 2 0.0109568
      vertex 62.0646 1.80118 0.0109568
      vertex 62.0219 1.79209 0.0109568
    endloop
  endfacet
  facet normal 0 0 0
    outer loop
      vertex 62.1691 114.123 0.0109568
      vertex 62 114 0.0109568
      vertex 62.1399 114.155 0.0109568
    endloop
  endfacet
  facet normal 0 0 0
    outer loop
      vertex 62.2091 2 0.0109568
      vertex 62 2 0.0109568
      vertex 62 9.5 0.0109568
    endloop
  endfacet
  facet normal 0 0 0
    outer loop
      vertex 62.0219 1.79209 0.0109568
      vertex 54.5 2 0.0109568
      vertex 62 2 0.0109568
    endloop
  endfacet
  facet normal 0 0 0
    outer loop
      vertex 9.5 5.75 0.0109568
      vertex 54.5 5.75 0.0109568
      vertex 54.5 2 0.0109568
    endloop
  endfacet
  facet normal 0 0 0
    outer loop
      vertex 9.47946 109.858 0.0109568
      vertex 54.5819 109.47 0.0109568
      vertex 54.8242 108.725 0.0109568
    endloop
  endfacet
  facet normal 0 0 0
    outer loop
      vertex 9.5 5.75 0.0109568
      vertex 54.5 2 0.0109568
      vertex 9.5 2 0.0109568
    endloop
  endfacet
  facet normal 0 0 0
    outer loop
      vertex 62.0219 1.79209 0.0109568
      vertex 9.5 2 0.0109568
      vertex 54.5 2 0.0109568
    endloop
  endfacet
  facet normal 0 0 0
    outer loop
      vertex 1.97815 1.79209 0.0109568
      vertex 9.5 2 0.0109568
      vertex 62.0219 1.79209 0.0109568
    endloop
  endfacet
  facet normal 0 0 0
    outer loop
      vertex 1.79094 2 0.0109568
      vertex 2 9.5 0.0109568
      vertex 2 2 0.0109568
    endloop
  endfacet
  facet normal 0 0 0
    outer loop
      vertex 2 9.5 0.0109568
      vertex 1.79094 2 0.0109568
      vertex 2 106.5 0.0109568
    endloop
  endfacet
  facet normal 0 0 0
    outer loop
      vertex 1.9354 1.80118 0.0109568
      vertex 2 2 0.0109568
      vertex 1.97815 1.79209 0.0109568
    endloop
  endfacet
  facet normal 0 0 0
    outer loop
      vertex 9.5 2 0.0109568
      vertex 1.97815 1.79209 0.0109568
      vertex 2 2 0.0109568
    endloop
  endfacet
  facet normal 0 0 0
    outer loop
      vertex 62.1399 114.155 0.0109568
      vertex 62 114 0.0109568
      vertex 62.1045 114.181 0.0109568
    endloop
  endfacet
  facet normal 0 0 0
    outer loop
      vertex 62.1045 114.181 0.0109568
      vertex 62 114 0.0109568
      vertex 62.0646 114.199 0.0109568
    endloop
  endfacet
  facet normal 0 0 0
    outer loop
      vertex 62.0646 114.199 0.0109568
      vertex 62 114 0.0109568
      vertex 62.0219 114.208 0.0109568
    endloop
  endfacet
  facet normal 0 0 0
    outer loop
      vertex 54.5 114 0.0109568
      vertex 62.0219 114.208 0.0109568
      vertex 62 114 0.0109568
    endloop
  endfacet
  facet normal 0 0 0
    outer loop
      vertex 9.47946 109.858 0.0109568
      vertex 54.5 110.25 0.0109568
      vertex 54.5819 109.47 0.0109568
    endloop
  endfacet
  facet normal 0 0 0
    outer loop
      vertex 54.5 110.25 0.0109568
      vertex 9.5 110.25 0.0109568
      vertex 54.5 114 0.0109568
    endloop
  endfacet
  facet normal 0 0 0
    outer loop
      vertex 9.5 114 0.0109568
      vertex 54.5 114 0.0109568
      vertex 9.5 110.25 0.0109568
    endloop
  endfacet
  facet normal 0 0 0
    outer loop
      vertex 9.5 114 0.0109568
      vertex 62.0219 114.208 0.0109568
      vertex 54.5 114 0.0109568
    endloop
  endfacet
  facet normal 0 0 0
    outer loop
      vertex 1.97815 114.208 0.0109568
      vertex 9.5 114 0.0109568
      vertex 2 114 0.0109568
    endloop
  endfacet
  facet normal 0 0 0
    outer loop
      vertex 9.5 114 0.0109568
      vertex 1.97815 114.208 0.0109568
      vertex 62.0219 114.208 0.0109568
    endloop
  endfacet
  facet normal 0 0 0
    outer loop
      vertex 1.79094 114 0.0109568
      vertex 2 106.5 0.0109568
      vertex 1.79094 2 0.0109568
    endloop
  endfacet
  facet normal 0 0 0
    outer loop
      vertex 1.89547 1.81895 0.0109568
      vertex 2 2 0.0109568
      vertex 1.9354 1.80118 0.0109568
    endloop
  endfacet
  facet normal 0 0 0
    outer loop
      vertex 2 106.5 0.0109568
      vertex 1.79094 114 0.0109568
      vertex 2 114 0.0109568
    endloop
  endfacet
  facet normal 0 0 0
    outer loop
      vertex 1.86011 1.84464 0.0109568
      vertex 2 2 0.0109568
      vertex 1.89547 1.81895 0.0109568
    endloop
  endfacet
  facet normal 0 0 0
    outer loop
      vertex 1.79551 114.043 0.0109568
      vertex 2 114 0.0109568
      vertex 1.79094 114 0.0109568
    endloop
  endfacet
  facet normal 0 0 0
    outer loop
      vertex 1.83087 1.87712 0.0109568
      vertex 2 2 0.0109568
      vertex 1.86011 1.84464 0.0109568
    endloop
  endfacet
  facet normal 0 0 0
    outer loop
      vertex 2 114 0.0109568
      vertex 1.9354 114.199 0.0109568
      vertex 1.97815 114.208 0.0109568
    endloop
  endfacet
  facet normal 0 0 0
    outer loop
      vertex 1.80902 1.91497 0.0109568
      vertex 2 2 0.0109568
      vertex 1.83087 1.87712 0.0109568
    endloop
  endfacet
  facet normal 0 0 0
    outer loop
      vertex 2 114 0.0109568
      vertex 1.89547 114.181 0.0109568
      vertex 1.9354 114.199 0.0109568
    endloop
  endfacet
  facet normal 0 0 0
    outer loop
      vertex 1.79551 1.95654 0.0109568
      vertex 2 2 0.0109568
      vertex 1.80902 1.91497 0.0109568
    endloop
  endfacet
  facet normal 0 0 0
    outer loop
      vertex 2 114 0.0109568
      vertex 1.86011 114.155 0.0109568
      vertex 1.89547 114.181 0.0109568
    endloop
  endfacet
  facet normal 0 0 0
    outer loop
      vertex 2 2 0.0109568
      vertex 1.79551 1.95654 0.0109568
      vertex 1.79094 2 0.0109568
    endloop
  endfacet
  facet normal 0 0 0
    outer loop
      vertex 2 114 0.0109568
      vertex 1.83087 114.123 0.0109568
      vertex 1.86011 114.155 0.0109568
    endloop
  endfacet
  facet normal 0 0 0
    outer loop
      vertex 2 114 0.0109568
      vertex 1.80902 114.085 0.0109568
      vertex 1.83087 114.123 0.0109568
    endloop
  endfacet
  facet normal 0 0 0
    outer loop
      vertex 2 114 0.0109568
      vertex 1.79551 114.043 0.0109568
      vertex 1.80902 114.085 0.0109568
    endloop
  endfacet
  facet normal 0 0 0
    outer loop
      vertex 9.5 110.25 0.0109568
      vertex 9.47946 109.858 0.0109568
      vertex 9.47946 110.25 0.0109568
    endloop
  endfacet
  facet normal 0 0 0
    outer loop
      vertex 6.5 4.45096 0.0109568
      vertex 6.5 7.04904 0.0109568
      vertex 7.25 5.75 0.0109568
    endloop
  endfacet
  facet normal 0 0 0
    outer loop
      vertex 6.5 4.45096 0.0109568
      vertex 5 7.04904 0.0109568
      vertex 6.5 7.04904 0.0109568
    endloop
  endfacet
  facet normal 0 0 0
    outer loop
      vertex 5 4.45096 0.0109568
      vertex 5 7.04904 0.0109568
      vertex 6.5 4.45096 0.0109568
    endloop
  endfacet
  facet normal 0 0 0
    outer loop
      vertex 5 7.04904 0.0109568
      vertex 5 4.45096 0.0109568
      vertex 4.25 5.75 0.0109568
    endloop
  endfacet
  facet normal 0 0 0
    outer loop
      vertex 58.25 4.25 0.0109568
      vertex 59.549 6.5 0.0109568
      vertex 59.549 5 0.0109568
    endloop
  endfacet
  facet normal 0 0 0
    outer loop
      vertex 58.25 4.25 0.0109568
      vertex 58.25 7.25 0.0109568
      vertex 59.549 6.5 0.0109568
    endloop
  endfacet
  facet normal 0 0 0
    outer loop
      vertex 56.951 5 0.0109568
      vertex 58.25 7.25 0.0109568
      vertex 58.25 4.25 0.0109568
    endloop
  endfacet
  facet normal 0 0 0
    outer loop
      vertex 58.25 7.25 0.0109568
      vertex 56.951 5 0.0109568
      vertex 56.951 6.5 0.0109568
    endloop
  endfacet
  facet normal 0 0 0
    outer loop
      vertex 59 108.951 0.0109568
      vertex 59 111.549 0.0109568
      vertex 59.75 110.25 0.0109568
    endloop
  endfacet
  facet normal 0 0 0
    outer loop
      vertex 57.5 108.951 0.0109568
      vertex 59 111.549 0.0109568
      vertex 59 108.951 0.0109568
    endloop
  endfacet
  facet normal 0 0 0
    outer loop
      vertex 57.5 108.951 0.0109568
      vertex 57.5 111.549 0.0109568
      vertex 59 111.549 0.0109568
    endloop
  endfacet
  facet normal 0 0 0
    outer loop
      vertex 57.5 111.549 0.0109568
      vertex 57.5 108.951 0.0109568
      vertex 56.75 110.25 0.0109568
    endloop
  endfacet
  facet normal 0 0 0
    outer loop
      vertex 5.75 108.75 0.0109568
      vertex 7.04904 111 0.0109568
      vertex 7.04904 109.5 0.0109568
    endloop
  endfacet
  facet normal 0 0 0
    outer loop
      vertex 5.75 108.75 0.0109568
      vertex 5.75 111.75 0.0109568
      vertex 7.04904 111 0.0109568
    endloop
  endfacet
  facet normal 0 0 0
    outer loop
      vertex 4.45096 109.5 0.0109568
      vertex 5.75 111.75 0.0109568
      vertex 5.75 108.75 0.0109568
    endloop
  endfacet
  facet normal 0 0 0
    outer loop
      vertex 5.75 111.75 0.0109568
      vertex 4.45096 109.5 0.0109568
      vertex 4.45096 111 0.0109568
    endloop
  endfacet
  facet normal 0 0 0
    outer loop
      vertex 63.8271 1.18653 2
      vertex 63.5827 0.850119 1.58418
      vertex 63.7872 1.2043 1.58418
    endloop
  endfacet
  facet normal 0 0 0
    outer loop
      vertex 63.7872 1.2043 1.58418
      vertex 63.5827 0.850119 1.58418
      vertex 63.6691 1.25686 1.18653
    endloop
  endfacet
  facet normal 0 0 0
    outer loop
      vertex 63.5827 0.850119 1.58418
      vertex 63.2226 0.642207 1.18653
      vertex 63.4781 0.926064 1.18653
    endloop
  endfacet
  facet normal 0 0 0
    outer loop
      vertex 63.2226 0.642207 1.18653
      vertex 63.0827 0.797566 0.82443
      vertex 63.4781 0.926064 1.18653
    endloop
  endfacet
  facet normal 0 0 0
    outer loop
      vertex 63 0.26795 2
      vertex 62.6045 0.139453 1.58418
      vertex 62.9781 0.305799 1.58418
    endloop
  endfacet
  facet normal 0 0 0
    outer loop
      vertex 62.9781 0.305799 1.58418
      vertex 62.9135 0.417693 1.18653
      vertex 63.2226 0.642207 1.18653
    endloop
  endfacet
  facet normal 0 0 0
    outer loop
      vertex 1.5 114.363 0.097887
      vertex 1.08646 114.407 0.26795
      vertex 1.19098 114.588 0.26795
    endloop
  endfacet
  facet normal 0 0 0
    outer loop
      vertex 1.80902 114.588 0.097887
      vertex 1.5 114.866 0.26795
      vertex 1.69098 114.951 0.26795
    endloop
  endfacet
  facet normal 0 0 0
    outer loop
      vertex 1.80902 114.085 0.0109568
      vertex 1.5 114.363 0.097887
      vertex 1.83087 114.123 0.0109568
    endloop
  endfacet
  facet normal 0 0 0
    outer loop
      vertex 1.08646 114.407 0.26795
      vertex 0.917324 114.787 0.513711
      vertex 1.19098 114.588 0.26795
    endloop
  endfacet
  facet normal 0 0 0
    outer loop
      vertex 62.1399 114.155 0.0109568
      vertex 62.1045 114.181 0.0109568
      vertex 62.4135 114.459 0.097887
    endloop
  endfacet
  facet normal 0 0 0
    outer loop
      vertex 1.79094 114 0.0109568
      vertex 1.39547 114.128 0.097887
      vertex 1.79551 114.043 0.0109568
    endloop
  endfacet
  facet normal 0 0 0
    outer loop
      vertex 1.79094 114 0.0109568
      vertex 1.38197 114 0.097887
      vertex 1.39547 114.128 0.097887
    endloop
  endfacet
  facet normal 0 0 0
    outer loop
      vertex 1.02185 0.305799 1.58418
      vertex 0.690984 0.54619 1.58418
      vertex 0.777438 0.642207 1.18653
    endloop
  endfacet
  facet normal 0 0 0
    outer loop
      vertex 1.02185 0.305799 1.58418
      vertex 0.661739 0.513711 2
      vertex 0.690984 0.54619 1.58418
    endloop
  endfacet
  facet normal 0 0 0
    outer loop
      vertex 1.79551 0.0544224 1.58418
      vertex 1.39547 0.139453 1.58418
      vertex 1.80902 0.182919 1.18653
    endloop
  endfacet
  facet normal 0 0 0
    outer loop
      vertex 1.79094 0.0109568 2
      vertex 1.39547 0.139453 1.58418
      vertex 1.79551 0.0544224 1.58418
    endloop
  endfacet
  facet normal 0 0 0
    outer loop
      vertex 1.86011 0.66907 0.513711
      vertex 1.5 0.461159 0.82443
      vertex 1.58646 0.727239 0.513711
    endloop
  endfacet
  facet normal 0 0 0
    outer loop
      vertex 1.83087 0.39083 0.82443
      vertex 1.5 0.461159 0.82443
      vertex 1.86011 0.66907 0.513711
    endloop
  endfacet
  facet normal 0 0 0
    outer loop
      vertex 0.777438 0.642207 1.18653
      vertex 0.417324 0.850119 1.58418
      vertex 0.521852 0.926064 1.18653
    endloop
  endfacet
  facet normal 0 0 0
    outer loop
      vertex 1.19098 0.598742 0.82443
      vertex 0.917324 0.797566 0.82443
      vertex 1.33087 0.841032 0.513711
    endloop
  endfacet
  facet normal 0 0 0
    outer loop
      vertex 0.33087 1.25686 1.18653
      vertex 0.212836 1.62013 1.18653
      vertex 0.417324 1.66359 0.82443
    endloop
  endfacet
  facet normal 0 0 0
    outer loop
      vertex 0.0864553 1.59326 1.58418
      vertex 0.043705 2 1.58418
      vertex 0.212836 1.62013 1.18653
    endloop
  endfacet
  facet normal 0 0 0
    outer loop
      vertex 62.191 1.41222 0.097887
      vertex 62.1045 1.81895 0.0109568
      vertex 62.309 1.46477 0.097887
    endloop
  endfacet
  facet normal 0 0 0
    outer loop
      vertex 62.191 1.41222 0.097887
      vertex 62.0646 1.80118 0.0109568
      vertex 62.1045 1.81895 0.0109568
    endloop
  endfacet
  facet normal 0 0 0
    outer loop
      vertex 62.5 1.63673 0.097887
      vertex 62.1691 1.87712 0.0109568
      vertex 62.191 1.91497 0.0109568
    endloop
  endfacet
  facet normal 0 0 0
    outer loop
      vertex 62.5 1.63673 0.097887
      vertex 62.1399 1.84464 0.0109568
      vertex 62.1691 1.87712 0.0109568
    endloop
  endfacet
  facet normal 0 0 0
    outer loop
      vertex 62.809 1.41222 0.26795
      vertex 62.5 1.63673 0.097887
      vertex 62.9135 1.59326 0.26795
    endloop
  endfacet
  facet normal 0 0 0
    outer loop
      vertex 62.9135 1.59326 0.26795
      vertex 62.5 1.63673 0.097887
      vertex 62.5646 1.74862 0.097887
    endloop
  endfacet
  facet normal 0 0 0
    outer loop
      vertex 63.7872 1.62013 1.18653
      vertex 63.5827 1.66359 0.82443
      vertex 63.8271 2 1.18653
    endloop
  endfacet
  facet normal 0 0 0
    outer loop
      vertex 63.9563 2 1.58418
      vertex 63.7872 1.62013 1.18653
      vertex 63.8271 2 1.18653
    endloop
  endfacet
  facet normal 0 0 0
    outer loop
      vertex 63.4781 0.926064 1.18653
      vertex 63.309 1.04894 0.82443
      vertex 63.4781 1.34189 0.82443
    endloop
  endfacet
  facet normal 0 0 0
    outer loop
      vertex 63.4781 0.926064 1.18653
      vertex 63.0827 0.797566 0.82443
      vertex 63.309 1.04894 0.82443
    endloop
  endfacet
  facet normal 0 0 0
    outer loop
      vertex 63.0827 115.202 0.82443
      vertex 62.809 115.401 0.82443
      vertex 62.9135 115.582 1.18653
    endloop
  endfacet
  facet normal 0 0 0
    outer loop
      vertex 63.0827 115.202 0.82443
      vertex 62.6691 115.159 0.513711
      vertex 62.809 115.401 0.82443
    endloop
  endfacet
  facet normal 0 0 0
    outer loop
      vertex 63.2226 115.358 1.18653
      vertex 62.9135 115.582 1.18653
      vertex 62.9781 115.694 1.58418
    endloop
  endfacet
  facet normal 0 0 0
    outer loop
      vertex 63.2226 115.358 1.18653
      vertex 62.9781 115.694 1.58418
      vertex 63.309 115.454 1.58418
    endloop
  endfacet
  facet normal 0 0 0
    outer loop
      vertex 0.381967 0.82443 2
      vertex 0.17291 1.18653 2
      vertex 0.417324 0.850119 1.58418
    endloop
  endfacet
  facet normal 0 0 0
    outer loop
      vertex 0.661739 0.513711 2
      vertex 0.381967 0.82443 2
      vertex 0.417324 0.850119 1.58418
    endloop
  endfacet
  facet normal 0 0 0
    outer loop
      vertex 0.381967 115.176 2
      vertex 0.661739 115.486 29
      vertex 0.661739 115.486 2
    endloop
  endfacet
  facet normal 0 0 0
    outer loop
      vertex 0.661739 115.486 29
      vertex 0.381967 115.176 2
      vertex 0.381967 115.176 29
    endloop
  endfacet
  facet normal 0 0 0
    outer loop
      vertex 0.417324 115.15 1.58418
      vertex 0.381967 115.176 2
      vertex 0.661739 115.486 2
    endloop
  endfacet
  facet normal 0 0 0
    outer loop
      vertex 1.89547 1.81895 0.0109568
      vertex 1.58646 1.54071 0.097887
      vertex 1.86011 1.84464 0.0109568
    endloop
  endfacet
  facet normal 0 0 0
    outer loop
      vertex 1.86011 1.84464 0.0109568
      vertex 1.5 1.63673 0.097887
      vertex 1.83087 1.87712 0.0109568
    endloop
  endfacet
  facet normal 0 0 0
    outer loop
      vertex 1.58646 1.54071 0.097887
      vertex 1.5 1.63673 0.097887
      vertex 1.86011 1.84464 0.0109568
    endloop
  endfacet
  facet normal 0 0 0
    outer loop
      vertex 1.33087 1.25686 0.26795
      vertex 1.19098 1.41222 0.26795
      vertex 1.5 1.63673 0.097887
    endloop
  endfacet
  facet normal 0 0 0
    outer loop
      vertex 1.5 1.13398 0.26795
      vertex 1.33087 1.25686 0.26795
      vertex 1.58646 1.54071 0.097887
    endloop
  endfacet
  facet normal 0 0 0
    outer loop
      vertex 1.9354 1.38535 0.097887
      vertex 1.80902 1.41222 0.097887
      vertex 1.9354 1.80118 0.0109568
    endloop
  endfacet
  facet normal 0 0 0
    outer loop
      vertex 1.86011 0.66907 0.513711
      vertex 1.58646 0.727239 0.513711
      vertex 1.69098 1.04894 0.26795
    endloop
  endfacet
  facet normal 0 0 0
    outer loop
      vertex 1.39547 1.8715 0.097887
      vertex 1.38197 2 0.097887
      vertex 1.79094 2 0.0109568
    endloop
  endfacet
  facet normal 0 0 0
    outer loop
      vertex 1.80902 1.91497 0.0109568
      vertex 1.39547 1.8715 0.097887
      vertex 1.79551 1.95654 0.0109568
    endloop
  endfacet
  facet normal 0 0 0
    outer loop
      vertex 63.3383 0.513711 29
      vertex 63.618 0.82443 2
      vertex 63.618 0.82443 29
    endloop
  endfacet
  facet normal 0 0 0
    outer loop
      vertex 63.618 0.82443 2
      vertex 63.3383 0.513711 29
      vertex 63.3383 0.513711 2
    endloop
  endfacet
  facet normal 0 0 0
    outer loop
      vertex 63 0.26795 2
      vertex 63.3383 0.513711 29
      vertex 63 0.26795 29
    endloop
  endfacet
  facet normal 0 0 0
    outer loop
      vertex 63.3383 0.513711 29
      vertex 63 0.26795 2
      vertex 63.3383 0.513711 2
    endloop
  endfacet
  facet normal 0 0 0
    outer loop
      vertex 63.9563 1.58418 2
      vertex 63.7872 1.2043 1.58418
      vertex 63.9135 1.59326 1.58418
    endloop
  endfacet
  facet normal 0 0 0
    outer loop
      vertex 63.8271 1.18653 2
      vertex 63.7872 1.2043 1.58418
      vertex 63.9563 1.58418 2
    endloop
  endfacet
  facet normal 0 0 0
    outer loop
      vertex 62.9135 0.417693 1.18653
      vertex 62.5646 0.262334 1.18653
      vertex 62.809 0.598742 0.82443
    endloop
  endfacet
  facet normal 0 0 0
    outer loop
      vertex 62.9135 0.417693 1.18653
      vertex 62.809 0.598742 0.82443
      vertex 63.0827 0.797566 0.82443
    endloop
  endfacet
  facet normal 0 0 0
    outer loop
      vertex 1.5 114.866 0.26795
      vertex 1.33087 115.159 0.513711
      vertex 1.69098 114.951 0.26795
    endloop
  endfacet
  facet normal 0 0 0
    outer loop
      vertex 1.9354 114.615 0.097887
      vertex 1.69098 114.951 0.26795
      vertex 1.89547 114.995 0.26795
    endloop
  endfacet
  facet normal 0 0 0
    outer loop
      vertex 62.5 114.363 0.097887
      vertex 62.1399 114.155 0.0109568
      vertex 62.4135 114.459 0.097887
    endloop
  endfacet
  facet normal 0 0 0
    outer loop
      vertex 0.917324 0.797566 0.82443
      vertex 0.690984 1.04894 0.82443
      vertex 0.917324 1.21339 0.513711
    endloop
  endfacet
  facet normal 0 0 0
    outer loop
      vertex 0.917324 0.797566 0.82443
      vertex 0.521852 0.926064 1.18653
      vertex 0.690984 1.04894 0.82443
    endloop
  endfacet
  facet normal 0 0 0
    outer loop
      vertex 0.521852 1.34189 0.82443
      vertex 0.33087 1.25686 1.18653
      vertex 0.417324 1.66359 0.82443
    endloop
  endfacet
  facet normal 0 0 0
    outer loop
      vertex 0.521852 0.926064 1.18653
      vertex 0.33087 1.25686 1.18653
      vertex 0.521852 1.34189 0.82443
    endloop
  endfacet
  facet normal 0 0 0
    outer loop
      vertex 62.4135 1.54071 0.097887
      vertex 62.1045 1.81895 0.0109568
      vertex 62.1399 1.84464 0.0109568
    endloop
  endfacet
  facet normal 0 0 0
    outer loop
      vertex 1.5 1.63673 0.097887
      vertex 1.08646 1.59326 0.26795
      vertex 1.4354 1.74862 0.097887
    endloop
  endfacet
  facet normal 0 0 0
    outer loop
      vertex 1.5 1.63673 0.097887
      vertex 1.4354 1.74862 0.097887
      vertex 1.80902 1.91497 0.0109568
    endloop
  endfacet
  facet normal 0 0 0
    outer loop
      vertex 1.33087 0.841032 0.513711
      vertex 1.10453 1.00548 0.513711
      vertex 1.33087 1.25686 0.26795
    endloop
  endfacet
  facet normal 0 0 0
    outer loop
      vertex 1.10453 1.00548 0.513711
      vertex 0.917324 1.21339 0.513711
      vertex 1.33087 1.25686 0.26795
    endloop
  endfacet
  facet normal 0 0 0
    outer loop
      vertex 1.9354 1.38535 0.097887
      vertex 1.69098 1.04894 0.26795
      vertex 1.80902 1.41222 0.097887
    endloop
  endfacet
  facet normal 0 0 0
    outer loop
      vertex 1.89547 1.00548 0.26795
      vertex 1.69098 1.04894 0.26795
      vertex 1.9354 1.38535 0.097887
    endloop
  endfacet
  facet normal 0 0 0
    outer loop
      vertex 1.80902 1.41222 0.097887
      vertex 1.5 1.13398 0.26795
      vertex 1.69098 1.46477 0.097887
    endloop
  endfacet
  facet normal 0 0 0
    outer loop
      vertex 1.69098 1.46477 0.097887
      vertex 1.5 1.13398 0.26795
      vertex 1.58646 1.54071 0.097887
    endloop
  endfacet
  facet normal 0 0 0
    outer loop
      vertex 1.79551 1.95654 0.0109568
      vertex 1.39547 1.8715 0.097887
      vertex 1.79094 2 0.0109568
    endloop
  endfacet
  facet normal 0 0 0
    outer loop
      vertex 1.80902 114.588 0.097887
      vertex 1.69098 114.951 0.26795
      vertex 1.9354 114.615 0.097887
    endloop
  endfacet
  facet normal 0 0 0
    outer loop
      vertex 1.86011 114.155 0.0109568
      vertex 1.58646 114.459 0.097887
      vertex 1.89547 114.181 0.0109568
    endloop
  endfacet
  facet normal 0 0 0
    outer loop
      vertex 62.1691 114.123 0.0109568
      vertex 62.1399 114.155 0.0109568
      vertex 62.5 114.363 0.097887
    endloop
  endfacet
  facet normal 0 0 0
    outer loop
      vertex 62.191 114.085 0.0109568
      vertex 62.1691 114.123 0.0109568
      vertex 62.5 114.363 0.097887
    endloop
  endfacet
  facet normal 0 0 0
    outer loop
      vertex 1.79551 114.043 0.0109568
      vertex 1.39547 114.128 0.097887
      vertex 1.80902 114.085 0.0109568
    endloop
  endfacet
  facet normal 0 0 0
    outer loop
      vertex 1.83087 114.123 0.0109568
      vertex 1.5 114.363 0.097887
      vertex 1.86011 114.155 0.0109568
    endloop
  endfacet
  facet normal 0 0 0
    outer loop
      vertex 1.58646 114.459 0.097887
      vertex 1.33087 114.743 0.26795
      vertex 1.5 114.866 0.26795
    endloop
  endfacet
  facet normal 0 0 0
    outer loop
      vertex 0.690984 1.04894 0.82443
      vertex 0.521852 0.926064 1.18653
      vertex 0.521852 1.34189 0.82443
    endloop
  endfacet
  facet normal 0 0 0
    outer loop
      vertex 0.690984 1.04894 0.82443
      vertex 0.521852 1.34189 0.82443
      vertex 0.917324 1.21339 0.513711
    endloop
  endfacet
  facet normal 0 0 0
    outer loop
      vertex 0.417324 0.850119 1.58418
      vertex 0.212836 1.2043 1.58418
      vertex 0.33087 1.25686 1.18653
    endloop
  endfacet
  facet normal 0 0 0
    outer loop
      vertex 0.417324 0.850119 1.58418
      vertex 0.17291 1.18653 2
      vertex 0.212836 1.2043 1.58418
    endloop
  endfacet
  facet normal 0 0 0
    outer loop
      vertex 1.9354 114.199 0.0109568
      vertex 1.80902 114.588 0.097887
      vertex 1.9354 114.615 0.097887
    endloop
  endfacet
  facet normal 0 0 0
    outer loop
      vertex 1.97815 114.208 0.0109568
      vertex 1.9354 114.199 0.0109568
      vertex 1.9354 114.615 0.097887
    endloop
  endfacet
  facet normal 0 0 0
    outer loop
      vertex 1.4354 114.251 0.097887
      vertex 1.02185 114.208 0.26795
      vertex 1.08646 114.407 0.26795
    endloop
  endfacet
  facet normal 0 0 0
    outer loop
      vertex 1.4354 114.251 0.097887
      vertex 1.08646 114.407 0.26795
      vertex 1.5 114.363 0.097887
    endloop
  endfacet
  facet normal 0 0 0
    outer loop
      vertex 1.89547 114.181 0.0109568
      vertex 1.58646 114.459 0.097887
      vertex 1.69098 114.535 0.097887
    endloop
  endfacet
  facet normal 0 0 0
    outer loop
      vertex 1.5 114.866 0.26795
      vertex 1.33087 114.743 0.26795
      vertex 1.33087 115.159 0.513711
    endloop
  endfacet
  facet normal 0 0 0
    outer loop
      vertex 1.89547 114.181 0.0109568
      vertex 1.80902 114.588 0.097887
      vertex 1.9354 114.199 0.0109568
    endloop
  endfacet
  facet normal 0 0 0
    outer loop
      vertex 1.86011 114.155 0.0109568
      vertex 1.5 114.363 0.097887
      vertex 1.58646 114.459 0.097887
    endloop
  endfacet
  facet normal 0 0 0
    outer loop
      vertex 1.5 114.363 0.097887
      vertex 1.33087 114.743 0.26795
      vertex 1.58646 114.459 0.097887
    endloop
  endfacet
  facet normal 0 0 0
    outer loop
      vertex 1.80902 114.085 0.0109568
      vertex 1.39547 114.128 0.097887
      vertex 1.4354 114.251 0.097887
    endloop
  endfacet
  facet normal 0 0 0
    outer loop
      vertex 1.39547 114.128 0.097887
      vertex 1.02185 114.208 0.26795
      vertex 1.4354 114.251 0.097887
    endloop
  endfacet
  facet normal 0 0 0
    outer loop
      vertex 1.58646 114.459 0.097887
      vertex 1.5 114.866 0.26795
      vertex 1.69098 114.535 0.097887
    endloop
  endfacet
  facet normal 0 0 0
    outer loop
      vertex 1.69098 114.535 0.097887
      vertex 1.5 114.866 0.26795
      vertex 1.80902 114.588 0.097887
    endloop
  endfacet
  facet normal 0 0 0
    outer loop
      vertex 62 114 29
      vertex 64 114 29
      vertex 63.9563 114.416 29
    endloop
  endfacet
  facet normal 0 0 0
    outer loop
      vertex 64 114 29
      vertex 62 114 29
      vertex 64 2 29
    endloop
  endfacet
  facet normal 0 0 0
    outer loop
      vertex 62 114 29
      vertex 63.9563 114.416 29
      vertex 63.8271 114.813 29
    endloop
  endfacet
  facet normal 0 0 0
    outer loop
      vertex 62 2 29
      vertex 64 2 29
      vertex 62 114 29
    endloop
  endfacet
  facet normal 0 0 0
    outer loop
      vertex 62 114 29
      vertex 63.8271 114.813 29
      vertex 63.618 115.176 29
    endloop
  endfacet
  facet normal 0 0 0
    outer loop
      vertex 64 2 29
      vertex 62 2 29
      vertex 63.9563 1.58418 29
    endloop
  endfacet
  facet normal 0 0 0
    outer loop
      vertex 62 114 29
      vertex 63.618 115.176 29
      vertex 63.3383 115.486 29
    endloop
  endfacet
  facet normal 0 0 0
    outer loop
      vertex 63.9563 1.58418 29
      vertex 62 2 29
      vertex 63.8271 1.18653 29
    endloop
  endfacet
  facet normal 0 0 0
    outer loop
      vertex 62 114 29
      vertex 63.3383 115.486 29
      vertex 63 115.732 29
    endloop
  endfacet
  facet normal 0 0 0
    outer loop
      vertex 63.8271 1.18653 29
      vertex 62 2 29
      vertex 63.618 0.82443 29
    endloop
  endfacet
  facet normal 0 0 0
    outer loop
      vertex 62 114 29
      vertex 63 115.732 29
      vertex 62.618 115.902 29
    endloop
  endfacet
  facet normal 0 0 0
    outer loop
      vertex 63.618 0.82443 29
      vertex 62 2 29
      vertex 63.3383 0.513711 29
    endloop
  endfacet
  facet normal 0 0 0
    outer loop
      vertex 62 114 29
      vertex 62.618 115.902 29
      vertex 62.2091 115.989 29
    endloop
  endfacet
  facet normal 0 0 0
    outer loop
      vertex 63.3383 0.513711 29
      vertex 62 2 29
      vertex 63 0.26795 29
    endloop
  endfacet
  facet normal 0 0 0
    outer loop
      vertex 63 0.26795 29
      vertex 62 2 29
      vertex 62.618 0.097887 29
    endloop
  endfacet
  facet normal 0 0 0
    outer loop
      vertex 62.2091 115.989 29
      vertex 2 114 29
      vertex 62 114 29
    endloop
  endfacet
  facet normal 0 0 0
    outer loop
      vertex 1.38197 115.902 29
      vertex 2 114 29
      vertex 1.79094 115.989 29
    endloop
  endfacet
  facet normal 0 0 0
    outer loop
      vertex 1.79094 115.989 29
      vertex 2 114 29
      vertex 62.2091 115.989 29
    endloop
  endfacet
  facet normal 0 0 0
    outer loop
      vertex 62.618 0.097887 29
      vertex 62 2 29
      vertex 62.2091 0.0109568 29
    endloop
  endfacet
  facet normal 0 0 0
    outer loop
      vertex 2 2 29
      vertex 62.2091 0.0109568 29
      vertex 62 2 29
    endloop
  endfacet
  facet normal 0 0 0
    outer loop
      vertex 2 2 29
      vertex 1.79094 0.0109568 29
      vertex 62.2091 0.0109568 29
    endloop
  endfacet
  facet normal 0 0 0
    outer loop
      vertex 2 114 29
      vertex 0 114 29
      vertex 2 2 29
    endloop
  endfacet
  facet normal 0 0 0
    outer loop
      vertex 1 115.732 29
      vertex 2 114 29
      vertex 1.38197 115.902 29
    endloop
  endfacet
  facet normal 0 0 0
    outer loop
      vertex 0 2 29
      vertex 2 2 29
      vertex 0 114 29
    endloop
  endfacet
  facet normal 0 0 0
    outer loop
      vertex 0.661739 115.486 29
      vertex 2 114 29
      vertex 1 115.732 29
    endloop
  endfacet
  facet normal 0 0 0
    outer loop
      vertex 0.043705 1.58418 29
      vertex 2 2 29
      vertex 0 2 29
    endloop
  endfacet
  facet normal 0 0 0
    outer loop
      vertex 0.381967 115.176 29
      vertex 2 114 29
      vertex 0.661739 115.486 29
    endloop
  endfacet
  facet normal 0 0 0
    outer loop
      vertex 2 2 29
      vertex 1.38197 0.097887 29
      vertex 1.79094 0.0109568 29
    endloop
  endfacet
  facet normal 0 0 0
    outer loop
      vertex 0.17291 114.813 29
      vertex 2 114 29
      vertex 0.381967 115.176 29
    endloop
  endfacet
  facet normal 0 0 0
    outer loop
      vertex 2 2 29
      vertex 1 0.26795 29
      vertex 1.38197 0.097887 29
    endloop
  endfacet
  facet normal 0 0 0
    outer loop
      vertex 0.043705 114.416 29
      vertex 2 114 29
      vertex 0.17291 114.813 29
    endloop
  endfacet
  facet normal 0 0 0
    outer loop
      vertex 2 2 29
      vertex 0.661739 0.513711 29
      vertex 1 0.26795 29
    endloop
  endfacet
  facet normal 0 0 0
    outer loop
      vertex 2 114 29
      vertex 0.043705 114.416 29
      vertex 0 114 29
    endloop
  endfacet
  facet normal 0 0 0
    outer loop
      vertex 2 2 29
      vertex 0.381967 0.82443 29
      vertex 0.661739 0.513711 29
    endloop
  endfacet
  facet normal 0 0 0
    outer loop
      vertex 2 2 29
      vertex 0.17291 1.18653 29
      vertex 0.381967 0.82443 29
    endloop
  endfacet
  facet normal 0 0 0
    outer loop
      vertex 2 2 29
      vertex 0.043705 1.58418 29
      vertex 0.17291 1.18653 29
    endloop
  endfacet
  facet normal 0 0 0
    outer loop
      vertex 2 114 29
      vertex 2 110.25 27
      vertex 2 114 2
    endloop
  endfacet
  facet normal 0 0 0
    outer loop
      vertex 2 114 29
      vertex 2 106.5 27
      vertex 2 110.25 27
    endloop
  endfacet
  facet normal 0 0 0
    outer loop
      vertex 2 106.5 27
      vertex 2 9.5 27
      vertex 2 106.5 2
    endloop
  endfacet
  facet normal 0 0 0
    outer loop
      vertex 2 114 29
      vertex 2 9.5 27
      vertex 2 106.5 27
    endloop
  endfacet
  facet normal 0 0 0
    outer loop
      vertex 2 2 29
      vertex 2 9.5 27
      vertex 2 114 29
    endloop
  endfacet
  facet normal 0 0 0
    outer loop
      vertex 2 9.5 27
      vertex 2 2 29
      vertex 2 2 27
    endloop
  endfacet
  facet normal 0 0 0
    outer loop
      vertex 2 114 2
      vertex 2 110.25 27
      vertex 2 110.25 2
    endloop
  endfacet
  facet normal 0 0 0
    outer loop
      vertex 2 106.5 2
      vertex 2 9.5 27
      vertex 2 9.5 2
    endloop
  endfacet
  facet normal 0 0 0
    outer loop
      vertex 2 2 0
      vertex 2 9.5 0.0109568
      vertex 2 9.5 0
    endloop
  endfacet
  facet normal 0 0 0
    outer loop
      vertex 2 9.5 0.0109568
      vertex 2 2 0
      vertex 2 2 0.0109568
    endloop
  endfacet
  facet normal 0 0 0
    outer loop
      vertex 62 5.75 2
      vertex 62 2 2
      vertex 62 5.75 27
    endloop
  endfacet
  facet normal 0 0 0
    outer loop
      vertex 62 110.25 2
      vertex 62 9.5 2
      vertex 62 110.25 27
    endloop
  endfacet
  facet normal 0 0 0
    outer loop
      vertex 62 110.25 27
      vertex 62 114 29
      vertex 62 114 27
    endloop
  endfacet
  facet normal 0 0 0
    outer loop
      vertex 62 9.5 27
      vertex 62 110.25 27
      vertex 62 9.5 2
    endloop
  endfacet
  facet normal 0 0 0
    outer loop
      vertex 62 110.25 27
      vertex 62 9.5 27
      vertex 62 114 29
    endloop
  endfacet
  facet normal 0 0 0
    outer loop
      vertex 62 2 29
      vertex 62 9.5 27
      vertex 62 5.75 27
    endloop
  endfacet
  facet normal 0 0 0
    outer loop
      vertex 62 9.5 27
      vertex 62 2 29
      vertex 62 114 29
    endloop
  endfacet
  facet normal 0 0 0
    outer loop
      vertex 62 2 29
      vertex 62 5.75 27
      vertex 62 2 2
    endloop
  endfacet
  facet normal 0 0 0
    outer loop
      vertex 62 114 27
      vertex 62 114 29
      vertex 62 114 2
    endloop
  endfacet
  facet normal 0 0 0
    outer loop
      vertex 2 106.5 2
      vertex 5.75 9.5 2
      vertex 5.75 106.5 2
    endloop
  endfacet
  facet normal 0 0 0
    outer loop
      vertex 5.75 9.5 2
      vertex 2 106.5 2
      vertex 2 9.5 2
    endloop
  endfacet
  facet normal 0 0 0
    outer loop
      vertex 9.47946 109.858 2
      vertex 9.5 110.25 2
      vertex 9.47946 110.25 2
    endloop
  endfacet
  facet normal 0 0 0
    outer loop
      vertex 9.5 110.25 2
      vertex 9.47946 109.858 2
      vertex 9.5 5.75 2
    endloop
  endfacet
  facet normal 0 0 0
    outer loop
      vertex 9.47946 109.858 2
      vertex 9.41805 6.52967 2
      vertex 9.5 5.75 2
    endloop
  endfacet
  facet normal 0 0 0
    outer loop
      vertex 9.31646 109.091 2
      vertex 9.41805 6.52967 2
      vertex 9.47946 109.858 2
    endloop
  endfacet
  facet normal 0 0 0
    outer loop
      vertex 9.31646 109.091 2
      vertex 9.17579 7.27526 2
      vertex 9.41805 6.52967 2
    endloop
  endfacet
  facet normal 0 0 0
    outer loop
      vertex 8.99759 108.375 2
      vertex 9.17579 7.27526 2
      vertex 9.31646 109.091 2
    endloop
  endfacet
  facet normal 0 0 0
    outer loop
      vertex 8.99759 108.375 2
      vertex 8.78381 7.95419 2
      vertex 9.17579 7.27526 2
    endloop
  endfacet
  facet normal 0 0 0
    outer loop
      vertex 8.53679 107.741 2
      vertex 8.78381 7.95419 2
      vertex 8.99759 108.375 2
    endloop
  endfacet
  facet normal 0 0 0
    outer loop
      vertex 8.53679 107.741 2
      vertex 8.25924 8.53679 2
      vertex 8.78381 7.95419 2
    endloop
  endfacet
  facet normal 0 0 0
    outer loop
      vertex 7.95419 107.216 2
      vertex 8.25924 8.53679 2
      vertex 8.53679 107.741 2
    endloop
  endfacet
  facet normal 0 0 0
    outer loop
      vertex 7.95419 107.216 2
      vertex 7.625 8.99759 2
      vertex 8.25924 8.53679 2
    endloop
  endfacet
  facet normal 0 0 0
    outer loop
      vertex 7.27526 106.824 2
      vertex 7.625 8.99759 2
      vertex 7.95419 107.216 2
    endloop
  endfacet
  facet normal 0 0 0
    outer loop
      vertex 7.27526 106.824 2
      vertex 6.90881 9.31646 2
      vertex 7.625 8.99759 2
    endloop
  endfacet
  facet normal 0 0 0
    outer loop
      vertex 6.52967 106.582 2
      vertex 6.90881 9.31646 2
      vertex 7.27526 106.824 2
    endloop
  endfacet
  facet normal 0 0 0
    outer loop
      vertex 6.52967 106.582 2
      vertex 6.14198 9.47946 2
      vertex 6.90881 9.31646 2
    endloop
  endfacet
  facet normal 0 0 0
    outer loop
      vertex 5.75 106.5 2
      vertex 6.14198 9.47946 2
      vertex 6.52967 106.582 2
    endloop
  endfacet
  facet normal 0 0 0
    outer loop
      vertex 5.75 9.5 2
      vertex 6.14198 9.47946 2
      vertex 5.75 106.5 2
    endloop
  endfacet
  facet normal 0 0 0
    outer loop
      vertex 6.14198 9.47946 2
      vertex 5.75 9.5 2
      vertex 5.75 9.47946 2
    endloop
  endfacet
  facet normal 0 0 0
    outer loop
      vertex 9.5 110.25 2
      vertex 54.5 110.25 2
      vertex 54.5 114 2
    endloop
  endfacet
  facet normal 0 0 0
    outer loop
      vertex 54.5 110.25 2
      vertex 9.5 110.25 2
      vertex 54.5 5.75 2
    endloop
  endfacet
  facet normal 0 0 0
    outer loop
      vertex 9.5 110.25 2
      vertex 54.5 114 2
      vertex 9.5 114 2
    endloop
  endfacet
  facet normal 0 0 0
    outer loop
      vertex 9.5 5.75 2
      vertex 54.5 5.75 2
      vertex 9.5 110.25 2
    endloop
  endfacet
  facet normal 0 0 0
    outer loop
      vertex 54.5 5.75 2
      vertex 9.5 5.75 2
      vertex 54.5 2 2
    endloop
  endfacet
  facet normal 0 0 0
    outer loop
      vertex 54.5 2 2
      vertex 9.5 5.75 2
      vertex 9.5 2 2
    endloop
  endfacet
  facet normal 0 0 0
    outer loop
      vertex 57.858 106.521 2
      vertex 58.25 106.5 2
      vertex 58.25 106.521 2
    endloop
  endfacet
  facet normal 0 0 0
    outer loop
      vertex 58.25 106.5 2
      vertex 57.858 106.521 2
      vertex 58.25 9.5 2
    endloop
  endfacet
  facet normal 0 0 0
    outer loop
      vertex 57.858 106.521 2
      vertex 57.4703 9.41805 2
      vertex 58.25 9.5 2
    endloop
  endfacet
  facet normal 0 0 0
    outer loop
      vertex 57.0912 106.684 2
      vertex 57.4703 9.41805 2
      vertex 57.858 106.521 2
    endloop
  endfacet
  facet normal 0 0 0
    outer loop
      vertex 57.0912 106.684 2
      vertex 56.7247 9.17579 2
      vertex 57.4703 9.41805 2
    endloop
  endfacet
  facet normal 0 0 0
    outer loop
      vertex 56.375 107.002 2
      vertex 56.7247 9.17579 2
      vertex 57.0912 106.684 2
    endloop
  endfacet
  facet normal 0 0 0
    outer loop
      vertex 56.375 107.002 2
      vertex 56.0458 8.78381 2
      vertex 56.7247 9.17579 2
    endloop
  endfacet
  facet normal 0 0 0
    outer loop
      vertex 55.7408 107.463 2
      vertex 56.0458 8.78381 2
      vertex 56.375 107.002 2
    endloop
  endfacet
  facet normal 0 0 0
    outer loop
      vertex 55.7408 107.463 2
      vertex 55.4632 8.25924 2
      vertex 56.0458 8.78381 2
    endloop
  endfacet
  facet normal 0 0 0
    outer loop
      vertex 55.2162 108.046 2
      vertex 55.4632 8.25924 2
      vertex 55.7408 107.463 2
    endloop
  endfacet
  facet normal 0 0 0
    outer loop
      vertex 55.2162 108.046 2
      vertex 55.0024 7.625 2
      vertex 55.4632 8.25924 2
    endloop
  endfacet
  facet normal 0 0 0
    outer loop
      vertex 54.8242 108.725 2
      vertex 55.0024 7.625 2
      vertex 55.2162 108.046 2
    endloop
  endfacet
  facet normal 0 0 0
    outer loop
      vertex 54.8242 108.725 2
      vertex 54.6835 6.90881 2
      vertex 55.0024 7.625 2
    endloop
  endfacet
  facet normal 0 0 0
    outer loop
      vertex 54.5819 109.47 2
      vertex 54.6835 6.90881 2
      vertex 54.8242 108.725 2
    endloop
  endfacet
  facet normal 0 0 0
    outer loop
      vertex 54.5819 109.47 2
      vertex 54.5205 6.14198 2
      vertex 54.6835 6.90881 2
    endloop
  endfacet
  facet normal 0 0 0
    outer loop
      vertex 54.5 110.25 2
      vertex 54.5205 6.14198 2
      vertex 54.5819 109.47 2
    endloop
  endfacet
  facet normal 0 0 0
    outer loop
      vertex 54.5 5.75 2
      vertex 54.5205 6.14198 2
      vertex 54.5 110.25 2
    endloop
  endfacet
  facet normal 0 0 0
    outer loop
      vertex 54.5205 6.14198 2
      vertex 54.5 5.75 2
      vertex 54.5205 5.75 2
    endloop
  endfacet
  facet normal 0 0 0
    outer loop
      vertex 58.25 106.5 2
      vertex 62 9.5 2
      vertex 62 106.5 2
    endloop
  endfacet
  facet normal 0 0 0
    outer loop
      vertex 62 9.5 2
      vertex 58.25 106.5 2
      vertex 58.25 9.5 2
    endloop
  endfacet
  facet normal 0 0 0
    outer loop
      vertex 54.5 114 2
      vertex 5.75 114 2
      vertex 9.5 114 2
    endloop
  endfacet
  facet normal 0 0 0
    outer loop
      vertex 9.5 2 2
      vertex 58.25 2 2
      vertex 54.5 2 2
    endloop
  endfacet
  facet normal 0 0 0
    outer loop
      vertex 62 106.5 2
      vertex 62 9.5 2
      vertex 62 110.25 2
    endloop
  endfacet
  facet normal 0 0 0
    outer loop
      vertex 6.5 7.04904 2
      vertex 6.5 4.45096 2
      vertex 7.25 5.75 2
    endloop
  endfacet
  facet normal 0 0 0
    outer loop
      vertex 5 7.04904 2
      vertex 6.5 4.45096 2
      vertex 6.5 7.04904 2
    endloop
  endfacet
  facet normal 0 0 0
    outer loop
      vertex 5 7.04904 2
      vertex 5 4.45096 2
      vertex 6.5 4.45096 2
    endloop
  endfacet
  facet normal 0 0 0
    outer loop
      vertex 5 4.45096 2
      vertex 5 7.04904 2
      vertex 4.25 5.75 2
    endloop
  endfacet
  facet normal 0 0 0
    outer loop
      vertex 59 111.549 2
      vertex 59 108.951 2
      vertex 59.75 110.25 2
    endloop
  endfacet
  facet normal 0 0 0
    outer loop
      vertex 57.5 111.549 2
      vertex 59 108.951 2
      vertex 59 111.549 2
    endloop
  endfacet
  facet normal 0 0 0
    outer loop
      vertex 57.5 111.549 2
      vertex 57.5 108.951 2
      vertex 59 108.951 2
    endloop
  endfacet
  facet normal 0 0 0
    outer loop
      vertex 57.5 108.951 2
      vertex 57.5 111.549 2
      vertex 56.75 110.25 2
    endloop
  endfacet
  facet normal 0 0 0
    outer loop
      vertex 58.25 7.25 2
      vertex 59.549 5 2
      vertex 59.549 6.5 2
    endloop
  endfacet
  facet normal 0 0 0
    outer loop
      vertex 58.25 7.25 2
      vertex 58.25 4.25 2
      vertex 59.549 5 2
    endloop
  endfacet
  facet normal 0 0 0
    outer loop
      vertex 56.951 6.5 2
      vertex 58.25 4.25 2
      vertex 58.25 7.25 2
    endloop
  endfacet
  facet normal 0 0 0
    outer loop
      vertex 58.25 4.25 2
      vertex 56.951 6.5 2
      vertex 56.951 5 2
    endloop
  endfacet
  facet normal 0 0 0
    outer loop
      vertex 5.75 111.75 2
      vertex 7.04904 109.5 2
      vertex 7.04904 111 2
    endloop
  endfacet
  facet normal 0 0 0
    outer loop
      vertex 5.75 111.75 2
      vertex 5.75 108.75 2
      vertex 7.04904 109.5 2
    endloop
  endfacet
  facet normal 0 0 0
    outer loop
      vertex 4.45096 111 2
      vertex 5.75 108.75 2
      vertex 5.75 111.75 2
    endloop
  endfacet
  facet normal 0 0 0
    outer loop
      vertex 5.75 108.75 2
      vertex 4.45096 111 2
      vertex 4.45096 109.5 2
    endloop
  endfacet
  facet normal 0 0 0
    outer loop
      vertex 58.25 2 2
      vertex 9.5 2 27
      vertex 58.25 2 27
    endloop
  endfacet
  facet normal 0 0 0
    outer loop
      vertex 9.5 2 27
      vertex 58.25 2 2
      vertex 9.5 2 2
    endloop
  endfacet
  facet normal 0 0 0
    outer loop
      vertex 58.25 2 27
      vertex 62 2 29
      vertex 62 2 27
    endloop
  endfacet
  facet normal 0 0 0
    outer loop
      vertex 9.5 2 27
      vertex 62 2 29
      vertex 58.25 2 27
    endloop
  endfacet
  facet normal 0 0 0
    outer loop
      vertex 62 2 29
      vertex 9.5 2 27
      vertex 2 2 29
    endloop
  endfacet
  facet normal 0 0 0
    outer loop
      vertex 2 2 29
      vertex 9.5 2 27
      vertex 2 2 27
    endloop
  endfacet
  facet normal 0 0 0
    outer loop
      vertex 62 2 2
      vertex 62 2 27
      vertex 62 2 29
    endloop
  endfacet
  facet normal 0 0 0
    outer loop
      vertex 2 2 0
      vertex 9.5 2 0.0109568
      vertex 2 2 0.0109568
    endloop
  endfacet
  facet normal 0 0 0
    outer loop
      vertex 9.5 2 0.0109568
      vertex 2 2 0
      vertex 9.5 2 0
    endloop
  endfacet
  facet normal 0 0 0
    outer loop
      vertex 5.75 114 27
      vertex 2 114 29
      vertex 2 114 27
    endloop
  endfacet
  facet normal 0 0 0
    outer loop
      vertex 54.5 114 27
      vertex 2 114 29
      vertex 5.75 114 27
    endloop
  endfacet
  facet normal 0 0 0
    outer loop
      vertex 2 114 29
      vertex 54.5 114 27
      vertex 62 114 29
    endloop
  endfacet
  facet normal 0 0 0
    outer loop
      vertex 58.25 114 27
      vertex 62 114 29
      vertex 54.5 114 27
    endloop
  endfacet
  facet normal 0 0 0
    outer loop
      vertex 62 114 2
      vertex 58.25 114 27
      vertex 58.25 114 2
    endloop
  endfacet
  facet normal 0 0 0
    outer loop
      vertex 58.25 114 27
      vertex 62 114 2
      vertex 62 114 29
    endloop
  endfacet
  facet normal 0 0 0
    outer loop
      vertex 5.75 114 2
      vertex 54.5 114 27
      vertex 5.75 114 27
    endloop
  endfacet
  facet normal 0 0 0
    outer loop
      vertex 54.5 114 27
      vertex 5.75 114 2
      vertex 54.5 114 2
    endloop
  endfacet
  facet normal 0 0 0
    outer loop
      vertex 2 114 29
      vertex 2 114 2
      vertex 2 114 27
    endloop
  endfacet
  facet normal 0 0 0
    outer loop
      vertex 9.5 5.75 27
      vertex 9.41805 6.52967 2
      vertex 9.41805 6.52967 27
    endloop
  endfacet
  facet normal 0 0 0
    outer loop
      vertex 9.41805 6.52967 2
      vertex 9.5 5.75 27
      vertex 9.5 5.75 2
    endloop
  endfacet
  facet normal 0 0 0
    outer loop
      vertex 9.5 5.75 0.0109568
      vertex 9.41805 6.52967 0
      vertex 9.41805 6.52967 0.0109568
    endloop
  endfacet
  facet normal 0 0 0
    outer loop
      vertex 9.41805 6.52967 0
      vertex 9.5 5.75 0.0109568
      vertex 9.5 5.75 0
    endloop
  endfacet
  facet normal 0 0 0
    outer loop
      vertex 6.14198 9.47946 0
      vertex 5.75 9.47946 0.0109568
      vertex 6.14198 9.47946 0.0109568
    endloop
  endfacet
  facet normal 0 0 0
    outer loop
      vertex 5.75 9.47946 0.0109568
      vertex 6.14198 9.47946 0
      vertex 5.75 9.47946 0
    endloop
  endfacet
  facet normal 0 0 0
    outer loop
      vertex 6.14198 9.47946 2
      vertex 5.75 9.47946 27
      vertex 6.14198 9.47946 27
    endloop
  endfacet
  facet normal 0 0 0
    outer loop
      vertex 5.75 9.47946 27
      vertex 6.14198 9.47946 2
      vertex 5.75 9.47946 2
    endloop
  endfacet
  facet normal 0 0 0
    outer loop
      vertex 8.25924 8.53679 0
      vertex 7.625 8.99759 0.0109568
      vertex 8.25924 8.53679 0.0109568
    endloop
  endfacet
  facet normal 0 0 0
    outer loop
      vertex 7.625 8.99759 0.0109568
      vertex 8.25924 8.53679 0
      vertex 7.625 8.99759 0
    endloop
  endfacet
  facet normal 0 0 0
    outer loop
      vertex 8.25924 8.53679 2
      vertex 7.625 8.99759 27
      vertex 8.25924 8.53679 27
    endloop
  endfacet
  facet normal 0 0 0
    outer loop
      vertex 7.625 8.99759 27
      vertex 8.25924 8.53679 2
      vertex 7.625 8.99759 2
    endloop
  endfacet
  facet normal 0 0 0
    outer loop
      vertex 7.625 8.99759 0
      vertex 6.90881 9.31646 0.0109568
      vertex 7.625 8.99759 0.0109568
    endloop
  endfacet
  facet normal 0 0 0
    outer loop
      vertex 6.90881 9.31646 0.0109568
      vertex 7.625 8.99759 0
      vertex 6.90881 9.31646 0
    endloop
  endfacet
  facet normal 0 0 0
    outer loop
      vertex 7.625 8.99759 2
      vertex 6.90881 9.31646 27
      vertex 7.625 8.99759 27
    endloop
  endfacet
  facet normal 0 0 0
    outer loop
      vertex 6.90881 9.31646 27
      vertex 7.625 8.99759 2
      vertex 6.90881 9.31646 2
    endloop
  endfacet
  facet normal 0 0 0
    outer loop
      vertex 9.17579 7.27526 0.0109568
      vertex 8.78381 7.95419 0
      vertex 8.78381 7.95419 0.0109568
    endloop
  endfacet
  facet normal 0 0 0
    outer loop
      vertex 8.78381 7.95419 0
      vertex 9.17579 7.27526 0.0109568
      vertex 9.17579 7.27526 0
    endloop
  endfacet
  facet normal 0 0 0
    outer loop
      vertex 9.17579 7.27526 27
      vertex 8.78381 7.95419 2
      vertex 8.78381 7.95419 27
    endloop
  endfacet
  facet normal 0 0 0
    outer loop
      vertex 8.78381 7.95419 2
      vertex 9.17579 7.27526 27
      vertex 9.17579 7.27526 2
    endloop
  endfacet
  facet normal 0 0 0
    outer loop
      vertex 9.41805 6.52967 0.0109568
      vertex 9.17579 7.27526 0
      vertex 9.17579 7.27526 0.0109568
    endloop
  endfacet
  facet normal 0 0 0
    outer loop
      vertex 9.17579 7.27526 0
      vertex 9.41805 6.52967 0.0109568
      vertex 9.41805 6.52967 0
    endloop
  endfacet
  facet normal 0 0 0
    outer loop
      vertex 9.41805 6.52967 27
      vertex 9.17579 7.27526 2
      vertex 9.17579 7.27526 27
    endloop
  endfacet
  facet normal 0 0 0
    outer loop
      vertex 9.17579 7.27526 2
      vertex 9.41805 6.52967 27
      vertex 9.41805 6.52967 2
    endloop
  endfacet
  facet normal 0 0 0
    outer loop
      vertex 8.78381 7.95419 0.0109568
      vertex 8.25924 8.53679 0
      vertex 8.25924 8.53679 0.0109568
    endloop
  endfacet
  facet normal 0 0 0
    outer loop
      vertex 8.25924 8.53679 0
      vertex 8.78381 7.95419 0.0109568
      vertex 8.78381 7.95419 0
    endloop
  endfacet
  facet normal 0 0 0
    outer loop
      vertex 8.78381 7.95419 27
      vertex 8.25924 8.53679 2
      vertex 8.25924 8.53679 27
    endloop
  endfacet
  facet normal 0 0 0
    outer loop
      vertex 8.25924 8.53679 2
      vertex 8.78381 7.95419 27
      vertex 8.78381 7.95419 2
    endloop
  endfacet
  facet normal 0 0 0
    outer loop
      vertex 6.90881 9.31646 0
      vertex 6.14198 9.47946 0.0109568
      vertex 6.90881 9.31646 0.0109568
    endloop
  endfacet
  facet normal 0 0 0
    outer loop
      vertex 6.14198 9.47946 0.0109568
      vertex 6.90881 9.31646 0
      vertex 6.14198 9.47946 0
    endloop
  endfacet
  facet normal 0 0 0
    outer loop
      vertex 6.90881 9.31646 2
      vertex 6.14198 9.47946 27
      vertex 6.90881 9.31646 27
    endloop
  endfacet
  facet normal 0 0 0
    outer loop
      vertex 6.14198 9.47946 27
      vertex 6.90881 9.31646 2
      vertex 6.14198 9.47946 2
    endloop
  endfacet
  facet normal 0 0 0
    outer loop
      vertex 2 9.5 27
      vertex 5.75 9.47946 27
      vertex 5.75 9.5 27
    endloop
  endfacet
  facet normal 0 0 0
    outer loop
      vertex 5.75 9.47946 27
      vertex 2 9.5 27
      vertex 5 7.04904 27
    endloop
  endfacet
  facet normal 0 0 0
    outer loop
      vertex 5 7.04904 27
      vertex 2 9.5 27
      vertex 4.25 5.75 27
    endloop
  endfacet
  facet normal 0 0 0
    outer loop
      vertex 6.5 7.04904 27
      vertex 7.625 8.99759 27
      vertex 6.90881 9.31646 27
    endloop
  endfacet
  facet normal 0 0 0
    outer loop
      vertex 7.625 8.99759 27
      vertex 6.5 7.04904 27
      vertex 7.25 5.75 27
    endloop
  endfacet
  facet normal 0 0 0
    outer loop
      vertex 6.14198 9.47946 27
      vertex 6.5 7.04904 27
      vertex 6.90881 9.31646 27
    endloop
  endfacet
  facet normal 0 0 0
    outer loop
      vertex 5.75 9.47946 27
      vertex 6.5 7.04904 27
      vertex 6.14198 9.47946 27
    endloop
  endfacet
  facet normal 0 0 0
    outer loop
      vertex 6.5 7.04904 27
      vertex 5.75 9.47946 27
      vertex 5 7.04904 27
    endloop
  endfacet
  facet normal 0 0 0
    outer loop
      vertex 7.25 5.75 27
      vertex 9.5 5.75 27
      vertex 9.41805 6.52967 27
    endloop
  endfacet
  facet normal 0 0 0
    outer loop
      vertex 7.25 5.75 27
      vertex 9.41805 6.52967 27
      vertex 9.17579 7.27526 27
    endloop
  endfacet
  facet normal 0 0 0
    outer loop
      vertex 7.25 5.75 27
      vertex 9.17579 7.27526 27
      vertex 8.78381 7.95419 27
    endloop
  endfacet
  facet normal 0 0 0
    outer loop
      vertex 7.25 5.75 27
      vertex 8.78381 7.95419 27
      vertex 8.25924 8.53679 27
    endloop
  endfacet
  facet normal 0 0 0
    outer loop
      vertex 7.25 5.75 27
      vertex 8.25924 8.53679 27
      vertex 7.625 8.99759 27
    endloop
  endfacet
  facet normal 0 0 0
    outer loop
      vertex 6.5 4.45096 27
      vertex 9.5 5.75 27
      vertex 7.25 5.75 27
    endloop
  endfacet
  facet normal 0 0 0
    outer loop
      vertex 9.5 5.75 27
      vertex 6.5 4.45096 27
      vertex 9.5 2 27
    endloop
  endfacet
  facet normal 0 0 0
    outer loop
      vertex 5 4.45096 27
      vertex 9.5 2 27
      vertex 6.5 4.45096 27
    endloop
  endfacet
  facet normal 0 0 0
    outer loop
      vertex 2 2 27
      vertex 4.25 5.75 27
      vertex 2 9.5 27
    endloop
  endfacet
  facet normal 0 0 0
    outer loop
      vertex 5 4.45096 27
      vertex 2 2 27
      vertex 9.5 2 27
    endloop
  endfacet
  facet normal 0 0 0
    outer loop
      vertex 4.25 5.75 27
      vertex 2 2 27
      vertex 5 4.45096 27
    endloop
  endfacet
  facet normal 0 0 0
    outer loop
      vertex 6.5 4.45096 0
      vertex 9.5 5.75 0
      vertex 9.5 2 0
    endloop
  endfacet
  facet normal 0 0 0
    outer loop
      vertex 9.5 5.75 0
      vertex 7.25 5.75 0
      vertex 9.41805 6.52967 0
    endloop
  endfacet
  facet normal 0 0 0
    outer loop
      vertex 9.41805 6.52967 0
      vertex 7.25 5.75 0
      vertex 9.17579 7.27526 0
    endloop
  endfacet
  facet normal 0 0 0
    outer loop
      vertex 9.17579 7.27526 0
      vertex 7.25 5.75 0
      vertex 8.78381 7.95419 0
    endloop
  endfacet
  facet normal 0 0 0
    outer loop
      vertex 6.5 7.04904 0
      vertex 8.78381 7.95419 0
      vertex 7.25 5.75 0
    endloop
  endfacet
  facet normal 0 0 0
    outer loop
      vertex 8.78381 7.95419 0
      vertex 6.5 7.04904 0
      vertex 8.25924 8.53679 0
    endloop
  endfacet
  facet normal 0 0 0
    outer loop
      vertex 9.5 5.75 0
      vertex 6.5 4.45096 0
      vertex 7.25 5.75 0
    endloop
  endfacet
  facet normal 0 0 0
    outer loop
      vertex 9.5 2 0
      vertex 5 4.45096 0
      vertex 6.5 4.45096 0
    endloop
  endfacet
  facet normal 0 0 0
    outer loop
      vertex 5 4.45096 0
      vertex 2 2 0
      vertex 4.25 5.75 0
    endloop
  endfacet
  facet normal 0 0 0
    outer loop
      vertex 2 2 0
      vertex 5 4.45096 0
      vertex 9.5 2 0
    endloop
  endfacet
  facet normal 0 0 0
    outer loop
      vertex 8.25924 8.53679 0
      vertex 6.5 7.04904 0
      vertex 7.625 8.99759 0
    endloop
  endfacet
  facet normal 0 0 0
    outer loop
      vertex 7.625 8.99759 0
      vertex 6.5 7.04904 0
      vertex 6.90881 9.31646 0
    endloop
  endfacet
  facet normal 0 0 0
    outer loop
      vertex 6.5 7.04904 0
      vertex 6.14198 9.47946 0
      vertex 6.90881 9.31646 0
    endloop
  endfacet
  facet normal 0 0 0
    outer loop
      vertex 6.5 7.04904 0
      vertex 5.75 9.47946 0
      vertex 6.14198 9.47946 0
    endloop
  endfacet
  facet normal 0 0 0
    outer loop
      vertex 5 7.04904 0
      vertex 5.75 9.47946 0
      vertex 6.5 7.04904 0
    endloop
  endfacet
  facet normal 0 0 0
    outer loop
      vertex 2 9.5 0
      vertex 5.75 9.47946 0
      vertex 5 7.04904 0
    endloop
  endfacet
  facet normal 0 0 0
    outer loop
      vertex 2 9.5 0
      vertex 5 7.04904 0
      vertex 4.25 5.75 0
    endloop
  endfacet
  facet normal 0 0 0
    outer loop
      vertex 2 9.5 0
      vertex 4.25 5.75 0
      vertex 2 2 0
    endloop
  endfacet
  facet normal 0 0 0
    outer loop
      vertex 5.75 9.47946 0
      vertex 2 9.5 0
      vertex 5.75 9.5 0
    endloop
  endfacet
  facet normal 0 0 0
    outer loop
      vertex 5.75 9.47946 27
      vertex 5.75 9.5 2
      vertex 5.75 9.5 27
    endloop
  endfacet
  facet normal 0 0 0
    outer loop
      vertex 5.75 9.5 2
      vertex 5.75 9.47946 27
      vertex 5.75 9.47946 2
    endloop
  endfacet
  facet normal 0 0 0
    outer loop
      vertex 5.75 9.47946 0.0109568
      vertex 5.75 9.5 0
      vertex 5.75 9.5 0.0109568
    endloop
  endfacet
  facet normal 0 0 0
    outer loop
      vertex 5.75 9.5 0
      vertex 5.75 9.47946 0.0109568
      vertex 5.75 9.47946 0
    endloop
  endfacet
  facet normal 0 0 0
    outer loop
      vertex 5.75 9.5 2
      vertex 2 9.5 27
      vertex 5.75 9.5 27
    endloop
  endfacet
  facet normal 0 0 0
    outer loop
      vertex 2 9.5 27
      vertex 5.75 9.5 2
      vertex 2 9.5 2
    endloop
  endfacet
  facet normal 0 0 0
    outer loop
      vertex 5.75 9.5 0
      vertex 2 9.5 0.0109568
      vertex 5.75 9.5 0.0109568
    endloop
  endfacet
  facet normal 0 0 0
    outer loop
      vertex 2 9.5 0.0109568
      vertex 5.75 9.5 0
      vertex 2 9.5 0
    endloop
  endfacet
  facet normal 0 0 0
    outer loop
      vertex 9.5 2 27
      vertex 9.5 5.75 2
      vertex 9.5 5.75 27
    endloop
  endfacet
  facet normal 0 0 0
    outer loop
      vertex 9.5 5.75 2
      vertex 9.5 2 27
      vertex 9.5 2 2
    endloop
  endfacet
  facet normal 0 0 0
    outer loop
      vertex 9.5 2 0.0109568
      vertex 9.5 5.75 0
      vertex 9.5 5.75 0.0109568
    endloop
  endfacet
  facet normal 0 0 0
    outer loop
      vertex 9.5 5.75 0
      vertex 9.5 2 0.0109568
      vertex 9.5 2 0
    endloop
  endfacet
  facet normal 0 0 0
    outer loop
      vertex 7.25 5.75 0
      vertex 6.5 7.04904 0.0109568
      vertex 6.5 7.04904 0
    endloop
  endfacet
  facet normal 0 0 0
    outer loop
      vertex 6.5 7.04904 0.0109568
      vertex 7.25 5.75 0
      vertex 7.25 5.75 0.0109568
    endloop
  endfacet
  facet normal 0 0 0
    outer loop
      vertex 7.25 5.75 2
      vertex 6.5 7.04904 27
      vertex 6.5 7.04904 2
    endloop
  endfacet
  facet normal 0 0 0
    outer loop
      vertex 6.5 7.04904 27
      vertex 7.25 5.75 2
      vertex 7.25 5.75 27
    endloop
  endfacet
  facet normal 0 0 0
    outer loop
      vertex 4.25 5.75 0.0109568
      vertex 5 7.04904 0
      vertex 5 7.04904 0.0109568
    endloop
  endfacet
  facet normal 0 0 0
    outer loop
      vertex 5 7.04904 0
      vertex 4.25 5.75 0.0109568
      vertex 4.25 5.75 0
    endloop
  endfacet
  facet normal 0 0 0
    outer loop
      vertex 4.25 5.75 27
      vertex 5 7.04904 2
      vertex 5 7.04904 27
    endloop
  endfacet
  facet normal 0 0 0
    outer loop
      vertex 5 7.04904 2
      vertex 4.25 5.75 27
      vertex 4.25 5.75 2
    endloop
  endfacet
  facet normal 0 0 0
    outer loop
      vertex 5 7.04904 0
      vertex 6.5 7.04904 0.0109568
      vertex 5 7.04904 0.0109568
    endloop
  endfacet
  facet normal 0 0 0
    outer loop
      vertex 6.5 7.04904 0.0109568
      vertex 5 7.04904 0
      vertex 6.5 7.04904 0
    endloop
  endfacet
  facet normal 0 0 0
    outer loop
      vertex 5 7.04904 2
      vertex 6.5 7.04904 27
      vertex 5 7.04904 27
    endloop
  endfacet
  facet normal 0 0 0
    outer loop
      vertex 6.5 7.04904 27
      vertex 5 7.04904 2
      vertex 6.5 7.04904 2
    endloop
  endfacet
  facet normal 0 0 0
    outer loop
      vertex 6.5 4.45096 2
      vertex 5 4.45096 27
      vertex 6.5 4.45096 27
    endloop
  endfacet
  facet normal 0 0 0
    outer loop
      vertex 5 4.45096 27
      vertex 6.5 4.45096 2
      vertex 5 4.45096 2
    endloop
  endfacet
  facet normal 0 0 0
    outer loop
      vertex 6.5 4.45096 0
      vertex 5 4.45096 0.0109568
      vertex 6.5 4.45096 0.0109568
    endloop
  endfacet
  facet normal 0 0 0
    outer loop
      vertex 5 4.45096 0.0109568
      vertex 6.5 4.45096 0
      vertex 5 4.45096 0
    endloop
  endfacet
  facet normal 0 0 0
    outer loop
      vertex 5 4.45096 0.0109568
      vertex 4.25 5.75 0
      vertex 4.25 5.75 0.0109568
    endloop
  endfacet
  facet normal 0 0 0
    outer loop
      vertex 4.25 5.75 0
      vertex 5 4.45096 0.0109568
      vertex 5 4.45096 0
    endloop
  endfacet
  facet normal 0 0 0
    outer loop
      vertex 5 4.45096 27
      vertex 4.25 5.75 2
      vertex 4.25 5.75 27
    endloop
  endfacet
  facet normal 0 0 0
    outer loop
      vertex 4.25 5.75 2
      vertex 5 4.45096 27
      vertex 5 4.45096 2
    endloop
  endfacet
  facet normal 0 0 0
    outer loop
      vertex 6.5 4.45096 2
      vertex 7.25 5.75 27
      vertex 7.25 5.75 2
    endloop
  endfacet
  facet normal 0 0 0
    outer loop
      vertex 7.25 5.75 27
      vertex 6.5 4.45096 2
      vertex 6.5 4.45096 27
    endloop
  endfacet
  facet normal 0 0 0
    outer loop
      vertex 6.5 4.45096 0
      vertex 7.25 5.75 0.0109568
      vertex 7.25 5.75 0
    endloop
  endfacet
  facet normal 0 0 0
    outer loop
      vertex 7.25 5.75 0.0109568
      vertex 6.5 4.45096 0
      vertex 6.5 4.45096 0.0109568
    endloop
  endfacet
  facet normal 0 0 0
    outer loop
      vertex 58.25 9.5 2
      vertex 57.4703 9.41805 27
      vertex 58.25 9.5 27
    endloop
  endfacet
  facet normal 0 0 0
    outer loop
      vertex 57.4703 9.41805 27
      vertex 58.25 9.5 2
      vertex 57.4703 9.41805 2
    endloop
  endfacet
  facet normal 0 0 0
    outer loop
      vertex 58.25 9.5 0
      vertex 57.4703 9.41805 0.0109568
      vertex 58.25 9.5 0.0109568
    endloop
  endfacet
  facet normal 0 0 0
    outer loop
      vertex 57.4703 9.41805 0.0109568
      vertex 58.25 9.5 0
      vertex 57.4703 9.41805 0
    endloop
  endfacet
  facet normal 0 0 0
    outer loop
      vertex 54.5205 5.75 0
      vertex 54.5205 6.14198 0.0109568
      vertex 54.5205 6.14198 0
    endloop
  endfacet
  facet normal 0 0 0
    outer loop
      vertex 54.5205 6.14198 0.0109568
      vertex 54.5205 5.75 0
      vertex 54.5205 5.75 0.0109568
    endloop
  endfacet
  facet normal 0 0 0
    outer loop
      vertex 54.5205 5.75 2
      vertex 54.5205 6.14198 27
      vertex 54.5205 6.14198 2
    endloop
  endfacet
  facet normal 0 0 0
    outer loop
      vertex 54.5205 6.14198 27
      vertex 54.5205 5.75 2
      vertex 54.5205 5.75 27
    endloop
  endfacet
  facet normal 0 0 0
    outer loop
      vertex 55.0024 7.625 0
      vertex 55.4632 8.25924 0.0109568
      vertex 55.4632 8.25924 0
    endloop
  endfacet
  facet normal 0 0 0
    outer loop
      vertex 55.4632 8.25924 0.0109568
      vertex 55.0024 7.625 0
      vertex 55.0024 7.625 0.0109568
    endloop
  endfacet
  facet normal 0 0 0
    outer loop
      vertex 55.0024 7.625 2
      vertex 55.4632 8.25924 27
      vertex 55.4632 8.25924 2
    endloop
  endfacet
  facet normal 0 0 0
    outer loop
      vertex 55.4632 8.25924 27
      vertex 55.0024 7.625 2
      vertex 55.0024 7.625 27
    endloop
  endfacet
  facet normal 0 0 0
    outer loop
      vertex 54.6835 6.90881 0
      vertex 55.0024 7.625 0.0109568
      vertex 55.0024 7.625 0
    endloop
  endfacet
  facet normal 0 0 0
    outer loop
      vertex 55.0024 7.625 0.0109568
      vertex 54.6835 6.90881 0
      vertex 54.6835 6.90881 0.0109568
    endloop
  endfacet
  facet normal 0 0 0
    outer loop
      vertex 54.6835 6.90881 2
      vertex 55.0024 7.625 27
      vertex 55.0024 7.625 2
    endloop
  endfacet
  facet normal 0 0 0
    outer loop
      vertex 55.0024 7.625 27
      vertex 54.6835 6.90881 2
      vertex 54.6835 6.90881 27
    endloop
  endfacet
  facet normal 0 0 0
    outer loop
      vertex 56.7247 9.17579 0
      vertex 56.0458 8.78381 0.0109568
      vertex 56.7247 9.17579 0.0109568
    endloop
  endfacet
  facet normal 0 0 0
    outer loop
      vertex 56.0458 8.78381 0.0109568
      vertex 56.7247 9.17579 0
      vertex 56.0458 8.78381 0
    endloop
  endfacet
  facet normal 0 0 0
    outer loop
      vertex 56.7247 9.17579 2
      vertex 56.0458 8.78381 27
      vertex 56.7247 9.17579 27
    endloop
  endfacet
  facet normal 0 0 0
    outer loop
      vertex 56.0458 8.78381 27
      vertex 56.7247 9.17579 2
      vertex 56.0458 8.78381 2
    endloop
  endfacet
  facet normal 0 0 0
    outer loop
      vertex 57.4703 9.41805 0
      vertex 56.7247 9.17579 0.0109568
      vertex 57.4703 9.41805 0.0109568
    endloop
  endfacet
  facet normal 0 0 0
    outer loop
      vertex 56.7247 9.17579 0.0109568
      vertex 57.4703 9.41805 0
      vertex 56.7247 9.17579 0
    endloop
  endfacet
  facet normal 0 0 0
    outer loop
      vertex 57.4703 9.41805 2
      vertex 56.7247 9.17579 27
      vertex 57.4703 9.41805 27
    endloop
  endfacet
  facet normal 0 0 0
    outer loop
      vertex 56.7247 9.17579 27
      vertex 57.4703 9.41805 2
      vertex 56.7247 9.17579 2
    endloop
  endfacet
  facet normal 0 0 0
    outer loop
      vertex 56.0458 8.78381 0
      vertex 55.4632 8.25924 0.0109568
      vertex 56.0458 8.78381 0.0109568
    endloop
  endfacet
  facet normal 0 0 0
    outer loop
      vertex 55.4632 8.25924 0.0109568
      vertex 56.0458 8.78381 0
      vertex 55.4632 8.25924 0
    endloop
  endfacet
  facet normal 0 0 0
    outer loop
      vertex 56.0458 8.78381 2
      vertex 55.4632 8.25924 27
      vertex 56.0458 8.78381 27
    endloop
  endfacet
  facet normal 0 0 0
    outer loop
      vertex 55.4632 8.25924 27
      vertex 56.0458 8.78381 2
      vertex 55.4632 8.25924 2
    endloop
  endfacet
  facet normal 0 0 0
    outer loop
      vertex 54.5205 6.14198 0
      vertex 54.6835 6.90881 0.0109568
      vertex 54.6835 6.90881 0
    endloop
  endfacet
  facet normal 0 0 0
    outer loop
      vertex 54.6835 6.90881 0.0109568
      vertex 54.5205 6.14198 0
      vertex 54.5205 6.14198 0.0109568
    endloop
  endfacet
  facet normal 0 0 0
    outer loop
      vertex 54.5205 6.14198 2
      vertex 54.6835 6.90881 27
      vertex 54.6835 6.90881 2
    endloop
  endfacet
  facet normal 0 0 0
    outer loop
      vertex 54.6835 6.90881 27
      vertex 54.5205 6.14198 2
      vertex 54.5205 6.14198 27
    endloop
  endfacet
  facet normal 0 0 0
    outer loop
      vertex 59.549 6.5 27
      vertex 62 5.75 27
      vertex 62 9.5 27
    endloop
  endfacet
  facet normal 0 0 0
    outer loop
      vertex 59.549 5 27
      vertex 62 5.75 27
      vertex 59.549 6.5 27
    endloop
  endfacet
  facet normal 0 0 0
    outer loop
      vertex 58.25 9.5 27
      vertex 59.549 6.5 27
      vertex 62 9.5 27
    endloop
  endfacet
  facet normal 0 0 0
    outer loop
      vertex 58.25 9.5 27
      vertex 58.25 7.25 27
      vertex 59.549 6.5 27
    endloop
  endfacet
  facet normal 0 0 0
    outer loop
      vertex 57.4703 9.41805 27
      vertex 58.25 7.25 27
      vertex 58.25 9.5 27
    endloop
  endfacet
  facet normal 0 0 0
    outer loop
      vertex 56.7247 9.17579 27
      vertex 58.25 7.25 27
      vertex 57.4703 9.41805 27
    endloop
  endfacet
  facet normal 0 0 0
    outer loop
      vertex 56.0458 8.78381 27
      vertex 56.951 6.5 27
      vertex 56.7247 9.17579 27
    endloop
  endfacet
  facet normal 0 0 0
    outer loop
      vertex 58.25 7.25 27
      vertex 56.7247 9.17579 27
      vertex 56.951 6.5 27
    endloop
  endfacet
  facet normal 0 0 0
    outer loop
      vertex 62 5.75 27
      vertex 59.549 5 27
      vertex 62 2 27
    endloop
  endfacet
  facet normal 0 0 0
    outer loop
      vertex 58.25 2 27
      vertex 59.549 5 27
      vertex 58.25 4.25 27
    endloop
  endfacet
  facet normal 0 0 0
    outer loop
      vertex 59.549 5 27
      vertex 58.25 2 27
      vertex 62 2 27
    endloop
  endfacet
  facet normal 0 0 0
    outer loop
      vertex 56.951 5 27
      vertex 58.25 2 27
      vertex 58.25 4.25 27
    endloop
  endfacet
  facet normal 0 0 0
    outer loop
      vertex 55.4632 8.25924 27
      vertex 56.951 6.5 27
      vertex 56.0458 8.78381 27
    endloop
  endfacet
  facet normal 0 0 0
    outer loop
      vertex 55.0024 7.625 27
      vertex 56.951 6.5 27
      vertex 55.4632 8.25924 27
    endloop
  endfacet
  facet normal 0 0 0
    outer loop
      vertex 54.6835 6.90881 27
      vertex 56.951 6.5 27
      vertex 55.0024 7.625 27
    endloop
  endfacet
  facet normal 0 0 0
    outer loop
      vertex 54.5205 6.14198 27
      vertex 56.951 6.5 27
      vertex 54.6835 6.90881 27
    endloop
  endfacet
  facet normal 0 0 0
    outer loop
      vertex 54.5205 5.75 27
      vertex 56.951 6.5 27
      vertex 54.5205 6.14198 27
    endloop
  endfacet
  facet normal 0 0 0
    outer loop
      vertex 56.951 6.5 27
      vertex 54.5205 5.75 27
      vertex 56.951 5 27
    endloop
  endfacet
  facet normal 0 0 0
    outer loop
      vertex 54.5 2 27
      vertex 56.951 5 27
      vertex 54.5205 5.75 27
    endloop
  endfacet
  facet normal 0 0 0
    outer loop
      vertex 54.5 2 27
      vertex 54.5205 5.75 27
      vertex 54.5 5.75 27
    endloop
  endfacet
  facet normal 0 0 0
    outer loop
      vertex 56.951 5 27
      vertex 54.5 2 27
      vertex 58.25 2 27
    endloop
  endfacet
  facet normal 0 0 0
    outer loop
      vertex 62 2 0
      vertex 59.549 5 0
      vertex 62 9.5 0
    endloop
  endfacet
  facet normal 0 0 0
    outer loop
      vertex 62 2 0
      vertex 58.25 4.25 0
      vertex 59.549 5 0
    endloop
  endfacet
  facet normal 0 0 0
    outer loop
      vertex 54.5 2 0
      vertex 58.25 4.25 0
      vertex 62 2 0
    endloop
  endfacet
  facet normal 0 0 0
    outer loop
      vertex 54.5205 5.75 0
      vertex 56.951 6.5 0
      vertex 56.951 5 0
    endloop
  endfacet
  facet normal 0 0 0
    outer loop
      vertex 56.951 6.5 0
      vertex 56.0458 8.78381 0
      vertex 56.7247 9.17579 0
    endloop
  endfacet
  facet normal 0 0 0
    outer loop
      vertex 56.951 6.5 0
      vertex 55.4632 8.25924 0
      vertex 56.0458 8.78381 0
    endloop
  endfacet
  facet normal 0 0 0
    outer loop
      vertex 56.951 6.5 0
      vertex 55.0024 7.625 0
      vertex 55.4632 8.25924 0
    endloop
  endfacet
  facet normal 0 0 0
    outer loop
      vertex 56.951 6.5 0
      vertex 54.6835 6.90881 0
      vertex 55.0024 7.625 0
    endloop
  endfacet
  facet normal 0 0 0
    outer loop
      vertex 56.951 6.5 0
      vertex 54.5205 5.75 0
      vertex 54.5205 6.14198 0
    endloop
  endfacet
  facet normal 0 0 0
    outer loop
      vertex 58.25 4.25 0
      vertex 54.5 2 0
      vertex 56.951 5 0
    endloop
  endfacet
  facet normal 0 0 0
    outer loop
      vertex 56.951 5 0
      vertex 54.5 2 0
      vertex 54.5205 5.75 0
    endloop
  endfacet
  facet normal 0 0 0
    outer loop
      vertex 54.5205 5.75 0
      vertex 54.5 2 0
      vertex 54.5 5.75 0
    endloop
  endfacet
  facet normal 0 0 0
    outer loop
      vertex 59.549 6.5 0
      vertex 62 9.5 0
      vertex 59.549 5 0
    endloop
  endfacet
  facet normal 0 0 0
    outer loop
      vertex 58.25 9.5 0
      vertex 59.549 6.5 0
      vertex 58.25 7.25 0
    endloop
  endfacet
  facet normal 0 0 0
    outer loop
      vertex 59.549 6.5 0
      vertex 58.25 9.5 0
      vertex 62 9.5 0
    endloop
  endfacet
  facet normal 0 0 0
    outer loop
      vertex 58.25 7.25 0
      vertex 57.4703 9.41805 0
      vertex 58.25 9.5 0
    endloop
  endfacet
  facet normal 0 0 0
    outer loop
      vertex 56.7247 9.17579 0
      vertex 58.25 7.25 0
      vertex 56.951 6.5 0
    endloop
  endfacet
  facet normal 0 0 0
    outer loop
      vertex 58.25 7.25 0
      vertex 56.7247 9.17579 0
      vertex 57.4703 9.41805 0
    endloop
  endfacet
  facet normal 0 0 0
    outer loop
      vertex 56.951 6.5 0
      vertex 54.5205 6.14198 0
      vertex 54.6835 6.90881 0
    endloop
  endfacet
  facet normal 0 0 0
    outer loop
      vertex 54.5 2 0
      vertex 62 2 0.0109568
      vertex 54.5 2 0.0109568
    endloop
  endfacet
  facet normal 0 0 0
    outer loop
      vertex 62 2 0.0109568
      vertex 54.5 2 0
      vertex 62 2 0
    endloop
  endfacet
  facet normal 0 0 0
    outer loop
      vertex 54.5 2 2
      vertex 58.25 2 27
      vertex 54.5 2 27
    endloop
  endfacet
  facet normal 0 0 0
    outer loop
      vertex 58.25 2 27
      vertex 54.5 2 2
      vertex 58.25 2 2
    endloop
  endfacet
  facet normal 0 0 0
    outer loop
      vertex 54.5205 5.75 2
      vertex 54.5 5.75 27
      vertex 54.5205 5.75 27
    endloop
  endfacet
  facet normal 0 0 0
    outer loop
      vertex 54.5 5.75 27
      vertex 54.5205 5.75 2
      vertex 54.5 5.75 2
    endloop
  endfacet
  facet normal 0 0 0
    outer loop
      vertex 54.5205 5.75 0
      vertex 54.5 5.75 0.0109568
      vertex 54.5205 5.75 0.0109568
    endloop
  endfacet
  facet normal 0 0 0
    outer loop
      vertex 54.5 5.75 0.0109568
      vertex 54.5205 5.75 0
      vertex 54.5 5.75 0
    endloop
  endfacet
  facet normal 0 0 0
    outer loop
      vertex 62 2 0.0109568
      vertex 62 9.5 0
      vertex 62 9.5 0.0109568
    endloop
  endfacet
  facet normal 0 0 0
    outer loop
      vertex 62 9.5 0
      vertex 62 2 0.0109568
      vertex 62 2 0
    endloop
  endfacet
  facet normal 0 0 0
    outer loop
      vertex 62 2 27
      vertex 62 5.75 2
      vertex 62 5.75 27
    endloop
  endfacet
  facet normal 0 0 0
    outer loop
      vertex 62 5.75 2
      vertex 62 2 27
      vertex 62 2 2
    endloop
  endfacet
  facet normal 0 0 0
    outer loop
      vertex 54.5 2 2
      vertex 54.5 5.75 27
      vertex 54.5 5.75 2
    endloop
  endfacet
  facet normal 0 0 0
    outer loop
      vertex 54.5 5.75 27
      vertex 54.5 2 2
      vertex 54.5 2 27
    endloop
  endfacet
  facet normal 0 0 0
    outer loop
      vertex 54.5 2 0
      vertex 54.5 5.75 0.0109568
      vertex 54.5 5.75 0
    endloop
  endfacet
  facet normal 0 0 0
    outer loop
      vertex 54.5 5.75 0.0109568
      vertex 54.5 2 0
      vertex 54.5 2 0.0109568
    endloop
  endfacet
  facet normal 0 0 0
    outer loop
      vertex 62 9.5 2
      vertex 58.25 9.5 27
      vertex 62 9.5 27
    endloop
  endfacet
  facet normal 0 0 0
    outer loop
      vertex 58.25 9.5 27
      vertex 62 9.5 2
      vertex 58.25 9.5 2
    endloop
  endfacet
  facet normal 0 0 0
    outer loop
      vertex 62 9.5 0
      vertex 58.25 9.5 0.0109568
      vertex 62 9.5 0.0109568
    endloop
  endfacet
  facet normal 0 0 0
    outer loop
      vertex 58.25 9.5 0.0109568
      vertex 62 9.5 0
      vertex 58.25 9.5 0
    endloop
  endfacet
  facet normal 0 0 0
    outer loop
      vertex 56.951 6.5 0
      vertex 58.25 7.25 0.0109568
      vertex 56.951 6.5 0.0109568
    endloop
  endfacet
  facet normal 0 0 0
    outer loop
      vertex 58.25 7.25 0.0109568
      vertex 56.951 6.5 0
      vertex 58.25 7.25 0
    endloop
  endfacet
  facet normal 0 0 0
    outer loop
      vertex 56.951 6.5 2
      vertex 58.25 7.25 27
      vertex 56.951 6.5 27
    endloop
  endfacet
  facet normal 0 0 0
    outer loop
      vertex 58.25 7.25 27
      vertex 56.951 6.5 2
      vertex 58.25 7.25 2
    endloop
  endfacet
  facet normal 0 0 0
    outer loop
      vertex 58.25 4.25 0
      vertex 56.951 5 0.0109568
      vertex 58.25 4.25 0.0109568
    endloop
  endfacet
  facet normal 0 0 0
    outer loop
      vertex 56.951 5 0.0109568
      vertex 58.25 4.25 0
      vertex 56.951 5 0
    endloop
  endfacet
  facet normal 0 0 0
    outer loop
      vertex 58.25 4.25 2
      vertex 56.951 5 27
      vertex 58.25 4.25 27
    endloop
  endfacet
  facet normal 0 0 0
    outer loop
      vertex 56.951 5 27
      vertex 58.25 4.25 2
      vertex 56.951 5 2
    endloop
  endfacet
  facet normal 0 0 0
    outer loop
      vertex 56.951 5 0.0109568
      vertex 56.951 6.5 0
      vertex 56.951 6.5 0.0109568
    endloop
  endfacet
  facet normal 0 0 0
    outer loop
      vertex 56.951 6.5 0
      vertex 56.951 5 0.0109568
      vertex 56.951 5 0
    endloop
  endfacet
  facet normal 0 0 0
    outer loop
      vertex 56.951 5 27
      vertex 56.951 6.5 2
      vertex 56.951 6.5 27
    endloop
  endfacet
  facet normal 0 0 0
    outer loop
      vertex 56.951 6.5 2
      vertex 56.951 5 27
      vertex 56.951 5 2
    endloop
  endfacet
  facet normal 0 0 0
    outer loop
      vertex 59.549 5 2
      vertex 59.549 6.5 27
      vertex 59.549 6.5 2
    endloop
  endfacet
  facet normal 0 0 0
    outer loop
      vertex 59.549 6.5 27
      vertex 59.549 5 2
      vertex 59.549 5 27
    endloop
  endfacet
  facet normal 0 0 0
    outer loop
      vertex 59.549 5 0
      vertex 59.549 6.5 0.0109568
      vertex 59.549 6.5 0
    endloop
  endfacet
  facet normal 0 0 0
    outer loop
      vertex 59.549 6.5 0.0109568
      vertex 59.549 5 0
      vertex 59.549 5 0.0109568
    endloop
  endfacet
  facet normal 0 0 0
    outer loop
      vertex 59.549 5 0
      vertex 58.25 4.25 0.0109568
      vertex 59.549 5 0.0109568
    endloop
  endfacet
  facet normal 0 0 0
    outer loop
      vertex 58.25 4.25 0.0109568
      vertex 59.549 5 0
      vertex 58.25 4.25 0
    endloop
  endfacet
  facet normal 0 0 0
    outer loop
      vertex 59.549 5 2
      vertex 58.25 4.25 27
      vertex 59.549 5 27
    endloop
  endfacet
  facet normal 0 0 0
    outer loop
      vertex 58.25 4.25 27
      vertex 59.549 5 2
      vertex 58.25 4.25 2
    endloop
  endfacet
  facet normal 0 0 0
    outer loop
      vertex 58.25 7.25 2
      vertex 59.549 6.5 27
      vertex 58.25 7.25 27
    endloop
  endfacet
  facet normal 0 0 0
    outer loop
      vertex 59.549 6.5 27
      vertex 58.25 7.25 2
      vertex 59.549 6.5 2
    endloop
  endfacet
  facet normal 0 0 0
    outer loop
      vertex 58.25 7.25 0
      vertex 59.549 6.5 0.0109568
      vertex 58.25 7.25 0.0109568
    endloop
  endfacet
  facet normal 0 0 0
    outer loop
      vertex 59.549 6.5 0.0109568
      vertex 58.25 7.25 0
      vertex 59.549 6.5 0
    endloop
  endfacet
  facet normal 0 0 0
    outer loop
      vertex 54.5819 109.47 2
      vertex 54.5 110.25 27
      vertex 54.5 110.25 2
    endloop
  endfacet
  facet normal 0 0 0
    outer loop
      vertex 54.5 110.25 27
      vertex 54.5819 109.47 2
      vertex 54.5819 109.47 27
    endloop
  endfacet
  facet normal 0 0 0
    outer loop
      vertex 54.5819 109.47 0
      vertex 54.5 110.25 0.0109568
      vertex 54.5 110.25 0
    endloop
  endfacet
  facet normal 0 0 0
    outer loop
      vertex 54.5 110.25 0.0109568
      vertex 54.5819 109.47 0
      vertex 54.5819 109.47 0.0109568
    endloop
  endfacet
  facet normal 0 0 0
    outer loop
      vertex 57.858 106.521 0
      vertex 58.25 106.521 0.0109568
      vertex 57.858 106.521 0.0109568
    endloop
  endfacet
  facet normal 0 0 0
    outer loop
      vertex 58.25 106.521 0.0109568
      vertex 57.858 106.521 0
      vertex 58.25 106.521 0
    endloop
  endfacet
  facet normal 0 0 0
    outer loop
      vertex 57.858 106.521 2
      vertex 58.25 106.521 27
      vertex 57.858 106.521 27
    endloop
  endfacet
  facet normal 0 0 0
    outer loop
      vertex 58.25 106.521 27
      vertex 57.858 106.521 2
      vertex 58.25 106.521 2
    endloop
  endfacet
  facet normal 0 0 0
    outer loop
      vertex 55.7408 107.463 0
      vertex 56.375 107.002 0.0109568
      vertex 55.7408 107.463 0.0109568
    endloop
  endfacet
  facet normal 0 0 0
    outer loop
      vertex 56.375 107.002 0.0109568
      vertex 55.7408 107.463 0
      vertex 56.375 107.002 0
    endloop
  endfacet
  facet normal 0 0 0
    outer loop
      vertex 55.7408 107.463 2
      vertex 56.375 107.002 27
      vertex 55.7408 107.463 27
    endloop
  endfacet
  facet normal 0 0 0
    outer loop
      vertex 56.375 107.002 27
      vertex 55.7408 107.463 2
      vertex 56.375 107.002 2
    endloop
  endfacet
  facet normal 0 0 0
    outer loop
      vertex 56.375 107.002 0
      vertex 57.0912 106.684 0.0109568
      vertex 56.375 107.002 0.0109568
    endloop
  endfacet
  facet normal 0 0 0
    outer loop
      vertex 57.0912 106.684 0.0109568
      vertex 56.375 107.002 0
      vertex 57.0912 106.684 0
    endloop
  endfacet
  facet normal 0 0 0
    outer loop
      vertex 56.375 107.002 2
      vertex 57.0912 106.684 27
      vertex 56.375 107.002 27
    endloop
  endfacet
  facet normal 0 0 0
    outer loop
      vertex 57.0912 106.684 27
      vertex 56.375 107.002 2
      vertex 57.0912 106.684 2
    endloop
  endfacet
  facet normal 0 0 0
    outer loop
      vertex 55.2162 108.046 0
      vertex 54.8242 108.725 0.0109568
      vertex 54.8242 108.725 0
    endloop
  endfacet
  facet normal 0 0 0
    outer loop
      vertex 54.8242 108.725 0.0109568
      vertex 55.2162 108.046 0
      vertex 55.2162 108.046 0.0109568
    endloop
  endfacet
  facet normal 0 0 0
    outer loop
      vertex 55.2162 108.046 2
      vertex 54.8242 108.725 27
      vertex 54.8242 108.725 2
    endloop
  endfacet
  facet normal 0 0 0
    outer loop
      vertex 54.8242 108.725 27
      vertex 55.2162 108.046 2
      vertex 55.2162 108.046 27
    endloop
  endfacet
  facet normal 0 0 0
    outer loop
      vertex 54.8242 108.725 0
      vertex 54.5819 109.47 0.0109568
      vertex 54.5819 109.47 0
    endloop
  endfacet
  facet normal 0 0 0
    outer loop
      vertex 54.5819 109.47 0.0109568
      vertex 54.8242 108.725 0
      vertex 54.8242 108.725 0.0109568
    endloop
  endfacet
  facet normal 0 0 0
    outer loop
      vertex 54.8242 108.725 2
      vertex 54.5819 109.47 27
      vertex 54.5819 109.47 2
    endloop
  endfacet
  facet normal 0 0 0
    outer loop
      vertex 54.5819 109.47 27
      vertex 54.8242 108.725 2
      vertex 54.8242 108.725 27
    endloop
  endfacet
  facet normal 0 0 0
    outer loop
      vertex 55.7408 107.463 0
      vertex 55.2162 108.046 0.0109568
      vertex 55.2162 108.046 0
    endloop
  endfacet
  facet normal 0 0 0
    outer loop
      vertex 55.2162 108.046 0.0109568
      vertex 55.7408 107.463 0
      vertex 55.7408 107.463 0.0109568
    endloop
  endfacet
  facet normal 0 0 0
    outer loop
      vertex 55.7408 107.463 2
      vertex 55.2162 108.046 27
      vertex 55.2162 108.046 2
    endloop
  endfacet
  facet normal 0 0 0
    outer loop
      vertex 55.2162 108.046 27
      vertex 55.7408 107.463 2
      vertex 55.7408 107.463 27
    endloop
  endfacet
  facet normal 0 0 0
    outer loop
      vertex 57.0912 106.684 0
      vertex 57.858 106.521 0.0109568
      vertex 57.0912 106.684 0.0109568
    endloop
  endfacet
  facet normal 0 0 0
    outer loop
      vertex 57.858 106.521 0.0109568
      vertex 57.0912 106.684 0
      vertex 57.858 106.521 0
    endloop
  endfacet
  facet normal 0 0 0
    outer loop
      vertex 57.0912 106.684 2
      vertex 57.858 106.521 27
      vertex 57.0912 106.684 27
    endloop
  endfacet
  facet normal 0 0 0
    outer loop
      vertex 57.858 106.521 27
      vertex 57.0912 106.684 2
      vertex 57.858 106.521 2
    endloop
  endfacet
  facet normal 0 0 0
    outer loop
      vertex 57.5 108.951 27
      vertex 58.25 106.521 27
      vertex 59 108.951 27
    endloop
  endfacet
  facet normal 0 0 0
    outer loop
      vertex 58.25 106.521 27
      vertex 57.5 108.951 27
      vertex 57.858 106.521 27
    endloop
  endfacet
  facet normal 0 0 0
    outer loop
      vertex 57.5 108.951 27
      vertex 57.0912 106.684 27
      vertex 57.858 106.521 27
    endloop
  endfacet
  facet normal 0 0 0
    outer loop
      vertex 55.2162 108.046 27
      vertex 57.5 108.951 27
      vertex 56.75 110.25 27
    endloop
  endfacet
  facet normal 0 0 0
    outer loop
      vertex 57.5 108.951 27
      vertex 56.375 107.002 27
      vertex 57.0912 106.684 27
    endloop
  endfacet
  facet normal 0 0 0
    outer loop
      vertex 59 111.549 27
      vertex 62 110.25 27
      vertex 62 114 27
    endloop
  endfacet
  facet normal 0 0 0
    outer loop
      vertex 59 108.951 27
      vertex 62 110.25 27
      vertex 59.75 110.25 27
    endloop
  endfacet
  facet normal 0 0 0
    outer loop
      vertex 62 110.25 27
      vertex 59 111.549 27
      vertex 59.75 110.25 27
    endloop
  endfacet
  facet normal 0 0 0
    outer loop
      vertex 58.25 114 27
      vertex 59 111.549 27
      vertex 62 114 27
    endloop
  endfacet
  facet normal 0 0 0
    outer loop
      vertex 58.25 114 27
      vertex 57.5 111.549 27
      vertex 59 111.549 27
    endloop
  endfacet
  facet normal 0 0 0
    outer loop
      vertex 54.5 114 27
      vertex 57.5 111.549 27
      vertex 58.25 114 27
    endloop
  endfacet
  facet normal 0 0 0
    outer loop
      vertex 57.5 108.951 27
      vertex 55.7408 107.463 27
      vertex 56.375 107.002 27
    endloop
  endfacet
  facet normal 0 0 0
    outer loop
      vertex 57.5 108.951 27
      vertex 55.2162 108.046 27
      vertex 55.7408 107.463 27
    endloop
  endfacet
  facet normal 0 0 0
    outer loop
      vertex 54.5 110.25 27
      vertex 57.5 111.549 27
      vertex 54.5 114 27
    endloop
  endfacet
  facet normal 0 0 0
    outer loop
      vertex 56.75 110.25 27
      vertex 54.8242 108.725 27
      vertex 55.2162 108.046 27
    endloop
  endfacet
  facet normal 0 0 0
    outer loop
      vertex 56.75 110.25 27
      vertex 54.5819 109.47 27
      vertex 54.8242 108.725 27
    endloop
  endfacet
  facet normal 0 0 0
    outer loop
      vertex 57.5 111.549 27
      vertex 54.5 110.25 27
      vertex 56.75 110.25 27
    endloop
  endfacet
  facet normal 0 0 0
    outer loop
      vertex 56.75 110.25 27
      vertex 54.5 110.25 27
      vertex 54.5819 109.47 27
    endloop
  endfacet
  facet normal 0 0 0
    outer loop
      vertex 62 110.25 27
      vertex 59 108.951 27
      vertex 62 106.5 27
    endloop
  endfacet
  facet normal 0 0 0
    outer loop
      vertex 58.25 106.521 27
      vertex 62 106.5 27
      vertex 59 108.951 27
    endloop
  endfacet
  facet normal 0 0 0
    outer loop
      vertex 62 106.5 27
      vertex 58.25 106.521 27
      vertex 58.25 106.5 27
    endloop
  endfacet
  facet normal 0 0 0
    outer loop
      vertex 62 106.5 0
      vertex 59.75 110.25 0
      vertex 62 114 0
    endloop
  endfacet
  facet normal 0 0 0
    outer loop
      vertex 62 106.5 0
      vertex 59 108.951 0
      vertex 59.75 110.25 0
    endloop
  endfacet
  facet normal 0 0 0
    outer loop
      vertex 58.25 106.521 0
      vertex 62 106.5 0
      vertex 58.25 106.5 0
    endloop
  endfacet
  facet normal 0 0 0
    outer loop
      vertex 62 106.5 0
      vertex 58.25 106.521 0
      vertex 59 108.951 0
    endloop
  endfacet
  facet normal 0 0 0
    outer loop
      vertex 57.5 108.951 0
      vertex 58.25 106.521 0
      vertex 57.858 106.521 0
    endloop
  endfacet
  facet normal 0 0 0
    outer loop
      vertex 58.25 106.521 0
      vertex 57.5 108.951 0
      vertex 59 108.951 0
    endloop
  endfacet
  facet normal 0 0 0
    outer loop
      vertex 57.0912 106.684 0
      vertex 57.5 108.951 0
      vertex 57.858 106.521 0
    endloop
  endfacet
  facet normal 0 0 0
    outer loop
      vertex 56.375 107.002 0
      vertex 57.5 108.951 0
      vertex 57.0912 106.684 0
    endloop
  endfacet
  facet normal 0 0 0
    outer loop
      vertex 55.7408 107.463 0
      vertex 57.5 108.951 0
      vertex 56.375 107.002 0
    endloop
  endfacet
  facet normal 0 0 0
    outer loop
      vertex 59 111.549 0
      vertex 62 114 0
      vertex 59.75 110.25 0
    endloop
  endfacet
  facet normal 0 0 0
    outer loop
      vertex 57.5 111.549 0
      vertex 62 114 0
      vertex 59 111.549 0
    endloop
  endfacet
  facet normal 0 0 0
    outer loop
      vertex 55.2162 108.046 0
      vertex 57.5 108.951 0
      vertex 55.7408 107.463 0
    endloop
  endfacet
  facet normal 0 0 0
    outer loop
      vertex 57.5 108.951 0
      vertex 55.2162 108.046 0
      vertex 56.75 110.25 0
    endloop
  endfacet
  facet normal 0 0 0
    outer loop
      vertex 54.8242 108.725 0
      vertex 56.75 110.25 0
      vertex 55.2162 108.046 0
    endloop
  endfacet
  facet normal 0 0 0
    outer loop
      vertex 54.5819 109.47 0
      vertex 56.75 110.25 0
      vertex 54.8242 108.725 0
    endloop
  endfacet
  facet normal 0 0 0
    outer loop
      vertex 54.5 110.25 0
      vertex 56.75 110.25 0
      vertex 54.5819 109.47 0
    endloop
  endfacet
  facet normal 0 0 0
    outer loop
      vertex 56.75 110.25 0
      vertex 54.5 110.25 0
      vertex 57.5 111.549 0
    endloop
  endfacet
  facet normal 0 0 0
    outer loop
      vertex 54.5 114 0
      vertex 57.5 111.549 0
      vertex 54.5 110.25 0
    endloop
  endfacet
  facet normal 0 0 0
    outer loop
      vertex 57.5 111.549 0
      vertex 54.5 114 0
      vertex 62 114 0
    endloop
  endfacet
  facet normal 0 0 0
    outer loop
      vertex 62 106.5 0.0109568
      vertex 62 114 0
      vertex 62 114 0.0109568
    endloop
  endfacet
  facet normal 0 0 0
    outer loop
      vertex 62 114 0
      vertex 62 106.5 0.0109568
      vertex 62 106.5 0
    endloop
  endfacet
  facet normal 0 0 0
    outer loop
      vertex 62 106.5 27
      vertex 62 110.25 2
      vertex 62 110.25 27
    endloop
  endfacet
  facet normal 0 0 0
    outer loop
      vertex 62 110.25 2
      vertex 62 106.5 27
      vertex 62 106.5 2
    endloop
  endfacet
  facet normal 0 0 0
    outer loop
      vertex 58.25 106.5 2
      vertex 58.25 106.521 27
      vertex 58.25 106.521 2
    endloop
  endfacet
  facet normal 0 0 0
    outer loop
      vertex 58.25 106.521 27
      vertex 58.25 106.5 2
      vertex 58.25 106.5 27
    endloop
  endfacet
  facet normal 0 0 0
    outer loop
      vertex 58.25 106.5 0
      vertex 58.25 106.521 0.0109568
      vertex 58.25 106.521 0
    endloop
  endfacet
  facet normal 0 0 0
    outer loop
      vertex 58.25 106.521 0.0109568
      vertex 58.25 106.5 0
      vertex 58.25 106.5 0.0109568
    endloop
  endfacet
  facet normal 0 0 0
    outer loop
      vertex 62 114 0
      vertex 54.5 114 0.0109568
      vertex 62 114 0.0109568
    endloop
  endfacet
  facet normal 0 0 0
    outer loop
      vertex 54.5 114 0.0109568
      vertex 62 114 0
      vertex 54.5 114 0
    endloop
  endfacet
  facet normal 0 0 0
    outer loop
      vertex 62 114 2
      vertex 58.25 114 27
      vertex 62 114 27
    endloop
  endfacet
  facet normal 0 0 0
    outer loop
      vertex 58.25 114 27
      vertex 62 114 2
      vertex 58.25 114 2
    endloop
  endfacet
  facet normal 0 0 0
    outer loop
      vertex 58.25 106.5 2
      vertex 62 106.5 27
      vertex 58.25 106.5 27
    endloop
  endfacet
  facet normal 0 0 0
    outer loop
      vertex 62 106.5 27
      vertex 58.25 106.5 2
      vertex 62 106.5 2
    endloop
  endfacet
  facet normal 0 0 0
    outer loop
      vertex 58.25 106.5 0
      vertex 62 106.5 0.0109568
      vertex 58.25 106.5 0.0109568
    endloop
  endfacet
  facet normal 0 0 0
    outer loop
      vertex 62 106.5 0.0109568
      vertex 58.25 106.5 0
      vertex 62 106.5 0
    endloop
  endfacet
  facet normal 0 0 0
    outer loop
      vertex 54.5 110.25 2
      vertex 54.5 114 27
      vertex 54.5 114 2
    endloop
  endfacet
  facet normal 0 0 0
    outer loop
      vertex 54.5 114 27
      vertex 54.5 110.25 2
      vertex 54.5 110.25 27
    endloop
  endfacet
  facet normal 0 0 0
    outer loop
      vertex 54.5 110.25 0
      vertex 54.5 114 0.0109568
      vertex 54.5 114 0
    endloop
  endfacet
  facet normal 0 0 0
    outer loop
      vertex 54.5 114 0.0109568
      vertex 54.5 110.25 0
      vertex 54.5 110.25 0.0109568
    endloop
  endfacet
  facet normal 0 0 0
    outer loop
      vertex 57.5 108.951 0.0109568
      vertex 56.75 110.25 0
      vertex 56.75 110.25 0.0109568
    endloop
  endfacet
  facet normal 0 0 0
    outer loop
      vertex 56.75 110.25 0
      vertex 57.5 108.951 0.0109568
      vertex 57.5 108.951 0
    endloop
  endfacet
  facet normal 0 0 0
    outer loop
      vertex 57.5 108.951 27
      vertex 56.75 110.25 2
      vertex 56.75 110.25 27
    endloop
  endfacet
  facet normal 0 0 0
    outer loop
      vertex 56.75 110.25 2
      vertex 57.5 108.951 27
      vertex 57.5 108.951 2
    endloop
  endfacet
  facet normal 0 0 0
    outer loop
      vertex 59 108.951 0
      vertex 59.75 110.25 0.0109568
      vertex 59.75 110.25 0
    endloop
  endfacet
  facet normal 0 0 0
    outer loop
      vertex 59.75 110.25 0.0109568
      vertex 59 108.951 0
      vertex 59 108.951 0.0109568
    endloop
  endfacet
  facet normal 0 0 0
    outer loop
      vertex 59 108.951 2
      vertex 59.75 110.25 27
      vertex 59.75 110.25 2
    endloop
  endfacet
  facet normal 0 0 0
    outer loop
      vertex 59.75 110.25 27
      vertex 59 108.951 2
      vertex 59 108.951 27
    endloop
  endfacet
  facet normal 0 0 0
    outer loop
      vertex 59 108.951 0
      vertex 57.5 108.951 0.0109568
      vertex 59 108.951 0.0109568
    endloop
  endfacet
  facet normal 0 0 0
    outer loop
      vertex 57.5 108.951 0.0109568
      vertex 59 108.951 0
      vertex 57.5 108.951 0
    endloop
  endfacet
  facet normal 0 0 0
    outer loop
      vertex 59 108.951 2
      vertex 57.5 108.951 27
      vertex 59 108.951 27
    endloop
  endfacet
  facet normal 0 0 0
    outer loop
      vertex 57.5 108.951 27
      vertex 59 108.951 2
      vertex 57.5 108.951 2
    endloop
  endfacet
  facet normal 0 0 0
    outer loop
      vertex 57.5 111.549 2
      vertex 59 111.549 27
      vertex 57.5 111.549 27
    endloop
  endfacet
  facet normal 0 0 0
    outer loop
      vertex 59 111.549 27
      vertex 57.5 111.549 2
      vertex 59 111.549 2
    endloop
  endfacet
  facet normal 0 0 0
    outer loop
      vertex 57.5 111.549 0
      vertex 59 111.549 0.0109568
      vertex 57.5 111.549 0.0109568
    endloop
  endfacet
  facet normal 0 0 0
    outer loop
      vertex 59 111.549 0.0109568
      vertex 57.5 111.549 0
      vertex 59 111.549 0
    endloop
  endfacet
  facet normal 0 0 0
    outer loop
      vertex 59.75 110.25 0
      vertex 59 111.549 0.0109568
      vertex 59 111.549 0
    endloop
  endfacet
  facet normal 0 0 0
    outer loop
      vertex 59 111.549 0.0109568
      vertex 59.75 110.25 0
      vertex 59.75 110.25 0.0109568
    endloop
  endfacet
  facet normal 0 0 0
    outer loop
      vertex 59.75 110.25 2
      vertex 59 111.549 27
      vertex 59 111.549 2
    endloop
  endfacet
  facet normal 0 0 0
    outer loop
      vertex 59 111.549 27
      vertex 59.75 110.25 2
      vertex 59.75 110.25 27
    endloop
  endfacet
  facet normal 0 0 0
    outer loop
      vertex 56.75 110.25 27
      vertex 57.5 111.549 2
      vertex 57.5 111.549 27
    endloop
  endfacet
  facet normal 0 0 0
    outer loop
      vertex 57.5 111.549 2
      vertex 56.75 110.25 27
      vertex 56.75 110.25 2
    endloop
  endfacet
  facet normal 0 0 0
    outer loop
      vertex 56.75 110.25 0.0109568
      vertex 57.5 111.549 0
      vertex 57.5 111.549 0.0109568
    endloop
  endfacet
  facet normal 0 0 0
    outer loop
      vertex 57.5 111.549 0
      vertex 56.75 110.25 0.0109568
      vertex 56.75 110.25 0
    endloop
  endfacet
  facet normal 0 0 0
    outer loop
      vertex 5.75 106.5 2
      vertex 6.52967 106.582 27
      vertex 5.75 106.5 27
    endloop
  endfacet
  facet normal 0 0 0
    outer loop
      vertex 6.52967 106.582 27
      vertex 5.75 106.5 2
      vertex 6.52967 106.582 2
    endloop
  endfacet
  facet normal 0 0 0
    outer loop
      vertex 5.75 106.5 0
      vertex 6.52967 106.582 0.0109568
      vertex 5.75 106.5 0.0109568
    endloop
  endfacet
  facet normal 0 0 0
    outer loop
      vertex 6.52967 106.582 0.0109568
      vertex 5.75 106.5 0
      vertex 6.52967 106.582 0
    endloop
  endfacet
  facet normal 0 0 0
    outer loop
      vertex 9.47946 109.858 0.0109568
      vertex 9.47946 110.25 0
      vertex 9.47946 110.25 0.0109568
    endloop
  endfacet
  facet normal 0 0 0
    outer loop
      vertex 9.47946 110.25 0
      vertex 9.47946 109.858 0.0109568
      vertex 9.47946 109.858 0
    endloop
  endfacet
  facet normal 0 0 0
    outer loop
      vertex 9.47946 109.858 27
      vertex 9.47946 110.25 2
      vertex 9.47946 110.25 27
    endloop
  endfacet
  facet normal 0 0 0
    outer loop
      vertex 9.47946 110.25 2
      vertex 9.47946 109.858 27
      vertex 9.47946 109.858 2
    endloop
  endfacet
  facet normal 0 0 0
    outer loop
      vertex 8.53679 107.741 0.0109568
      vertex 8.99759 108.375 0
      vertex 8.99759 108.375 0.0109568
    endloop
  endfacet
  facet normal 0 0 0
    outer loop
      vertex 8.99759 108.375 0
      vertex 8.53679 107.741 0.0109568
      vertex 8.53679 107.741 0
    endloop
  endfacet
  facet normal 0 0 0
    outer loop
      vertex 8.53679 107.741 27
      vertex 8.99759 108.375 2
      vertex 8.99759 108.375 27
    endloop
  endfacet
  facet normal 0 0 0
    outer loop
      vertex 8.99759 108.375 2
      vertex 8.53679 107.741 27
      vertex 8.53679 107.741 2
    endloop
  endfacet
  facet normal 0 0 0
    outer loop
      vertex 8.99759 108.375 0.0109568
      vertex 9.31646 109.091 0
      vertex 9.31646 109.091 0.0109568
    endloop
  endfacet
  facet normal 0 0 0
    outer loop
      vertex 9.31646 109.091 0
      vertex 8.99759 108.375 0.0109568
      vertex 8.99759 108.375 0
    endloop
  endfacet
  facet normal 0 0 0
    outer loop
      vertex 8.99759 108.375 27
      vertex 9.31646 109.091 2
      vertex 9.31646 109.091 27
    endloop
  endfacet
  facet normal 0 0 0
    outer loop
      vertex 9.31646 109.091 2
      vertex 8.99759 108.375 27
      vertex 8.99759 108.375 2
    endloop
  endfacet
  facet normal 0 0 0
    outer loop
      vertex 7.27526 106.824 0
      vertex 7.95419 107.216 0.0109568
      vertex 7.27526 106.824 0.0109568
    endloop
  endfacet
  facet normal 0 0 0
    outer loop
      vertex 7.95419 107.216 0.0109568
      vertex 7.27526 106.824 0
      vertex 7.95419 107.216 0
    endloop
  endfacet
  facet normal 0 0 0
    outer loop
      vertex 7.27526 106.824 2
      vertex 7.95419 107.216 27
      vertex 7.27526 106.824 27
    endloop
  endfacet
  facet normal 0 0 0
    outer loop
      vertex 7.95419 107.216 27
      vertex 7.27526 106.824 2
      vertex 7.95419 107.216 2
    endloop
  endfacet
  facet normal 0 0 0
    outer loop
      vertex 6.52967 106.582 0
      vertex 7.27526 106.824 0.0109568
      vertex 6.52967 106.582 0.0109568
    endloop
  endfacet
  facet normal 0 0 0
    outer loop
      vertex 7.27526 106.824 0.0109568
      vertex 6.52967 106.582 0
      vertex 7.27526 106.824 0
    endloop
  endfacet
  facet normal 0 0 0
    outer loop
      vertex 6.52967 106.582 2
      vertex 7.27526 106.824 27
      vertex 6.52967 106.582 27
    endloop
  endfacet
  facet normal 0 0 0
    outer loop
      vertex 7.27526 106.824 27
      vertex 6.52967 106.582 2
      vertex 7.27526 106.824 2
    endloop
  endfacet
  facet normal 0 0 0
    outer loop
      vertex 7.95419 107.216 0
      vertex 8.53679 107.741 0.0109568
      vertex 7.95419 107.216 0.0109568
    endloop
  endfacet
  facet normal 0 0 0
    outer loop
      vertex 8.53679 107.741 0.0109568
      vertex 7.95419 107.216 0
      vertex 8.53679 107.741 0
    endloop
  endfacet
  facet normal 0 0 0
    outer loop
      vertex 7.95419 107.216 2
      vertex 8.53679 107.741 27
      vertex 7.95419 107.216 27
    endloop
  endfacet
  facet normal 0 0 0
    outer loop
      vertex 8.53679 107.741 27
      vertex 7.95419 107.216 2
      vertex 8.53679 107.741 2
    endloop
  endfacet
  facet normal 0 0 0
    outer loop
      vertex 9.31646 109.091 0.0109568
      vertex 9.47946 109.858 0
      vertex 9.47946 109.858 0.0109568
    endloop
  endfacet
  facet normal 0 0 0
    outer loop
      vertex 9.47946 109.858 0
      vertex 9.31646 109.091 0.0109568
      vertex 9.31646 109.091 0
    endloop
  endfacet
  facet normal 0 0 0
    outer loop
      vertex 9.31646 109.091 27
      vertex 9.47946 109.858 2
      vertex 9.47946 109.858 27
    endloop
  endfacet
  facet normal 0 0 0
    outer loop
      vertex 9.47946 109.858 2
      vertex 9.31646 109.091 27
      vertex 9.31646 109.091 2
    endloop
  endfacet
  facet normal 0 0 0
    outer loop
      vertex 9.5 114 27
      vertex 9.47946 110.25 27
      vertex 9.5 110.25 27
    endloop
  endfacet
  facet normal 0 0 0
    outer loop
      vertex 7.04904 109.5 27
      vertex 9.47946 109.858 27
      vertex 9.47946 110.25 27
    endloop
  endfacet
  facet normal 0 0 0
    outer loop
      vertex 7.04904 111 27
      vertex 9.47946 110.25 27
      vertex 9.5 114 27
    endloop
  endfacet
  facet normal 0 0 0
    outer loop
      vertex 7.04904 109.5 27
      vertex 9.47946 110.25 27
      vertex 7.04904 111 27
    endloop
  endfacet
  facet normal 0 0 0
    outer loop
      vertex 9.47946 109.858 27
      vertex 7.04904 109.5 27
      vertex 9.31646 109.091 27
    endloop
  endfacet
  facet normal 0 0 0
    outer loop
      vertex 9.31646 109.091 27
      vertex 7.04904 109.5 27
      vertex 8.99759 108.375 27
    endloop
  endfacet
  facet normal 0 0 0
    outer loop
      vertex 8.53679 107.741 27
      vertex 7.04904 109.5 27
      vertex 7.95419 107.216 27
    endloop
  endfacet
  facet normal 0 0 0
    outer loop
      vertex 8.99759 108.375 27
      vertex 7.04904 109.5 27
      vertex 8.53679 107.741 27
    endloop
  endfacet
  facet normal 0 0 0
    outer loop
      vertex 5.75 114 27
      vertex 7.04904 111 27
      vertex 9.5 114 27
    endloop
  endfacet
  facet normal 0 0 0
    outer loop
      vertex 5.75 114 27
      vertex 5.75 111.75 27
      vertex 7.04904 111 27
    endloop
  endfacet
  facet normal 0 0 0
    outer loop
      vertex 5.75 114 27
      vertex 4.45096 111 27
      vertex 5.75 111.75 27
    endloop
  endfacet
  facet normal 0 0 0
    outer loop
      vertex 2 110.25 27
      vertex 4.45096 111 27
      vertex 2 114 27
    endloop
  endfacet
  facet normal 0 0 0
    outer loop
      vertex 2 114 27
      vertex 4.45096 111 27
      vertex 5.75 114 27
    endloop
  endfacet
  facet normal 0 0 0
    outer loop
      vertex 7.95419 107.216 27
      vertex 7.04904 109.5 27
      vertex 7.27526 106.824 27
    endloop
  endfacet
  facet normal 0 0 0
    outer loop
      vertex 5.75 108.75 27
      vertex 7.27526 106.824 27
      vertex 7.04904 109.5 27
    endloop
  endfacet
  facet normal 0 0 0
    outer loop
      vertex 7.27526 106.824 27
      vertex 5.75 108.75 27
      vertex 6.52967 106.582 27
    endloop
  endfacet
  facet normal 0 0 0
    outer loop
      vertex 5.75 108.75 27
      vertex 5.75 106.5 27
      vertex 6.52967 106.582 27
    endloop
  endfacet
  facet normal 0 0 0
    outer loop
      vertex 4.45096 109.5 27
      vertex 5.75 106.5 27
      vertex 5.75 108.75 27
    endloop
  endfacet
  facet normal 0 0 0
    outer loop
      vertex 4.45096 111 27
      vertex 2 110.25 27
      vertex 4.45096 109.5 27
    endloop
  endfacet
  facet normal 0 0 0
    outer loop
      vertex 2 106.5 27
      vertex 4.45096 109.5 27
      vertex 2 110.25 27
    endloop
  endfacet
  facet normal 0 0 0
    outer loop
      vertex 4.45096 109.5 27
      vertex 2 106.5 27
      vertex 5.75 106.5 27
    endloop
  endfacet
  facet normal 0 0 0
    outer loop
      vertex 7.04904 109.5 0
      vertex 9.47946 109.858 0
      vertex 9.31646 109.091 0
    endloop
  endfacet
  facet normal 0 0 0
    outer loop
      vertex 9.47946 110.25 0
      vertex 9.5 114 0
      vertex 9.5 110.25 0
    endloop
  endfacet
  facet normal 0 0 0
    outer loop
      vertex 9.47946 109.858 0
      vertex 7.04904 109.5 0
      vertex 9.47946 110.25 0
    endloop
  endfacet
  facet normal 0 0 0
    outer loop
      vertex 7.04904 109.5 0
      vertex 9.31646 109.091 0
      vertex 8.99759 108.375 0
    endloop
  endfacet
  facet normal 0 0 0
    outer loop
      vertex 7.04904 109.5 0
      vertex 8.99759 108.375 0
      vertex 8.53679 107.741 0
    endloop
  endfacet
  facet normal 0 0 0
    outer loop
      vertex 7.04904 109.5 0
      vertex 8.53679 107.741 0
      vertex 7.95419 107.216 0
    endloop
  endfacet
  facet normal 0 0 0
    outer loop
      vertex 7.04904 109.5 0
      vertex 7.95419 107.216 0
      vertex 7.27526 106.824 0
    endloop
  endfacet
  facet normal 0 0 0
    outer loop
      vertex 9.47946 110.25 0
      vertex 7.04904 109.5 0
      vertex 7.04904 111 0
    endloop
  endfacet
  facet normal 0 0 0
    outer loop
      vertex 9.47946 110.25 0
      vertex 7.04904 111 0
      vertex 9.5 114 0
    endloop
  endfacet
  facet normal 0 0 0
    outer loop
      vertex 5.75 111.75 0
      vertex 9.5 114 0
      vertex 7.04904 111 0
    endloop
  endfacet
  facet normal 0 0 0
    outer loop
      vertex 2 114 0
      vertex 5.75 111.75 0
      vertex 4.45096 111 0
    endloop
  endfacet
  facet normal 0 0 0
    outer loop
      vertex 5.75 111.75 0
      vertex 2 114 0
      vertex 9.5 114 0
    endloop
  endfacet
  facet normal 0 0 0
    outer loop
      vertex 2 114 0
      vertex 4.45096 111 0
      vertex 2 106.5 0
    endloop
  endfacet
  facet normal 0 0 0
    outer loop
      vertex 5.75 108.75 0
      vertex 7.27526 106.824 0
      vertex 6.52967 106.582 0
    endloop
  endfacet
  facet normal 0 0 0
    outer loop
      vertex 5.75 108.75 0
      vertex 6.52967 106.582 0
      vertex 5.75 106.5 0
    endloop
  endfacet
  facet normal 0 0 0
    outer loop
      vertex 7.27526 106.824 0
      vertex 5.75 108.75 0
      vertex 7.04904 109.5 0
    endloop
  endfacet
  facet normal 0 0 0
    outer loop
      vertex 5.75 106.5 0
      vertex 4.45096 109.5 0
      vertex 5.75 108.75 0
    endloop
  endfacet
  facet normal 0 0 0
    outer loop
      vertex 4.45096 109.5 0
      vertex 2 106.5 0
      vertex 4.45096 111 0
    endloop
  endfacet
  facet normal 0 0 0
    outer loop
      vertex 2 106.5 0
      vertex 4.45096 109.5 0
      vertex 5.75 106.5 0
    endloop
  endfacet
  facet normal 0 0 0
    outer loop
      vertex 9.5 114 0
      vertex 2 114 0.0109568
      vertex 9.5 114 0.0109568
    endloop
  endfacet
  facet normal 0 0 0
    outer loop
      vertex 2 114 0.0109568
      vertex 9.5 114 0
      vertex 2 114 0
    endloop
  endfacet
  facet normal 0 0 0
    outer loop
      vertex 9.5 114 2
      vertex 5.75 114 27
      vertex 9.5 114 27
    endloop
  endfacet
  facet normal 0 0 0
    outer loop
      vertex 5.75 114 27
      vertex 9.5 114 2
      vertex 5.75 114 2
    endloop
  endfacet
  facet normal 0 0 0
    outer loop
      vertex 9.47946 110.25 2
      vertex 9.5 110.25 27
      vertex 9.47946 110.25 27
    endloop
  endfacet
  facet normal 0 0 0
    outer loop
      vertex 9.5 110.25 27
      vertex 9.47946 110.25 2
      vertex 9.5 110.25 2
    endloop
  endfacet
  facet normal 0 0 0
    outer loop
      vertex 9.47946 110.25 0
      vertex 9.5 110.25 0.0109568
      vertex 9.47946 110.25 0.0109568
    endloop
  endfacet
  facet normal 0 0 0
    outer loop
      vertex 9.5 110.25 0.0109568
      vertex 9.47946 110.25 0
      vertex 9.5 110.25 0
    endloop
  endfacet
  facet normal 0 0 0
    outer loop
      vertex 2 106.5 0
      vertex 2 114 0.0109568
      vertex 2 114 0
    endloop
  endfacet
  facet normal 0 0 0
    outer loop
      vertex 2 114 0.0109568
      vertex 2 106.5 0
      vertex 2 106.5 0.0109568
    endloop
  endfacet
  facet normal 0 0 0
    outer loop
      vertex 2 110.25 2
      vertex 2 114 27
      vertex 2 114 2
    endloop
  endfacet
  facet normal 0 0 0
    outer loop
      vertex 2 114 27
      vertex 2 110.25 2
      vertex 2 110.25 27
    endloop
  endfacet
  facet normal 0 0 0
    outer loop
      vertex 9.5 110.25 27
      vertex 9.5 114 2
      vertex 9.5 114 27
    endloop
  endfacet
  facet normal 0 0 0
    outer loop
      vertex 9.5 114 2
      vertex 9.5 110.25 27
      vertex 9.5 110.25 2
    endloop
  endfacet
  facet normal 0 0 0
    outer loop
      vertex 9.5 110.25 0.0109568
      vertex 9.5 114 0
      vertex 9.5 114 0.0109568
    endloop
  endfacet
  facet normal 0 0 0
    outer loop
      vertex 9.5 114 0
      vertex 9.5 110.25 0.0109568
      vertex 9.5 110.25 0
    endloop
  endfacet
  facet normal 0 0 0
    outer loop
      vertex 2 106.5 2
      vertex 5.75 106.5 27
      vertex 2 106.5 27
    endloop
  endfacet
  facet normal 0 0 0
    outer loop
      vertex 5.75 106.5 27
      vertex 2 106.5 2
      vertex 5.75 106.5 2
    endloop
  endfacet
  facet normal 0 0 0
    outer loop
      vertex 2 106.5 0
      vertex 5.75 106.5 0.0109568
      vertex 2 106.5 0.0109568
    endloop
  endfacet
  facet normal 0 0 0
    outer loop
      vertex 5.75 106.5 0.0109568
      vertex 2 106.5 0
      vertex 5.75 106.5 0
    endloop
  endfacet
  facet normal 0 0 0
    outer loop
      vertex 7.04904 109.5 0
      vertex 5.75 108.75 0.0109568
      vertex 7.04904 109.5 0.0109568
    endloop
  endfacet
  facet normal 0 0 0
    outer loop
      vertex 5.75 108.75 0.0109568
      vertex 7.04904 109.5 0
      vertex 5.75 108.75 0
    endloop
  endfacet
  facet normal 0 0 0
    outer loop
      vertex 7.04904 109.5 2
      vertex 5.75 108.75 27
      vertex 7.04904 109.5 27
    endloop
  endfacet
  facet normal 0 0 0
    outer loop
      vertex 5.75 108.75 27
      vertex 7.04904 109.5 2
      vertex 5.75 108.75 2
    endloop
  endfacet
  facet normal 0 0 0
    outer loop
      vertex 5.75 111.75 0
      vertex 7.04904 111 0.0109568
      vertex 5.75 111.75 0.0109568
    endloop
  endfacet
  facet normal 0 0 0
    outer loop
      vertex 7.04904 111 0.0109568
      vertex 5.75 111.75 0
      vertex 7.04904 111 0
    endloop
  endfacet
  facet normal 0 0 0
    outer loop
      vertex 5.75 111.75 2
      vertex 7.04904 111 27
      vertex 5.75 111.75 27
    endloop
  endfacet
  facet normal 0 0 0
    outer loop
      vertex 7.04904 111 27
      vertex 5.75 111.75 2
      vertex 7.04904 111 2
    endloop
  endfacet
  facet normal 0 0 0
    outer loop
      vertex 7.04904 109.5 0
      vertex 7.04904 111 0.0109568
      vertex 7.04904 111 0
    endloop
  endfacet
  facet normal 0 0 0
    outer loop
      vertex 7.04904 111 0.0109568
      vertex 7.04904 109.5 0
      vertex 7.04904 109.5 0.0109568
    endloop
  endfacet
  facet normal 0 0 0
    outer loop
      vertex 7.04904 109.5 2
      vertex 7.04904 111 27
      vertex 7.04904 111 2
    endloop
  endfacet
  facet normal 0 0 0
    outer loop
      vertex 7.04904 111 27
      vertex 7.04904 109.5 2
      vertex 7.04904 109.5 27
    endloop
  endfacet
  facet normal 0 0 0
    outer loop
      vertex 4.45096 109.5 27
      vertex 4.45096 111 2
      vertex 4.45096 111 27
    endloop
  endfacet
  facet normal 0 0 0
    outer loop
      vertex 4.45096 111 2
      vertex 4.45096 109.5 27
      vertex 4.45096 109.5 2
    endloop
  endfacet
  facet normal 0 0 0
    outer loop
      vertex 4.45096 109.5 0.0109568
      vertex 4.45096 111 0
      vertex 4.45096 111 0.0109568
    endloop
  endfacet
  facet normal 0 0 0
    outer loop
      vertex 4.45096 111 0
      vertex 4.45096 109.5 0.0109568
      vertex 4.45096 109.5 0
    endloop
  endfacet
  facet normal 0 0 0
    outer loop
      vertex 4.45096 111 0
      vertex 5.75 111.75 0.0109568
      vertex 4.45096 111 0.0109568
    endloop
  endfacet
  facet normal 0 0 0
    outer loop
      vertex 5.75 111.75 0.0109568
      vertex 4.45096 111 0
      vertex 5.75 111.75 0
    endloop
  endfacet
  facet normal 0 0 0
    outer loop
      vertex 4.45096 111 2
      vertex 5.75 111.75 27
      vertex 4.45096 111 27
    endloop
  endfacet
  facet normal 0 0 0
    outer loop
      vertex 5.75 111.75 27
      vertex 4.45096 111 2
      vertex 5.75 111.75 2
    endloop
  endfacet
  facet normal 0 0 0
    outer loop
      vertex 5.75 108.75 2
      vertex 4.45096 109.5 27
      vertex 5.75 108.75 27
    endloop
  endfacet
  facet normal 0 0 0
    outer loop
      vertex 4.45096 109.5 27
      vertex 5.75 108.75 2
      vertex 4.45096 109.5 2
    endloop
  endfacet
  facet normal 0 0 0
    outer loop
      vertex 5.75 108.75 0
      vertex 4.45096 109.5 0.0109568
      vertex 5.75 108.75 0.0109568
    endloop
  endfacet
  facet normal 0 0 0
    outer loop
      vertex 4.45096 109.5 0.0109568
      vertex 5.75 108.75 0
      vertex 4.45096 109.5 0
    endloop
  endfacet
  facet normal 0 0 0
    outer loop
      vertex -64.6045 115.861 1.58418
      vertex -64.9781 115.694 1.58418
      vertex -64.618 115.902 2
    endloop
  endfacet
  facet normal 0 0 0
    outer loop
      vertex -64.6045 115.861 1.58418
      vertex -64.618 115.902 2
      vertex -64.2091 115.989 2
    endloop
  endfacet
  facet normal 0 0 0
    outer loop
      vertex -65 0.26795 2
      vertex -64.618 0.097887 3
      vertex -65 0.26795 3
    endloop
  endfacet
  facet normal 0 0 0
    outer loop
      vertex -64.618 0.097887 3
      vertex -65 0.26795 2
      vertex -64.618 0.097887 2
    endloop
  endfacet
  facet normal 0 0 0
    outer loop
      vertex -65.3383 0.513711 2
      vertex -65.5827 0.850119 1.58418
      vertex -65.309 0.54619 1.58418
    endloop
  endfacet
  facet normal 0 0 0
    outer loop
      vertex -3.89547 114.181 0.0109568
      vertex -3.9354 114.199 0.0109568
      vertex -3.80902 114.588 0.097887
    endloop
  endfacet
  facet normal 0 0 0
    outer loop
      vertex -65.2226 0.642207 1.18653
      vertex -65.5827 0.850119 1.58418
      vertex -65.4781 0.926064 1.18653
    endloop
  endfacet
  facet normal 0 0 0
    outer loop
      vertex -3.38197 0.097887 2
      vertex -3.79094 0.0109568 2
      vertex -3.39547 0.139453 1.58418
    endloop
  endfacet
  facet normal 0 0 0
    outer loop
      vertex -65.6691 114.743 1.18653
      vertex -65.7872 114.796 1.58418
      vertex -65.5827 115.15 1.58418
    endloop
  endfacet
  facet normal 0 0 0
    outer loop
      vertex -3.10453 114.995 0.513711
      vertex -3.33087 114.743 0.26795
      vertex -3.33087 115.159 0.513711
    endloop
  endfacet
  facet normal 0 0 0
    outer loop
      vertex -3.79551 115.946 1.58418
      vertex -64.2091 115.989 2
      vertex -3.79094 115.989 2
    endloop
  endfacet
  facet normal 0 0 0
    outer loop
      vertex -64.2091 115.989 2
      vertex -3.79551 115.946 1.58418
      vertex -64.2045 115.946 1.58418
    endloop
  endfacet
  facet normal 0 0 0
    outer loop
      vertex -2.0437 2 1.58418
      vertex -2.17291 114 1.18653
      vertex -2.0437 114 1.58418
    endloop
  endfacet
  facet normal 0 0 0
    outer loop
      vertex -2.17291 114 1.18653
      vertex -2.0437 2 1.58418
      vertex -2.17291 2 1.18653
    endloop
  endfacet
  facet normal 0 0 0
    outer loop
      vertex -65.5827 115.15 1.58418
      vertex -65.8271 114.813 2
      vertex -65.618 115.176 2
    endloop
  endfacet
  facet normal 0 0 0
    outer loop
      vertex -3.79094 0.0109568 2
      vertex -3.79551 0.0544224 1.58418
      vertex -3.39547 0.139453 1.58418
    endloop
  endfacet
  facet normal 0 0 0
    outer loop
      vertex -2.38197 0.82443 3
      vertex -2.17291 1.18653 2
      vertex -2.17291 1.18653 3
    endloop
  endfacet
  facet normal 0 0 0
    outer loop
      vertex -2.17291 1.18653 2
      vertex -2.38197 0.82443 3
      vertex -2.38197 0.82443 2
    endloop
  endfacet
  facet normal 0 0 0
    outer loop
      vertex -65.0827 114.787 0.513711
      vertex -65.4781 114.658 0.82443
      vertex -65.309 114.951 0.82443
    endloop
  endfacet
  facet normal 0 0 0
    outer loop
      vertex -65.618 114 0.82443
      vertex -65.8271 114 1.18653
      vertex -65.5827 114.336 0.82443
    endloop
  endfacet
  facet normal 0 0 0
    outer loop
      vertex -64.9781 115.694 1.58418
      vertex -65.3383 115.486 2
      vertex -65 115.732 2
    endloop
  endfacet
  facet normal 0 0 0
    outer loop
      vertex -64.2045 115.946 1.58418
      vertex -64.6045 115.861 1.58418
      vertex -64.2091 115.989 2
    endloop
  endfacet
  facet normal 0 0 0
    outer loop
      vertex -64.191 115.817 1.18653
      vertex -64.6045 115.861 1.58418
      vertex -64.2045 115.946 1.58418
    endloop
  endfacet
  facet normal 0 0 0
    outer loop
      vertex -3 0.26795 2
      vertex -2.66174 0.513711 3
      vertex -3 0.26795 3
    endloop
  endfacet
  facet normal 0 0 0
    outer loop
      vertex -2.66174 0.513711 3
      vertex -3 0.26795 2
      vertex -2.66174 0.513711 2
    endloop
  endfacet
  facet normal 0 0 0
    outer loop
      vertex -2.66174 0.513711 3
      vertex -2.38197 0.82443 2
      vertex -2.38197 0.82443 3
    endloop
  endfacet
  facet normal 0 0 0
    outer loop
      vertex -2.38197 0.82443 2
      vertex -2.66174 0.513711 3
      vertex -2.66174 0.513711 2
    endloop
  endfacet
  facet normal 0 0 0
    outer loop
      vertex -64.5 115.539 0.82443
      vertex -64.5646 115.738 1.18653
      vertex -64.1691 115.609 0.82443
    endloop
  endfacet
  facet normal 0 0 0
    outer loop
      vertex -65.9563 2 1.58418
      vertex -66 114 2
      vertex -65.9563 114 1.58418
    endloop
  endfacet
  facet normal 0 0 0
    outer loop
      vertex -66 114 2
      vertex -65.9563 2 1.58418
      vertex -66 2 2
    endloop
  endfacet
  facet normal 0 0 0
    outer loop
      vertex -2.69098 1.04894 0.82443
      vertex -2.91732 1.21339 0.513711
      vertex -2.52185 1.34189 0.82443
    endloop
  endfacet
  facet normal 0 0 0
    outer loop
      vertex -65.6691 114.743 1.18653
      vertex -65.9135 114.407 1.58418
      vertex -65.7872 114.796 1.58418
    endloop
  endfacet
  facet normal 0 0 0
    outer loop
      vertex -64.6045 114.128 0.097887
      vertex -64.9781 114.208 0.26795
      vertex -64.5646 114.251 0.097887
    endloop
  endfacet
  facet normal 0 0 0
    outer loop
      vertex -64.9781 114.208 0.26795
      vertex -65.2226 114.544 0.513711
      vertex -64.9135 114.407 0.26795
    endloop
  endfacet
  facet normal 0 0 0
    outer loop
      vertex -65.618 0.82443 2
      vertex -65.8271 1.18653 2
      vertex -65.5827 0.850119 1.58418
    endloop
  endfacet
  facet normal 0 0 0
    outer loop
      vertex -64.309 114.951 0.26795
      vertex -64.6691 115.159 0.513711
      vertex -64.4135 115.273 0.513711
    endloop
  endfacet
  facet normal 0 0 0
    outer loop
      vertex -2.69098 114.951 0.82443
      vertex -2.91732 115.202 0.82443
      vertex -2.52185 115.074 1.18653
    endloop
  endfacet
  facet normal 0 0 0
    outer loop
      vertex -64.9781 115.694 1.58418
      vertex -65 115.732 2
      vertex -64.618 115.902 2
    endloop
  endfacet
  facet normal 0 0 0
    outer loop
      vertex -65.5827 115.15 1.58418
      vertex -65.618 115.176 2
      vertex -65.3383 115.486 2
    endloop
  endfacet
  facet normal 0 0 0
    outer loop
      vertex -65.7872 114.38 1.18653
      vertex -65.9563 114 1.58418
      vertex -65.9135 114.407 1.58418
    endloop
  endfacet
  facet normal 0 0 0
    outer loop
      vertex -3.86011 115.331 0.513711
      vertex -64.1691 115.609 0.82443
      vertex -3.83087 115.609 0.82443
    endloop
  endfacet
  facet normal 0 0 0
    outer loop
      vertex -64.1691 115.609 0.82443
      vertex -3.86011 115.331 0.513711
      vertex -64.1399 115.331 0.513711
    endloop
  endfacet
  facet normal 0 0 0
    outer loop
      vertex -2.38197 2 0.82443
      vertex -2.66174 114 0.513711
      vertex -2.38197 114 0.82443
    endloop
  endfacet
  facet normal 0 0 0
    outer loop
      vertex -2.66174 114 0.513711
      vertex -2.38197 2 0.82443
      vertex -2.66174 2 0.513711
    endloop
  endfacet
  facet normal 0 0 0
    outer loop
      vertex -2.0437 1.58418 2
      vertex -2.21284 1.2043 1.58418
      vertex -2.08646 1.59326 1.58418
    endloop
  endfacet
  facet normal 0 0 0
    outer loop
      vertex -2.0437 1.58418 3
      vertex -2 2 2
      vertex -2 2 3
    endloop
  endfacet
  facet normal 0 0 0
    outer loop
      vertex -2 2 2
      vertex -2.0437 1.58418 3
      vertex -2.0437 1.58418 2
    endloop
  endfacet
  facet normal 0 0 0
    outer loop
      vertex -2 2 2
      vertex -2.0437 114 1.58418
      vertex -2 114 2
    endloop
  endfacet
  facet normal 0 0 0
    outer loop
      vertex -2.0437 114 1.58418
      vertex -2 2 2
      vertex -2.0437 2 1.58418
    endloop
  endfacet
  facet normal 0 0 0
    outer loop
      vertex -2.52185 0.926064 1.18653
      vertex -2.91732 0.797566 0.82443
      vertex -2.69098 1.04894 0.82443
    endloop
  endfacet
  facet normal 0 0 0
    outer loop
      vertex -65.8271 2 1.18653
      vertex -65.9563 114 1.58418
      vertex -65.8271 114 1.18653
    endloop
  endfacet
  facet normal 0 0 0
    outer loop
      vertex -65.9563 114 1.58418
      vertex -65.8271 2 1.18653
      vertex -65.9563 2 1.58418
    endloop
  endfacet
  facet normal 0 0 0
    outer loop
      vertex -65.618 0.82443 2
      vertex -65.8271 1.18653 3
      vertex -65.8271 1.18653 2
    endloop
  endfacet
  facet normal 0 0 0
    outer loop
      vertex -65.8271 1.18653 3
      vertex -65.618 0.82443 2
      vertex -65.618 0.82443 3
    endloop
  endfacet
  facet normal 0 0 0
    outer loop
      vertex -3.58646 1.54071 0.097887
      vertex -3.89547 1.81895 0.0109568
      vertex -3.86011 1.84464 0.0109568
    endloop
  endfacet
  facet normal 0 0 0
    outer loop
      vertex -64.0646 1.38535 0.097887
      vertex -64.309 1.04894 0.26795
      vertex -64.191 1.41222 0.097887
    endloop
  endfacet
  facet normal 0 0 0
    outer loop
      vertex -65.9135 114.407 1.58418
      vertex -65.9563 114.416 2
      vertex -65.7872 114.796 1.58418
    endloop
  endfacet
  facet normal 0 0 0
    outer loop
      vertex -65.309 0.54619 1.58418
      vertex -65.5827 0.850119 1.58418
      vertex -65.2226 0.642207 1.18653
    endloop
  endfacet
  facet normal 0 0 0
    outer loop
      vertex -64.2091 0.0109568 2
      vertex -3.79094 0.0109568 3
      vertex -64.2091 0.0109568 3
    endloop
  endfacet
  facet normal 0 0 0
    outer loop
      vertex -3.79094 0.0109568 3
      vertex -64.2091 0.0109568 2
      vertex -3.79094 0.0109568 2
    endloop
  endfacet
  facet normal 0 0 0
    outer loop
      vertex -64.618 114 0.097887
      vertex -65 114 0.26795
      vertex -64.9781 114.208 0.26795
    endloop
  endfacet
  facet normal 0 0 0
    outer loop
      vertex -65.618 2 0.82443
      vertex -65.8271 114 1.18653
      vertex -65.618 114 0.82443
    endloop
  endfacet
  facet normal 0 0 0
    outer loop
      vertex -65.8271 114 1.18653
      vertex -65.618 2 0.82443
      vertex -65.8271 2 1.18653
    endloop
  endfacet
  facet normal 0 0 0
    outer loop
      vertex -64.618 114 0.097887
      vertex -64.9781 114.208 0.26795
      vertex -64.6045 114.128 0.097887
    endloop
  endfacet
  facet normal 0 0 0
    outer loop
      vertex -65 115.732 2
      vertex -65.3383 115.486 3
      vertex -65 115.732 3
    endloop
  endfacet
  facet normal 0 0 0
    outer loop
      vertex -65.3383 115.486 3
      vertex -65 115.732 2
      vertex -65.3383 115.486 2
    endloop
  endfacet
  facet normal 0 0 0
    outer loop
      vertex -65.2226 115.358 1.18653
      vertex -65.5827 115.15 1.58418
      vertex -65.309 115.454 1.58418
    endloop
  endfacet
  facet normal 0 0 0
    outer loop
      vertex -2.52185 0.926064 1.18653
      vertex -2.69098 1.04894 0.82443
      vertex -2.52185 1.34189 0.82443
    endloop
  endfacet
  facet normal 0 0 0
    outer loop
      vertex -64.1691 114.123 0.0109568
      vertex -64.5 114.363 0.097887
      vertex -64.1399 114.155 0.0109568
    endloop
  endfacet
  facet normal 0 0 0
    outer loop
      vertex -2.17291 114.813 2
      vertex -2.41732 115.15 1.58418
      vertex -2.38197 115.176 2
    endloop
  endfacet
  facet normal 0 0 0
    outer loop
      vertex -64.1399 0.66907 0.513711
      vertex -3.83087 0.39083 0.82443
      vertex -64.1691 0.39083 0.82443
    endloop
  endfacet
  facet normal 0 0 0
    outer loop
      vertex -3.83087 0.39083 0.82443
      vertex -64.1399 0.66907 0.513711
      vertex -3.86011 0.66907 0.513711
    endloop
  endfacet
  facet normal 0 0 0
    outer loop
      vertex -2.38197 114 0.82443
      vertex -2.41732 114.336 0.82443
      vertex -2.17291 114 1.18653
    endloop
  endfacet
  facet normal 0 0 0
    outer loop
      vertex -2.08646 1.59326 1.58418
      vertex -2.21284 1.62013 1.18653
      vertex -2.0437 2 1.58418
    endloop
  endfacet
  facet normal 0 0 0
    outer loop
      vertex -2.33087 1.25686 1.18653
      vertex -2.41732 1.66359 0.82443
      vertex -2.21284 1.62013 1.18653
    endloop
  endfacet
  facet normal 0 0 0
    outer loop
      vertex -2.38197 0.82443 2
      vertex -2.41732 0.850119 1.58418
      vertex -2.17291 1.18653 2
    endloop
  endfacet
  facet normal 0 0 0
    outer loop
      vertex -2.33087 114.743 1.18653
      vertex -2.52185 115.074 1.18653
      vertex -2.41732 115.15 1.58418
    endloop
  endfacet
  facet normal 0 0 0
    outer loop
      vertex -3 0.26795 2
      vertex -3.39547 0.139453 1.58418
      vertex -3.02185 0.305799 1.58418
    endloop
  endfacet
  facet normal 0 0 0
    outer loop
      vertex -3.39547 1.8715 0.097887
      vertex -3.79094 2 0.0109568
      vertex -3.38197 2 0.097887
    endloop
  endfacet
  facet normal 0 0 0
    outer loop
      vertex -65.5827 0.850119 1.58418
      vertex -65.7872 1.2043 1.58418
      vertex -65.6691 1.25686 1.18653
    endloop
  endfacet
  facet normal 0 0 0
    outer loop
      vertex -64.5646 1.74862 0.097887
      vertex -64.6045 1.8715 0.097887
      vertex -64.191 1.91497 0.0109568
    endloop
  endfacet
  facet normal 0 0 0
    outer loop
      vertex -3.86011 0.66907 0.513711
      vertex -3.89547 1.00548 0.26795
      vertex -3.69098 1.04894 0.26795
    endloop
  endfacet
  facet normal 0 0 0
    outer loop
      vertex -3.86011 0.66907 0.513711
      vertex -64.1045 1.00548 0.26795
      vertex -3.89547 1.00548 0.26795
    endloop
  endfacet
  facet normal 0 0 0
    outer loop
      vertex -64.1045 1.00548 0.26795
      vertex -3.86011 0.66907 0.513711
      vertex -64.1399 0.66907 0.513711
    endloop
  endfacet
  facet normal 0 0 0
    outer loop
      vertex -65.9563 114 1.58418
      vertex -66 114 2
      vertex -65.9563 114.416 2
    endloop
  endfacet
  facet normal 0 0 0
    outer loop
      vertex -65.9135 114.407 1.58418
      vertex -65.9563 114 1.58418
      vertex -65.9563 114.416 2
    endloop
  endfacet
  facet normal 0 0 0
    outer loop
      vertex -65.3383 2 0.513711
      vertex -65.618 114 0.82443
      vertex -65.3383 114 0.513711
    endloop
  endfacet
  facet normal 0 0 0
    outer loop
      vertex -65.618 114 0.82443
      vertex -65.3383 2 0.513711
      vertex -65.618 2 0.82443
    endloop
  endfacet
  facet normal 0 0 0
    outer loop
      vertex -65.3383 114 0.513711
      vertex -65.618 114 0.82443
      vertex -65.5827 114.336 0.82443
    endloop
  endfacet
  facet normal 0 0 0
    outer loop
      vertex -3.38197 0.097887 2
      vertex -3 0.26795 3
      vertex -3.38197 0.097887 3
    endloop
  endfacet
  facet normal 0 0 0
    outer loop
      vertex -3 0.26795 3
      vertex -3.38197 0.097887 2
      vertex -3 0.26795 2
    endloop
  endfacet
  facet normal 0 0 0
    outer loop
      vertex -2.41732 0.850119 1.58418
      vertex -2.52185 0.926064 1.18653
      vertex -2.33087 1.25686 1.18653
    endloop
  endfacet
  facet normal 0 0 0
    outer loop
      vertex -64.5 0.461159 0.82443
      vertex -64.6691 0.841032 0.513711
      vertex -64.4135 0.727239 0.513711
    endloop
  endfacet
  facet normal 0 0 0
    outer loop
      vertex -64.5646 114.251 0.097887
      vertex -64.9781 114.208 0.26795
      vertex -64.9135 114.407 0.26795
    endloop
  endfacet
  facet normal 0 0 0
    outer loop
      vertex -64.1691 1.87712 0.0109568
      vertex -64.5 1.63673 0.097887
      vertex -64.191 1.91497 0.0109568
    endloop
  endfacet
  facet normal 0 0 0
    outer loop
      vertex -64.9135 1.59326 0.26795
      vertex -65.2226 1.45568 0.513711
      vertex -64.9781 1.79209 0.26795
    endloop
  endfacet
  facet normal 0 0 0
    outer loop
      vertex -65.2226 115.358 1.18653
      vertex -65.309 115.454 1.58418
      vertex -64.9781 115.694 1.58418
    endloop
  endfacet
  facet normal 0 0 0
    outer loop
      vertex -65.0827 115.202 0.82443
      vertex -65.4781 115.074 1.18653
      vertex -65.2226 115.358 1.18653
    endloop
  endfacet
  facet normal 0 0 0
    outer loop
      vertex -64.2091 115.989 2
      vertex -64.618 115.902 3
      vertex -64.2091 115.989 3
    endloop
  endfacet
  facet normal 0 0 0
    outer loop
      vertex -64.618 115.902 3
      vertex -64.2091 115.989 2
      vertex -64.618 115.902 2
    endloop
  endfacet
  facet normal 0 0 0
    outer loop
      vertex -65.309 114.951 0.82443
      vertex -65.4781 115.074 1.18653
      vertex -65.0827 115.202 0.82443
    endloop
  endfacet
  facet normal 0 0 0
    outer loop
      vertex -3.80902 115.817 1.18653
      vertex -64.2045 115.946 1.58418
      vertex -3.79551 115.946 1.58418
    endloop
  endfacet
  facet normal 0 0 0
    outer loop
      vertex -64.2045 115.946 1.58418
      vertex -3.80902 115.817 1.18653
      vertex -64.191 115.817 1.18653
    endloop
  endfacet
  facet normal 0 0 0
    outer loop
      vertex -3.39547 115.861 1.58418
      vertex -3.80902 115.817 1.18653
      vertex -3.79551 115.946 1.58418
    endloop
  endfacet
  facet normal 0 0 0
    outer loop
      vertex -64.191 114.085 0.0109568
      vertex -64.5646 114.251 0.097887
      vertex -64.5 114.363 0.097887
    endloop
  endfacet
  facet normal 0 0 0
    outer loop
      vertex -64.4135 115.273 0.513711
      vertex -64.5 115.539 0.82443
      vertex -64.1399 115.331 0.513711
    endloop
  endfacet
  facet normal 0 0 0
    outer loop
      vertex -2.77744 115.358 1.18653
      vertex -3.02185 115.694 1.58418
      vertex -2.69098 115.454 1.58418
    endloop
  endfacet
  facet normal 0 0 0
    outer loop
      vertex -3.02185 115.694 1.58418
      vertex -3.39547 115.861 1.58418
      vertex -3 115.732 2
    endloop
  endfacet
  facet normal 0 0 0
    outer loop
      vertex -3.38197 0.097887 2
      vertex -3.39547 0.139453 1.58418
      vertex -3 0.26795 2
    endloop
  endfacet
  facet normal 0 0 0
    outer loop
      vertex -3.79094 0.0109568 2
      vertex -3.38197 0.097887 3
      vertex -3.79094 0.0109568 3
    endloop
  endfacet
  facet normal 0 0 0
    outer loop
      vertex -3.38197 0.097887 3
      vertex -3.79094 0.0109568 2
      vertex -3.38197 0.097887 2
    endloop
  endfacet
  facet normal 0 0 0
    outer loop
      vertex -2.0437 114 1.58418
      vertex -2.08646 114.407 1.58418
      vertex -2.0437 114.416 2
    endloop
  endfacet
  facet normal 0 0 0
    outer loop
      vertex -3.79094 2 0.0109568
      vertex -3.38197 114 0.097887
      vertex -3.38197 2 0.097887
    endloop
  endfacet
  facet normal 0 0 0
    outer loop
      vertex -3.38197 114 0.097887
      vertex -3.79094 2 0.0109568
      vertex -3.79094 114 0.0109568
    endloop
  endfacet
  facet normal 0 0 0
    outer loop
      vertex -3 114 0.26795
      vertex -3.02185 114.208 0.26795
      vertex -2.66174 114 0.513711
    endloop
  endfacet
  facet normal 0 0 0
    outer loop
      vertex -64.1691 0.39083 0.82443
      vertex -3.80902 0.182919 1.18653
      vertex -64.191 0.182919 1.18653
    endloop
  endfacet
  facet normal 0 0 0
    outer loop
      vertex -3.80902 0.182919 1.18653
      vertex -64.1691 0.39083 0.82443
      vertex -3.83087 0.39083 0.82443
    endloop
  endfacet
  facet normal 0 0 0
    outer loop
      vertex -2.0437 1.58418 2
      vertex -2.08646 1.59326 1.58418
      vertex -2.0437 2 1.58418
    endloop
  endfacet
  facet normal 0 0 0
    outer loop
      vertex -3.89547 1.00548 0.26795
      vertex -64.0646 1.38535 0.097887
      vertex -3.9354 1.38535 0.097887
    endloop
  endfacet
  facet normal 0 0 0
    outer loop
      vertex -64.0646 1.38535 0.097887
      vertex -3.89547 1.00548 0.26795
      vertex -64.1045 1.00548 0.26795
    endloop
  endfacet
  facet normal 0 0 0
    outer loop
      vertex -3.9354 1.38535 0.097887
      vertex -64.0219 1.79209 0.0109568
      vertex -3.97815 1.79209 0.0109568
    endloop
  endfacet
  facet normal 0 0 0
    outer loop
      vertex -64.0219 1.79209 0.0109568
      vertex -3.9354 1.38535 0.097887
      vertex -64.0646 1.38535 0.097887
    endloop
  endfacet
  facet normal 0 0 0
    outer loop
      vertex -2.21284 114.38 1.18653
      vertex -2.41732 114.336 0.82443
      vertex -2.33087 114.743 1.18653
    endloop
  endfacet
  facet normal 0 0 0
    outer loop
      vertex -2.17291 2 1.18653
      vertex -2.38197 114 0.82443
      vertex -2.17291 114 1.18653
    endloop
  endfacet
  facet normal 0 0 0
    outer loop
      vertex -2.38197 114 0.82443
      vertex -2.17291 2 1.18653
      vertex -2.38197 2 0.82443
    endloop
  endfacet
  facet normal 0 0 0
    outer loop
      vertex -2.17291 1.18653 2
      vertex -2.41732 0.850119 1.58418
      vertex -2.21284 1.2043 1.58418
    endloop
  endfacet
  facet normal 0 0 0
    outer loop
      vertex -2.17291 1.18653 2
      vertex -2.21284 1.2043 1.58418
      vertex -2.0437 1.58418 2
    endloop
  endfacet
  facet normal 0 0 0
    outer loop
      vertex -66 2 2
      vertex -66 114 3
      vertex -66 114 2
    endloop
  endfacet
  facet normal 0 0 0
    outer loop
      vertex -66 114 3
      vertex -66 2 2
      vertex -66 2 3
    endloop
  endfacet
  facet normal 0 0 0
    outer loop
      vertex -65.9135 1.59326 1.58418
      vertex -65.9563 1.58418 2
      vertex -65.9563 2 1.58418
    endloop
  endfacet
  facet normal 0 0 0
    outer loop
      vertex -64.9135 1.59326 0.26795
      vertex -64.9781 1.79209 0.26795
      vertex -64.5646 1.74862 0.097887
    endloop
  endfacet
  facet normal 0 0 0
    outer loop
      vertex -64.191 0.182919 1.18653
      vertex -64.6045 0.139453 1.58418
      vertex -64.5646 0.262334 1.18653
    endloop
  endfacet
  facet normal 0 0 0
    outer loop
      vertex -64.309 1.04894 0.26795
      vertex -64.6691 0.841032 0.513711
      vertex -64.5 1.13398 0.26795
    endloop
  endfacet
  facet normal 0 0 0
    outer loop
      vertex -65.7872 114.796 1.58418
      vertex -65.9563 114.416 2
      vertex -65.8271 114.813 2
    endloop
  endfacet
  facet normal 0 0 0
    outer loop
      vertex -65.7872 114.38 1.18653
      vertex -65.9135 114.407 1.58418
      vertex -65.6691 114.743 1.18653
    endloop
  endfacet
  facet normal 0 0 0
    outer loop
      vertex -65.7872 114.796 1.58418
      vertex -65.8271 114.813 2
      vertex -65.5827 115.15 1.58418
    endloop
  endfacet
  facet normal 0 0 0
    outer loop
      vertex -65.4781 115.074 1.18653
      vertex -65.5827 115.15 1.58418
      vertex -65.2226 115.358 1.18653
    endloop
  endfacet
  facet normal 0 0 0
    outer loop
      vertex -65.3383 114 0.513711
      vertex -65.5827 114.336 0.82443
      vertex -65.309 114.278 0.513711
    endloop
  endfacet
  facet normal 0 0 0
    outer loop
      vertex -64.9781 114.208 0.26795
      vertex -65.309 114.278 0.513711
      vertex -65.2226 114.544 0.513711
    endloop
  endfacet
  facet normal 0 0 0
    outer loop
      vertex -64.2045 0.0544224 1.58418
      vertex -3.79094 0.0109568 2
      vertex -64.2091 0.0109568 2
    endloop
  endfacet
  facet normal 0 0 0
    outer loop
      vertex -3.79094 0.0109568 2
      vertex -64.2045 0.0544224 1.58418
      vertex -3.79551 0.0544224 1.58418
    endloop
  endfacet
  facet normal 0 0 0
    outer loop
      vertex -64.9781 0.305799 1.58418
      vertex -65.3383 0.513711 2
      vertex -65.309 0.54619 1.58418
    endloop
  endfacet
  facet normal 0 0 0
    outer loop
      vertex -64.618 2 0.097887
      vertex -64.2091 114 0.0109568
      vertex -64.2091 2 0.0109568
    endloop
  endfacet
  facet normal 0 0 0
    outer loop
      vertex -64.2091 114 0.0109568
      vertex -64.618 2 0.097887
      vertex -64.618 114 0.097887
    endloop
  endfacet
  facet normal 0 0 0
    outer loop
      vertex -65 2 0.26795
      vertex -64.618 114 0.097887
      vertex -64.618 2 0.097887
    endloop
  endfacet
  facet normal 0 0 0
    outer loop
      vertex -64.618 114 0.097887
      vertex -65 2 0.26795
      vertex -65 114 0.26795
    endloop
  endfacet
  facet normal 0 0 0
    outer loop
      vertex -64.809 1.41222 0.26795
      vertex -65.0827 1.21339 0.513711
      vertex -64.9135 1.59326 0.26795
    endloop
  endfacet
  facet normal 0 0 0
    outer loop
      vertex -64.191 1.41222 0.097887
      vertex -64.5 1.13398 0.26795
      vertex -64.309 1.46477 0.097887
    endloop
  endfacet
  facet normal 0 0 0
    outer loop
      vertex -64.1691 0.39083 0.82443
      vertex -64.5646 0.262334 1.18653
      vertex -64.5 0.461159 0.82443
    endloop
  endfacet
  facet normal 0 0 0
    outer loop
      vertex -65.3383 2 0.513711
      vertex -65 114 0.26795
      vertex -65 2 0.26795
    endloop
  endfacet
  facet normal 0 0 0
    outer loop
      vertex -65 114 0.26795
      vertex -65.3383 2 0.513711
      vertex -65.3383 114 0.513711
    endloop
  endfacet
  facet normal 0 0 0
    outer loop
      vertex -64.809 115.401 0.82443
      vertex -65.0827 115.202 0.82443
      vertex -64.9135 115.582 1.18653
    endloop
  endfacet
  facet normal 0 0 0
    outer loop
      vertex -65.309 114.951 0.82443
      vertex -65.4781 114.658 0.82443
      vertex -65.4781 115.074 1.18653
    endloop
  endfacet
  facet normal 0 0 0
    outer loop
      vertex -65.309 115.454 1.58418
      vertex -65.5827 115.15 1.58418
      vertex -65.3383 115.486 2
    endloop
  endfacet
  facet normal 0 0 0
    outer loop
      vertex -65.309 115.454 1.58418
      vertex -65.3383 115.486 2
      vertex -64.9781 115.694 1.58418
    endloop
  endfacet
  facet normal 0 0 0
    outer loop
      vertex -64.618 115.902 2
      vertex -65 115.732 3
      vertex -64.618 115.902 3
    endloop
  endfacet
  facet normal 0 0 0
    outer loop
      vertex -65 115.732 3
      vertex -64.618 115.902 2
      vertex -65 115.732 2
    endloop
  endfacet
  facet normal 0 0 0
    outer loop
      vertex -65.618 115.176 2
      vertex -65.3383 115.486 3
      vertex -65.3383 115.486 2
    endloop
  endfacet
  facet normal 0 0 0
    outer loop
      vertex -65.3383 115.486 3
      vertex -65.618 115.176 2
      vertex -65.618 115.176 3
    endloop
  endfacet
  facet normal 0 0 0
    outer loop
      vertex -64.5646 115.738 1.18653
      vertex -64.6045 115.861 1.58418
      vertex -64.191 115.817 1.18653
    endloop
  endfacet
  facet normal 0 0 0
    outer loop
      vertex -3.83087 115.609 0.82443
      vertex -64.191 115.817 1.18653
      vertex -3.80902 115.817 1.18653
    endloop
  endfacet
  facet normal 0 0 0
    outer loop
      vertex -64.191 115.817 1.18653
      vertex -3.83087 115.609 0.82443
      vertex -64.1691 115.609 0.82443
    endloop
  endfacet
  facet normal 0 0 0
    outer loop
      vertex -65.2226 114.544 0.513711
      vertex -65.4781 114.658 0.82443
      vertex -65.0827 114.787 0.513711
    endloop
  endfacet
  facet normal 0 0 0
    outer loop
      vertex -64.9135 114.407 0.26795
      vertex -65.2226 114.544 0.513711
      vertex -65.0827 114.787 0.513711
    endloop
  endfacet
  facet normal 0 0 0
    outer loop
      vertex -3.33087 115.159 0.513711
      vertex -3.5 115.539 0.82443
      vertex -3.19098 115.401 0.82443
    endloop
  endfacet
  facet normal 0 0 0
    outer loop
      vertex -3.39547 115.861 1.58418
      vertex -3.79551 115.946 1.58418
      vertex -3.79094 115.989 2
    endloop
  endfacet
  facet normal 0 0 0
    outer loop
      vertex -64.1045 114.995 0.26795
      vertex -3.86011 115.331 0.513711
      vertex -3.89547 114.995 0.26795
    endloop
  endfacet
  facet normal 0 0 0
    outer loop
      vertex -3.86011 115.331 0.513711
      vertex -64.1045 114.995 0.26795
      vertex -64.1399 115.331 0.513711
    endloop
  endfacet
  facet normal 0 0 0
    outer loop
      vertex -64.5 114.363 0.097887
      vertex -64.809 114.588 0.26795
      vertex -64.6691 114.743 0.26795
    endloop
  endfacet
  facet normal 0 0 0
    outer loop
      vertex -2.91732 115.202 0.82443
      vertex -3.33087 115.159 0.513711
      vertex -3.19098 115.401 0.82443
    endloop
  endfacet
  facet normal 0 0 0
    outer loop
      vertex -64.191 114.085 0.0109568
      vertex -64.6045 114.128 0.097887
      vertex -64.5646 114.251 0.097887
    endloop
  endfacet
  facet normal 0 0 0
    outer loop
      vertex -64.6691 115.159 0.513711
      vertex -64.809 115.401 0.82443
      vertex -64.5 115.539 0.82443
    endloop
  endfacet
  facet normal 0 0 0
    outer loop
      vertex -64.2091 114 0.0109568
      vertex -64.6045 114.128 0.097887
      vertex -64.2045 114.043 0.0109568
    endloop
  endfacet
  facet normal 0 0 0
    outer loop
      vertex -64.2091 114 0.0109568
      vertex -64.618 114 0.097887
      vertex -64.6045 114.128 0.097887
    endloop
  endfacet
  facet normal 0 0 0
    outer loop
      vertex -2 2 3
      vertex -2 114 2
      vertex -2 114 3
    endloop
  endfacet
  facet normal 0 0 0
    outer loop
      vertex -2 114 2
      vertex -2 2 3
      vertex -2 2 2
    endloop
  endfacet
  facet normal 0 0 0
    outer loop
      vertex -2.41732 115.15 1.58418
      vertex -2.66174 115.486 2
      vertex -2.38197 115.176 2
    endloop
  endfacet
  facet normal 0 0 0
    outer loop
      vertex -2.33087 1.25686 1.18653
      vertex -2.52185 1.34189 0.82443
      vertex -2.41732 1.66359 0.82443
    endloop
  endfacet
  facet normal 0 0 0
    outer loop
      vertex -3.39547 0.139453 1.58418
      vertex -3.4354 0.262334 1.18653
      vertex -3.08646 0.417693 1.18653
    endloop
  endfacet
  facet normal 0 0 0
    outer loop
      vertex -2.33087 114.743 1.18653
      vertex -2.41732 115.15 1.58418
      vertex -2.21284 114.796 1.58418
    endloop
  endfacet
  facet normal 0 0 0
    outer loop
      vertex -3.80902 114.588 0.097887
      vertex -3.9354 114.199 0.0109568
      vertex -3.9354 114.615 0.097887
    endloop
  endfacet
  facet normal 0 0 0
    outer loop
      vertex -2.52185 114.658 0.82443
      vertex -2.69098 114.951 0.82443
      vertex -2.52185 115.074 1.18653
    endloop
  endfacet
  facet normal 0 0 0
    outer loop
      vertex -2.17291 114 1.18653
      vertex -2.21284 114.38 1.18653
      vertex -2.0437 114 1.58418
    endloop
  endfacet
  facet normal 0 0 0
    outer loop
      vertex -2.21284 114.796 1.58418
      vertex -2.41732 115.15 1.58418
      vertex -2.17291 114.813 2
    endloop
  endfacet
  facet normal 0 0 0
    outer loop
      vertex -2.52185 114.658 0.82443
      vertex -2.91732 114.787 0.513711
      vertex -2.69098 114.951 0.82443
    endloop
  endfacet
  facet normal 0 0 0
    outer loop
      vertex -3.9354 114.199 0.0109568
      vertex -3.97815 114.208 0.0109568
      vertex -3.9354 114.615 0.097887
    endloop
  endfacet
  facet normal 0 0 0
    outer loop
      vertex -2 2 2
      vertex -2.0437 1.58418 2
      vertex -2.0437 2 1.58418
    endloop
  endfacet
  facet normal 0 0 0
    outer loop
      vertex -2.17291 1.18653 3
      vertex -2.0437 1.58418 2
      vertex -2.0437 1.58418 3
    endloop
  endfacet
  facet normal 0 0 0
    outer loop
      vertex -2.0437 1.58418 2
      vertex -2.17291 1.18653 3
      vertex -2.17291 1.18653 2
    endloop
  endfacet
  facet normal 0 0 0
    outer loop
      vertex -2.66174 114 0.513711
      vertex -2.69098 114.278 0.513711
      vertex -2.41732 114.336 0.82443
    endloop
  endfacet
  facet normal 0 0 0
    outer loop
      vertex -2.77744 1.45568 0.513711
      vertex -3.08646 1.59326 0.26795
      vertex -3.02185 1.79209 0.26795
    endloop
  endfacet
  facet normal 0 0 0
    outer loop
      vertex -3.5 1.63673 0.097887
      vertex -3.80902 1.91497 0.0109568
      vertex -3.4354 1.74862 0.097887
    endloop
  endfacet
  facet normal 0 0 0
    outer loop
      vertex -2.77744 0.642207 1.18653
      vertex -2.91732 0.797566 0.82443
      vertex -2.52185 0.926064 1.18653
    endloop
  endfacet
  facet normal 0 0 0
    outer loop
      vertex -3.02185 0.305799 1.58418
      vertex -3.39547 0.139453 1.58418
      vertex -3.08646 0.417693 1.18653
    endloop
  endfacet
  facet normal 0 0 0
    outer loop
      vertex -3.58646 1.54071 0.097887
      vertex -3.86011 1.84464 0.0109568
      vertex -3.5 1.63673 0.097887
    endloop
  endfacet
  facet normal 0 0 0
    outer loop
      vertex -2.21284 1.62013 1.18653
      vertex -2.41732 1.66359 0.82443
      vertex -2.17291 2 1.18653
    endloop
  endfacet
  facet normal 0 0 0
    outer loop
      vertex -2.08646 1.59326 1.58418
      vertex -2.33087 1.25686 1.18653
      vertex -2.21284 1.62013 1.18653
    endloop
  endfacet
  facet normal 0 0 0
    outer loop
      vertex -3.58646 0.727239 0.513711
      vertex -3.86011 0.66907 0.513711
      vertex -3.69098 1.04894 0.26795
    endloop
  endfacet
  facet normal 0 0 0
    outer loop
      vertex -2.38197 0.82443 2
      vertex -2.66174 0.513711 2
      vertex -2.41732 0.850119 1.58418
    endloop
  endfacet
  facet normal 0 0 0
    outer loop
      vertex -2.69098 0.54619 1.58418
      vertex -3.02185 0.305799 1.58418
      vertex -2.77744 0.642207 1.18653
    endloop
  endfacet
  facet normal 0 0 0
    outer loop
      vertex -3.33087 0.841032 0.513711
      vertex -3.69098 1.04894 0.26795
      vertex -3.5 1.13398 0.26795
    endloop
  endfacet
  facet normal 0 0 0
    outer loop
      vertex -65.5827 0.850119 1.58418
      vertex -65.8271 1.18653 2
      vertex -65.7872 1.2043 1.58418
    endloop
  endfacet
  facet normal 0 0 0
    outer loop
      vertex -65.7872 1.62013 1.18653
      vertex -65.9563 2 1.58418
      vertex -65.8271 2 1.18653
    endloop
  endfacet
  facet normal 0 0 0
    outer loop
      vertex -64.9781 1.79209 0.26795
      vertex -65.3383 2 0.513711
      vertex -65 2 0.26795
    endloop
  endfacet
  facet normal 0 0 0
    outer loop
      vertex -65.7872 1.2043 1.58418
      vertex -65.9135 1.59326 1.58418
      vertex -65.6691 1.25686 1.18653
    endloop
  endfacet
  facet normal 0 0 0
    outer loop
      vertex -65.309 1.72176 0.513711
      vertex -65.5827 1.66359 0.82443
      vertex -65.3383 2 0.513711
    endloop
  endfacet
  facet normal 0 0 0
    outer loop
      vertex -65.2226 1.45568 0.513711
      vertex -65.5827 1.66359 0.82443
      vertex -65.309 1.72176 0.513711
    endloop
  endfacet
  facet normal 0 0 0
    outer loop
      vertex -65.4781 115.074 1.18653
      vertex -65.6691 114.743 1.18653
      vertex -65.5827 115.15 1.58418
    endloop
  endfacet
  facet normal 0 0 0
    outer loop
      vertex -65.4781 114.658 0.82443
      vertex -65.6691 114.743 1.18653
      vertex -65.4781 115.074 1.18653
    endloop
  endfacet
  facet normal 0 0 0
    outer loop
      vertex -64.9781 114.208 0.26795
      vertex -65.3383 114 0.513711
      vertex -65.309 114.278 0.513711
    endloop
  endfacet
  facet normal 0 0 0
    outer loop
      vertex -65 114 0.26795
      vertex -65.3383 114 0.513711
      vertex -64.9781 114.208 0.26795
    endloop
  endfacet
  facet normal 0 0 0
    outer loop
      vertex -65.8271 114 1.18653
      vertex -65.9563 114 1.58418
      vertex -65.7872 114.38 1.18653
    endloop
  endfacet
  facet normal 0 0 0
    outer loop
      vertex -65.5827 114.336 0.82443
      vertex -65.6691 114.743 1.18653
      vertex -65.4781 114.658 0.82443
    endloop
  endfacet
  facet normal 0 0 0
    outer loop
      vertex -65.3383 0.513711 2
      vertex -65 0.26795 3
      vertex -65.3383 0.513711 3
    endloop
  endfacet
  facet normal 0 0 0
    outer loop
      vertex -65 0.26795 3
      vertex -65.3383 0.513711 2
      vertex -65 0.26795 2
    endloop
  endfacet
  facet normal 0 0 0
    outer loop
      vertex -64.5 1.13398 0.26795
      vertex -64.6691 1.25686 0.26795
      vertex -64.4135 1.54071 0.097887
    endloop
  endfacet
  facet normal 0 0 0
    outer loop
      vertex -64.1045 1.00548 0.26795
      vertex -64.309 1.04894 0.26795
      vertex -64.0646 1.38535 0.097887
    endloop
  endfacet
  facet normal 0 0 0
    outer loop
      vertex -64.1399 0.66907 0.513711
      vertex -64.309 1.04894 0.26795
      vertex -64.1045 1.00548 0.26795
    endloop
  endfacet
  facet normal 0 0 0
    outer loop
      vertex -64.1399 1.84464 0.0109568
      vertex -64.5 1.63673 0.097887
      vertex -64.1691 1.87712 0.0109568
    endloop
  endfacet
  facet normal 0 0 0
    outer loop
      vertex -59.2463 6.86472 0.0109568
      vertex -8.7537 6.86472 0.0109568
      vertex -59.0365 6.63168 0.0109568
    endloop
  endfacet
  facet normal 0 0 0
    outer loop
      vertex -8.5 108.951 0.0109568
      vertex -58.7828 109.938 0.0109568
      vertex -58.75 110.25 0.0109568
    endloop
  endfacet
  facet normal 0 0 0
    outer loop
      vertex -8.7537 6.86472 0.0109568
      vertex -59.2463 6.86472 0.0109568
      vertex -8.5 7.04904 0.0109568
    endloop
  endfacet
  facet normal 0 0 0
    outer loop
      vertex -8.5 108.951 0.0109568
      vertex -58.8797 109.64 0.0109568
      vertex -58.7828 109.938 0.0109568
    endloop
  endfacet
  facet normal 0 0 0
    outer loop
      vertex -59.5 7.04904 0.0109568
      vertex -8.5 7.04904 0.0109568
      vertex -59.2463 6.86472 0.0109568
    endloop
  endfacet
  facet normal 0 0 0
    outer loop
      vertex -8.5 108.951 0.0109568
      vertex -59.0365 109.368 0.0109568
      vertex -58.8797 109.64 0.0109568
    endloop
  endfacet
  facet normal 0 0 0
    outer loop
      vertex -8.5 7.04904 0.0109568
      vertex -59.5 7.04904 0.0109568
      vertex -8.5 108.951 0.0109568
    endloop
  endfacet
  facet normal 0 0 0
    outer loop
      vertex -8.5 108.951 0.0109568
      vertex -59.2463 109.135 0.0109568
      vertex -59.0365 109.368 0.0109568
    endloop
  endfacet
  facet normal 0 0 0
    outer loop
      vertex -59.5 108.951 0.0109568
      vertex -8.5 108.951 0.0109568
      vertex -59.5 7.04904 0.0109568
    endloop
  endfacet
  facet normal 0 0 0
    outer loop
      vertex -8.5 108.951 0.0109568
      vertex -59.5 108.951 0.0109568
      vertex -59.2463 109.135 0.0109568
    endloop
  endfacet
  facet normal 0 0 0
    outer loop
      vertex -59.7865 7.17658 0.0109568
      vertex -59.5 108.951 0.0109568
      vertex -59.5 7.04904 0.0109568
    endloop
  endfacet
  facet normal 0 0 0
    outer loop
      vertex -59.7865 7.17658 0.0109568
      vertex -59.7865 108.823 0.0109568
      vertex -59.5 108.951 0.0109568
    endloop
  endfacet
  facet normal 0 0 0
    outer loop
      vertex -60.0932 7.24178 0.0109568
      vertex -59.7865 108.823 0.0109568
      vertex -59.7865 7.17658 0.0109568
    endloop
  endfacet
  facet normal 0 0 0
    outer loop
      vertex -60.0932 7.24178 0.0109568
      vertex -60.0932 108.758 0.0109568
      vertex -59.7865 108.823 0.0109568
    endloop
  endfacet
  facet normal 0 0 0
    outer loop
      vertex -60.4068 7.24178 0.0109568
      vertex -60.0932 108.758 0.0109568
      vertex -60.0932 7.24178 0.0109568
    endloop
  endfacet
  facet normal 0 0 0
    outer loop
      vertex -60.4068 7.24178 0.0109568
      vertex -60.4068 108.758 0.0109568
      vertex -60.0932 108.758 0.0109568
    endloop
  endfacet
  facet normal 0 0 0
    outer loop
      vertex -60.7135 7.17658 0.0109568
      vertex -60.4068 108.758 0.0109568
      vertex -60.4068 7.24178 0.0109568
    endloop
  endfacet
  facet normal 0 0 0
    outer loop
      vertex -60.7135 7.17658 0.0109568
      vertex -60.7135 108.823 0.0109568
      vertex -60.4068 108.758 0.0109568
    endloop
  endfacet
  facet normal 0 0 0
    outer loop
      vertex -61 7.04904 0.0109568
      vertex -60.7135 108.823 0.0109568
      vertex -60.7135 7.17658 0.0109568
    endloop
  endfacet
  facet normal 0 0 0
    outer loop
      vertex -61 7.04904 0.0109568
      vertex -61 108.951 0.0109568
      vertex -60.7135 108.823 0.0109568
    endloop
  endfacet
  facet normal 0 0 0
    outer loop
      vertex -61.2537 6.86472 0.0109568
      vertex -61 108.951 0.0109568
      vertex -61 7.04904 0.0109568
    endloop
  endfacet
  facet normal 0 0 0
    outer loop
      vertex -61.2537 6.86472 0.0109568
      vertex -61.2537 109.135 0.0109568
      vertex -61 108.951 0.0109568
    endloop
  endfacet
  facet normal 0 0 0
    outer loop
      vertex -61.4635 6.63168 0.0109568
      vertex -61.2537 109.135 0.0109568
      vertex -61.2537 6.86472 0.0109568
    endloop
  endfacet
  facet normal 0 0 0
    outer loop
      vertex -61.4635 6.63168 0.0109568
      vertex -61.4635 109.368 0.0109568
      vertex -61.2537 109.135 0.0109568
    endloop
  endfacet
  facet normal 0 0 0
    outer loop
      vertex -61.6203 6.3601 0.0109568
      vertex -61.4635 109.368 0.0109568
      vertex -61.4635 6.63168 0.0109568
    endloop
  endfacet
  facet normal 0 0 0
    outer loop
      vertex -61.6203 6.3601 0.0109568
      vertex -61.6203 109.64 0.0109568
      vertex -61.4635 109.368 0.0109568
    endloop
  endfacet
  facet normal 0 0 0
    outer loop
      vertex -64.2091 2 0.0109568
      vertex -61.6203 6.3601 0.0109568
      vertex -61.7172 6.06187 0.0109568
    endloop
  endfacet
  facet normal 0 0 0
    outer loop
      vertex -61.6203 6.3601 0.0109568
      vertex -64.2091 2 0.0109568
      vertex -61.6203 109.64 0.0109568
    endloop
  endfacet
  facet normal 0 0 0
    outer loop
      vertex -64.2091 2 0.0109568
      vertex -61.7172 6.06187 0.0109568
      vertex -61.75 5.75 0.0109568
    endloop
  endfacet
  facet normal 0 0 0
    outer loop
      vertex -64.2091 114 0.0109568
      vertex -61.6203 109.64 0.0109568
      vertex -64.2091 2 0.0109568
    endloop
  endfacet
  facet normal 0 0 0
    outer loop
      vertex -3.79094 2 0.0109568
      vertex -6.37968 6.3601 0.0109568
      vertex -3.79094 114 0.0109568
    endloop
  endfacet
  facet normal 0 0 0
    outer loop
      vertex -3.79094 114 0.0109568
      vertex -6.28278 109.938 0.0109568
      vertex -6.25 110.25 0.0109568
    endloop
  endfacet
  facet normal 0 0 0
    outer loop
      vertex -6.37968 109.64 0.0109568
      vertex -3.79094 114 0.0109568
      vertex -6.37968 6.3601 0.0109568
    endloop
  endfacet
  facet normal 0 0 0
    outer loop
      vertex -3.79094 114 0.0109568
      vertex -6.37968 109.64 0.0109568
      vertex -6.28278 109.938 0.0109568
    endloop
  endfacet
  facet normal 0 0 0
    outer loop
      vertex -6.53648 6.63168 0.0109568
      vertex -6.37968 109.64 0.0109568
      vertex -6.37968 6.3601 0.0109568
    endloop
  endfacet
  facet normal 0 0 0
    outer loop
      vertex -6.53648 6.63168 0.0109568
      vertex -6.53648 109.368 0.0109568
      vertex -6.37968 109.64 0.0109568
    endloop
  endfacet
  facet normal 0 0 0
    outer loop
      vertex -6.7463 6.86472 0.0109568
      vertex -6.53648 109.368 0.0109568
      vertex -6.53648 6.63168 0.0109568
    endloop
  endfacet
  facet normal 0 0 0
    outer loop
      vertex -6.7463 6.86472 0.0109568
      vertex -6.7463 109.135 0.0109568
      vertex -6.53648 109.368 0.0109568
    endloop
  endfacet
  facet normal 0 0 0
    outer loop
      vertex -7 7.04904 0.0109568
      vertex -6.7463 109.135 0.0109568
      vertex -6.7463 6.86472 0.0109568
    endloop
  endfacet
  facet normal 0 0 0
    outer loop
      vertex -7 7.04904 0.0109568
      vertex -7 108.951 0.0109568
      vertex -6.7463 109.135 0.0109568
    endloop
  endfacet
  facet normal 0 0 0
    outer loop
      vertex -7.28648 7.17658 0.0109568
      vertex -7 108.951 0.0109568
      vertex -7 7.04904 0.0109568
    endloop
  endfacet
  facet normal 0 0 0
    outer loop
      vertex -7.28648 7.17658 0.0109568
      vertex -7.28648 108.823 0.0109568
      vertex -7 108.951 0.0109568
    endloop
  endfacet
  facet normal 0 0 0
    outer loop
      vertex -7.59321 7.24178 0.0109568
      vertex -7.28648 108.823 0.0109568
      vertex -7.28648 7.17658 0.0109568
    endloop
  endfacet
  facet normal 0 0 0
    outer loop
      vertex -7.59321 7.24178 0.0109568
      vertex -7.59321 108.758 0.0109568
      vertex -7.28648 108.823 0.0109568
    endloop
  endfacet
  facet normal 0 0 0
    outer loop
      vertex -7.90679 7.24178 0.0109568
      vertex -7.59321 108.758 0.0109568
      vertex -7.59321 7.24178 0.0109568
    endloop
  endfacet
  facet normal 0 0 0
    outer loop
      vertex -7.90679 7.24178 0.0109568
      vertex -7.90679 108.758 0.0109568
      vertex -7.59321 108.758 0.0109568
    endloop
  endfacet
  facet normal 0 0 0
    outer loop
      vertex -8.21353 7.17658 0.0109568
      vertex -7.90679 108.758 0.0109568
      vertex -7.90679 7.24178 0.0109568
    endloop
  endfacet
  facet normal 0 0 0
    outer loop
      vertex -8.21353 7.17658 0.0109568
      vertex -8.21353 108.823 0.0109568
      vertex -7.90679 108.758 0.0109568
    endloop
  endfacet
  facet normal 0 0 0
    outer loop
      vertex -8.5 7.04904 0.0109568
      vertex -8.21353 108.823 0.0109568
      vertex -8.21353 7.17658 0.0109568
    endloop
  endfacet
  facet normal 0 0 0
    outer loop
      vertex -8.5 7.04904 0.0109568
      vertex -8.5 108.951 0.0109568
      vertex -8.21353 108.823 0.0109568
    endloop
  endfacet
  facet normal 0 0 0
    outer loop
      vertex -9.12032 6.3601 0.0109568
      vertex -58.8797 6.3601 0.0109568
      vertex -8.96353 6.63168 0.0109568
    endloop
  endfacet
  facet normal 0 0 0
    outer loop
      vertex -59.0365 6.63168 0.0109568
      vertex -8.96353 6.63168 0.0109568
      vertex -58.8797 6.3601 0.0109568
    endloop
  endfacet
  facet normal 0 0 0
    outer loop
      vertex -58.8797 6.3601 0.0109568
      vertex -9.12032 6.3601 0.0109568
      vertex -58.7828 6.06187 0.0109568
    endloop
  endfacet
  facet normal 0 0 0
    outer loop
      vertex -8.96353 6.63168 0.0109568
      vertex -59.0365 6.63168 0.0109568
      vertex -8.7537 6.86472 0.0109568
    endloop
  endfacet
  facet normal 0 0 0
    outer loop
      vertex -9.21722 6.06187 0.0109568
      vertex -58.7828 6.06187 0.0109568
      vertex -9.12032 6.3601 0.0109568
    endloop
  endfacet
  facet normal 0 0 0
    outer loop
      vertex -8.5 108.951 0.0109568
      vertex -58.75 110.25 0.0109568
      vertex -8.7537 109.135 0.0109568
    endloop
  endfacet
  facet normal 0 0 0
    outer loop
      vertex -58.7828 6.06187 0.0109568
      vertex -9.21722 6.06187 0.0109568
      vertex -58.75 5.75 0.0109568
    endloop
  endfacet
  facet normal 0 0 0
    outer loop
      vertex -8.7537 109.135 0.0109568
      vertex -58.75 110.25 0.0109568
      vertex -8.96353 109.368 0.0109568
    endloop
  endfacet
  facet normal 0 0 0
    outer loop
      vertex -58.75 5.75 0.0109568
      vertex -9.21722 6.06187 0.0109568
      vertex -9.25 5.75 0.0109568
    endloop
  endfacet
  facet normal 0 0 0
    outer loop
      vertex -8.96353 109.368 0.0109568
      vertex -58.75 110.25 0.0109568
      vertex -9.12032 109.64 0.0109568
    endloop
  endfacet
  facet normal 0 0 0
    outer loop
      vertex -3.97815 1.79209 0.0109568
      vertex -3.79094 2 0.0109568
      vertex -3.79551 1.95654 0.0109568
    endloop
  endfacet
  facet normal 0 0 0
    outer loop
      vertex -6.28278 6.06187 0.0109568
      vertex -3.79094 2 0.0109568
      vertex -6.25 5.75 0.0109568
    endloop
  endfacet
  facet normal 0 0 0
    outer loop
      vertex -3.97815 1.79209 0.0109568
      vertex -3.79551 1.95654 0.0109568
      vertex -3.80902 1.91497 0.0109568
    endloop
  endfacet
  facet normal 0 0 0
    outer loop
      vertex -6.37968 6.3601 0.0109568
      vertex -3.79094 2 0.0109568
      vertex -6.28278 6.06187 0.0109568
    endloop
  endfacet
  facet normal 0 0 0
    outer loop
      vertex -3.97815 1.79209 0.0109568
      vertex -3.80902 1.91497 0.0109568
      vertex -3.83087 1.87712 0.0109568
    endloop
  endfacet
  facet normal 0 0 0
    outer loop
      vertex -6.28278 110.562 0.0109568
      vertex -3.79094 114 0.0109568
      vertex -6.25 110.25 0.0109568
    endloop
  endfacet
  facet normal 0 0 0
    outer loop
      vertex -3.97815 1.79209 0.0109568
      vertex -3.83087 1.87712 0.0109568
      vertex -3.86011 1.84464 0.0109568
    endloop
  endfacet
  facet normal 0 0 0
    outer loop
      vertex -6.37968 110.86 0.0109568
      vertex -3.79094 114 0.0109568
      vertex -6.28278 110.562 0.0109568
    endloop
  endfacet
  facet normal 0 0 0
    outer loop
      vertex -3.97815 1.79209 0.0109568
      vertex -3.86011 1.84464 0.0109568
      vertex -3.89547 1.81895 0.0109568
    endloop
  endfacet
  facet normal 0 0 0
    outer loop
      vertex -6.53648 111.132 0.0109568
      vertex -3.79094 114 0.0109568
      vertex -6.37968 110.86 0.0109568
    endloop
  endfacet
  facet normal 0 0 0
    outer loop
      vertex -3.97815 1.79209 0.0109568
      vertex -3.89547 1.81895 0.0109568
      vertex -3.9354 1.80118 0.0109568
    endloop
  endfacet
  facet normal 0 0 0
    outer loop
      vertex -6.7463 111.365 0.0109568
      vertex -3.79094 114 0.0109568
      vertex -6.53648 111.132 0.0109568
    endloop
  endfacet
  facet normal 0 0 0
    outer loop
      vertex -3.79094 2 0.0109568
      vertex -3.97815 1.79209 0.0109568
      vertex -6.7463 4.63528 0.0109568
    endloop
  endfacet
  facet normal 0 0 0
    outer loop
      vertex -3.97815 114.208 0.0109568
      vertex -3.79094 114 0.0109568
      vertex -6.7463 111.365 0.0109568
    endloop
  endfacet
  facet normal 0 0 0
    outer loop
      vertex -3.79551 114.043 0.0109568
      vertex -3.97815 114.208 0.0109568
      vertex -3.80902 114.085 0.0109568
    endloop
  endfacet
  facet normal 0 0 0
    outer loop
      vertex -3.79094 2 0.0109568
      vertex -6.28278 5.43813 0.0109568
      vertex -6.25 5.75 0.0109568
    endloop
  endfacet
  facet normal 0 0 0
    outer loop
      vertex -3.79094 2 0.0109568
      vertex -6.37968 5.13989 0.0109568
      vertex -6.28278 5.43813 0.0109568
    endloop
  endfacet
  facet normal 0 0 0
    outer loop
      vertex -3.79094 2 0.0109568
      vertex -6.53648 4.86832 0.0109568
      vertex -6.37968 5.13989 0.0109568
    endloop
  endfacet
  facet normal 0 0 0
    outer loop
      vertex -3.79094 2 0.0109568
      vertex -6.7463 4.63528 0.0109568
      vertex -6.53648 4.86832 0.0109568
    endloop
  endfacet
  facet normal 0 0 0
    outer loop
      vertex -3.97815 1.79209 0.0109568
      vertex -7 4.45096 0.0109568
      vertex -6.7463 4.63528 0.0109568
    endloop
  endfacet
  facet normal 0 0 0
    outer loop
      vertex -3.97815 1.79209 0.0109568
      vertex -7.28648 4.32341 0.0109568
      vertex -7 4.45096 0.0109568
    endloop
  endfacet
  facet normal 0 0 0
    outer loop
      vertex -3.97815 1.79209 0.0109568
      vertex -7.59321 4.25822 0.0109568
      vertex -7.28648 4.32341 0.0109568
    endloop
  endfacet
  facet normal 0 0 0
    outer loop
      vertex -3.97815 1.79209 0.0109568
      vertex -7.90679 4.25822 0.0109568
      vertex -7.59321 4.25822 0.0109568
    endloop
  endfacet
  facet normal 0 0 0
    outer loop
      vertex -3.97815 1.79209 0.0109568
      vertex -8.21353 4.32341 0.0109568
      vertex -7.90679 4.25822 0.0109568
    endloop
  endfacet
  facet normal 0 0 0
    outer loop
      vertex -3.97815 1.79209 0.0109568
      vertex -8.5 4.45096 0.0109568
      vertex -8.21353 4.32341 0.0109568
    endloop
  endfacet
  facet normal 0 0 0
    outer loop
      vertex -9.12032 109.64 0.0109568
      vertex -58.75 110.25 0.0109568
      vertex -9.21722 109.938 0.0109568
    endloop
  endfacet
  facet normal 0 0 0
    outer loop
      vertex -9.21722 5.43813 0.0109568
      vertex -58.75 5.75 0.0109568
      vertex -9.25 5.75 0.0109568
    endloop
  endfacet
  facet normal 0 0 0
    outer loop
      vertex -58.7828 5.43813 0.0109568
      vertex -9.21722 5.43813 0.0109568
      vertex -9.12032 5.13989 0.0109568
    endloop
  endfacet
  facet normal 0 0 0
    outer loop
      vertex -58.8797 5.13989 0.0109568
      vertex -9.12032 5.13989 0.0109568
      vertex -8.96353 4.86832 0.0109568
    endloop
  endfacet
  facet normal 0 0 0
    outer loop
      vertex -59.0365 4.86832 0.0109568
      vertex -8.96353 4.86832 0.0109568
      vertex -8.7537 4.63528 0.0109568
    endloop
  endfacet
  facet normal 0 0 0
    outer loop
      vertex -59.2463 4.63528 0.0109568
      vertex -8.7537 4.63528 0.0109568
      vertex -8.5 4.45096 0.0109568
    endloop
  endfacet
  facet normal 0 0 0
    outer loop
      vertex -59.5 4.45096 0.0109568
      vertex -8.5 4.45096 0.0109568
      vertex -3.97815 1.79209 0.0109568
    endloop
  endfacet
  facet normal 0 0 0
    outer loop
      vertex -9.21722 5.43813 0.0109568
      vertex -58.7828 5.43813 0.0109568
      vertex -58.75 5.75 0.0109568
    endloop
  endfacet
  facet normal 0 0 0
    outer loop
      vertex -9.12032 5.13989 0.0109568
      vertex -58.8797 5.13989 0.0109568
      vertex -58.7828 5.43813 0.0109568
    endloop
  endfacet
  facet normal 0 0 0
    outer loop
      vertex -8.96353 4.86832 0.0109568
      vertex -59.0365 4.86832 0.0109568
      vertex -58.8797 5.13989 0.0109568
    endloop
  endfacet
  facet normal 0 0 0
    outer loop
      vertex -8.7537 4.63528 0.0109568
      vertex -59.2463 4.63528 0.0109568
      vertex -59.0365 4.86832 0.0109568
    endloop
  endfacet
  facet normal 0 0 0
    outer loop
      vertex -8.5 4.45096 0.0109568
      vertex -59.5 4.45096 0.0109568
      vertex -59.2463 4.63528 0.0109568
    endloop
  endfacet
  facet normal 0 0 0
    outer loop
      vertex -64.0219 1.79209 0.0109568
      vertex -59.5 4.45096 0.0109568
      vertex -3.97815 1.79209 0.0109568
    endloop
  endfacet
  facet normal 0 0 0
    outer loop
      vertex -59.5 4.45096 0.0109568
      vertex -64.0219 1.79209 0.0109568
      vertex -59.7865 4.32341 0.0109568
    endloop
  endfacet
  facet normal 0 0 0
    outer loop
      vertex -59.7865 4.32341 0.0109568
      vertex -64.0219 1.79209 0.0109568
      vertex -60.0932 4.25822 0.0109568
    endloop
  endfacet
  facet normal 0 0 0
    outer loop
      vertex -61.7172 5.43813 0.0109568
      vertex -64.2091 2 0.0109568
      vertex -61.75 5.75 0.0109568
    endloop
  endfacet
  facet normal 0 0 0
    outer loop
      vertex -61.6203 5.13989 0.0109568
      vertex -64.2091 2 0.0109568
      vertex -61.7172 5.43813 0.0109568
    endloop
  endfacet
  facet normal 0 0 0
    outer loop
      vertex -61.4635 4.86832 0.0109568
      vertex -64.2091 2 0.0109568
      vertex -61.6203 5.13989 0.0109568
    endloop
  endfacet
  facet normal 0 0 0
    outer loop
      vertex -61.2537 4.63528 0.0109568
      vertex -64.2091 2 0.0109568
      vertex -61.4635 4.86832 0.0109568
    endloop
  endfacet
  facet normal 0 0 0
    outer loop
      vertex -64.2091 2 0.0109568
      vertex -61.2537 4.63528 0.0109568
      vertex -64.0219 1.79209 0.0109568
    endloop
  endfacet
  facet normal 0 0 0
    outer loop
      vertex -61 4.45096 0.0109568
      vertex -64.0219 1.79209 0.0109568
      vertex -61.2537 4.63528 0.0109568
    endloop
  endfacet
  facet normal 0 0 0
    outer loop
      vertex -60.7135 4.32341 0.0109568
      vertex -64.0219 1.79209 0.0109568
      vertex -61 4.45096 0.0109568
    endloop
  endfacet
  facet normal 0 0 0
    outer loop
      vertex -60.4068 4.25822 0.0109568
      vertex -64.0219 1.79209 0.0109568
      vertex -60.7135 4.32341 0.0109568
    endloop
  endfacet
  facet normal 0 0 0
    outer loop
      vertex -60.0932 4.25822 0.0109568
      vertex -64.0219 1.79209 0.0109568
      vertex -60.4068 4.25822 0.0109568
    endloop
  endfacet
  facet normal 0 0 0
    outer loop
      vertex -3.80902 114.085 0.0109568
      vertex -3.97815 114.208 0.0109568
      vertex -3.83087 114.123 0.0109568
    endloop
  endfacet
  facet normal 0 0 0
    outer loop
      vertex -3.83087 114.123 0.0109568
      vertex -3.97815 114.208 0.0109568
      vertex -3.86011 114.155 0.0109568
    endloop
  endfacet
  facet normal 0 0 0
    outer loop
      vertex -3.89547 114.181 0.0109568
      vertex -3.97815 114.208 0.0109568
      vertex -3.9354 114.199 0.0109568
    endloop
  endfacet
  facet normal 0 0 0
    outer loop
      vertex -3.86011 114.155 0.0109568
      vertex -3.97815 114.208 0.0109568
      vertex -3.89547 114.181 0.0109568
    endloop
  endfacet
  facet normal 0 0 0
    outer loop
      vertex -3.79094 114 0.0109568
      vertex -3.97815 114.208 0.0109568
      vertex -3.79551 114.043 0.0109568
    endloop
  endfacet
  facet normal 0 0 0
    outer loop
      vertex -7 111.549 0.0109568
      vertex -3.97815 114.208 0.0109568
      vertex -6.7463 111.365 0.0109568
    endloop
  endfacet
  facet normal 0 0 0
    outer loop
      vertex -7.28648 111.677 0.0109568
      vertex -3.97815 114.208 0.0109568
      vertex -7 111.549 0.0109568
    endloop
  endfacet
  facet normal 0 0 0
    outer loop
      vertex -7.59321 111.742 0.0109568
      vertex -3.97815 114.208 0.0109568
      vertex -7.28648 111.677 0.0109568
    endloop
  endfacet
  facet normal 0 0 0
    outer loop
      vertex -7.90679 111.742 0.0109568
      vertex -3.97815 114.208 0.0109568
      vertex -7.59321 111.742 0.0109568
    endloop
  endfacet
  facet normal 0 0 0
    outer loop
      vertex -8.21353 111.677 0.0109568
      vertex -3.97815 114.208 0.0109568
      vertex -7.90679 111.742 0.0109568
    endloop
  endfacet
  facet normal 0 0 0
    outer loop
      vertex -8.5 111.549 0.0109568
      vertex -3.97815 114.208 0.0109568
      vertex -8.21353 111.677 0.0109568
    endloop
  endfacet
  facet normal 0 0 0
    outer loop
      vertex -9.21722 109.938 0.0109568
      vertex -58.75 110.25 0.0109568
      vertex -9.25 110.25 0.0109568
    endloop
  endfacet
  facet normal 0 0 0
    outer loop
      vertex -9.25 110.25 0.0109568
      vertex -58.75 110.25 0.0109568
      vertex -9.21722 110.562 0.0109568
    endloop
  endfacet
  facet normal 0 0 0
    outer loop
      vertex -58.7828 110.562 0.0109568
      vertex -9.21722 110.562 0.0109568
      vertex -58.75 110.25 0.0109568
    endloop
  endfacet
  facet normal 0 0 0
    outer loop
      vertex -9.21722 110.562 0.0109568
      vertex -58.7828 110.562 0.0109568
      vertex -9.12032 110.86 0.0109568
    endloop
  endfacet
  facet normal 0 0 0
    outer loop
      vertex -58.8797 110.86 0.0109568
      vertex -9.12032 110.86 0.0109568
      vertex -58.7828 110.562 0.0109568
    endloop
  endfacet
  facet normal 0 0 0
    outer loop
      vertex -9.12032 110.86 0.0109568
      vertex -58.8797 110.86 0.0109568
      vertex -8.96353 111.132 0.0109568
    endloop
  endfacet
  facet normal 0 0 0
    outer loop
      vertex -59.0365 111.132 0.0109568
      vertex -8.96353 111.132 0.0109568
      vertex -58.8797 110.86 0.0109568
    endloop
  endfacet
  facet normal 0 0 0
    outer loop
      vertex -8.96353 111.132 0.0109568
      vertex -59.0365 111.132 0.0109568
      vertex -8.7537 111.365 0.0109568
    endloop
  endfacet
  facet normal 0 0 0
    outer loop
      vertex -59.2463 111.365 0.0109568
      vertex -8.7537 111.365 0.0109568
      vertex -59.0365 111.132 0.0109568
    endloop
  endfacet
  facet normal 0 0 0
    outer loop
      vertex -8.7537 111.365 0.0109568
      vertex -59.2463 111.365 0.0109568
      vertex -8.5 111.549 0.0109568
    endloop
  endfacet
  facet normal 0 0 0
    outer loop
      vertex -59.5 111.549 0.0109568
      vertex -8.5 111.549 0.0109568
      vertex -59.2463 111.365 0.0109568
    endloop
  endfacet
  facet normal 0 0 0
    outer loop
      vertex -8.5 111.549 0.0109568
      vertex -59.5 111.549 0.0109568
      vertex -3.97815 114.208 0.0109568
    endloop
  endfacet
  facet normal 0 0 0
    outer loop
      vertex -64.0219 114.208 0.0109568
      vertex -59.5 111.549 0.0109568
      vertex -59.7865 111.677 0.0109568
    endloop
  endfacet
  facet normal 0 0 0
    outer loop
      vertex -64.0219 114.208 0.0109568
      vertex -59.7865 111.677 0.0109568
      vertex -60.0932 111.742 0.0109568
    endloop
  endfacet
  facet normal 0 0 0
    outer loop
      vertex -64.0219 114.208 0.0109568
      vertex -60.0932 111.742 0.0109568
      vertex -60.4068 111.742 0.0109568
    endloop
  endfacet
  facet normal 0 0 0
    outer loop
      vertex -59.5 111.549 0.0109568
      vertex -64.0219 114.208 0.0109568
      vertex -3.97815 114.208 0.0109568
    endloop
  endfacet
  facet normal 0 0 0
    outer loop
      vertex -60.7135 111.677 0.0109568
      vertex -64.0219 114.208 0.0109568
      vertex -60.4068 111.742 0.0109568
    endloop
  endfacet
  facet normal 0 0 0
    outer loop
      vertex -61 111.549 0.0109568
      vertex -64.0219 114.208 0.0109568
      vertex -60.7135 111.677 0.0109568
    endloop
  endfacet
  facet normal 0 0 0
    outer loop
      vertex -61.2537 111.365 0.0109568
      vertex -64.0219 114.208 0.0109568
      vertex -61 111.549 0.0109568
    endloop
  endfacet
  facet normal 0 0 0
    outer loop
      vertex -64.2091 114 0.0109568
      vertex -61.2537 111.365 0.0109568
      vertex -61.4635 111.132 0.0109568
    endloop
  endfacet
  facet normal 0 0 0
    outer loop
      vertex -64.2091 114 0.0109568
      vertex -61.4635 111.132 0.0109568
      vertex -61.6203 110.86 0.0109568
    endloop
  endfacet
  facet normal 0 0 0
    outer loop
      vertex -64.2091 114 0.0109568
      vertex -61.6203 110.86 0.0109568
      vertex -61.7172 110.562 0.0109568
    endloop
  endfacet
  facet normal 0 0 0
    outer loop
      vertex -64.2091 114 0.0109568
      vertex -61.7172 110.562 0.0109568
      vertex -61.75 110.25 0.0109568
    endloop
  endfacet
  facet normal 0 0 0
    outer loop
      vertex -61.6203 109.64 0.0109568
      vertex -64.2091 114 0.0109568
      vertex -61.7172 109.938 0.0109568
    endloop
  endfacet
  facet normal 0 0 0
    outer loop
      vertex -64.2091 2 0.0109568
      vertex -64.0219 1.79209 0.0109568
      vertex -64.0646 1.80118 0.0109568
    endloop
  endfacet
  facet normal 0 0 0
    outer loop
      vertex -61.7172 109.938 0.0109568
      vertex -64.2091 114 0.0109568
      vertex -61.75 110.25 0.0109568
    endloop
  endfacet
  facet normal 0 0 0
    outer loop
      vertex -64.2091 2 0.0109568
      vertex -64.0646 1.80118 0.0109568
      vertex -64.1045 1.81895 0.0109568
    endloop
  endfacet
  facet normal 0 0 0
    outer loop
      vertex -61.2537 111.365 0.0109568
      vertex -64.2091 114 0.0109568
      vertex -64.0219 114.208 0.0109568
    endloop
  endfacet
  facet normal 0 0 0
    outer loop
      vertex -64.2091 2 0.0109568
      vertex -64.1045 1.81895 0.0109568
      vertex -64.1399 1.84464 0.0109568
    endloop
  endfacet
  facet normal 0 0 0
    outer loop
      vertex -64.0219 114.208 0.0109568
      vertex -64.2091 114 0.0109568
      vertex -64.0646 114.199 0.0109568
    endloop
  endfacet
  facet normal 0 0 0
    outer loop
      vertex -64.2091 2 0.0109568
      vertex -64.1399 1.84464 0.0109568
      vertex -64.1691 1.87712 0.0109568
    endloop
  endfacet
  facet normal 0 0 0
    outer loop
      vertex -64.0646 114.199 0.0109568
      vertex -64.2091 114 0.0109568
      vertex -64.1045 114.181 0.0109568
    endloop
  endfacet
  facet normal 0 0 0
    outer loop
      vertex -64.2091 2 0.0109568
      vertex -64.1691 1.87712 0.0109568
      vertex -64.191 1.91497 0.0109568
    endloop
  endfacet
  facet normal 0 0 0
    outer loop
      vertex -64.1045 114.181 0.0109568
      vertex -64.2091 114 0.0109568
      vertex -64.1399 114.155 0.0109568
    endloop
  endfacet
  facet normal 0 0 0
    outer loop
      vertex -64.2091 2 0.0109568
      vertex -64.191 1.91497 0.0109568
      vertex -64.2045 1.95654 0.0109568
    endloop
  endfacet
  facet normal 0 0 0
    outer loop
      vertex -64.1399 114.155 0.0109568
      vertex -64.2091 114 0.0109568
      vertex -64.1691 114.123 0.0109568
    endloop
  endfacet
  facet normal 0 0 0
    outer loop
      vertex -64.1691 114.123 0.0109568
      vertex -64.2091 114 0.0109568
      vertex -64.191 114.085 0.0109568
    endloop
  endfacet
  facet normal 0 0 0
    outer loop
      vertex -64.191 114.085 0.0109568
      vertex -64.2091 114 0.0109568
      vertex -64.2045 114.043 0.0109568
    endloop
  endfacet
  facet normal 0 0 0
    outer loop
      vertex -64.191 0.182919 1.18653
      vertex -3.79551 0.0544224 1.58418
      vertex -64.2045 0.0544224 1.58418
    endloop
  endfacet
  facet normal 0 0 0
    outer loop
      vertex -3.79551 0.0544224 1.58418
      vertex -64.191 0.182919 1.18653
      vertex -3.80902 0.182919 1.18653
    endloop
  endfacet
  facet normal 0 0 0
    outer loop
      vertex -64.2045 0.0544224 1.58418
      vertex -64.6045 0.139453 1.58418
      vertex -64.191 0.182919 1.18653
    endloop
  endfacet
  facet normal 0 0 0
    outer loop
      vertex -64.809 1.41222 0.26795
      vertex -64.9135 1.59326 0.26795
      vertex -64.5 1.63673 0.097887
    endloop
  endfacet
  facet normal 0 0 0
    outer loop
      vertex -64.1691 0.39083 0.82443
      vertex -64.5 0.461159 0.82443
      vertex -64.1399 0.66907 0.513711
    endloop
  endfacet
  facet normal 0 0 0
    outer loop
      vertex -64.6045 1.8715 0.097887
      vertex -64.618 2 0.097887
      vertex -64.2091 2 0.0109568
    endloop
  endfacet
  facet normal 0 0 0
    outer loop
      vertex -64.4135 1.54071 0.097887
      vertex -64.5 1.63673 0.097887
      vertex -64.1399 1.84464 0.0109568
    endloop
  endfacet
  facet normal 0 0 0
    outer loop
      vertex -65.8271 114.813 2
      vertex -65.618 115.176 3
      vertex -65.618 115.176 2
    endloop
  endfacet
  facet normal 0 0 0
    outer loop
      vertex -65.618 115.176 3
      vertex -65.8271 114.813 2
      vertex -65.8271 114.813 3
    endloop
  endfacet
  facet normal 0 0 0
    outer loop
      vertex -64.1691 115.609 0.82443
      vertex -64.5646 115.738 1.18653
      vertex -64.191 115.817 1.18653
    endloop
  endfacet
  facet normal 0 0 0
    outer loop
      vertex -64.5646 114.251 0.097887
      vertex -64.9135 114.407 0.26795
      vertex -64.5 114.363 0.097887
    endloop
  endfacet
  facet normal 0 0 0
    outer loop
      vertex -64.5646 115.738 1.18653
      vertex -64.9135 115.582 1.18653
      vertex -64.6045 115.861 1.58418
    endloop
  endfacet
  facet normal 0 0 0
    outer loop
      vertex -64.5 115.539 0.82443
      vertex -64.809 115.401 0.82443
      vertex -64.5646 115.738 1.18653
    endloop
  endfacet
  facet normal 0 0 0
    outer loop
      vertex -65.309 114.278 0.513711
      vertex -65.5827 114.336 0.82443
      vertex -65.2226 114.544 0.513711
    endloop
  endfacet
  facet normal 0 0 0
    outer loop
      vertex -65.2226 114.544 0.513711
      vertex -65.5827 114.336 0.82443
      vertex -65.4781 114.658 0.82443
    endloop
  endfacet
  facet normal 0 0 0
    outer loop
      vertex -3.5 115.539 0.82443
      vertex -3.83087 115.609 0.82443
      vertex -3.4354 115.738 1.18653
    endloop
  endfacet
  facet normal 0 0 0
    outer loop
      vertex -64.0646 114.615 0.097887
      vertex -64.309 114.951 0.26795
      vertex -64.1045 114.995 0.26795
    endloop
  endfacet
  facet normal 0 0 0
    outer loop
      vertex -64.309 114.951 0.26795
      vertex -64.4135 115.273 0.513711
      vertex -64.1399 115.331 0.513711
    endloop
  endfacet
  facet normal 0 0 0
    outer loop
      vertex -64.0219 114.208 0.0109568
      vertex -3.9354 114.615 0.097887
      vertex -3.97815 114.208 0.0109568
    endloop
  endfacet
  facet normal 0 0 0
    outer loop
      vertex -3.9354 114.615 0.097887
      vertex -64.0219 114.208 0.0109568
      vertex -64.0646 114.615 0.097887
    endloop
  endfacet
  facet normal 0 0 0
    outer loop
      vertex -64.2045 114.043 0.0109568
      vertex -64.6045 114.128 0.097887
      vertex -64.191 114.085 0.0109568
    endloop
  endfacet
  facet normal 0 0 0
    outer loop
      vertex -2.17291 114.813 3
      vertex -2.38197 115.176 2
      vertex -2.38197 115.176 3
    endloop
  endfacet
  facet normal 0 0 0
    outer loop
      vertex -2.38197 115.176 2
      vertex -2.17291 114.813 3
      vertex -2.17291 114.813 2
    endloop
  endfacet
  facet normal 0 0 0
    outer loop
      vertex -2.38197 115.176 3
      vertex -2.66174 115.486 2
      vertex -2.66174 115.486 3
    endloop
  endfacet
  facet normal 0 0 0
    outer loop
      vertex -2.66174 115.486 2
      vertex -2.38197 115.176 3
      vertex -2.38197 115.176 2
    endloop
  endfacet
  facet normal 0 0 0
    outer loop
      vertex -3.79094 115.989 2
      vertex -64.2091 115.989 3
      vertex -3.79094 115.989 3
    endloop
  endfacet
  facet normal 0 0 0
    outer loop
      vertex -64.2091 115.989 3
      vertex -3.79094 115.989 2
      vertex -64.2091 115.989 2
    endloop
  endfacet
  facet normal 0 0 0
    outer loop
      vertex -2.17291 114 1.18653
      vertex -2.41732 114.336 0.82443
      vertex -2.21284 114.38 1.18653
    endloop
  endfacet
  facet normal 0 0 0
    outer loop
      vertex -2.0437 114.416 2
      vertex -2.21284 114.796 1.58418
      vertex -2.17291 114.813 2
    endloop
  endfacet
  facet normal 0 0 0
    outer loop
      vertex -2 114 2
      vertex -2.0437 114 1.58418
      vertex -2.0437 114.416 2
    endloop
  endfacet
  facet normal 0 0 0
    outer loop
      vertex -2.38197 114 0.82443
      vertex -2.66174 114 0.513711
      vertex -2.41732 114.336 0.82443
    endloop
  endfacet
  facet normal 0 0 0
    outer loop
      vertex -2.33087 114.743 1.18653
      vertex -2.52185 114.658 0.82443
      vertex -2.52185 115.074 1.18653
    endloop
  endfacet
  facet normal 0 0 0
    outer loop
      vertex -3.69098 114.535 0.097887
      vertex -3.89547 114.181 0.0109568
      vertex -3.80902 114.588 0.097887
    endloop
  endfacet
  facet normal 0 0 0
    outer loop
      vertex -3.69098 114.535 0.097887
      vertex -3.80902 114.588 0.097887
      vertex -3.5 114.866 0.26795
    endloop
  endfacet
  facet normal 0 0 0
    outer loop
      vertex -2.91732 114.787 0.513711
      vertex -3.10453 114.995 0.513711
      vertex -2.91732 115.202 0.82443
    endloop
  endfacet
  facet normal 0 0 0
    outer loop
      vertex -3.02185 114.208 0.26795
      vertex -3.08646 114.407 0.26795
      vertex -2.77744 114.544 0.513711
    endloop
  endfacet
  facet normal 0 0 0
    outer loop
      vertex -2.77744 114.544 0.513711
      vertex -2.91732 114.787 0.513711
      vertex -2.52185 114.658 0.82443
    endloop
  endfacet
  facet normal 0 0 0
    outer loop
      vertex -2.41732 114.336 0.82443
      vertex -2.77744 114.544 0.513711
      vertex -2.52185 114.658 0.82443
    endloop
  endfacet
  facet normal 0 0 0
    outer loop
      vertex -3.79094 114 0.0109568
      vertex -3.79551 114.043 0.0109568
      vertex -3.39547 114.128 0.097887
    endloop
  endfacet
  facet normal 0 0 0
    outer loop
      vertex -3.5 1.63673 0.097887
      vertex -3.83087 1.87712 0.0109568
      vertex -3.80902 1.91497 0.0109568
    endloop
  endfacet
  facet normal 0 0 0
    outer loop
      vertex -3.33087 1.25686 0.26795
      vertex -3.5 1.63673 0.097887
      vertex -3.19098 1.41222 0.26795
    endloop
  endfacet
  facet normal 0 0 0
    outer loop
      vertex -3.08646 1.59326 0.26795
      vertex -3.5 1.63673 0.097887
      vertex -3.4354 1.74862 0.097887
    endloop
  endfacet
  facet normal 0 0 0
    outer loop
      vertex -3.80902 1.41222 0.097887
      vertex -3.89547 1.81895 0.0109568
      vertex -3.69098 1.46477 0.097887
    endloop
  endfacet
  facet normal 0 0 0
    outer loop
      vertex -3.89547 1.00548 0.26795
      vertex -3.9354 1.38535 0.097887
      vertex -3.69098 1.04894 0.26795
    endloop
  endfacet
  facet normal 0 0 0
    outer loop
      vertex -3.19098 1.41222 0.26795
      vertex -3.5 1.63673 0.097887
      vertex -3.08646 1.59326 0.26795
    endloop
  endfacet
  facet normal 0 0 0
    outer loop
      vertex -2.41732 1.66359 0.82443
      vertex -2.69098 1.72176 0.513711
      vertex -2.66174 2 0.513711
    endloop
  endfacet
  facet normal 0 0 0
    outer loop
      vertex -2.0437 2 1.58418
      vertex -2.21284 1.62013 1.18653
      vertex -2.17291 2 1.18653
    endloop
  endfacet
  facet normal 0 0 0
    outer loop
      vertex -2.21284 1.2043 1.58418
      vertex -2.41732 0.850119 1.58418
      vertex -2.33087 1.25686 1.18653
    endloop
  endfacet
  facet normal 0 0 0
    outer loop
      vertex -2.21284 1.2043 1.58418
      vertex -2.33087 1.25686 1.18653
      vertex -2.08646 1.59326 1.58418
    endloop
  endfacet
  facet normal 0 0 0
    outer loop
      vertex -2.41732 1.66359 0.82443
      vertex -2.66174 2 0.513711
      vertex -2.38197 2 0.82443
    endloop
  endfacet
  facet normal 0 0 0
    outer loop
      vertex -2.17291 2 1.18653
      vertex -2.41732 1.66359 0.82443
      vertex -2.38197 2 0.82443
    endloop
  endfacet
  facet normal 0 0 0
    outer loop
      vertex -2.69098 114.278 0.513711
      vertex -2.77744 114.544 0.513711
      vertex -2.41732 114.336 0.82443
    endloop
  endfacet
  facet normal 0 0 0
    outer loop
      vertex -2.41732 114.336 0.82443
      vertex -2.52185 114.658 0.82443
      vertex -2.33087 114.743 1.18653
    endloop
  endfacet
  facet normal 0 0 0
    outer loop
      vertex -2.69098 0.54619 1.58418
      vertex -2.77744 0.642207 1.18653
      vertex -2.41732 0.850119 1.58418
    endloop
  endfacet
  facet normal 0 0 0
    outer loop
      vertex -3 0.26795 2
      vertex -3.02185 0.305799 1.58418
      vertex -2.66174 0.513711 2
    endloop
  endfacet
  facet normal 0 0 0
    outer loop
      vertex -3.08646 0.417693 1.18653
      vertex -3.4354 0.262334 1.18653
      vertex -3.19098 0.598742 0.82443
    endloop
  endfacet
  facet normal 0 0 0
    outer loop
      vertex -3.80902 0.182919 1.18653
      vertex -3.83087 0.39083 0.82443
      vertex -3.4354 0.262334 1.18653
    endloop
  endfacet
  facet normal 0 0 0
    outer loop
      vertex -3.08646 0.417693 1.18653
      vertex -3.19098 0.598742 0.82443
      vertex -2.91732 0.797566 0.82443
    endloop
  endfacet
  facet normal 0 0 0
    outer loop
      vertex -2.33087 1.25686 1.18653
      vertex -2.52185 0.926064 1.18653
      vertex -2.52185 1.34189 0.82443
    endloop
  endfacet
  facet normal 0 0 0
    outer loop
      vertex -65.7872 1.2043 1.58418
      vertex -65.9563 1.58418 2
      vertex -65.9135 1.59326 1.58418
    endloop
  endfacet
  facet normal 0 0 0
    outer loop
      vertex -65.8271 1.18653 2
      vertex -65.9563 1.58418 2
      vertex -65.7872 1.2043 1.58418
    endloop
  endfacet
  facet normal 0 0 0
    outer loop
      vertex -65.7872 1.62013 1.18653
      vertex -65.8271 2 1.18653
      vertex -65.5827 1.66359 0.82443
    endloop
  endfacet
  facet normal 0 0 0
    outer loop
      vertex -65.6691 1.25686 1.18653
      vertex -65.7872 1.62013 1.18653
      vertex -65.5827 1.66359 0.82443
    endloop
  endfacet
  facet normal 0 0 0
    outer loop
      vertex -64.9781 1.79209 0.26795
      vertex -65 2 0.26795
      vertex -64.618 2 0.097887
    endloop
  endfacet
  facet normal 0 0 0
    outer loop
      vertex -65.0827 0.797566 0.82443
      vertex -65.4781 0.926064 1.18653
      vertex -65.309 1.04894 0.82443
    endloop
  endfacet
  facet normal 0 0 0
    outer loop
      vertex -65.5827 1.66359 0.82443
      vertex -65.8271 2 1.18653
      vertex -65.618 2 0.82443
    endloop
  endfacet
  facet normal 0 0 0
    outer loop
      vertex -65.5827 1.66359 0.82443
      vertex -65.618 2 0.82443
      vertex -65.3383 2 0.513711
    endloop
  endfacet
  facet normal 0 0 0
    outer loop
      vertex -64.618 0.097887 2
      vertex -64.2091 0.0109568 3
      vertex -64.618 0.097887 3
    endloop
  endfacet
  facet normal 0 0 0
    outer loop
      vertex -64.2091 0.0109568 3
      vertex -64.618 0.097887 2
      vertex -64.2091 0.0109568 2
    endloop
  endfacet
  facet normal 0 0 0
    outer loop
      vertex -65.5827 114.336 0.82443
      vertex -65.7872 114.38 1.18653
      vertex -65.6691 114.743 1.18653
    endloop
  endfacet
  facet normal 0 0 0
    outer loop
      vertex -65.5827 114.336 0.82443
      vertex -65.8271 114 1.18653
      vertex -65.7872 114.38 1.18653
    endloop
  endfacet
  facet normal 0 0 0
    outer loop
      vertex -65.3383 0.513711 2
      vertex -65.618 0.82443 2
      vertex -65.5827 0.850119 1.58418
    endloop
  endfacet
  facet normal 0 0 0
    outer loop
      vertex -65.3383 0.513711 2
      vertex -65.618 0.82443 3
      vertex -65.618 0.82443 2
    endloop
  endfacet
  facet normal 0 0 0
    outer loop
      vertex -65.618 0.82443 3
      vertex -65.3383 0.513711 2
      vertex -65.3383 0.513711 3
    endloop
  endfacet
  facet normal 0 0 0
    outer loop
      vertex -64.0646 1.38535 0.097887
      vertex -64.191 1.41222 0.097887
      vertex -64.0646 1.80118 0.0109568
    endloop
  endfacet
  facet normal 0 0 0
    outer loop
      vertex -64.0646 1.80118 0.0109568
      vertex -64.191 1.41222 0.097887
      vertex -64.1045 1.81895 0.0109568
    endloop
  endfacet
  facet normal 0 0 0
    outer loop
      vertex -64.1045 1.81895 0.0109568
      vertex -64.4135 1.54071 0.097887
      vertex -64.1399 1.84464 0.0109568
    endloop
  endfacet
  facet normal 0 0 0
    outer loop
      vertex -64.6691 1.25686 0.26795
      vertex -64.809 1.41222 0.26795
      vertex -64.5 1.63673 0.097887
    endloop
  endfacet
  facet normal 0 0 0
    outer loop
      vertex -64.191 1.41222 0.097887
      vertex -64.309 1.46477 0.097887
      vertex -64.1045 1.81895 0.0109568
    endloop
  endfacet
  facet normal 0 0 0
    outer loop
      vertex -64.309 1.04894 0.26795
      vertex -64.5 1.13398 0.26795
      vertex -64.191 1.41222 0.097887
    endloop
  endfacet
  facet normal 0 0 0
    outer loop
      vertex -64.2091 0.0109568 2
      vertex -64.618 0.097887 2
      vertex -64.6045 0.139453 1.58418
    endloop
  endfacet
  facet normal 0 0 0
    outer loop
      vertex -64.191 0.182919 1.18653
      vertex -64.5646 0.262334 1.18653
      vertex -64.1691 0.39083 0.82443
    endloop
  endfacet
  facet normal 0 0 0
    outer loop
      vertex -64.618 0.097887 2
      vertex -65 0.26795 2
      vertex -64.6045 0.139453 1.58418
    endloop
  endfacet
  facet normal 0 0 0
    outer loop
      vertex -64.6045 0.139453 1.58418
      vertex -64.9135 0.417693 1.18653
      vertex -64.5646 0.262334 1.18653
    endloop
  endfacet
  facet normal 0 0 0
    outer loop
      vertex -64.9781 0.305799 1.58418
      vertex -65.2226 0.642207 1.18653
      vertex -64.9135 0.417693 1.18653
    endloop
  endfacet
  facet normal 0 0 0
    outer loop
      vertex -64.6691 0.841032 0.513711
      vertex -65.0827 0.797566 0.82443
      vertex -64.8955 1.00548 0.513711
    endloop
  endfacet
  facet normal 0 0 0
    outer loop
      vertex -65.5827 0.850119 1.58418
      vertex -65.6691 1.25686 1.18653
      vertex -65.4781 0.926064 1.18653
    endloop
  endfacet
  facet normal 0 0 0
    outer loop
      vertex -64.1399 0.66907 0.513711
      vertex -64.5 0.461159 0.82443
      vertex -64.4135 0.727239 0.513711
    endloop
  endfacet
  facet normal 0 0 0
    outer loop
      vertex -64.5646 1.74862 0.097887
      vertex -64.9781 1.79209 0.26795
      vertex -64.6045 1.8715 0.097887
    endloop
  endfacet
  facet normal 0 0 0
    outer loop
      vertex -64.6045 1.8715 0.097887
      vertex -64.9781 1.79209 0.26795
      vertex -64.618 2 0.097887
    endloop
  endfacet
  facet normal 0 0 0
    outer loop
      vertex -65.8271 1.18653 2
      vertex -65.9563 1.58418 3
      vertex -65.9563 1.58418 2
    endloop
  endfacet
  facet normal 0 0 0
    outer loop
      vertex -65.9563 1.58418 3
      vertex -65.8271 1.18653 2
      vertex -65.8271 1.18653 3
    endloop
  endfacet
  facet normal 0 0 0
    outer loop
      vertex -65.9563 114.416 2
      vertex -65.8271 114.813 3
      vertex -65.8271 114.813 2
    endloop
  endfacet
  facet normal 0 0 0
    outer loop
      vertex -65.8271 114.813 3
      vertex -65.9563 114.416 2
      vertex -65.9563 114.416 3
    endloop
  endfacet
  facet normal 0 0 0
    outer loop
      vertex -64.809 115.401 0.82443
      vertex -64.9135 115.582 1.18653
      vertex -64.5646 115.738 1.18653
    endloop
  endfacet
  facet normal 0 0 0
    outer loop
      vertex -65.0827 115.202 0.82443
      vertex -65.2226 115.358 1.18653
      vertex -64.9135 115.582 1.18653
    endloop
  endfacet
  facet normal 0 0 0
    outer loop
      vertex -64.8955 114.995 0.513711
      vertex -65.0827 115.202 0.82443
      vertex -64.6691 115.159 0.513711
    endloop
  endfacet
  facet normal 0 0 0
    outer loop
      vertex -65.0827 114.787 0.513711
      vertex -65.309 114.951 0.82443
      vertex -65.0827 115.202 0.82443
    endloop
  endfacet
  facet normal 0 0 0
    outer loop
      vertex -64.191 114.085 0.0109568
      vertex -64.5 114.363 0.097887
      vertex -64.1691 114.123 0.0109568
    endloop
  endfacet
  facet normal 0 0 0
    outer loop
      vertex -64.9135 114.407 0.26795
      vertex -65.0827 114.787 0.513711
      vertex -64.809 114.588 0.26795
    endloop
  endfacet
  facet normal 0 0 0
    outer loop
      vertex -64.5 114.363 0.097887
      vertex -64.6691 114.743 0.26795
      vertex -64.4135 114.459 0.097887
    endloop
  endfacet
  facet normal 0 0 0
    outer loop
      vertex -64.0219 114.208 0.0109568
      vertex -64.0646 114.199 0.0109568
      vertex -64.0646 114.615 0.097887
    endloop
  endfacet
  facet normal 0 0 0
    outer loop
      vertex -2.41732 115.15 1.58418
      vertex -2.69098 115.454 1.58418
      vertex -2.66174 115.486 2
    endloop
  endfacet
  facet normal 0 0 0
    outer loop
      vertex -2.69098 115.454 1.58418
      vertex -3.02185 115.694 1.58418
      vertex -2.66174 115.486 2
    endloop
  endfacet
  facet normal 0 0 0
    outer loop
      vertex -2.66174 115.486 2
      vertex -3 115.732 3
      vertex -2.66174 115.486 3
    endloop
  endfacet
  facet normal 0 0 0
    outer loop
      vertex -3 115.732 3
      vertex -2.66174 115.486 2
      vertex -3 115.732 2
    endloop
  endfacet
  facet normal 0 0 0
    outer loop
      vertex -2.66174 115.486 2
      vertex -3.02185 115.694 1.58418
      vertex -3 115.732 2
    endloop
  endfacet
  facet normal 0 0 0
    outer loop
      vertex -3.38197 115.902 2
      vertex -3.79094 115.989 3
      vertex -3.38197 115.902 3
    endloop
  endfacet
  facet normal 0 0 0
    outer loop
      vertex -3.79094 115.989 3
      vertex -3.38197 115.902 2
      vertex -3.79094 115.989 2
    endloop
  endfacet
  facet normal 0 0 0
    outer loop
      vertex -3 115.732 2
      vertex -3.38197 115.902 3
      vertex -3 115.732 3
    endloop
  endfacet
  facet normal 0 0 0
    outer loop
      vertex -3.38197 115.902 3
      vertex -3 115.732 2
      vertex -3.38197 115.902 2
    endloop
  endfacet
  facet normal 0 0 0
    outer loop
      vertex -2.08646 114.407 1.58418
      vertex -2.33087 114.743 1.18653
      vertex -2.21284 114.796 1.58418
    endloop
  endfacet
  facet normal 0 0 0
    outer loop
      vertex -2.08646 114.407 1.58418
      vertex -2.21284 114.796 1.58418
      vertex -2.0437 114.416 2
    endloop
  endfacet
  facet normal 0 0 0
    outer loop
      vertex -3.80902 114.588 0.097887
      vertex -3.9354 114.615 0.097887
      vertex -3.69098 114.951 0.26795
    endloop
  endfacet
  facet normal 0 0 0
    outer loop
      vertex -3.33087 114.743 0.26795
      vertex -3.5 114.866 0.26795
      vertex -3.33087 115.159 0.513711
    endloop
  endfacet
  facet normal 0 0 0
    outer loop
      vertex -3.33087 114.743 0.26795
      vertex -3.58646 114.459 0.097887
      vertex -3.5 114.866 0.26795
    endloop
  endfacet
  facet normal 0 0 0
    outer loop
      vertex -3 114 0.26795
      vertex -3.38197 114 0.097887
      vertex -3.02185 114.208 0.26795
    endloop
  endfacet
  facet normal 0 0 0
    outer loop
      vertex -3.86011 114.155 0.0109568
      vertex -3.89547 114.181 0.0109568
      vertex -3.58646 114.459 0.097887
    endloop
  endfacet
  facet normal 0 0 0
    outer loop
      vertex -3.33087 115.159 0.513711
      vertex -3.69098 114.951 0.26795
      vertex -3.58646 115.273 0.513711
    endloop
  endfacet
  facet normal 0 0 0
    outer loop
      vertex -3.69098 114.951 0.26795
      vertex -3.86011 115.331 0.513711
      vertex -3.58646 115.273 0.513711
    endloop
  endfacet
  facet normal 0 0 0
    outer loop
      vertex -3.4354 115.738 1.18653
      vertex -3.83087 115.609 0.82443
      vertex -3.80902 115.817 1.18653
    endloop
  endfacet
  facet normal 0 0 0
    outer loop
      vertex -2.69098 114.951 0.82443
      vertex -2.91732 114.787 0.513711
      vertex -2.91732 115.202 0.82443
    endloop
  endfacet
  facet normal 0 0 0
    outer loop
      vertex -2.77744 114.544 0.513711
      vertex -3.08646 114.407 0.26795
      vertex -2.91732 114.787 0.513711
    endloop
  endfacet
  facet normal 0 0 0
    outer loop
      vertex -3.08646 114.407 0.26795
      vertex -3.5 114.363 0.097887
      vertex -3.19098 114.588 0.26795
    endloop
  endfacet
  facet normal 0 0 0
    outer loop
      vertex -3.79551 114.043 0.0109568
      vertex -3.80902 114.085 0.0109568
      vertex -3.39547 114.128 0.097887
    endloop
  endfacet
  facet normal 0 0 0
    outer loop
      vertex -3.5 1.63673 0.097887
      vertex -3.86011 1.84464 0.0109568
      vertex -3.83087 1.87712 0.0109568
    endloop
  endfacet
  facet normal 0 0 0
    outer loop
      vertex -3.5 1.13398 0.26795
      vertex -3.58646 1.54071 0.097887
      vertex -3.33087 1.25686 0.26795
    endloop
  endfacet
  facet normal 0 0 0
    outer loop
      vertex -3.38197 114 0.097887
      vertex -3.79094 114 0.0109568
      vertex -3.39547 114.128 0.097887
    endloop
  endfacet
  facet normal 0 0 0
    outer loop
      vertex -2.69098 1.72176 0.513711
      vertex -3.02185 1.79209 0.26795
      vertex -2.66174 2 0.513711
    endloop
  endfacet
  facet normal 0 0 0
    outer loop
      vertex -2.77744 1.45568 0.513711
      vertex -3.02185 1.79209 0.26795
      vertex -2.69098 1.72176 0.513711
    endloop
  endfacet
  facet normal 0 0 0
    outer loop
      vertex -3.9354 1.38535 0.097887
      vertex -3.97815 1.79209 0.0109568
      vertex -3.9354 1.80118 0.0109568
    endloop
  endfacet
  facet normal 0 0 0
    outer loop
      vertex -3.33087 1.25686 0.26795
      vertex -3.58646 1.54071 0.097887
      vertex -3.5 1.63673 0.097887
    endloop
  endfacet
  facet normal 0 0 0
    outer loop
      vertex -2.91732 1.21339 0.513711
      vertex -3.08646 1.59326 0.26795
      vertex -2.77744 1.45568 0.513711
    endloop
  endfacet
  facet normal 0 0 0
    outer loop
      vertex -3.02185 1.79209 0.26795
      vertex -3.4354 1.74862 0.097887
      vertex -3.39547 1.8715 0.097887
    endloop
  endfacet
  facet normal 0 0 0
    outer loop
      vertex -2.66174 0.513711 2
      vertex -2.69098 0.54619 1.58418
      vertex -2.41732 0.850119 1.58418
    endloop
  endfacet
  facet normal 0 0 0
    outer loop
      vertex -2.66174 0.513711 2
      vertex -3.02185 0.305799 1.58418
      vertex -2.69098 0.54619 1.58418
    endloop
  endfacet
  facet normal 0 0 0
    outer loop
      vertex -3.58646 0.727239 0.513711
      vertex -3.69098 1.04894 0.26795
      vertex -3.33087 0.841032 0.513711
    endloop
  endfacet
  facet normal 0 0 0
    outer loop
      vertex -3.33087 0.841032 0.513711
      vertex -3.5 1.13398 0.26795
      vertex -3.33087 1.25686 0.26795
    endloop
  endfacet
  facet normal 0 0 0
    outer loop
      vertex -2.52185 1.34189 0.82443
      vertex -2.77744 1.45568 0.513711
      vertex -2.41732 1.66359 0.82443
    endloop
  endfacet
  facet normal 0 0 0
    outer loop
      vertex -2.52185 1.34189 0.82443
      vertex -2.91732 1.21339 0.513711
      vertex -2.77744 1.45568 0.513711
    endloop
  endfacet
  facet normal 0 0 0
    outer loop
      vertex -2.41732 0.850119 1.58418
      vertex -2.77744 0.642207 1.18653
      vertex -2.52185 0.926064 1.18653
    endloop
  endfacet
  facet normal 0 0 0
    outer loop
      vertex -2.91732 0.797566 0.82443
      vertex -3.33087 0.841032 0.513711
      vertex -3.10453 1.00548 0.513711
    endloop
  endfacet
  facet normal 0 0 0
    outer loop
      vertex -65.9563 1.58418 2
      vertex -66 2 3
      vertex -66 2 2
    endloop
  endfacet
  facet normal 0 0 0
    outer loop
      vertex -66 2 3
      vertex -65.9563 1.58418 2
      vertex -65.9563 1.58418 3
    endloop
  endfacet
  facet normal 0 0 0
    outer loop
      vertex -65.9563 1.58418 2
      vertex -66 2 2
      vertex -65.9563 2 1.58418
    endloop
  endfacet
  facet normal 0 0 0
    outer loop
      vertex -65.0827 1.21339 0.513711
      vertex -65.2226 1.45568 0.513711
      vertex -64.9135 1.59326 0.26795
    endloop
  endfacet
  facet normal 0 0 0
    outer loop
      vertex -65.0827 1.21339 0.513711
      vertex -65.4781 1.34189 0.82443
      vertex -65.2226 1.45568 0.513711
    endloop
  endfacet
  facet normal 0 0 0
    outer loop
      vertex -65.2226 1.45568 0.513711
      vertex -65.309 1.72176 0.513711
      vertex -64.9781 1.79209 0.26795
    endloop
  endfacet
  facet normal 0 0 0
    outer loop
      vertex -65.309 1.72176 0.513711
      vertex -65.3383 2 0.513711
      vertex -64.9781 1.79209 0.26795
    endloop
  endfacet
  facet normal 0 0 0
    outer loop
      vertex -65.6691 1.25686 1.18653
      vertex -65.9135 1.59326 1.58418
      vertex -65.7872 1.62013 1.18653
    endloop
  endfacet
  facet normal 0 0 0
    outer loop
      vertex -65.9135 1.59326 1.58418
      vertex -65.9563 2 1.58418
      vertex -65.7872 1.62013 1.18653
    endloop
  endfacet
  facet normal 0 0 0
    outer loop
      vertex -64.0219 1.79209 0.0109568
      vertex -64.0646 1.38535 0.097887
      vertex -64.0646 1.80118 0.0109568
    endloop
  endfacet
  facet normal 0 0 0
    outer loop
      vertex -64.4135 1.54071 0.097887
      vertex -64.6691 1.25686 0.26795
      vertex -64.5 1.63673 0.097887
    endloop
  endfacet
  facet normal 0 0 0
    outer loop
      vertex -64.5 1.13398 0.26795
      vertex -64.6691 0.841032 0.513711
      vertex -64.6691 1.25686 0.26795
    endloop
  endfacet
  facet normal 0 0 0
    outer loop
      vertex -64.6691 0.841032 0.513711
      vertex -64.8955 1.00548 0.513711
      vertex -64.6691 1.25686 0.26795
    endloop
  endfacet
  facet normal 0 0 0
    outer loop
      vertex -64.309 1.46477 0.097887
      vertex -64.5 1.13398 0.26795
      vertex -64.4135 1.54071 0.097887
    endloop
  endfacet
  facet normal 0 0 0
    outer loop
      vertex -64.309 1.46477 0.097887
      vertex -64.4135 1.54071 0.097887
      vertex -64.1045 1.81895 0.0109568
    endloop
  endfacet
  facet normal 0 0 0
    outer loop
      vertex -64.2091 0.0109568 2
      vertex -64.6045 0.139453 1.58418
      vertex -64.2045 0.0544224 1.58418
    endloop
  endfacet
  facet normal 0 0 0
    outer loop
      vertex -64.9135 0.417693 1.18653
      vertex -65.2226 0.642207 1.18653
      vertex -65.0827 0.797566 0.82443
    endloop
  endfacet
  facet normal 0 0 0
    outer loop
      vertex -65.2226 0.642207 1.18653
      vertex -65.4781 0.926064 1.18653
      vertex -65.0827 0.797566 0.82443
    endloop
  endfacet
  facet normal 0 0 0
    outer loop
      vertex -64.4135 0.727239 0.513711
      vertex -64.6691 0.841032 0.513711
      vertex -64.309 1.04894 0.26795
    endloop
  endfacet
  facet normal 0 0 0
    outer loop
      vertex -64.1399 0.66907 0.513711
      vertex -64.4135 0.727239 0.513711
      vertex -64.309 1.04894 0.26795
    endloop
  endfacet
  facet normal 0 0 0
    outer loop
      vertex -64.5 1.63673 0.097887
      vertex -64.9135 1.59326 0.26795
      vertex -64.5646 1.74862 0.097887
    endloop
  endfacet
  facet normal 0 0 0
    outer loop
      vertex -64.5 1.63673 0.097887
      vertex -64.5646 1.74862 0.097887
      vertex -64.191 1.91497 0.0109568
    endloop
  endfacet
  facet normal 0 0 0
    outer loop
      vertex -66 114 2
      vertex -65.9563 114.416 3
      vertex -65.9563 114.416 2
    endloop
  endfacet
  facet normal 0 0 0
    outer loop
      vertex -65.9563 114.416 3
      vertex -66 114 2
      vertex -66 114 3
    endloop
  endfacet
  facet normal 0 0 0
    outer loop
      vertex -64.1399 115.331 0.513711
      vertex -64.5 115.539 0.82443
      vertex -64.1691 115.609 0.82443
    endloop
  endfacet
  facet normal 0 0 0
    outer loop
      vertex -64.1045 114.181 0.0109568
      vertex -64.4135 114.459 0.097887
      vertex -64.309 114.535 0.097887
    endloop
  endfacet
  facet normal 0 0 0
    outer loop
      vertex -64.9135 115.582 1.18653
      vertex -65.2226 115.358 1.18653
      vertex -64.9781 115.694 1.58418
    endloop
  endfacet
  facet normal 0 0 0
    outer loop
      vertex -64.9135 115.582 1.18653
      vertex -64.9781 115.694 1.58418
      vertex -64.6045 115.861 1.58418
    endloop
  endfacet
  facet normal 0 0 0
    outer loop
      vertex -64.5 114.363 0.097887
      vertex -64.9135 114.407 0.26795
      vertex -64.809 114.588 0.26795
    endloop
  endfacet
  facet normal 0 0 0
    outer loop
      vertex -64.6691 114.743 0.26795
      vertex -65.0827 114.787 0.513711
      vertex -64.8955 114.995 0.513711
    endloop
  endfacet
  facet normal 0 0 0
    outer loop
      vertex -64.1399 114.155 0.0109568
      vertex -64.5 114.363 0.097887
      vertex -64.4135 114.459 0.097887
    endloop
  endfacet
  facet normal 0 0 0
    outer loop
      vertex -64.1399 114.155 0.0109568
      vertex -64.4135 114.459 0.097887
      vertex -64.1045 114.181 0.0109568
    endloop
  endfacet
  facet normal 0 0 0
    outer loop
      vertex -64.6691 114.743 0.26795
      vertex -64.8955 114.995 0.513711
      vertex -64.6691 115.159 0.513711
    endloop
  endfacet
  facet normal 0 0 0
    outer loop
      vertex -64.6691 115.159 0.513711
      vertex -65.0827 115.202 0.82443
      vertex -64.809 115.401 0.82443
    endloop
  endfacet
  facet normal 0 0 0
    outer loop
      vertex -3 115.732 2
      vertex -3.39547 115.861 1.58418
      vertex -3.38197 115.902 2
    endloop
  endfacet
  facet normal 0 0 0
    outer loop
      vertex -3.39547 115.861 1.58418
      vertex -3.79094 115.989 2
      vertex -3.38197 115.902 2
    endloop
  endfacet
  facet normal 0 0 0
    outer loop
      vertex -2.21284 114.38 1.18653
      vertex -2.33087 114.743 1.18653
      vertex -2.08646 114.407 1.58418
    endloop
  endfacet
  facet normal 0 0 0
    outer loop
      vertex -2.0437 114 1.58418
      vertex -2.21284 114.38 1.18653
      vertex -2.08646 114.407 1.58418
    endloop
  endfacet
  facet normal 0 0 0
    outer loop
      vertex -3.69098 114.951 0.26795
      vertex -3.89547 114.995 0.26795
      vertex -3.86011 115.331 0.513711
    endloop
  endfacet
  facet normal 0 0 0
    outer loop
      vertex -3.69098 114.951 0.26795
      vertex -3.9354 114.615 0.097887
      vertex -3.89547 114.995 0.26795
    endloop
  endfacet
  facet normal 0 0 0
    outer loop
      vertex -3.5 115.539 0.82443
      vertex -3.86011 115.331 0.513711
      vertex -3.83087 115.609 0.82443
    endloop
  endfacet
  facet normal 0 0 0
    outer loop
      vertex -3.10453 114.995 0.513711
      vertex -3.33087 115.159 0.513711
      vertex -2.91732 115.202 0.82443
    endloop
  endfacet
  facet normal 0 0 0
    outer loop
      vertex -3.5 114.363 0.097887
      vertex -3.58646 114.459 0.097887
      vertex -3.33087 114.743 0.26795
    endloop
  endfacet
  facet normal 0 0 0
    outer loop
      vertex -3.5 114.363 0.097887
      vertex -3.86011 114.155 0.0109568
      vertex -3.58646 114.459 0.097887
    endloop
  endfacet
  facet normal 0 0 0
    outer loop
      vertex -3.19098 114.588 0.26795
      vertex -3.5 114.363 0.097887
      vertex -3.33087 114.743 0.26795
    endloop
  endfacet
  facet normal 0 0 0
    outer loop
      vertex -3.08646 114.407 0.26795
      vertex -3.19098 114.588 0.26795
      vertex -2.91732 114.787 0.513711
    endloop
  endfacet
  facet normal 0 0 0
    outer loop
      vertex -3.38197 114 0.097887
      vertex -3.39547 114.128 0.097887
      vertex -3.02185 114.208 0.26795
    endloop
  endfacet
  facet normal 0 0 0
    outer loop
      vertex -3.39547 114.128 0.097887
      vertex -3.80902 114.085 0.0109568
      vertex -3.4354 114.251 0.097887
    endloop
  endfacet
  facet normal 0 0 0
    outer loop
      vertex -3.80902 114.085 0.0109568
      vertex -3.83087 114.123 0.0109568
      vertex -3.5 114.363 0.097887
    endloop
  endfacet
  facet normal 0 0 0
    outer loop
      vertex -2.41732 115.15 1.58418
      vertex -2.77744 115.358 1.18653
      vertex -2.69098 115.454 1.58418
    endloop
  endfacet
  facet normal 0 0 0
    outer loop
      vertex -2.52185 115.074 1.18653
      vertex -2.77744 115.358 1.18653
      vertex -2.41732 115.15 1.58418
    endloop
  endfacet
  facet normal 0 0 0
    outer loop
      vertex -2.77744 115.358 1.18653
      vertex -3.08646 115.582 1.18653
      vertex -3.02185 115.694 1.58418
    endloop
  endfacet
  facet normal 0 0 0
    outer loop
      vertex -2.91732 115.202 0.82443
      vertex -3.08646 115.582 1.18653
      vertex -2.77744 115.358 1.18653
    endloop
  endfacet
  facet normal 0 0 0
    outer loop
      vertex -3.19098 114.588 0.26795
      vertex -3.33087 114.743 0.26795
      vertex -2.91732 114.787 0.513711
    endloop
  endfacet
  facet normal 0 0 0
    outer loop
      vertex -2.91732 114.787 0.513711
      vertex -3.33087 114.743 0.26795
      vertex -3.10453 114.995 0.513711
    endloop
  endfacet
  facet normal 0 0 0
    outer loop
      vertex -2.66174 114 0.513711
      vertex -3.02185 114.208 0.26795
      vertex -2.69098 114.278 0.513711
    endloop
  endfacet
  facet normal 0 0 0
    outer loop
      vertex -2.69098 114.278 0.513711
      vertex -3.02185 114.208 0.26795
      vertex -2.77744 114.544 0.513711
    endloop
  endfacet
  facet normal 0 0 0
    outer loop
      vertex -2.91732 1.21339 0.513711
      vertex -3.19098 1.41222 0.26795
      vertex -3.08646 1.59326 0.26795
    endloop
  endfacet
  facet normal 0 0 0
    outer loop
      vertex -2.91732 1.21339 0.513711
      vertex -3.33087 1.25686 0.26795
      vertex -3.19098 1.41222 0.26795
    endloop
  endfacet
  facet normal 0 0 0
    outer loop
      vertex -3.39547 1.8715 0.097887
      vertex -3.80902 1.91497 0.0109568
      vertex -3.79551 1.95654 0.0109568
    endloop
  endfacet
  facet normal 0 0 0
    outer loop
      vertex -3.39547 1.8715 0.097887
      vertex -3.79551 1.95654 0.0109568
      vertex -3.79094 2 0.0109568
    endloop
  endfacet
  facet normal 0 0 0
    outer loop
      vertex -3.38197 2 0.097887
      vertex -3 114 0.26795
      vertex -3 2 0.26795
    endloop
  endfacet
  facet normal 0 0 0
    outer loop
      vertex -3 114 0.26795
      vertex -3.38197 2 0.097887
      vertex -3.38197 114 0.097887
    endloop
  endfacet
  facet normal 0 0 0
    outer loop
      vertex -3 2 0.26795
      vertex -2.66174 114 0.513711
      vertex -2.66174 2 0.513711
    endloop
  endfacet
  facet normal 0 0 0
    outer loop
      vertex -2.66174 114 0.513711
      vertex -3 2 0.26795
      vertex -3 114 0.26795
    endloop
  endfacet
  facet normal 0 0 0
    outer loop
      vertex -3.69098 1.04894 0.26795
      vertex -3.80902 1.41222 0.097887
      vertex -3.5 1.13398 0.26795
    endloop
  endfacet
  facet normal 0 0 0
    outer loop
      vertex -3.69098 1.04894 0.26795
      vertex -3.9354 1.38535 0.097887
      vertex -3.80902 1.41222 0.097887
    endloop
  endfacet
  facet normal 0 0 0
    outer loop
      vertex -3.5 1.13398 0.26795
      vertex -3.80902 1.41222 0.097887
      vertex -3.69098 1.46477 0.097887
    endloop
  endfacet
  facet normal 0 0 0
    outer loop
      vertex -3.10453 1.00548 0.513711
      vertex -3.33087 1.25686 0.26795
      vertex -2.91732 1.21339 0.513711
    endloop
  endfacet
  facet normal 0 0 0
    outer loop
      vertex -3.19098 0.598742 0.82443
      vertex -3.5 0.461159 0.82443
      vertex -3.33087 0.841032 0.513711
    endloop
  endfacet
  facet normal 0 0 0
    outer loop
      vertex -3.4354 0.262334 1.18653
      vertex -3.5 0.461159 0.82443
      vertex -3.19098 0.598742 0.82443
    endloop
  endfacet
  facet normal 0 0 0
    outer loop
      vertex -3.19098 0.598742 0.82443
      vertex -3.33087 0.841032 0.513711
      vertex -2.91732 0.797566 0.82443
    endloop
  endfacet
  facet normal 0 0 0
    outer loop
      vertex -3.02185 0.305799 1.58418
      vertex -3.08646 0.417693 1.18653
      vertex -2.77744 0.642207 1.18653
    endloop
  endfacet
  facet normal 0 0 0
    outer loop
      vertex -3.4354 0.262334 1.18653
      vertex -3.83087 0.39083 0.82443
      vertex -3.5 0.461159 0.82443
    endloop
  endfacet
  facet normal 0 0 0
    outer loop
      vertex -3.83087 0.39083 0.82443
      vertex -3.86011 0.66907 0.513711
      vertex -3.5 0.461159 0.82443
    endloop
  endfacet
  facet normal 0 0 0
    outer loop
      vertex -3.08646 1.59326 0.26795
      vertex -3.4354 1.74862 0.097887
      vertex -3.02185 1.79209 0.26795
    endloop
  endfacet
  facet normal 0 0 0
    outer loop
      vertex -2.41732 1.66359 0.82443
      vertex -2.77744 1.45568 0.513711
      vertex -2.69098 1.72176 0.513711
    endloop
  endfacet
  facet normal 0 0 0
    outer loop
      vertex -64.2045 1.95654 0.0109568
      vertex -64.6045 1.8715 0.097887
      vertex -64.2091 2 0.0109568
    endloop
  endfacet
  facet normal 0 0 0
    outer loop
      vertex -64.191 1.91497 0.0109568
      vertex -64.6045 1.8715 0.097887
      vertex -64.2045 1.95654 0.0109568
    endloop
  endfacet
  facet normal 0 0 0
    outer loop
      vertex -64.9781 0.305799 1.58418
      vertex -65.309 0.54619 1.58418
      vertex -65.2226 0.642207 1.18653
    endloop
  endfacet
  facet normal 0 0 0
    outer loop
      vertex -64.6045 0.139453 1.58418
      vertex -64.9781 0.305799 1.58418
      vertex -64.9135 0.417693 1.18653
    endloop
  endfacet
  facet normal 0 0 0
    outer loop
      vertex -65.4781 1.34189 0.82443
      vertex -65.5827 1.66359 0.82443
      vertex -65.2226 1.45568 0.513711
    endloop
  endfacet
  facet normal 0 0 0
    outer loop
      vertex -64.809 0.598742 0.82443
      vertex -65.0827 0.797566 0.82443
      vertex -64.6691 0.841032 0.513711
    endloop
  endfacet
  facet normal 0 0 0
    outer loop
      vertex -64.5 0.461159 0.82443
      vertex -64.809 0.598742 0.82443
      vertex -64.6691 0.841032 0.513711
    endloop
  endfacet
  facet normal 0 0 0
    outer loop
      vertex -64.5646 0.262334 1.18653
      vertex -64.809 0.598742 0.82443
      vertex -64.5 0.461159 0.82443
    endloop
  endfacet
  facet normal 0 0 0
    outer loop
      vertex -3.39547 0.139453 1.58418
      vertex -3.80902 0.182919 1.18653
      vertex -3.4354 0.262334 1.18653
    endloop
  endfacet
  facet normal 0 0 0
    outer loop
      vertex -3.79551 0.0544224 1.58418
      vertex -3.80902 0.182919 1.18653
      vertex -3.39547 0.139453 1.58418
    endloop
  endfacet
  facet normal 0 0 0
    outer loop
      vertex -64.0646 114.615 0.097887
      vertex -3.89547 114.995 0.26795
      vertex -3.9354 114.615 0.097887
    endloop
  endfacet
  facet normal 0 0 0
    outer loop
      vertex -3.89547 114.995 0.26795
      vertex -64.0646 114.615 0.097887
      vertex -64.1045 114.995 0.26795
    endloop
  endfacet
  facet normal 0 0 0
    outer loop
      vertex -64.4135 115.273 0.513711
      vertex -64.6691 115.159 0.513711
      vertex -64.5 115.539 0.82443
    endloop
  endfacet
  facet normal 0 0 0
    outer loop
      vertex -64.191 114.588 0.097887
      vertex -64.5 114.866 0.26795
      vertex -64.309 114.951 0.26795
    endloop
  endfacet
  facet normal 0 0 0
    outer loop
      vertex -64.191 114.588 0.097887
      vertex -64.309 114.951 0.26795
      vertex -64.0646 114.615 0.097887
    endloop
  endfacet
  facet normal 0 0 0
    outer loop
      vertex -64.4135 114.459 0.097887
      vertex -64.6691 114.743 0.26795
      vertex -64.5 114.866 0.26795
    endloop
  endfacet
  facet normal 0 0 0
    outer loop
      vertex -64.8955 114.995 0.513711
      vertex -65.0827 114.787 0.513711
      vertex -65.0827 115.202 0.82443
    endloop
  endfacet
  facet normal 0 0 0
    outer loop
      vertex -2 114 3
      vertex -2.0437 114.416 2
      vertex -2.0437 114.416 3
    endloop
  endfacet
  facet normal 0 0 0
    outer loop
      vertex -2.0437 114.416 2
      vertex -2 114 3
      vertex -2 114 2
    endloop
  endfacet
  facet normal 0 0 0
    outer loop
      vertex -3.5 114.866 0.26795
      vertex -3.69098 114.951 0.26795
      vertex -3.33087 115.159 0.513711
    endloop
  endfacet
  facet normal 0 0 0
    outer loop
      vertex -3.5 114.866 0.26795
      vertex -3.80902 114.588 0.097887
      vertex -3.69098 114.951 0.26795
    endloop
  endfacet
  facet normal 0 0 0
    outer loop
      vertex -3.58646 114.459 0.097887
      vertex -3.69098 114.535 0.097887
      vertex -3.5 114.866 0.26795
    endloop
  endfacet
  facet normal 0 0 0
    outer loop
      vertex -3.58646 114.459 0.097887
      vertex -3.89547 114.181 0.0109568
      vertex -3.69098 114.535 0.097887
    endloop
  endfacet
  facet normal 0 0 0
    outer loop
      vertex -3.4354 114.251 0.097887
      vertex -3.80902 114.085 0.0109568
      vertex -3.5 114.363 0.097887
    endloop
  endfacet
  facet normal 0 0 0
    outer loop
      vertex -3.4354 114.251 0.097887
      vertex -3.5 114.363 0.097887
      vertex -3.08646 114.407 0.26795
    endloop
  endfacet
  facet normal 0 0 0
    outer loop
      vertex -3.83087 114.123 0.0109568
      vertex -3.86011 114.155 0.0109568
      vertex -3.5 114.363 0.097887
    endloop
  endfacet
  facet normal 0 0 0
    outer loop
      vertex -3.19098 115.401 0.82443
      vertex -3.4354 115.738 1.18653
      vertex -3.08646 115.582 1.18653
    endloop
  endfacet
  facet normal 0 0 0
    outer loop
      vertex -2.52185 115.074 1.18653
      vertex -2.91732 115.202 0.82443
      vertex -2.77744 115.358 1.18653
    endloop
  endfacet
  facet normal 0 0 0
    outer loop
      vertex -3.19098 115.401 0.82443
      vertex -3.5 115.539 0.82443
      vertex -3.4354 115.738 1.18653
    endloop
  endfacet
  facet normal 0 0 0
    outer loop
      vertex -3.4354 115.738 1.18653
      vertex -3.80902 115.817 1.18653
      vertex -3.39547 115.861 1.58418
    endloop
  endfacet
  facet normal 0 0 0
    outer loop
      vertex -2.91732 115.202 0.82443
      vertex -3.19098 115.401 0.82443
      vertex -3.08646 115.582 1.18653
    endloop
  endfacet
  facet normal 0 0 0
    outer loop
      vertex -3.39547 114.128 0.097887
      vertex -3.4354 114.251 0.097887
      vertex -3.02185 114.208 0.26795
    endloop
  endfacet
  facet normal 0 0 0
    outer loop
      vertex -3.02185 114.208 0.26795
      vertex -3.4354 114.251 0.097887
      vertex -3.08646 114.407 0.26795
    endloop
  endfacet
  facet normal 0 0 0
    outer loop
      vertex -3.4354 1.74862 0.097887
      vertex -3.80902 1.91497 0.0109568
      vertex -3.39547 1.8715 0.097887
    endloop
  endfacet
  facet normal 0 0 0
    outer loop
      vertex -3.02185 1.79209 0.26795
      vertex -3.39547 1.8715 0.097887
      vertex -3.38197 2 0.097887
    endloop
  endfacet
  facet normal 0 0 0
    outer loop
      vertex -3.02185 1.79209 0.26795
      vertex -3.38197 2 0.097887
      vertex -3 2 0.26795
    endloop
  endfacet
  facet normal 0 0 0
    outer loop
      vertex -2.66174 2 0.513711
      vertex -3.02185 1.79209 0.26795
      vertex -3 2 0.26795
    endloop
  endfacet
  facet normal 0 0 0
    outer loop
      vertex -3.5 1.13398 0.26795
      vertex -3.69098 1.46477 0.097887
      vertex -3.58646 1.54071 0.097887
    endloop
  endfacet
  facet normal 0 0 0
    outer loop
      vertex -3.69098 1.46477 0.097887
      vertex -3.89547 1.81895 0.0109568
      vertex -3.58646 1.54071 0.097887
    endloop
  endfacet
  facet normal 0 0 0
    outer loop
      vertex -3.80902 1.41222 0.097887
      vertex -3.9354 1.38535 0.097887
      vertex -3.9354 1.80118 0.0109568
    endloop
  endfacet
  facet normal 0 0 0
    outer loop
      vertex -3.80902 1.41222 0.097887
      vertex -3.9354 1.80118 0.0109568
      vertex -3.89547 1.81895 0.0109568
    endloop
  endfacet
  facet normal 0 0 0
    outer loop
      vertex -3.5 0.461159 0.82443
      vertex -3.58646 0.727239 0.513711
      vertex -3.33087 0.841032 0.513711
    endloop
  endfacet
  facet normal 0 0 0
    outer loop
      vertex -3.5 0.461159 0.82443
      vertex -3.86011 0.66907 0.513711
      vertex -3.58646 0.727239 0.513711
    endloop
  endfacet
  facet normal 0 0 0
    outer loop
      vertex -2.77744 0.642207 1.18653
      vertex -3.08646 0.417693 1.18653
      vertex -2.91732 0.797566 0.82443
    endloop
  endfacet
  facet normal 0 0 0
    outer loop
      vertex -3.10453 1.00548 0.513711
      vertex -3.33087 0.841032 0.513711
      vertex -3.33087 1.25686 0.26795
    endloop
  endfacet
  facet normal 0 0 0
    outer loop
      vertex -64.6045 0.139453 1.58418
      vertex -65 0.26795 2
      vertex -64.9781 0.305799 1.58418
    endloop
  endfacet
  facet normal 0 0 0
    outer loop
      vertex -65 0.26795 2
      vertex -65.3383 0.513711 2
      vertex -64.9781 0.305799 1.58418
    endloop
  endfacet
  facet normal 0 0 0
    outer loop
      vertex -64.8955 1.00548 0.513711
      vertex -65.0827 0.797566 0.82443
      vertex -65.0827 1.21339 0.513711
    endloop
  endfacet
  facet normal 0 0 0
    outer loop
      vertex -65.309 1.04894 0.82443
      vertex -65.4781 0.926064 1.18653
      vertex -65.4781 1.34189 0.82443
    endloop
  endfacet
  facet normal 0 0 0
    outer loop
      vertex -65.4781 0.926064 1.18653
      vertex -65.6691 1.25686 1.18653
      vertex -65.4781 1.34189 0.82443
    endloop
  endfacet
  facet normal 0 0 0
    outer loop
      vertex -65.4781 1.34189 0.82443
      vertex -65.6691 1.25686 1.18653
      vertex -65.5827 1.66359 0.82443
    endloop
  endfacet
  facet normal 0 0 0
    outer loop
      vertex -64.1045 114.181 0.0109568
      vertex -64.309 114.535 0.097887
      vertex -64.191 114.588 0.097887
    endloop
  endfacet
  facet normal 0 0 0
    outer loop
      vertex -64.809 114.588 0.26795
      vertex -65.0827 114.787 0.513711
      vertex -64.6691 114.743 0.26795
    endloop
  endfacet
  facet normal 0 0 0
    outer loop
      vertex -2.0437 114.416 3
      vertex -2.17291 114.813 2
      vertex -2.17291 114.813 3
    endloop
  endfacet
  facet normal 0 0 0
    outer loop
      vertex -2.17291 114.813 2
      vertex -2.0437 114.416 3
      vertex -2.0437 114.416 2
    endloop
  endfacet
  facet normal 0 0 0
    outer loop
      vertex -3.58646 115.273 0.513711
      vertex -3.86011 115.331 0.513711
      vertex -3.5 115.539 0.82443
    endloop
  endfacet
  facet normal 0 0 0
    outer loop
      vertex -3.33087 115.159 0.513711
      vertex -3.58646 115.273 0.513711
      vertex -3.5 115.539 0.82443
    endloop
  endfacet
  facet normal 0 0 0
    outer loop
      vertex -3.08646 115.582 1.18653
      vertex -3.4354 115.738 1.18653
      vertex -3.39547 115.861 1.58418
    endloop
  endfacet
  facet normal 0 0 0
    outer loop
      vertex -3.08646 115.582 1.18653
      vertex -3.39547 115.861 1.58418
      vertex -3.02185 115.694 1.58418
    endloop
  endfacet
  facet normal 0 0 0
    outer loop
      vertex -2.91732 0.797566 0.82443
      vertex -3.10453 1.00548 0.513711
      vertex -2.91732 1.21339 0.513711
    endloop
  endfacet
  facet normal 0 0 0
    outer loop
      vertex -2.69098 1.04894 0.82443
      vertex -2.91732 0.797566 0.82443
      vertex -2.91732 1.21339 0.513711
    endloop
  endfacet
  facet normal 0 0 0
    outer loop
      vertex -64.9135 0.417693 1.18653
      vertex -65.0827 0.797566 0.82443
      vertex -64.809 0.598742 0.82443
    endloop
  endfacet
  facet normal 0 0 0
    outer loop
      vertex -64.5646 0.262334 1.18653
      vertex -64.9135 0.417693 1.18653
      vertex -64.809 0.598742 0.82443
    endloop
  endfacet
  facet normal 0 0 0
    outer loop
      vertex -65.309 1.04894 0.82443
      vertex -65.4781 1.34189 0.82443
      vertex -65.0827 1.21339 0.513711
    endloop
  endfacet
  facet normal 0 0 0
    outer loop
      vertex -65.0827 0.797566 0.82443
      vertex -65.309 1.04894 0.82443
      vertex -65.0827 1.21339 0.513711
    endloop
  endfacet
  facet normal 0 0 0
    outer loop
      vertex -64.5 114.866 0.26795
      vertex -64.6691 114.743 0.26795
      vertex -64.6691 115.159 0.513711
    endloop
  endfacet
  facet normal 0 0 0
    outer loop
      vertex -64.5 114.866 0.26795
      vertex -64.6691 115.159 0.513711
      vertex -64.309 114.951 0.26795
    endloop
  endfacet
  facet normal 0 0 0
    outer loop
      vertex -64.1045 114.995 0.26795
      vertex -64.309 114.951 0.26795
      vertex -64.1399 115.331 0.513711
    endloop
  endfacet
  facet normal 0 0 0
    outer loop
      vertex -64.0646 114.199 0.0109568
      vertex -64.191 114.588 0.097887
      vertex -64.0646 114.615 0.097887
    endloop
  endfacet
  facet normal 0 0 0
    outer loop
      vertex -64.1045 114.181 0.0109568
      vertex -64.191 114.588 0.097887
      vertex -64.0646 114.199 0.0109568
    endloop
  endfacet
  facet normal 0 0 0
    outer loop
      vertex -64.6691 1.25686 0.26795
      vertex -65.0827 1.21339 0.513711
      vertex -64.809 1.41222 0.26795
    endloop
  endfacet
  facet normal 0 0 0
    outer loop
      vertex -64.8955 1.00548 0.513711
      vertex -65.0827 1.21339 0.513711
      vertex -64.6691 1.25686 0.26795
    endloop
  endfacet
  facet normal 0 0 0
    outer loop
      vertex -64.309 114.535 0.097887
      vertex -64.5 114.866 0.26795
      vertex -64.191 114.588 0.097887
    endloop
  endfacet
  facet normal 0 0 0
    outer loop
      vertex -64.4135 114.459 0.097887
      vertex -64.5 114.866 0.26795
      vertex -64.309 114.535 0.097887
    endloop
  endfacet
  facet normal 0 0 0
    outer loop
      vertex -4.25 113.75 3
      vertex -2 114 3
      vertex -2.0437 114.416 3
    endloop
  endfacet
  facet normal 0 0 0
    outer loop
      vertex -2 114 3
      vertex -4.25 113.75 3
      vertex -2 2 3
    endloop
  endfacet
  facet normal 0 0 0
    outer loop
      vertex -4.25 113.75 3
      vertex -2.0437 114.416 3
      vertex -2.17291 114.813 3
    endloop
  endfacet
  facet normal 0 0 0
    outer loop
      vertex -4.25 2.25 3
      vertex -2 2 3
      vertex -4.25 113.75 3
    endloop
  endfacet
  facet normal 0 0 0
    outer loop
      vertex -4.25 113.75 3
      vertex -2.17291 114.813 3
      vertex -2.38197 115.176 3
    endloop
  endfacet
  facet normal 0 0 0
    outer loop
      vertex -2 2 3
      vertex -4.25 2.25 3
      vertex -2.0437 1.58418 3
    endloop
  endfacet
  facet normal 0 0 0
    outer loop
      vertex -4.25 113.75 3
      vertex -2.38197 115.176 3
      vertex -2.66174 115.486 3
    endloop
  endfacet
  facet normal 0 0 0
    outer loop
      vertex -2.0437 1.58418 3
      vertex -4.25 2.25 3
      vertex -2.17291 1.18653 3
    endloop
  endfacet
  facet normal 0 0 0
    outer loop
      vertex -4.25 113.75 3
      vertex -2.66174 115.486 3
      vertex -3 115.732 3
    endloop
  endfacet
  facet normal 0 0 0
    outer loop
      vertex -2.17291 1.18653 3
      vertex -4.25 2.25 3
      vertex -2.38197 0.82443 3
    endloop
  endfacet
  facet normal 0 0 0
    outer loop
      vertex -4.25 113.75 3
      vertex -3 115.732 3
      vertex -3.38197 115.902 3
    endloop
  endfacet
  facet normal 0 0 0
    outer loop
      vertex -2.38197 0.82443 3
      vertex -4.25 2.25 3
      vertex -2.66174 0.513711 3
    endloop
  endfacet
  facet normal 0 0 0
    outer loop
      vertex -4.25 113.75 3
      vertex -3.38197 115.902 3
      vertex -3.79094 115.989 3
    endloop
  endfacet
  facet normal 0 0 0
    outer loop
      vertex -2.66174 0.513711 3
      vertex -4.25 2.25 3
      vertex -3 0.26795 3
    endloop
  endfacet
  facet normal 0 0 0
    outer loop
      vertex -3 0.26795 3
      vertex -4.25 2.25 3
      vertex -3.38197 0.097887 3
    endloop
  endfacet
  facet normal 0 0 0
    outer loop
      vertex -3.79094 115.989 3
      vertex -63.75 113.75 3
      vertex -4.25 113.75 3
    endloop
  endfacet
  facet normal 0 0 0
    outer loop
      vertex -64.618 115.902 3
      vertex -63.75 113.75 3
      vertex -64.2091 115.989 3
    endloop
  endfacet
  facet normal 0 0 0
    outer loop
      vertex -64.2091 115.989 3
      vertex -63.75 113.75 3
      vertex -3.79094 115.989 3
    endloop
  endfacet
  facet normal 0 0 0
    outer loop
      vertex -3.38197 0.097887 3
      vertex -4.25 2.25 3
      vertex -3.79094 0.0109568 3
    endloop
  endfacet
  facet normal 0 0 0
    outer loop
      vertex -63.75 2.25 3
      vertex -3.79094 0.0109568 3
      vertex -4.25 2.25 3
    endloop
  endfacet
  facet normal 0 0 0
    outer loop
      vertex -63.75 2.25 3
      vertex -64.2091 0.0109568 3
      vertex -3.79094 0.0109568 3
    endloop
  endfacet
  facet normal 0 0 0
    outer loop
      vertex -63.75 113.75 3
      vertex -66 114 3
      vertex -63.75 2.25 3
    endloop
  endfacet
  facet normal 0 0 0
    outer loop
      vertex -65 115.732 3
      vertex -63.75 113.75 3
      vertex -64.618 115.902 3
    endloop
  endfacet
  facet normal 0 0 0
    outer loop
      vertex -66 2 3
      vertex -63.75 2.25 3
      vertex -66 114 3
    endloop
  endfacet
  facet normal 0 0 0
    outer loop
      vertex -65.3383 115.486 3
      vertex -63.75 113.75 3
      vertex -65 115.732 3
    endloop
  endfacet
  facet normal 0 0 0
    outer loop
      vertex -65.9563 1.58418 3
      vertex -63.75 2.25 3
      vertex -66 2 3
    endloop
  endfacet
  facet normal 0 0 0
    outer loop
      vertex -65.618 115.176 3
      vertex -63.75 113.75 3
      vertex -65.3383 115.486 3
    endloop
  endfacet
  facet normal 0 0 0
    outer loop
      vertex -63.75 2.25 3
      vertex -64.618 0.097887 3
      vertex -64.2091 0.0109568 3
    endloop
  endfacet
  facet normal 0 0 0
    outer loop
      vertex -65.8271 114.813 3
      vertex -63.75 113.75 3
      vertex -65.618 115.176 3
    endloop
  endfacet
  facet normal 0 0 0
    outer loop
      vertex -63.75 2.25 3
      vertex -65 0.26795 3
      vertex -64.618 0.097887 3
    endloop
  endfacet
  facet normal 0 0 0
    outer loop
      vertex -65.9563 114.416 3
      vertex -63.75 113.75 3
      vertex -65.8271 114.813 3
    endloop
  endfacet
  facet normal 0 0 0
    outer loop
      vertex -63.75 2.25 3
      vertex -65.3383 0.513711 3
      vertex -65 0.26795 3
    endloop
  endfacet
  facet normal 0 0 0
    outer loop
      vertex -63.75 113.75 3
      vertex -65.9563 114.416 3
      vertex -66 114 3
    endloop
  endfacet
  facet normal 0 0 0
    outer loop
      vertex -63.75 2.25 3
      vertex -65.618 0.82443 3
      vertex -65.3383 0.513711 3
    endloop
  endfacet
  facet normal 0 0 0
    outer loop
      vertex -63.75 2.25 3
      vertex -65.8271 1.18653 3
      vertex -65.618 0.82443 3
    endloop
  endfacet
  facet normal 0 0 0
    outer loop
      vertex -63.75 2.25 3
      vertex -65.9563 1.58418 3
      vertex -65.8271 1.18653 3
    endloop
  endfacet
  facet normal 0 0 0
    outer loop
      vertex -7.75 4.25 3
      vertex -7.73577 4.25822 3
      vertex -7.76423 4.25822 3
    endloop
  endfacet
  facet normal 0 0 0
    outer loop
      vertex -60.2358 111.742 3
      vertex -60.25 111.75 3
      vertex -60.2642 111.742 3
    endloop
  endfacet
  facet normal 0 0 0
    outer loop
      vertex -61.5348 109.492 3
      vertex -61.549 109.516 3
      vertex -61.549 109.5 3
    endloop
  endfacet
  facet normal 0 0 0
    outer loop
      vertex -61.5348 111.008 3
      vertex -61.549 111 3
      vertex -61.549 110.984 3
    endloop
  endfacet
  facet normal 0 0 0
    outer loop
      vertex -61.75 106.5 3
      vertex -60.25 9.5 3
      vertex -60.25 106.5 3
    endloop
  endfacet
  facet normal 0 0 0
    outer loop
      vertex -60.25 9.5 3
      vertex -61.75 106.5 3
      vertex -61.75 9.5 3
    endloop
  endfacet
  facet normal 0 0 0
    outer loop
      vertex -56.5205 109.858 3
      vertex -56.5 110.25 3
      vertex -56.5205 110.25 3
    endloop
  endfacet
  facet normal 0 0 0
    outer loop
      vertex -56.5 110.25 3
      vertex -56.5205 109.858 3
      vertex -56.5 5.75 3
    endloop
  endfacet
  facet normal 0 0 0
    outer loop
      vertex -56.5205 109.858 3
      vertex -56.5819 6.52967 3
      vertex -56.5 5.75 3
    endloop
  endfacet
  facet normal 0 0 0
    outer loop
      vertex -56.6835 109.091 3
      vertex -56.5819 6.52967 3
      vertex -56.5205 109.858 3
    endloop
  endfacet
  facet normal 0 0 0
    outer loop
      vertex -56.6835 109.091 3
      vertex -56.8242 7.27526 3
      vertex -56.5819 6.52967 3
    endloop
  endfacet
  facet normal 0 0 0
    outer loop
      vertex -57.0024 108.375 3
      vertex -56.8242 7.27526 3
      vertex -56.6835 109.091 3
    endloop
  endfacet
  facet normal 0 0 0
    outer loop
      vertex -57.0024 108.375 3
      vertex -57.2162 7.95419 3
      vertex -56.8242 7.27526 3
    endloop
  endfacet
  facet normal 0 0 0
    outer loop
      vertex -57.4632 107.741 3
      vertex -57.2162 7.95419 3
      vertex -57.0024 108.375 3
    endloop
  endfacet
  facet normal 0 0 0
    outer loop
      vertex -57.4632 107.741 3
      vertex -57.7408 8.53679 3
      vertex -57.2162 7.95419 3
    endloop
  endfacet
  facet normal 0 0 0
    outer loop
      vertex -58.0458 107.216 3
      vertex -57.7408 8.53679 3
      vertex -57.4632 107.741 3
    endloop
  endfacet
  facet normal 0 0 0
    outer loop
      vertex -58.0458 107.216 3
      vertex -58.375 8.99759 3
      vertex -57.7408 8.53679 3
    endloop
  endfacet
  facet normal 0 0 0
    outer loop
      vertex -58.7247 106.824 3
      vertex -58.375 8.99759 3
      vertex -58.0458 107.216 3
    endloop
  endfacet
  facet normal 0 0 0
    outer loop
      vertex -58.7247 106.824 3
      vertex -59.0912 9.31646 3
      vertex -58.375 8.99759 3
    endloop
  endfacet
  facet normal 0 0 0
    outer loop
      vertex -59.4703 106.582 3
      vertex -59.0912 9.31646 3
      vertex -58.7247 106.824 3
    endloop
  endfacet
  facet normal 0 0 0
    outer loop
      vertex -59.4703 106.582 3
      vertex -59.858 9.47946 3
      vertex -59.0912 9.31646 3
    endloop
  endfacet
  facet normal 0 0 0
    outer loop
      vertex -60.25 106.5 3
      vertex -59.858 9.47946 3
      vertex -59.4703 106.582 3
    endloop
  endfacet
  facet normal 0 0 0
    outer loop
      vertex -60.25 9.5 3
      vertex -59.858 9.47946 3
      vertex -60.25 106.5 3
    endloop
  endfacet
  facet normal 0 0 0
    outer loop
      vertex -59.858 9.47946 3
      vertex -60.25 9.5 3
      vertex -60.25 9.47946 3
    endloop
  endfacet
  facet normal 0 0 0
    outer loop
      vertex -56.5 110.25 3
      vertex -11.5 110.25 3
      vertex -11.5 111.75 3
    endloop
  endfacet
  facet normal 0 0 0
    outer loop
      vertex -11.5 110.25 3
      vertex -56.5 110.25 3
      vertex -11.5 5.75 3
    endloop
  endfacet
  facet normal 0 0 0
    outer loop
      vertex -56.5 110.25 3
      vertex -11.5 111.75 3
      vertex -56.5 111.75 3
    endloop
  endfacet
  facet normal 0 0 0
    outer loop
      vertex -56.5 5.75 3
      vertex -11.5 5.75 3
      vertex -56.5 110.25 3
    endloop
  endfacet
  facet normal 0 0 0
    outer loop
      vertex -11.5 5.75 3
      vertex -56.5 5.75 3
      vertex -11.5 4.25 3
    endloop
  endfacet
  facet normal 0 0 0
    outer loop
      vertex -11.5 4.25 3
      vertex -56.5 5.75 3
      vertex -56.5 4.25 3
    endloop
  endfacet
  facet normal 0 0 0
    outer loop
      vertex -8.14198 106.521 3
      vertex -7.75 106.5 3
      vertex -7.75 106.521 3
    endloop
  endfacet
  facet normal 0 0 0
    outer loop
      vertex -7.75 106.5 3
      vertex -8.14198 106.521 3
      vertex -7.75 9.5 3
    endloop
  endfacet
  facet normal 0 0 0
    outer loop
      vertex -8.14198 106.521 3
      vertex -8.52967 9.41805 3
      vertex -7.75 9.5 3
    endloop
  endfacet
  facet normal 0 0 0
    outer loop
      vertex -8.90881 106.684 3
      vertex -8.52967 9.41805 3
      vertex -8.14198 106.521 3
    endloop
  endfacet
  facet normal 0 0 0
    outer loop
      vertex -8.90881 106.684 3
      vertex -9.27526 9.17579 3
      vertex -8.52967 9.41805 3
    endloop
  endfacet
  facet normal 0 0 0
    outer loop
      vertex -9.625 107.002 3
      vertex -9.27526 9.17579 3
      vertex -8.90881 106.684 3
    endloop
  endfacet
  facet normal 0 0 0
    outer loop
      vertex -9.625 107.002 3
      vertex -9.95419 8.78381 3
      vertex -9.27526 9.17579 3
    endloop
  endfacet
  facet normal 0 0 0
    outer loop
      vertex -10.2592 107.463 3
      vertex -9.95419 8.78381 3
      vertex -9.625 107.002 3
    endloop
  endfacet
  facet normal 0 0 0
    outer loop
      vertex -10.2592 107.463 3
      vertex -10.5368 8.25924 3
      vertex -9.95419 8.78381 3
    endloop
  endfacet
  facet normal 0 0 0
    outer loop
      vertex -10.7838 108.046 3
      vertex -10.5368 8.25924 3
      vertex -10.2592 107.463 3
    endloop
  endfacet
  facet normal 0 0 0
    outer loop
      vertex -10.7838 108.046 3
      vertex -10.9976 7.625 3
      vertex -10.5368 8.25924 3
    endloop
  endfacet
  facet normal 0 0 0
    outer loop
      vertex -11.1758 108.725 3
      vertex -10.9976 7.625 3
      vertex -10.7838 108.046 3
    endloop
  endfacet
  facet normal 0 0 0
    outer loop
      vertex -11.1758 108.725 3
      vertex -11.3165 6.90881 3
      vertex -10.9976 7.625 3
    endloop
  endfacet
  facet normal 0 0 0
    outer loop
      vertex -11.4181 109.47 3
      vertex -11.3165 6.90881 3
      vertex -11.1758 108.725 3
    endloop
  endfacet
  facet normal 0 0 0
    outer loop
      vertex -11.4181 109.47 3
      vertex -11.4795 6.14198 3
      vertex -11.3165 6.90881 3
    endloop
  endfacet
  facet normal 0 0 0
    outer loop
      vertex -11.5 110.25 3
      vertex -11.4795 6.14198 3
      vertex -11.4181 109.47 3
    endloop
  endfacet
  facet normal 0 0 0
    outer loop
      vertex -11.5 5.75 3
      vertex -11.4795 6.14198 3
      vertex -11.5 110.25 3
    endloop
  endfacet
  facet normal 0 0 0
    outer loop
      vertex -11.4795 6.14198 3
      vertex -11.5 5.75 3
      vertex -11.4795 5.75 3
    endloop
  endfacet
  facet normal 0 0 0
    outer loop
      vertex -7.75 106.5 3
      vertex -6.25 9.5 3
      vertex -6.25 106.5 3
    endloop
  endfacet
  facet normal 0 0 0
    outer loop
      vertex -6.25 9.5 3
      vertex -7.75 106.5 3
      vertex -7.75 9.5 3
    endloop
  endfacet
  facet normal 0 0 0
    outer loop
      vertex -60.25 108.75 3
      vertex -60.2358 108.758 3
      vertex -60.2642 108.758 3
    endloop
  endfacet
  facet normal 0 0 0
    outer loop
      vertex -58.951 109.5 3
      vertex -58.951 109.516 3
      vertex -58.9652 109.492 3
    endloop
  endfacet
  facet normal 0 0 0
    outer loop
      vertex -58.951 110.984 3
      vertex -58.951 111 3
      vertex -58.9652 111.008 3
    endloop
  endfacet
  facet normal 0 0 0
    outer loop
      vertex -9.03481 4.99179 3
      vertex -9.04904 5.01643 3
      vertex -9.04904 5 3
    endloop
  endfacet
  facet normal 0 0 0
    outer loop
      vertex -9.03481 6.50822 3
      vertex -9.04904 6.5 3
      vertex -9.04904 6.48357 3
    endloop
  endfacet
  facet normal 0 0 0
    outer loop
      vertex -7.73577 7.24178 3
      vertex -7.75 7.25 3
      vertex -7.76423 7.24178 3
    endloop
  endfacet
  facet normal 0 0 0
    outer loop
      vertex -6.45096 5 3
      vertex -6.45096 5.01643 3
      vertex -6.46519 4.99178 3
    endloop
  endfacet
  facet normal 0 0 0
    outer loop
      vertex -6.45096 6.48356 3
      vertex -6.45096 6.5 3
      vertex -6.4652 6.50822 3
    endloop
  endfacet
  facet normal 0 0 0
    outer loop
      vertex -63.75 2.25 3
      vertex -63.75 113.75 3.98
      vertex -63.75 113.75 3
    endloop
  endfacet
  facet normal 0 0 0
    outer loop
      vertex -63.75 113.75 3.98
      vertex -63.75 2.25 3
      vertex -63.75 2.25 3.98
    endloop
  endfacet
  facet normal 0 0 0
    outer loop
      vertex -11.5 4.25 3.98
      vertex -56.5 4.25 3.98
      vertex -11.5 2.5 3.98
    endloop
  endfacet
  facet normal 0 0 0
    outer loop
      vertex -6.25 106.5 3.98
      vertex -4.5 9.5 3.98
      vertex -4.5 106.5 3.98
    endloop
  endfacet
  facet normal 0 0 0
    outer loop
      vertex -4.5 9.5 3.98
      vertex -6.25 106.5 3.98
      vertex -6.25 9.5 3.98
    endloop
  endfacet
  facet normal 0 0 0
    outer loop
      vertex -4.5 106.5 3.98
      vertex -4.25 113.75 3.98
      vertex -4.5 113.5 3.98
    endloop
  endfacet
  facet normal 0 0 0
    outer loop
      vertex -4.25 113.75 3.98
      vertex -11.5 113.5 3.98
      vertex -4.5 113.5 3.98
    endloop
  endfacet
  facet normal 0 0 0
    outer loop
      vertex -11.5 113.5 3.98
      vertex -56.5 113.5 3.98
      vertex -11.5 111.75 3.98
    endloop
  endfacet
  facet normal 0 0 0
    outer loop
      vertex -4.25 113.75 3.98
      vertex -56.5 113.5 3.98
      vertex -11.5 113.5 3.98
    endloop
  endfacet
  facet normal 0 0 0
    outer loop
      vertex -63.75 113.75 3.98
      vertex -56.5 113.5 3.98
      vertex -4.25 113.75 3.98
    endloop
  endfacet
  facet normal 0 0 0
    outer loop
      vertex -63.75 113.75 3.98
      vertex -63.5 106.5 3.98
      vertex -63.5 113.5 3.98
    endloop
  endfacet
  facet normal 0 0 0
    outer loop
      vertex -63.5 106.5 3.98
      vertex -63.75 113.75 3.98
      vertex -63.5 9.5 3.98
    endloop
  endfacet
  facet normal 0 0 0
    outer loop
      vertex -63.75 2.25 3.98
      vertex -63.5 9.5 3.98
      vertex -63.75 113.75 3.98
    endloop
  endfacet
  facet normal 0 0 0
    outer loop
      vertex -56.5 113.5 3.98
      vertex -63.75 113.75 3.98
      vertex -63.5 113.5 3.98
    endloop
  endfacet
  facet normal 0 0 0
    outer loop
      vertex -4.25 113.75 3.98
      vertex -4.5 106.5 3.98
      vertex -4.25 2.25 3.98
    endloop
  endfacet
  facet normal 0 0 0
    outer loop
      vertex -4.5 9.5 3.98
      vertex -4.25 2.25 3.98
      vertex -4.5 106.5 3.98
    endloop
  endfacet
  facet normal 0 0 0
    outer loop
      vertex -4.5 2.5 3.98
      vertex -4.25 2.25 3.98
      vertex -4.5 9.5 3.98
    endloop
  endfacet
  facet normal 0 0 0
    outer loop
      vertex -11.5 2.5 3.98
      vertex -4.25 2.25 3.98
      vertex -4.5 2.5 3.98
    endloop
  endfacet
  facet normal 0 0 0
    outer loop
      vertex -56.5 2.5 3.98
      vertex -11.5 2.5 3.98
      vertex -56.5 4.25 3.98
    endloop
  endfacet
  facet normal 0 0 0
    outer loop
      vertex -56.5 2.5 3.98
      vertex -4.25 2.25 3.98
      vertex -11.5 2.5 3.98
    endloop
  endfacet
  facet normal 0 0 0
    outer loop
      vertex -63.75 2.25 3.98
      vertex -56.5 2.5 3.98
      vertex -63.5 2.5 3.98
    endloop
  endfacet
  facet normal 0 0 0
    outer loop
      vertex -56.5 2.5 3.98
      vertex -63.75 2.25 3.98
      vertex -4.25 2.25 3.98
    endloop
  endfacet
  facet normal 0 0 0
    outer loop
      vertex -63.5 9.5 3.98
      vertex -63.75 2.25 3.98
      vertex -63.5 2.5 3.98
    endloop
  endfacet
  facet normal 0 0 0
    outer loop
      vertex -11.5 111.75 3.98
      vertex -56.5 113.5 3.98
      vertex -56.5 111.75 3.98
    endloop
  endfacet
  facet normal 0 0 0
    outer loop
      vertex -63.5 106.5 3.98
      vertex -61.75 9.5 3.98
      vertex -61.75 106.5 3.98
    endloop
  endfacet
  facet normal 0 0 0
    outer loop
      vertex -61.75 9.5 3.98
      vertex -63.5 106.5 3.98
      vertex -63.5 9.5 3.98
    endloop
  endfacet
  facet normal 0 0 0
    outer loop
      vertex -4.25 2.25 3.98
      vertex -4.25 113.75 3
      vertex -4.25 113.75 3.98
    endloop
  endfacet
  facet normal 0 0 0
    outer loop
      vertex -4.25 113.75 3
      vertex -4.25 2.25 3.98
      vertex -4.25 2.25 3
    endloop
  endfacet
  facet normal 0 0 0
    outer loop
      vertex -63.75 2.25 3
      vertex -4.25 2.25 3.98
      vertex -63.75 2.25 3.98
    endloop
  endfacet
  facet normal 0 0 0
    outer loop
      vertex -4.25 2.25 3.98
      vertex -63.75 2.25 3
      vertex -4.25 2.25 3
    endloop
  endfacet
  facet normal 0 0 0
    outer loop
      vertex -4.25 113.75 3
      vertex -63.75 113.75 3.98
      vertex -4.25 113.75 3.98
    endloop
  endfacet
  facet normal 0 0 0
    outer loop
      vertex -63.75 113.75 3.98
      vertex -4.25 113.75 3
      vertex -63.75 113.75 3
    endloop
  endfacet
  facet normal 0 0 0
    outer loop
      vertex -61.75 9.5 3.98
      vertex -61.75 106.5 3
      vertex -61.75 106.5 3.98
    endloop
  endfacet
  facet normal 0 0 0
    outer loop
      vertex -61.75 106.5 3
      vertex -61.75 9.5 3.98
      vertex -61.75 9.5 3
    endloop
  endfacet
  facet normal 0 0 0
    outer loop
      vertex -6.25 9.5 3
      vertex -6.25 106.5 3.98
      vertex -6.25 106.5 3
    endloop
  endfacet
  facet normal 0 0 0
    outer loop
      vertex -6.25 106.5 3.98
      vertex -6.25 9.5 3
      vertex -6.25 9.5 3.98
    endloop
  endfacet
  facet normal 0 0 0
    outer loop
      vertex -11.5 4.25 3
      vertex -56.5 4.25 3.98
      vertex -11.5 4.25 3.98
    endloop
  endfacet
  facet normal 0 0 0
    outer loop
      vertex -56.5 4.25 3.98
      vertex -11.5 4.25 3
      vertex -56.5 4.25 3
    endloop
  endfacet
  facet normal 0 0 0
    outer loop
      vertex -56.5 111.75 3
      vertex -11.5 111.75 3.98
      vertex -56.5 111.75 3.98
    endloop
  endfacet
  facet normal 0 0 0
    outer loop
      vertex -11.5 111.75 3.98
      vertex -56.5 111.75 3
      vertex -11.5 111.75 3
    endloop
  endfacet
  facet normal 0 0 0
    outer loop
      vertex -56.5 5.75 4
      vertex -56.5819 6.52967 3
      vertex -56.5819 6.52967 4
    endloop
  endfacet
  facet normal 0 0 0
    outer loop
      vertex -56.5819 6.52967 3
      vertex -56.5 5.75 4
      vertex -56.5 5.75 3
    endloop
  endfacet
  facet normal 0 0 0
    outer loop
      vertex -59.858 9.47946 3
      vertex -60.25 9.47946 4
      vertex -59.858 9.47946 4
    endloop
  endfacet
  facet normal 0 0 0
    outer loop
      vertex -60.25 9.47946 4
      vertex -59.858 9.47946 3
      vertex -60.25 9.47946 3
    endloop
  endfacet
  facet normal 0 0 0
    outer loop
      vertex -57.7408 8.53679 3
      vertex -58.375 8.99759 4
      vertex -57.7408 8.53679 4
    endloop
  endfacet
  facet normal 0 0 0
    outer loop
      vertex -58.375 8.99759 4
      vertex -57.7408 8.53679 3
      vertex -58.375 8.99759 3
    endloop
  endfacet
  facet normal 0 0 0
    outer loop
      vertex -58.375 8.99759 3
      vertex -59.0912 9.31646 4
      vertex -58.375 8.99759 4
    endloop
  endfacet
  facet normal 0 0 0
    outer loop
      vertex -59.0912 9.31646 4
      vertex -58.375 8.99759 3
      vertex -59.0912 9.31646 3
    endloop
  endfacet
  facet normal 0 0 0
    outer loop
      vertex -56.8242 7.27526 4
      vertex -57.2162 7.95419 3
      vertex -57.2162 7.95419 4
    endloop
  endfacet
  facet normal 0 0 0
    outer loop
      vertex -57.2162 7.95419 3
      vertex -56.8242 7.27526 4
      vertex -56.8242 7.27526 3
    endloop
  endfacet
  facet normal 0 0 0
    outer loop
      vertex -56.5819 6.52967 4
      vertex -56.8242 7.27526 3
      vertex -56.8242 7.27526 4
    endloop
  endfacet
  facet normal 0 0 0
    outer loop
      vertex -56.8242 7.27526 3
      vertex -56.5819 6.52967 4
      vertex -56.5819 6.52967 3
    endloop
  endfacet
  facet normal 0 0 0
    outer loop
      vertex -57.2162 7.95419 4
      vertex -57.7408 8.53679 3
      vertex -57.7408 8.53679 4
    endloop
  endfacet
  facet normal 0 0 0
    outer loop
      vertex -57.7408 8.53679 3
      vertex -57.2162 7.95419 4
      vertex -57.2162 7.95419 3
    endloop
  endfacet
  facet normal 0 0 0
    outer loop
      vertex -59.0912 9.31646 3
      vertex -59.858 9.47946 4
      vertex -59.0912 9.31646 4
    endloop
  endfacet
  facet normal 0 0 0
    outer loop
      vertex -59.858 9.47946 4
      vertex -59.0912 9.31646 3
      vertex -59.858 9.47946 3
    endloop
  endfacet
  facet normal 0 0 0
    outer loop
      vertex -63.5 9.5 4
      vertex -60.25 9.47946 4
      vertex -60.25 9.5 4
    endloop
  endfacet
  facet normal 0 0 0
    outer loop
      vertex -60.25 9.47946 4
      vertex -60.7135 7.17658 4
      vertex -60.4068 7.24178 4
    endloop
  endfacet
  facet normal 0 0 0
    outer loop
      vertex -60.25 9.47946 4
      vertex -61 7.04904 4
      vertex -60.7135 7.17658 4
    endloop
  endfacet
  facet normal 0 0 0
    outer loop
      vertex -60.25 9.47946 4
      vertex -63.5 9.5 4
      vertex -61 7.04904 4
    endloop
  endfacet
  facet normal 0 0 0
    outer loop
      vertex -61 7.04904 4
      vertex -63.5 9.5 4
      vertex -61.2537 6.86472 4
    endloop
  endfacet
  facet normal 0 0 0
    outer loop
      vertex -61.2537 6.86472 4
      vertex -63.5 9.5 4
      vertex -61.4635 6.63168 4
    endloop
  endfacet
  facet normal 0 0 0
    outer loop
      vertex -61.7172 6.06187 4
      vertex -63.5 9.5 4
      vertex -61.75 5.75 4
    endloop
  endfacet
  facet normal 0 0 0
    outer loop
      vertex -61.6203 6.3601 4
      vertex -63.5 9.5 4
      vertex -61.7172 6.06187 4
    endloop
  endfacet
  facet normal 0 0 0
    outer loop
      vertex -61.4635 6.63168 4
      vertex -63.5 9.5 4
      vertex -61.6203 6.3601 4
    endloop
  endfacet
  facet normal 0 0 0
    outer loop
      vertex -56.5819 6.52967 4
      vertex -58.7828 6.06187 4
      vertex -58.75 5.75 4
    endloop
  endfacet
  facet normal 0 0 0
    outer loop
      vertex -57.7408 8.53679 4
      vertex -58.8797 6.3601 4
      vertex -58.7828 6.06187 4
    endloop
  endfacet
  facet normal 0 0 0
    outer loop
      vertex -57.7408 8.53679 4
      vertex -59.0365 6.63168 4
      vertex -58.8797 6.3601 4
    endloop
  endfacet
  facet normal 0 0 0
    outer loop
      vertex -59.5 7.04904 4
      vertex -58.375 8.99759 4
      vertex -59.0912 9.31646 4
    endloop
  endfacet
  facet normal 0 0 0
    outer loop
      vertex -57.7408 8.53679 4
      vertex -59.2463 6.86472 4
      vertex -59.0365 6.63168 4
    endloop
  endfacet
  facet normal 0 0 0
    outer loop
      vertex -58.375 8.99759 4
      vertex -59.5 7.04904 4
      vertex -59.2463 6.86472 4
    endloop
  endfacet
  facet normal 0 0 0
    outer loop
      vertex -59.0912 9.31646 4
      vertex -59.7865 7.17658 4
      vertex -59.5 7.04904 4
    endloop
  endfacet
  facet normal 0 0 0
    outer loop
      vertex -59.858 9.47946 4
      vertex -59.7865 7.17658 4
      vertex -59.0912 9.31646 4
    endloop
  endfacet
  facet normal 0 0 0
    outer loop
      vertex -59.858 9.47946 4
      vertex -60.0932 7.24178 4
      vertex -59.7865 7.17658 4
    endloop
  endfacet
  facet normal 0 0 0
    outer loop
      vertex -60.25 9.47946 4
      vertex -60.0932 7.24178 4
      vertex -59.858 9.47946 4
    endloop
  endfacet
  facet normal 0 0 0
    outer loop
      vertex -60.0932 7.24178 4
      vertex -60.25 9.47946 4
      vertex -60.4068 7.24178 4
    endloop
  endfacet
  facet normal 0 0 0
    outer loop
      vertex -58.75 5.75 4
      vertex -56.5 5.75 4
      vertex -56.5819 6.52967 4
    endloop
  endfacet
  facet normal 0 0 0
    outer loop
      vertex -58.7828 6.06187 4
      vertex -56.5819 6.52967 4
      vertex -56.8242 7.27526 4
    endloop
  endfacet
  facet normal 0 0 0
    outer loop
      vertex -58.7828 6.06187 4
      vertex -56.8242 7.27526 4
      vertex -57.2162 7.95419 4
    endloop
  endfacet
  facet normal 0 0 0
    outer loop
      vertex -58.7828 6.06187 4
      vertex -57.2162 7.95419 4
      vertex -57.7408 8.53679 4
    endloop
  endfacet
  facet normal 0 0 0
    outer loop
      vertex -59.2463 6.86472 4
      vertex -57.7408 8.53679 4
      vertex -58.375 8.99759 4
    endloop
  endfacet
  facet normal 0 0 0
    outer loop
      vertex -56.5 5.75 4
      vertex -58.75 5.75 4
      vertex -58.7828 5.43813 4
    endloop
  endfacet
  facet normal 0 0 0
    outer loop
      vertex -56.5 5.75 4
      vertex -58.7828 5.43813 4
      vertex -58.8797 5.13989 4
    endloop
  endfacet
  facet normal 0 0 0
    outer loop
      vertex -56.5 5.75 4
      vertex -58.8797 5.13989 4
      vertex -56.5 2.5 4
    endloop
  endfacet
  facet normal 0 0 0
    outer loop
      vertex -59.0365 4.86832 4
      vertex -56.5 2.5 4
      vertex -58.8797 5.13989 4
    endloop
  endfacet
  facet normal 0 0 0
    outer loop
      vertex -59.2463 4.63528 4
      vertex -56.5 2.5 4
      vertex -59.0365 4.86832 4
    endloop
  endfacet
  facet normal 0 0 0
    outer loop
      vertex -59.5 4.45096 4
      vertex -56.5 2.5 4
      vertex -59.2463 4.63528 4
    endloop
  endfacet
  facet normal 0 0 0
    outer loop
      vertex -59.7865 4.32341 4
      vertex -56.5 2.5 4
      vertex -59.5 4.45096 4
    endloop
  endfacet
  facet normal 0 0 0
    outer loop
      vertex -60.0932 4.25822 4
      vertex -56.5 2.5 4
      vertex -59.7865 4.32341 4
    endloop
  endfacet
  facet normal 0 0 0
    outer loop
      vertex -63.5 2.5 4
      vertex -60.0932 4.25822 4
      vertex -60.4068 4.25822 4
    endloop
  endfacet
  facet normal 0 0 0
    outer loop
      vertex -63.5 2.5 4
      vertex -60.4068 4.25822 4
      vertex -60.7135 4.32341 4
    endloop
  endfacet
  facet normal 0 0 0
    outer loop
      vertex -63.5 2.5 4
      vertex -61.75 5.75 4
      vertex -63.5 9.5 4
    endloop
  endfacet
  facet normal 0 0 0
    outer loop
      vertex -61.75 5.75 4
      vertex -63.5 2.5 4
      vertex -61.7172 5.43813 4
    endloop
  endfacet
  facet normal 0 0 0
    outer loop
      vertex -60.0932 4.25822 4
      vertex -63.5 2.5 4
      vertex -56.5 2.5 4
    endloop
  endfacet
  facet normal 0 0 0
    outer loop
      vertex -61 4.45096 4
      vertex -63.5 2.5 4
      vertex -60.7135 4.32341 4
    endloop
  endfacet
  facet normal 0 0 0
    outer loop
      vertex -61.2537 4.63528 4
      vertex -63.5 2.5 4
      vertex -61 4.45096 4
    endloop
  endfacet
  facet normal 0 0 0
    outer loop
      vertex -61.4635 4.86832 4
      vertex -63.5 2.5 4
      vertex -61.2537 4.63528 4
    endloop
  endfacet
  facet normal 0 0 0
    outer loop
      vertex -61.6203 5.13989 4
      vertex -63.5 2.5 4
      vertex -61.4635 4.86832 4
    endloop
  endfacet
  facet normal 0 0 0
    outer loop
      vertex -61.7172 5.43813 4
      vertex -63.5 2.5 4
      vertex -61.6203 5.13989 4
    endloop
  endfacet
  facet normal 0 0 0
    outer loop
      vertex -60.25 9.47946 4
      vertex -60.25 9.5 3
      vertex -60.25 9.5 4
    endloop
  endfacet
  facet normal 0 0 0
    outer loop
      vertex -60.25 9.5 3
      vertex -60.25 9.47946 4
      vertex -60.25 9.47946 3
    endloop
  endfacet
  facet normal 0 0 0
    outer loop
      vertex -60.25 9.5 4
      vertex -61.75 9.5 3.98
      vertex -63.5 9.5 4
    endloop
  endfacet
  facet normal 0 0 0
    outer loop
      vertex -60.25 9.5 3
      vertex -61.75 9.5 3.98
      vertex -60.25 9.5 4
    endloop
  endfacet
  facet normal 0 0 0
    outer loop
      vertex -61.75 9.5 3.98
      vertex -60.25 9.5 3
      vertex -61.75 9.5 3
    endloop
  endfacet
  facet normal 0 0 0
    outer loop
      vertex -63.5 9.5 4
      vertex -61.75 9.5 3.98
      vertex -63.5 9.5 3.98
    endloop
  endfacet
  facet normal 0 0 0
    outer loop
      vertex -56.5 5.75 4
      vertex -56.5 4.25 3.98
      vertex -56.5 5.75 3
    endloop
  endfacet
  facet normal 0 0 0
    outer loop
      vertex -56.5 2.5 4
      vertex -56.5 4.25 3.98
      vertex -56.5 5.75 4
    endloop
  endfacet
  facet normal 0 0 0
    outer loop
      vertex -56.5 4.25 3.98
      vertex -56.5 2.5 4
      vertex -56.5 2.5 3.98
    endloop
  endfacet
  facet normal 0 0 0
    outer loop
      vertex -56.5 5.75 3
      vertex -56.5 4.25 3.98
      vertex -56.5 4.25 3
    endloop
  endfacet
  facet normal 0 0 0
    outer loop
      vertex -7.75 9.5 3
      vertex -8.52967 9.41805 4
      vertex -7.75 9.5 4
    endloop
  endfacet
  facet normal 0 0 0
    outer loop
      vertex -8.52967 9.41805 4
      vertex -7.75 9.5 3
      vertex -8.52967 9.41805 3
    endloop
  endfacet
  facet normal 0 0 0
    outer loop
      vertex -11.4795 5.75 3
      vertex -11.4795 6.14198 4
      vertex -11.4795 6.14198 3
    endloop
  endfacet
  facet normal 0 0 0
    outer loop
      vertex -11.4795 6.14198 4
      vertex -11.4795 5.75 3
      vertex -11.4795 5.75 4
    endloop
  endfacet
  facet normal 0 0 0
    outer loop
      vertex -10.9976 7.625 3
      vertex -10.5368 8.25924 4
      vertex -10.5368 8.25924 3
    endloop
  endfacet
  facet normal 0 0 0
    outer loop
      vertex -10.5368 8.25924 4
      vertex -10.9976 7.625 3
      vertex -10.9976 7.625 4
    endloop
  endfacet
  facet normal 0 0 0
    outer loop
      vertex -11.3165 6.90881 3
      vertex -10.9976 7.625 4
      vertex -10.9976 7.625 3
    endloop
  endfacet
  facet normal 0 0 0
    outer loop
      vertex -10.9976 7.625 4
      vertex -11.3165 6.90881 3
      vertex -11.3165 6.90881 4
    endloop
  endfacet
  facet normal 0 0 0
    outer loop
      vertex -9.27526 9.17579 3
      vertex -9.95419 8.78381 4
      vertex -9.27526 9.17579 4
    endloop
  endfacet
  facet normal 0 0 0
    outer loop
      vertex -9.95419 8.78381 4
      vertex -9.27526 9.17579 3
      vertex -9.95419 8.78381 3
    endloop
  endfacet
  facet normal 0 0 0
    outer loop
      vertex -8.52967 9.41805 3
      vertex -9.27526 9.17579 4
      vertex -8.52967 9.41805 4
    endloop
  endfacet
  facet normal 0 0 0
    outer loop
      vertex -9.27526 9.17579 4
      vertex -8.52967 9.41805 3
      vertex -9.27526 9.17579 3
    endloop
  endfacet
  facet normal 0 0 0
    outer loop
      vertex -9.95419 8.78381 3
      vertex -10.5368 8.25924 4
      vertex -9.95419 8.78381 4
    endloop
  endfacet
  facet normal 0 0 0
    outer loop
      vertex -10.5368 8.25924 4
      vertex -9.95419 8.78381 3
      vertex -10.5368 8.25924 3
    endloop
  endfacet
  facet normal 0 0 0
    outer loop
      vertex -11.4795 6.14198 3
      vertex -11.3165 6.90881 4
      vertex -11.3165 6.90881 3
    endloop
  endfacet
  facet normal 0 0 0
    outer loop
      vertex -11.3165 6.90881 4
      vertex -11.4795 6.14198 3
      vertex -11.4795 6.14198 4
    endloop
  endfacet
  facet normal 0 0 0
    outer loop
      vertex -9.04904 5.01643 4
      vertex -9.12032 5.13989 4
      vertex -9.04904 5 4
    endloop
  endfacet
  facet normal 0 0 0
    outer loop
      vertex -4.5 9.5 4
      vertex -6.25 5.75 4
      vertex -4.5 2.5 4
    endloop
  endfacet
  facet normal 0 0 0
    outer loop
      vertex -4.5 9.5 4
      vertex -6.28278 6.06187 4
      vertex -6.25 5.75 4
    endloop
  endfacet
  facet normal 0 0 0
    outer loop
      vertex -4.5 9.5 4
      vertex -6.37968 6.3601 4
      vertex -6.28278 6.06187 4
    endloop
  endfacet
  facet normal 0 0 0
    outer loop
      vertex -4.5 9.5 4
      vertex -6.45096 6.5 4
      vertex -6.37968 6.3601 4
    endloop
  endfacet
  facet normal 0 0 0
    outer loop
      vertex -6.53648 6.63168 4
      vertex -6.45096 6.5 4
      vertex -4.5 9.5 4
    endloop
  endfacet
  facet normal 0 0 0
    outer loop
      vertex -6.45096 6.5 4
      vertex -6.53648 6.63168 4
      vertex -6.4652 6.50822 4
    endloop
  endfacet
  facet normal 0 0 0
    outer loop
      vertex -4.5 9.5 4
      vertex -6.7463 6.86472 4
      vertex -6.53648 6.63168 4
    endloop
  endfacet
  facet normal 0 0 0
    outer loop
      vertex -4.5 9.5 4
      vertex -7 7.04904 4
      vertex -6.7463 6.86472 4
    endloop
  endfacet
  facet normal 0 0 0
    outer loop
      vertex -7.75 9.5 4
      vertex -7 7.04904 4
      vertex -4.5 9.5 4
    endloop
  endfacet
  facet normal 0 0 0
    outer loop
      vertex -7 7.04904 4
      vertex -7.75 9.5 4
      vertex -7.28648 7.17658 4
    endloop
  endfacet
  facet normal 0 0 0
    outer loop
      vertex -7.28648 7.17658 4
      vertex -7.75 9.5 4
      vertex -7.59321 7.24178 4
    endloop
  endfacet
  facet normal 0 0 0
    outer loop
      vertex -7.75 7.25 4
      vertex -7.59321 7.24178 4
      vertex -7.75 9.5 4
    endloop
  endfacet
  facet normal 0 0 0
    outer loop
      vertex -7.59321 7.24178 4
      vertex -7.75 7.25 4
      vertex -7.73577 7.24178 4
    endloop
  endfacet
  facet normal 0 0 0
    outer loop
      vertex -7.90679 7.24178 4
      vertex -7.75 7.25 4
      vertex -7.75 9.5 4
    endloop
  endfacet
  facet normal 0 0 0
    outer loop
      vertex -7.75 7.25 4
      vertex -7.90679 7.24178 4
      vertex -7.76423 7.24178 4
    endloop
  endfacet
  facet normal 0 0 0
    outer loop
      vertex -8.52967 9.41805 4
      vertex -7.90679 7.24178 4
      vertex -7.75 9.5 4
    endloop
  endfacet
  facet normal 0 0 0
    outer loop
      vertex -7.90679 7.24178 4
      vertex -8.52967 9.41805 4
      vertex -8.21353 7.17658 4
    endloop
  endfacet
  facet normal 0 0 0
    outer loop
      vertex -9.27526 9.17579 4
      vertex -8.21353 7.17658 4
      vertex -8.52967 9.41805 4
    endloop
  endfacet
  facet normal 0 0 0
    outer loop
      vertex -8.21353 7.17658 4
      vertex -9.27526 9.17579 4
      vertex -8.5 7.04904 4
    endloop
  endfacet
  facet normal 0 0 0
    outer loop
      vertex -9.95419 8.78381 4
      vertex -8.5 7.04904 4
      vertex -9.27526 9.17579 4
    endloop
  endfacet
  facet normal 0 0 0
    outer loop
      vertex -8.5 7.04904 4
      vertex -9.95419 8.78381 4
      vertex -8.7537 6.86472 4
    endloop
  endfacet
  facet normal 0 0 0
    outer loop
      vertex -10.5368 8.25924 4
      vertex -8.7537 6.86472 4
      vertex -9.95419 8.78381 4
    endloop
  endfacet
  facet normal 0 0 0
    outer loop
      vertex -9.04904 6.5 4
      vertex -9.12032 6.3601 4
      vertex -9.04904 6.48357 4
    endloop
  endfacet
  facet normal 0 0 0
    outer loop
      vertex -8.7537 6.86472 4
      vertex -10.5368 8.25924 4
      vertex -8.96353 6.63168 4
    endloop
  endfacet
  facet normal 0 0 0
    outer loop
      vertex -10.9976 7.625 4
      vertex -8.96353 6.63168 4
      vertex -10.5368 8.25924 4
    endloop
  endfacet
  facet normal 0 0 0
    outer loop
      vertex -8.96353 6.63168 4
      vertex -10.9976 7.625 4
      vertex -9.04904 6.5 4
    endloop
  endfacet
  facet normal 0 0 0
    outer loop
      vertex -8.96353 6.63168 4
      vertex -9.04904 6.5 4
      vertex -9.03481 6.50822 4
    endloop
  endfacet
  facet normal 0 0 0
    outer loop
      vertex -6.28278 5.43813 4
      vertex -4.5 2.5 4
      vertex -6.25 5.75 4
    endloop
  endfacet
  facet normal 0 0 0
    outer loop
      vertex -6.37968 5.13989 4
      vertex -4.5 2.5 4
      vertex -6.28278 5.43813 4
    endloop
  endfacet
  facet normal 0 0 0
    outer loop
      vertex -6.45096 5 4
      vertex -6.37968 5.13989 4
      vertex -6.45096 5.01643 4
    endloop
  endfacet
  facet normal 0 0 0
    outer loop
      vertex -6.37968 5.13989 4
      vertex -6.45096 5 4
      vertex -4.5 2.5 4
    endloop
  endfacet
  facet normal 0 0 0
    outer loop
      vertex -6.53648 4.86832 4
      vertex -6.45096 5 4
      vertex -6.46519 4.99178 4
    endloop
  endfacet
  facet normal 0 0 0
    outer loop
      vertex -6.45096 5 4
      vertex -6.53648 4.86832 4
      vertex -4.5 2.5 4
    endloop
  endfacet
  facet normal 0 0 0
    outer loop
      vertex -6.7463 4.63528 4
      vertex -4.5 2.5 4
      vertex -6.53648 4.86832 4
    endloop
  endfacet
  facet normal 0 0 0
    outer loop
      vertex -7 4.45096 4
      vertex -4.5 2.5 4
      vertex -6.7463 4.63528 4
    endloop
  endfacet
  facet normal 0 0 0
    outer loop
      vertex -7.28648 4.32341 4
      vertex -4.5 2.5 4
      vertex -7 4.45096 4
    endloop
  endfacet
  facet normal 0 0 0
    outer loop
      vertex -7.59321 4.25822 4
      vertex -4.5 2.5 4
      vertex -7.28648 4.32341 4
    endloop
  endfacet
  facet normal 0 0 0
    outer loop
      vertex -7.75 4.25 4
      vertex -7.59321 4.25822 4
      vertex -7.73577 4.25822 4
    endloop
  endfacet
  facet normal 0 0 0
    outer loop
      vertex -7.59321 4.25822 4
      vertex -7.75 4.25 4
      vertex -4.5 2.5 4
    endloop
  endfacet
  facet normal 0 0 0
    outer loop
      vertex -7.90679 4.25822 4
      vertex -7.75 4.25 4
      vertex -7.76423 4.25822 4
    endloop
  endfacet
  facet normal 0 0 0
    outer loop
      vertex -11.5 2.5 4
      vertex -7.75 4.25 4
      vertex -7.90679 4.25822 4
    endloop
  endfacet
  facet normal 0 0 0
    outer loop
      vertex -11.5 2.5 4
      vertex -7.90679 4.25822 4
      vertex -8.21353 4.32341 4
    endloop
  endfacet
  facet normal 0 0 0
    outer loop
      vertex -11.5 2.5 4
      vertex -8.21353 4.32341 4
      vertex -8.5 4.45096 4
    endloop
  endfacet
  facet normal 0 0 0
    outer loop
      vertex -9.04904 5 4
      vertex -8.96353 4.86832 4
      vertex -9.03481 4.99179 4
    endloop
  endfacet
  facet normal 0 0 0
    outer loop
      vertex -9.04904 6.5 4
      vertex -10.9976 7.625 4
      vertex -9.12032 6.3601 4
    endloop
  endfacet
  facet normal 0 0 0
    outer loop
      vertex -11.3165 6.90881 4
      vertex -9.12032 6.3601 4
      vertex -10.9976 7.625 4
    endloop
  endfacet
  facet normal 0 0 0
    outer loop
      vertex -9.12032 6.3601 4
      vertex -11.3165 6.90881 4
      vertex -9.21722 6.06187 4
    endloop
  endfacet
  facet normal 0 0 0
    outer loop
      vertex -11.4795 6.14198 4
      vertex -9.21722 6.06187 4
      vertex -11.3165 6.90881 4
    endloop
  endfacet
  facet normal 0 0 0
    outer loop
      vertex -9.21722 6.06187 4
      vertex -11.4795 6.14198 4
      vertex -9.25 5.75 4
    endloop
  endfacet
  facet normal 0 0 0
    outer loop
      vertex -11.4795 5.75 4
      vertex -9.25 5.75 4
      vertex -11.4795 6.14198 4
    endloop
  endfacet
  facet normal 0 0 0
    outer loop
      vertex -9.25 5.75 4
      vertex -11.4795 5.75 4
      vertex -9.21722 5.43813 4
    endloop
  endfacet
  facet normal 0 0 0
    outer loop
      vertex -9.21722 5.43813 4
      vertex -11.4795 5.75 4
      vertex -9.12032 5.13989 4
    endloop
  endfacet
  facet normal 0 0 0
    outer loop
      vertex -9.12032 5.13989 4
      vertex -11.4795 5.75 4
      vertex -9.04904 5 4
    endloop
  endfacet
  facet normal 0 0 0
    outer loop
      vertex -11.5 2.5 4
      vertex -9.04904 5 4
      vertex -11.4795 5.75 4
    endloop
  endfacet
  facet normal 0 0 0
    outer loop
      vertex -9.04904 5 4
      vertex -11.5 2.5 4
      vertex -8.96353 4.86832 4
    endloop
  endfacet
  facet normal 0 0 0
    outer loop
      vertex -8.96353 4.86832 4
      vertex -11.5 2.5 4
      vertex -8.7537 4.63528 4
    endloop
  endfacet
  facet normal 0 0 0
    outer loop
      vertex -8.7537 4.63528 4
      vertex -11.5 2.5 4
      vertex -8.5 4.45096 4
    endloop
  endfacet
  facet normal 0 0 0
    outer loop
      vertex -11.5 2.5 4
      vertex -11.4795 5.75 4
      vertex -11.5 5.75 4
    endloop
  endfacet
  facet normal 0 0 0
    outer loop
      vertex -7.75 4.25 4
      vertex -11.5 2.5 4
      vertex -4.5 2.5 4
    endloop
  endfacet
  facet normal 0 0 0
    outer loop
      vertex -6.37968 6.3601 4
      vertex -6.45096 6.5 4
      vertex -6.45096 6.48356 4
    endloop
  endfacet
  facet normal 0 0 0
    outer loop
      vertex -11.4795 5.75 3
      vertex -11.5 5.75 4
      vertex -11.4795 5.75 4
    endloop
  endfacet
  facet normal 0 0 0
    outer loop
      vertex -11.5 5.75 4
      vertex -11.4795 5.75 3
      vertex -11.5 5.75 3
    endloop
  endfacet
  facet normal 0 0 0
    outer loop
      vertex -11.5 4.25 3.98
      vertex -11.5 5.75 3
      vertex -11.5 4.25 3
    endloop
  endfacet
  facet normal 0 0 0
    outer loop
      vertex -11.5 5.75 3
      vertex -11.5 4.25 3.98
      vertex -11.5 5.75 4
    endloop
  endfacet
  facet normal 0 0 0
    outer loop
      vertex -11.5 2.5 4
      vertex -11.5 4.25 3.98
      vertex -11.5 2.5 3.98
    endloop
  endfacet
  facet normal 0 0 0
    outer loop
      vertex -11.5 4.25 3.98
      vertex -11.5 2.5 4
      vertex -11.5 5.75 4
    endloop
  endfacet
  facet normal 0 0 0
    outer loop
      vertex -6.25 9.5 3.98
      vertex -4.5 9.5 4
      vertex -4.5 9.5 3.98
    endloop
  endfacet
  facet normal 0 0 0
    outer loop
      vertex -4.5 9.5 4
      vertex -6.25 9.5 3.98
      vertex -7.75 9.5 4
    endloop
  endfacet
  facet normal 0 0 0
    outer loop
      vertex -7.75 9.5 3
      vertex -6.25 9.5 3.98
      vertex -6.25 9.5 3
    endloop
  endfacet
  facet normal 0 0 0
    outer loop
      vertex -6.25 9.5 3.98
      vertex -7.75 9.5 3
      vertex -7.75 9.5 4
    endloop
  endfacet
  facet normal 0 0 0
    outer loop
      vertex -9.04904 6.5 3
      vertex -9.03481 6.50822 4
      vertex -9.04904 6.5 4
    endloop
  endfacet
  facet normal 0 0 0
    outer loop
      vertex -9.03481 6.50822 4
      vertex -9.04904 6.5 3
      vertex -9.03481 6.50822 3
    endloop
  endfacet
  facet normal 0 0 0
    outer loop
      vertex -7.76423 7.24178 3
      vertex -7.75 7.25 4
      vertex -7.76423 7.24178 4
    endloop
  endfacet
  facet normal 0 0 0
    outer loop
      vertex -7.75 7.25 4
      vertex -7.76423 7.24178 3
      vertex -7.75 7.25 3
    endloop
  endfacet
  facet normal 0 0 0
    outer loop
      vertex -9.03481 4.99179 3
      vertex -9.04904 5 4
      vertex -9.03481 4.99179 4
    endloop
  endfacet
  facet normal 0 0 0
    outer loop
      vertex -9.04904 5 4
      vertex -9.03481 4.99179 3
      vertex -9.04904 5 3
    endloop
  endfacet
  facet normal 0 0 0
    outer loop
      vertex -7.75 4.25 3
      vertex -7.76423 4.25822 4
      vertex -7.75 4.25 4
    endloop
  endfacet
  facet normal 0 0 0
    outer loop
      vertex -7.76423 4.25822 4
      vertex -7.75 4.25 3
      vertex -7.76423 4.25822 3
    endloop
  endfacet
  facet normal 0 0 0
    outer loop
      vertex -9.04904 6.48357 4
      vertex -9.04904 6.5 3
      vertex -9.04904 6.5 4
    endloop
  endfacet
  facet normal 0 0 0
    outer loop
      vertex -9.04904 6.5 3
      vertex -9.04904 6.48357 4
      vertex -9.04904 6.48357 3
    endloop
  endfacet
  facet normal 0 0 0
    outer loop
      vertex -9.04904 5 4
      vertex -9.04904 5.01643 3
      vertex -9.04904 5.01643 4
    endloop
  endfacet
  facet normal 0 0 0
    outer loop
      vertex -9.04904 5.01643 3
      vertex -9.04904 5 4
      vertex -9.04904 5 3
    endloop
  endfacet
  facet normal 0 0 0
    outer loop
      vertex -7.75 7.25 3
      vertex -7.73577 7.24178 4
      vertex -7.75 7.25 4
    endloop
  endfacet
  facet normal 0 0 0
    outer loop
      vertex -7.73577 7.24178 4
      vertex -7.75 7.25 3
      vertex -7.73577 7.24178 3
    endloop
  endfacet
  facet normal 0 0 0
    outer loop
      vertex -6.4652 6.50822 3
      vertex -6.45096 6.5 4
      vertex -6.4652 6.50822 4
    endloop
  endfacet
  facet normal 0 0 0
    outer loop
      vertex -6.45096 6.5 4
      vertex -6.4652 6.50822 3
      vertex -6.45096 6.5 3
    endloop
  endfacet
  facet normal 0 0 0
    outer loop
      vertex -6.45096 5 3
      vertex -6.45096 5.01643 4
      vertex -6.45096 5.01643 3
    endloop
  endfacet
  facet normal 0 0 0
    outer loop
      vertex -6.45096 5.01643 4
      vertex -6.45096 5 3
      vertex -6.45096 5 4
    endloop
  endfacet
  facet normal 0 0 0
    outer loop
      vertex -6.45096 6.48356 3
      vertex -6.45096 6.5 4
      vertex -6.45096 6.5 3
    endloop
  endfacet
  facet normal 0 0 0
    outer loop
      vertex -6.45096 6.5 4
      vertex -6.45096 6.48356 3
      vertex -6.45096 6.48356 4
    endloop
  endfacet
  facet normal 0 0 0
    outer loop
      vertex -7.73577 4.25822 3
      vertex -7.75 4.25 4
      vertex -7.73577 4.25822 4
    endloop
  endfacet
  facet normal 0 0 0
    outer loop
      vertex -7.75 4.25 4
      vertex -7.73577 4.25822 3
      vertex -7.75 4.25 3
    endloop
  endfacet
  facet normal 0 0 0
    outer loop
      vertex -6.45096 5 3
      vertex -6.46519 4.99178 4
      vertex -6.45096 5 4
    endloop
  endfacet
  facet normal 0 0 0
    outer loop
      vertex -6.46519 4.99178 4
      vertex -6.45096 5 3
      vertex -6.46519 4.99178 3
    endloop
  endfacet
  facet normal 0 0 0
    outer loop
      vertex -11.4181 109.47 3
      vertex -11.5 110.25 4
      vertex -11.5 110.25 3
    endloop
  endfacet
  facet normal 0 0 0
    outer loop
      vertex -11.5 110.25 4
      vertex -11.4181 109.47 3
      vertex -11.4181 109.47 4
    endloop
  endfacet
  facet normal 0 0 0
    outer loop
      vertex -8.14198 106.521 3
      vertex -7.75 106.521 4
      vertex -8.14198 106.521 4
    endloop
  endfacet
  facet normal 0 0 0
    outer loop
      vertex -7.75 106.521 4
      vertex -8.14198 106.521 3
      vertex -7.75 106.521 3
    endloop
  endfacet
  facet normal 0 0 0
    outer loop
      vertex -10.2592 107.463 3
      vertex -9.625 107.002 4
      vertex -10.2592 107.463 4
    endloop
  endfacet
  facet normal 0 0 0
    outer loop
      vertex -9.625 107.002 4
      vertex -10.2592 107.463 3
      vertex -9.625 107.002 3
    endloop
  endfacet
  facet normal 0 0 0
    outer loop
      vertex -9.625 107.002 3
      vertex -8.90881 106.684 4
      vertex -9.625 107.002 4
    endloop
  endfacet
  facet normal 0 0 0
    outer loop
      vertex -8.90881 106.684 4
      vertex -9.625 107.002 3
      vertex -8.90881 106.684 3
    endloop
  endfacet
  facet normal 0 0 0
    outer loop
      vertex -10.7838 108.046 3
      vertex -11.1758 108.725 4
      vertex -11.1758 108.725 3
    endloop
  endfacet
  facet normal 0 0 0
    outer loop
      vertex -11.1758 108.725 4
      vertex -10.7838 108.046 3
      vertex -10.7838 108.046 4
    endloop
  endfacet
  facet normal 0 0 0
    outer loop
      vertex -11.1758 108.725 3
      vertex -11.4181 109.47 4
      vertex -11.4181 109.47 3
    endloop
  endfacet
  facet normal 0 0 0
    outer loop
      vertex -11.4181 109.47 4
      vertex -11.1758 108.725 3
      vertex -11.1758 108.725 4
    endloop
  endfacet
  facet normal 0 0 0
    outer loop
      vertex -10.2592 107.463 3
      vertex -10.7838 108.046 4
      vertex -10.7838 108.046 3
    endloop
  endfacet
  facet normal 0 0 0
    outer loop
      vertex -10.7838 108.046 4
      vertex -10.2592 107.463 3
      vertex -10.2592 107.463 4
    endloop
  endfacet
  facet normal 0 0 0
    outer loop
      vertex -8.90881 106.684 3
      vertex -8.14198 106.521 4
      vertex -8.90881 106.684 4
    endloop
  endfacet
  facet normal 0 0 0
    outer loop
      vertex -8.14198 106.521 4
      vertex -8.90881 106.684 3
      vertex -8.14198 106.521 3
    endloop
  endfacet
  facet normal 0 0 0
    outer loop
      vertex -7.90679 108.758 4
      vertex -7.75 106.521 4
      vertex -7.59321 108.758 4
    endloop
  endfacet
  facet normal 0 0 0
    outer loop
      vertex -7.90679 108.758 4
      vertex -8.14198 106.521 4
      vertex -7.75 106.521 4
    endloop
  endfacet
  facet normal 0 0 0
    outer loop
      vertex -8.21353 108.823 4
      vertex -8.14198 106.521 4
      vertex -7.90679 108.758 4
    endloop
  endfacet
  facet normal 0 0 0
    outer loop
      vertex -8.90881 106.684 4
      vertex -8.21353 108.823 4
      vertex -8.5 108.951 4
    endloop
  endfacet
  facet normal 0 0 0
    outer loop
      vertex -9.625 107.002 4
      vertex -8.5 108.951 4
      vertex -8.7537 109.135 4
    endloop
  endfacet
  facet normal 0 0 0
    outer loop
      vertex -8.21353 108.823 4
      vertex -8.90881 106.684 4
      vertex -8.14198 106.521 4
    endloop
  endfacet
  facet normal 0 0 0
    outer loop
      vertex -10.2592 107.463 4
      vertex -8.7537 109.135 4
      vertex -8.96353 109.368 4
    endloop
  endfacet
  facet normal 0 0 0
    outer loop
      vertex -10.7838 108.046 4
      vertex -8.96353 109.368 4
      vertex -9.12032 109.64 4
    endloop
  endfacet
  facet normal 0 0 0
    outer loop
      vertex -11.1758 108.725 4
      vertex -9.12032 109.64 4
      vertex -9.21722 109.938 4
    endloop
  endfacet
  facet normal 0 0 0
    outer loop
      vertex -11.4181 109.47 4
      vertex -9.21722 109.938 4
      vertex -9.25 110.25 4
    endloop
  endfacet
  facet normal 0 0 0
    outer loop
      vertex -8.5 108.951 4
      vertex -9.625 107.002 4
      vertex -8.90881 106.684 4
    endloop
  endfacet
  facet normal 0 0 0
    outer loop
      vertex -4.5 113.5 4
      vertex -6.25 110.25 4
      vertex -4.5 106.5 4
    endloop
  endfacet
  facet normal 0 0 0
    outer loop
      vertex -4.5 113.5 4
      vertex -6.28278 110.562 4
      vertex -6.25 110.25 4
    endloop
  endfacet
  facet normal 0 0 0
    outer loop
      vertex -4.5 113.5 4
      vertex -6.37968 110.86 4
      vertex -6.28278 110.562 4
    endloop
  endfacet
  facet normal 0 0 0
    outer loop
      vertex -4.5 113.5 4
      vertex -6.53648 111.132 4
      vertex -6.37968 110.86 4
    endloop
  endfacet
  facet normal 0 0 0
    outer loop
      vertex -4.5 113.5 4
      vertex -6.7463 111.365 4
      vertex -6.53648 111.132 4
    endloop
  endfacet
  facet normal 0 0 0
    outer loop
      vertex -4.5 113.5 4
      vertex -7 111.549 4
      vertex -6.7463 111.365 4
    endloop
  endfacet
  facet normal 0 0 0
    outer loop
      vertex -4.5 113.5 4
      vertex -7.28648 111.677 4
      vertex -7 111.549 4
    endloop
  endfacet
  facet normal 0 0 0
    outer loop
      vertex -4.5 113.5 4
      vertex -7.59321 111.742 4
      vertex -7.28648 111.677 4
    endloop
  endfacet
  facet normal 0 0 0
    outer loop
      vertex -4.5 113.5 4
      vertex -7.90679 111.742 4
      vertex -7.59321 111.742 4
    endloop
  endfacet
  facet normal 0 0 0
    outer loop
      vertex -11.5 113.5 4
      vertex -7.90679 111.742 4
      vertex -4.5 113.5 4
    endloop
  endfacet
  facet normal 0 0 0
    outer loop
      vertex -7.90679 111.742 4
      vertex -11.5 113.5 4
      vertex -8.21353 111.677 4
    endloop
  endfacet
  facet normal 0 0 0
    outer loop
      vertex -11.5 110.25 4
      vertex -9.25 110.25 4
      vertex -9.21722 110.562 4
    endloop
  endfacet
  facet normal 0 0 0
    outer loop
      vertex -8.7537 109.135 4
      vertex -10.2592 107.463 4
      vertex -9.625 107.002 4
    endloop
  endfacet
  facet normal 0 0 0
    outer loop
      vertex -11.5 110.25 4
      vertex -9.21722 110.562 4
      vertex -9.12032 110.86 4
    endloop
  endfacet
  facet normal 0 0 0
    outer loop
      vertex -8.96353 109.368 4
      vertex -10.7838 108.046 4
      vertex -10.2592 107.463 4
    endloop
  endfacet
  facet normal 0 0 0
    outer loop
      vertex -11.5 113.5 4
      vertex -9.12032 110.86 4
      vertex -8.96353 111.132 4
    endloop
  endfacet
  facet normal 0 0 0
    outer loop
      vertex -9.12032 109.64 4
      vertex -11.1758 108.725 4
      vertex -10.7838 108.046 4
    endloop
  endfacet
  facet normal 0 0 0
    outer loop
      vertex -11.5 113.5 4
      vertex -8.96353 111.132 4
      vertex -8.7537 111.365 4
    endloop
  endfacet
  facet normal 0 0 0
    outer loop
      vertex -9.21722 109.938 4
      vertex -11.4181 109.47 4
      vertex -11.1758 108.725 4
    endloop
  endfacet
  facet normal 0 0 0
    outer loop
      vertex -11.5 113.5 4
      vertex -8.7537 111.365 4
      vertex -8.5 111.549 4
    endloop
  endfacet
  facet normal 0 0 0
    outer loop
      vertex -8.21353 111.677 4
      vertex -11.5 113.5 4
      vertex -8.5 111.549 4
    endloop
  endfacet
  facet normal 0 0 0
    outer loop
      vertex -9.12032 110.86 4
      vertex -11.5 113.5 4
      vertex -11.5 110.25 4
    endloop
  endfacet
  facet normal 0 0 0
    outer loop
      vertex -9.25 110.25 4
      vertex -11.5 110.25 4
      vertex -11.4181 109.47 4
    endloop
  endfacet
  facet normal 0 0 0
    outer loop
      vertex -6.28278 109.938 4
      vertex -4.5 106.5 4
      vertex -6.25 110.25 4
    endloop
  endfacet
  facet normal 0 0 0
    outer loop
      vertex -6.37968 109.64 4
      vertex -4.5 106.5 4
      vertex -6.28278 109.938 4
    endloop
  endfacet
  facet normal 0 0 0
    outer loop
      vertex -6.53648 109.368 4
      vertex -4.5 106.5 4
      vertex -6.37968 109.64 4
    endloop
  endfacet
  facet normal 0 0 0
    outer loop
      vertex -6.7463 109.135 4
      vertex -4.5 106.5 4
      vertex -6.53648 109.368 4
    endloop
  endfacet
  facet normal 0 0 0
    outer loop
      vertex -7 108.951 4
      vertex -4.5 106.5 4
      vertex -6.7463 109.135 4
    endloop
  endfacet
  facet normal 0 0 0
    outer loop
      vertex -7.75 106.521 4
      vertex -7 108.951 4
      vertex -7.28648 108.823 4
    endloop
  endfacet
  facet normal 0 0 0
    outer loop
      vertex -7.75 106.521 4
      vertex -7.28648 108.823 4
      vertex -7.59321 108.758 4
    endloop
  endfacet
  facet normal 0 0 0
    outer loop
      vertex -7 108.951 4
      vertex -7.75 106.521 4
      vertex -4.5 106.5 4
    endloop
  endfacet
  facet normal 0 0 0
    outer loop
      vertex -4.5 106.5 4
      vertex -7.75 106.521 4
      vertex -7.75 106.5 4
    endloop
  endfacet
  facet normal 0 0 0
    outer loop
      vertex -7.75 106.5 3
      vertex -7.75 106.521 4
      vertex -7.75 106.521 3
    endloop
  endfacet
  facet normal 0 0 0
    outer loop
      vertex -7.75 106.521 4
      vertex -7.75 106.5 3
      vertex -7.75 106.5 4
    endloop
  endfacet
  facet normal 0 0 0
    outer loop
      vertex -7.75 106.5 4
      vertex -6.25 106.5 3.98
      vertex -4.5 106.5 4
    endloop
  endfacet
  facet normal 0 0 0
    outer loop
      vertex -7.75 106.5 3
      vertex -6.25 106.5 3.98
      vertex -7.75 106.5 4
    endloop
  endfacet
  facet normal 0 0 0
    outer loop
      vertex -6.25 106.5 3.98
      vertex -7.75 106.5 3
      vertex -6.25 106.5 3
    endloop
  endfacet
  facet normal 0 0 0
    outer loop
      vertex -4.5 106.5 4
      vertex -6.25 106.5 3.98
      vertex -4.5 106.5 3.98
    endloop
  endfacet
  facet normal 0 0 0
    outer loop
      vertex -11.5 111.75 3
      vertex -11.5 110.25 3
      vertex -11.5 111.75 3.98
    endloop
  endfacet
  facet normal 0 0 0
    outer loop
      vertex -11.5 111.75 3.98
      vertex -11.5 113.5 4
      vertex -11.5 113.5 3.98
    endloop
  endfacet
  facet normal 0 0 0
    outer loop
      vertex -11.5 111.75 3.98
      vertex -11.5 110.25 4
      vertex -11.5 113.5 4
    endloop
  endfacet
  facet normal 0 0 0
    outer loop
      vertex -11.5 110.25 4
      vertex -11.5 111.75 3.98
      vertex -11.5 110.25 3
    endloop
  endfacet
  facet normal 0 0 0
    outer loop
      vertex -60.25 106.5 3
      vertex -59.4703 106.582 4
      vertex -60.25 106.5 4
    endloop
  endfacet
  facet normal 0 0 0
    outer loop
      vertex -59.4703 106.582 4
      vertex -60.25 106.5 3
      vertex -59.4703 106.582 3
    endloop
  endfacet
  facet normal 0 0 0
    outer loop
      vertex -56.5205 109.858 4
      vertex -56.5205 110.25 3
      vertex -56.5205 110.25 4
    endloop
  endfacet
  facet normal 0 0 0
    outer loop
      vertex -56.5205 110.25 3
      vertex -56.5205 109.858 4
      vertex -56.5205 109.858 3
    endloop
  endfacet
  facet normal 0 0 0
    outer loop
      vertex -57.4632 107.741 4
      vertex -57.0024 108.375 3
      vertex -57.0024 108.375 4
    endloop
  endfacet
  facet normal 0 0 0
    outer loop
      vertex -57.0024 108.375 3
      vertex -57.4632 107.741 4
      vertex -57.4632 107.741 3
    endloop
  endfacet
  facet normal 0 0 0
    outer loop
      vertex -57.0024 108.375 4
      vertex -56.6835 109.091 3
      vertex -56.6835 109.091 4
    endloop
  endfacet
  facet normal 0 0 0
    outer loop
      vertex -56.6835 109.091 3
      vertex -57.0024 108.375 4
      vertex -57.0024 108.375 3
    endloop
  endfacet
  facet normal 0 0 0
    outer loop
      vertex -58.7247 106.824 3
      vertex -58.0458 107.216 4
      vertex -58.7247 106.824 4
    endloop
  endfacet
  facet normal 0 0 0
    outer loop
      vertex -58.0458 107.216 4
      vertex -58.7247 106.824 3
      vertex -58.0458 107.216 3
    endloop
  endfacet
  facet normal 0 0 0
    outer loop
      vertex -59.4703 106.582 3
      vertex -58.7247 106.824 4
      vertex -59.4703 106.582 4
    endloop
  endfacet
  facet normal 0 0 0
    outer loop
      vertex -58.7247 106.824 4
      vertex -59.4703 106.582 3
      vertex -58.7247 106.824 3
    endloop
  endfacet
  facet normal 0 0 0
    outer loop
      vertex -58.0458 107.216 3
      vertex -57.4632 107.741 4
      vertex -58.0458 107.216 4
    endloop
  endfacet
  facet normal 0 0 0
    outer loop
      vertex -57.4632 107.741 4
      vertex -58.0458 107.216 3
      vertex -57.4632 107.741 3
    endloop
  endfacet
  facet normal 0 0 0
    outer loop
      vertex -56.6835 109.091 4
      vertex -56.5205 109.858 3
      vertex -56.5205 109.858 4
    endloop
  endfacet
  facet normal 0 0 0
    outer loop
      vertex -56.5205 109.858 3
      vertex -56.6835 109.091 4
      vertex -56.6835 109.091 3
    endloop
  endfacet
  facet normal 0 0 0
    outer loop
      vertex -61.549 109.516 4
      vertex -61.6203 109.64 4
      vertex -61.549 109.5 4
    endloop
  endfacet
  facet normal 0 0 0
    outer loop
      vertex -56.5 113.5 4
      vertex -56.5205 110.25 4
      vertex -56.5 110.25 4
    endloop
  endfacet
  facet normal 0 0 0
    outer loop
      vertex -58.75 110.25 4
      vertex -56.5205 109.858 4
      vertex -56.5205 110.25 4
    endloop
  endfacet
  facet normal 0 0 0
    outer loop
      vertex -58.951 111 4
      vertex -56.5205 110.25 4
      vertex -56.5 113.5 4
    endloop
  endfacet
  facet normal 0 0 0
    outer loop
      vertex -58.75 110.25 4
      vertex -56.5205 110.25 4
      vertex -58.7828 110.562 4
    endloop
  endfacet
  facet normal 0 0 0
    outer loop
      vertex -56.5205 109.858 4
      vertex -58.75 110.25 4
      vertex -58.7828 109.938 4
    endloop
  endfacet
  facet normal 0 0 0
    outer loop
      vertex -58.8797 109.64 4
      vertex -56.6835 109.091 4
      vertex -58.7828 109.938 4
    endloop
  endfacet
  facet normal 0 0 0
    outer loop
      vertex -58.951 109.5 4
      vertex -57.0024 108.375 4
      vertex -58.8797 109.64 4
    endloop
  endfacet
  facet normal 0 0 0
    outer loop
      vertex -56.6835 109.091 4
      vertex -58.8797 109.64 4
      vertex -57.0024 108.375 4
    endloop
  endfacet
  facet normal 0 0 0
    outer loop
      vertex -56.5205 109.858 4
      vertex -58.7828 109.938 4
      vertex -56.6835 109.091 4
    endloop
  endfacet
  facet normal 0 0 0
    outer loop
      vertex -56.5205 110.25 4
      vertex -58.8797 110.86 4
      vertex -58.7828 110.562 4
    endloop
  endfacet
  facet normal 0 0 0
    outer loop
      vertex -56.5205 110.25 4
      vertex -58.951 111 4
      vertex -58.8797 110.86 4
    endloop
  endfacet
  facet normal 0 0 0
    outer loop
      vertex -59.0365 111.132 4
      vertex -58.951 111 4
      vertex -56.5 113.5 4
    endloop
  endfacet
  facet normal 0 0 0
    outer loop
      vertex -58.951 111 4
      vertex -59.0365 111.132 4
      vertex -58.9652 111.008 4
    endloop
  endfacet
  facet normal 0 0 0
    outer loop
      vertex -56.5 113.5 4
      vertex -59.2463 111.365 4
      vertex -59.0365 111.132 4
    endloop
  endfacet
  facet normal 0 0 0
    outer loop
      vertex -56.5 113.5 4
      vertex -59.5 111.549 4
      vertex -59.2463 111.365 4
    endloop
  endfacet
  facet normal 0 0 0
    outer loop
      vertex -56.5 113.5 4
      vertex -59.7865 111.677 4
      vertex -59.5 111.549 4
    endloop
  endfacet
  facet normal 0 0 0
    outer loop
      vertex -56.5 113.5 4
      vertex -60.0932 111.742 4
      vertex -59.7865 111.677 4
    endloop
  endfacet
  facet normal 0 0 0
    outer loop
      vertex -60.25 111.75 4
      vertex -60.0932 111.742 4
      vertex -56.5 113.5 4
    endloop
  endfacet
  facet normal 0 0 0
    outer loop
      vertex -60.0932 111.742 4
      vertex -60.25 111.75 4
      vertex -60.2358 111.742 4
    endloop
  endfacet
  facet normal 0 0 0
    outer loop
      vertex -60.25 111.75 4
      vertex -60.4068 111.742 4
      vertex -60.2642 111.742 4
    endloop
  endfacet
  facet normal 0 0 0
    outer loop
      vertex -63.5 113.5 4
      vertex -60.25 111.75 4
      vertex -56.5 113.5 4
    endloop
  endfacet
  facet normal 0 0 0
    outer loop
      vertex -60.25 111.75 4
      vertex -63.5 113.5 4
      vertex -60.4068 111.742 4
    endloop
  endfacet
  facet normal 0 0 0
    outer loop
      vertex -61.4635 111.132 4
      vertex -61.549 111 4
      vertex -61.5348 111.008 4
    endloop
  endfacet
  facet normal 0 0 0
    outer loop
      vertex -61.549 111 4
      vertex -61.6203 110.86 4
      vertex -61.549 110.984 4
    endloop
  endfacet
  facet normal 0 0 0
    outer loop
      vertex -61.7172 110.562 4
      vertex -63.5 113.5 4
      vertex -61.75 110.25 4
    endloop
  endfacet
  facet normal 0 0 0
    outer loop
      vertex -61.6203 110.86 4
      vertex -63.5 113.5 4
      vertex -61.7172 110.562 4
    endloop
  endfacet
  facet normal 0 0 0
    outer loop
      vertex -61.549 111 4
      vertex -63.5 113.5 4
      vertex -61.6203 110.86 4
    endloop
  endfacet
  facet normal 0 0 0
    outer loop
      vertex -61.4635 111.132 4
      vertex -63.5 113.5 4
      vertex -61.549 111 4
    endloop
  endfacet
  facet normal 0 0 0
    outer loop
      vertex -61.2537 111.365 4
      vertex -63.5 113.5 4
      vertex -61.4635 111.132 4
    endloop
  endfacet
  facet normal 0 0 0
    outer loop
      vertex -61 111.549 4
      vertex -63.5 113.5 4
      vertex -61.2537 111.365 4
    endloop
  endfacet
  facet normal 0 0 0
    outer loop
      vertex -60.7135 111.677 4
      vertex -63.5 113.5 4
      vertex -61 111.549 4
    endloop
  endfacet
  facet normal 0 0 0
    outer loop
      vertex -60.4068 111.742 4
      vertex -63.5 113.5 4
      vertex -60.7135 111.677 4
    endloop
  endfacet
  facet normal 0 0 0
    outer loop
      vertex -59.0365 109.368 4
      vertex -57.0024 108.375 4
      vertex -58.951 109.5 4
    endloop
  endfacet
  facet normal 0 0 0
    outer loop
      vertex -57.0024 108.375 4
      vertex -59.0365 109.368 4
      vertex -57.4632 107.741 4
    endloop
  endfacet
  facet normal 0 0 0
    outer loop
      vertex -58.951 109.5 4
      vertex -58.8797 109.64 4
      vertex -58.951 109.516 4
    endloop
  endfacet
  facet normal 0 0 0
    outer loop
      vertex -59.2463 109.135 4
      vertex -57.4632 107.741 4
      vertex -59.0365 109.368 4
    endloop
  endfacet
  facet normal 0 0 0
    outer loop
      vertex -59.0365 109.368 4
      vertex -58.951 109.5 4
      vertex -58.9652 109.492 4
    endloop
  endfacet
  facet normal 0 0 0
    outer loop
      vertex -57.4632 107.741 4
      vertex -59.2463 109.135 4
      vertex -58.0458 107.216 4
    endloop
  endfacet
  facet normal 0 0 0
    outer loop
      vertex -59.5 108.951 4
      vertex -58.0458 107.216 4
      vertex -59.2463 109.135 4
    endloop
  endfacet
  facet normal 0 0 0
    outer loop
      vertex -58.0458 107.216 4
      vertex -59.5 108.951 4
      vertex -58.7247 106.824 4
    endloop
  endfacet
  facet normal 0 0 0
    outer loop
      vertex -59.7865 108.823 4
      vertex -58.7247 106.824 4
      vertex -59.5 108.951 4
    endloop
  endfacet
  facet normal 0 0 0
    outer loop
      vertex -58.7247 106.824 4
      vertex -59.7865 108.823 4
      vertex -59.4703 106.582 4
    endloop
  endfacet
  facet normal 0 0 0
    outer loop
      vertex -60.0932 108.758 4
      vertex -59.4703 106.582 4
      vertex -59.7865 108.823 4
    endloop
  endfacet
  facet normal 0 0 0
    outer loop
      vertex -60.25 108.75 4
      vertex -60.0932 108.758 4
      vertex -60.2358 108.758 4
    endloop
  endfacet
  facet normal 0 0 0
    outer loop
      vertex -60.25 106.5 4
      vertex -60.0932 108.758 4
      vertex -60.25 108.75 4
    endloop
  endfacet
  facet normal 0 0 0
    outer loop
      vertex -60.0932 108.758 4
      vertex -60.25 106.5 4
      vertex -59.4703 106.582 4
    endloop
  endfacet
  facet normal 0 0 0
    outer loop
      vertex -60.4068 108.758 4
      vertex -60.25 108.75 4
      vertex -60.2642 108.758 4
    endloop
  endfacet
  facet normal 0 0 0
    outer loop
      vertex -60.25 108.75 4
      vertex -60.4068 108.758 4
      vertex -60.25 106.5 4
    endloop
  endfacet
  facet normal 0 0 0
    outer loop
      vertex -60.7135 108.823 4
      vertex -60.25 106.5 4
      vertex -60.4068 108.758 4
    endloop
  endfacet
  facet normal 0 0 0
    outer loop
      vertex -61 108.951 4
      vertex -60.25 106.5 4
      vertex -60.7135 108.823 4
    endloop
  endfacet
  facet normal 0 0 0
    outer loop
      vertex -63.5 106.5 4
      vertex -61 108.951 4
      vertex -61.2537 109.135 4
    endloop
  endfacet
  facet normal 0 0 0
    outer loop
      vertex -63.5 106.5 4
      vertex -61.2537 109.135 4
      vertex -61.4635 109.368 4
    endloop
  endfacet
  facet normal 0 0 0
    outer loop
      vertex -61.549 109.5 4
      vertex -61.4635 109.368 4
      vertex -61.5348 109.492 4
    endloop
  endfacet
  facet normal 0 0 0
    outer loop
      vertex -61.4635 109.368 4
      vertex -61.549 109.5 4
      vertex -63.5 106.5 4
    endloop
  endfacet
  facet normal 0 0 0
    outer loop
      vertex -63.5 106.5 4
      vertex -61.549 109.5 4
      vertex -61.6203 109.64 4
    endloop
  endfacet
  facet normal 0 0 0
    outer loop
      vertex -63.5 106.5 4
      vertex -61.75 110.25 4
      vertex -63.5 113.5 4
    endloop
  endfacet
  facet normal 0 0 0
    outer loop
      vertex -61.75 110.25 4
      vertex -63.5 106.5 4
      vertex -61.7172 109.938 4
    endloop
  endfacet
  facet normal 0 0 0
    outer loop
      vertex -61.7172 109.938 4
      vertex -63.5 106.5 4
      vertex -61.6203 109.64 4
    endloop
  endfacet
  facet normal 0 0 0
    outer loop
      vertex -61 108.951 4
      vertex -63.5 106.5 4
      vertex -60.25 106.5 4
    endloop
  endfacet
  facet normal 0 0 0
    outer loop
      vertex -58.8797 110.86 4
      vertex -58.951 111 4
      vertex -58.951 110.984 4
    endloop
  endfacet
  facet normal 0 0 0
    outer loop
      vertex -56.5205 110.25 3
      vertex -56.5 110.25 4
      vertex -56.5205 110.25 4
    endloop
  endfacet
  facet normal 0 0 0
    outer loop
      vertex -56.5 110.25 4
      vertex -56.5205 110.25 3
      vertex -56.5 110.25 3
    endloop
  endfacet
  facet normal 0 0 0
    outer loop
      vertex -56.5 113.5 4
      vertex -56.5 111.75 3.98
      vertex -56.5 113.5 3.98
    endloop
  endfacet
  facet normal 0 0 0
    outer loop
      vertex -56.5 110.25 4
      vertex -56.5 111.75 3.98
      vertex -56.5 113.5 4
    endloop
  endfacet
  facet normal 0 0 0
    outer loop
      vertex -56.5 110.25 3
      vertex -56.5 111.75 3.98
      vertex -56.5 110.25 4
    endloop
  endfacet
  facet normal 0 0 0
    outer loop
      vertex -56.5 111.75 3.98
      vertex -56.5 110.25 3
      vertex -56.5 111.75 3
    endloop
  endfacet
  facet normal 0 0 0
    outer loop
      vertex -61.75 106.5 3.98
      vertex -63.5 106.5 4
      vertex -63.5 106.5 3.98
    endloop
  endfacet
  facet normal 0 0 0
    outer loop
      vertex -63.5 106.5 4
      vertex -61.75 106.5 3.98
      vertex -60.25 106.5 4
    endloop
  endfacet
  facet normal 0 0 0
    outer loop
      vertex -60.25 106.5 3
      vertex -61.75 106.5 3.98
      vertex -61.75 106.5 3
    endloop
  endfacet
  facet normal 0 0 0
    outer loop
      vertex -61.75 106.5 3.98
      vertex -60.25 106.5 3
      vertex -60.25 106.5 4
    endloop
  endfacet
  facet normal 0 0 0
    outer loop
      vertex -58.951 109.5 3
      vertex -58.9652 109.492 4
      vertex -58.951 109.5 4
    endloop
  endfacet
  facet normal 0 0 0
    outer loop
      vertex -58.9652 109.492 4
      vertex -58.951 109.5 3
      vertex -58.9652 109.492 3
    endloop
  endfacet
  facet normal 0 0 0
    outer loop
      vertex -60.2358 108.758 3
      vertex -60.25 108.75 4
      vertex -60.2358 108.758 4
    endloop
  endfacet
  facet normal 0 0 0
    outer loop
      vertex -60.25 108.75 4
      vertex -60.2358 108.758 3
      vertex -60.25 108.75 3
    endloop
  endfacet
  facet normal 0 0 0
    outer loop
      vertex -58.9652 111.008 3
      vertex -58.951 111 4
      vertex -58.9652 111.008 4
    endloop
  endfacet
  facet normal 0 0 0
    outer loop
      vertex -58.951 111 4
      vertex -58.9652 111.008 3
      vertex -58.951 111 3
    endloop
  endfacet
  facet normal 0 0 0
    outer loop
      vertex -60.25 111.75 3
      vertex -60.2358 111.742 4
      vertex -60.25 111.75 4
    endloop
  endfacet
  facet normal 0 0 0
    outer loop
      vertex -60.2358 111.742 4
      vertex -60.25 111.75 3
      vertex -60.2358 111.742 3
    endloop
  endfacet
  facet normal 0 0 0
    outer loop
      vertex -58.951 109.5 3
      vertex -58.951 109.516 4
      vertex -58.951 109.516 3
    endloop
  endfacet
  facet normal 0 0 0
    outer loop
      vertex -58.951 109.516 4
      vertex -58.951 109.5 3
      vertex -58.951 109.5 4
    endloop
  endfacet
  facet normal 0 0 0
    outer loop
      vertex -58.951 110.984 3
      vertex -58.951 111 4
      vertex -58.951 111 3
    endloop
  endfacet
  facet normal 0 0 0
    outer loop
      vertex -58.951 111 4
      vertex -58.951 110.984 3
      vertex -58.951 110.984 4
    endloop
  endfacet
  facet normal 0 0 0
    outer loop
      vertex -60.25 108.75 3
      vertex -60.2642 108.758 4
      vertex -60.25 108.75 4
    endloop
  endfacet
  facet normal 0 0 0
    outer loop
      vertex -60.2642 108.758 4
      vertex -60.25 108.75 3
      vertex -60.2642 108.758 3
    endloop
  endfacet
  facet normal 0 0 0
    outer loop
      vertex -61.5348 109.492 3
      vertex -61.549 109.5 4
      vertex -61.5348 109.492 4
    endloop
  endfacet
  facet normal 0 0 0
    outer loop
      vertex -61.549 109.5 4
      vertex -61.5348 109.492 3
      vertex -61.549 109.5 3
    endloop
  endfacet
  facet normal 0 0 0
    outer loop
      vertex -61.549 110.984 4
      vertex -61.549 111 3
      vertex -61.549 111 4
    endloop
  endfacet
  facet normal 0 0 0
    outer loop
      vertex -61.549 111 3
      vertex -61.549 110.984 4
      vertex -61.549 110.984 3
    endloop
  endfacet
  facet normal 0 0 0
    outer loop
      vertex -61.549 109.5 4
      vertex -61.549 109.516 3
      vertex -61.549 109.516 4
    endloop
  endfacet
  facet normal 0 0 0
    outer loop
      vertex -61.549 109.516 3
      vertex -61.549 109.5 4
      vertex -61.549 109.5 3
    endloop
  endfacet
  facet normal 0 0 0
    outer loop
      vertex -60.2642 111.742 3
      vertex -60.25 111.75 4
      vertex -60.2642 111.742 4
    endloop
  endfacet
  facet normal 0 0 0
    outer loop
      vertex -60.25 111.75 4
      vertex -60.2642 111.742 3
      vertex -60.25 111.75 3
    endloop
  endfacet
  facet normal 0 0 0
    outer loop
      vertex -61.549 111 3
      vertex -61.5348 111.008 4
      vertex -61.549 111 4
    endloop
  endfacet
  facet normal 0 0 0
    outer loop
      vertex -61.5348 111.008 4
      vertex -61.549 111 3
      vertex -61.5348 111.008 3
    endloop
  endfacet
  facet normal 0 0 0
    outer loop
      vertex -63.5 106.5 3.98
      vertex -63.5 113.5 4
      vertex -63.5 113.5 3.98
    endloop
  endfacet
  facet normal 0 0 0
    outer loop
      vertex -63.5 113.5 4
      vertex -63.5 106.5 3.98
      vertex -63.5 106.5 4
    endloop
  endfacet
  facet normal 0 0 0
    outer loop
      vertex -63.5 2.5 3.98
      vertex -63.5 9.5 4
      vertex -63.5 9.5 3.98
    endloop
  endfacet
  facet normal 0 0 0
    outer loop
      vertex -63.5 9.5 4
      vertex -63.5 2.5 3.98
      vertex -63.5 2.5 4
    endloop
  endfacet
  facet normal 0 0 0
    outer loop
      vertex -4.5 106.5 4
      vertex -4.5 113.5 3.98
      vertex -4.5 113.5 4
    endloop
  endfacet
  facet normal 0 0 0
    outer loop
      vertex -4.5 113.5 3.98
      vertex -4.5 106.5 4
      vertex -4.5 106.5 3.98
    endloop
  endfacet
  facet normal 0 0 0
    outer loop
      vertex -4.5 2.5 4
      vertex -4.5 9.5 3.98
      vertex -4.5 9.5 4
    endloop
  endfacet
  facet normal 0 0 0
    outer loop
      vertex -4.5 9.5 3.98
      vertex -4.5 2.5 4
      vertex -4.5 2.5 3.98
    endloop
  endfacet
  facet normal 0 0 0
    outer loop
      vertex -56.5 113.5 3.98
      vertex -63.5 113.5 4
      vertex -56.5 113.5 4
    endloop
  endfacet
  facet normal 0 0 0
    outer loop
      vertex -63.5 113.5 4
      vertex -56.5 113.5 3.98
      vertex -63.5 113.5 3.98
    endloop
  endfacet
  facet normal 0 0 0
    outer loop
      vertex -4.5 113.5 3.98
      vertex -11.5 113.5 4
      vertex -4.5 113.5 4
    endloop
  endfacet
  facet normal 0 0 0
    outer loop
      vertex -11.5 113.5 4
      vertex -4.5 113.5 3.98
      vertex -11.5 113.5 3.98
    endloop
  endfacet
  facet normal 0 0 0
    outer loop
      vertex -63.5 2.5 3.98
      vertex -56.5 2.5 4
      vertex -63.5 2.5 4
    endloop
  endfacet
  facet normal 0 0 0
    outer loop
      vertex -56.5 2.5 4
      vertex -63.5 2.5 3.98
      vertex -56.5 2.5 3.98
    endloop
  endfacet
  facet normal 0 0 0
    outer loop
      vertex -11.5 2.5 3.98
      vertex -4.5 2.5 4
      vertex -11.5 2.5 4
    endloop
  endfacet
  facet normal 0 0 0
    outer loop
      vertex -4.5 2.5 4
      vertex -11.5 2.5 3.98
      vertex -4.5 2.5 3.98
    endloop
  endfacet
  facet normal 0 0 0
    outer loop
      vertex -58.75 5.75 0.0109568
      vertex -58.7828 6.06187 4
      vertex -58.7828 6.06187 0.0109568
    endloop
  endfacet
  facet normal 0 0 0
    outer loop
      vertex -58.7828 6.06187 4
      vertex -58.75 5.75 0.0109568
      vertex -58.75 5.75 4
    endloop
  endfacet
  facet normal 0 0 0
    outer loop
      vertex -60.4068 7.24178 0.0109568
      vertex -60.0932 7.24178 4
      vertex -60.4068 7.24178 4
    endloop
  endfacet
  facet normal 0 0 0
    outer loop
      vertex -60.0932 7.24178 4
      vertex -60.4068 7.24178 0.0109568
      vertex -60.0932 7.24178 0.0109568
    endloop
  endfacet
  facet normal 0 0 0
    outer loop
      vertex -59.5 7.04904 0.0109568
      vertex -59.2463 6.86472 4
      vertex -59.5 7.04904 4
    endloop
  endfacet
  facet normal 0 0 0
    outer loop
      vertex -59.2463 6.86472 4
      vertex -59.5 7.04904 0.0109568
      vertex -59.2463 6.86472 0.0109568
    endloop
  endfacet
  facet normal 0 0 0
    outer loop
      vertex -61.4635 6.63168 4
      vertex -61.2537 6.86472 0.0109568
      vertex -61.2537 6.86472 4
    endloop
  endfacet
  facet normal 0 0 0
    outer loop
      vertex -61.2537 6.86472 0.0109568
      vertex -61.4635 6.63168 4
      vertex -61.4635 6.63168 0.0109568
    endloop
  endfacet
  facet normal 0 0 0
    outer loop
      vertex -61 7.04904 0.0109568
      vertex -60.7135 7.17658 4
      vertex -61 7.04904 4
    endloop
  endfacet
  facet normal 0 0 0
    outer loop
      vertex -60.7135 7.17658 4
      vertex -61 7.04904 0.0109568
      vertex -60.7135 7.17658 0.0109568
    endloop
  endfacet
  facet normal 0 0 0
    outer loop
      vertex -59.0365 4.86832 0.0109568
      vertex -58.8797 5.13989 4
      vertex -58.8797 5.13989 0.0109568
    endloop
  endfacet
  facet normal 0 0 0
    outer loop
      vertex -58.8797 5.13989 4
      vertex -59.0365 4.86832 0.0109568
      vertex -59.0365 4.86832 4
    endloop
  endfacet
  facet normal 0 0 0
    outer loop
      vertex -58.8797 6.3601 0.0109568
      vertex -59.0365 6.63168 4
      vertex -59.0365 6.63168 0.0109568
    endloop
  endfacet
  facet normal 0 0 0
    outer loop
      vertex -59.0365 6.63168 4
      vertex -58.8797 6.3601 0.0109568
      vertex -58.8797 6.3601 4
    endloop
  endfacet
  facet normal 0 0 0
    outer loop
      vertex -58.7828 6.06187 0.0109568
      vertex -58.8797 6.3601 4
      vertex -58.8797 6.3601 0.0109568
    endloop
  endfacet
  facet normal 0 0 0
    outer loop
      vertex -58.8797 6.3601 4
      vertex -58.7828 6.06187 0.0109568
      vertex -58.7828 6.06187 4
    endloop
  endfacet
  facet normal 0 0 0
    outer loop
      vertex -59.0365 6.63168 0.0109568
      vertex -59.2463 6.86472 4
      vertex -59.2463 6.86472 0.0109568
    endloop
  endfacet
  facet normal 0 0 0
    outer loop
      vertex -59.2463 6.86472 4
      vertex -59.0365 6.63168 0.0109568
      vertex -59.0365 6.63168 4
    endloop
  endfacet
  facet normal 0 0 0
    outer loop
      vertex -60.0932 7.24178 0.0109568
      vertex -59.7865 7.17658 4
      vertex -60.0932 7.24178 4
    endloop
  endfacet
  facet normal 0 0 0
    outer loop
      vertex -59.7865 7.17658 4
      vertex -60.0932 7.24178 0.0109568
      vertex -59.7865 7.17658 0.0109568
    endloop
  endfacet
  facet normal 0 0 0
    outer loop
      vertex -59.7865 7.17658 0.0109568
      vertex -59.5 7.04904 4
      vertex -59.7865 7.17658 4
    endloop
  endfacet
  facet normal 0 0 0
    outer loop
      vertex -59.5 7.04904 4
      vertex -59.7865 7.17658 0.0109568
      vertex -59.5 7.04904 0.0109568
    endloop
  endfacet
  facet normal 0 0 0
    outer loop
      vertex -61.7172 6.06187 4
      vertex -61.6203 6.3601 0.0109568
      vertex -61.6203 6.3601 4
    endloop
  endfacet
  facet normal 0 0 0
    outer loop
      vertex -61.6203 6.3601 0.0109568
      vertex -61.7172 6.06187 4
      vertex -61.7172 6.06187 0.0109568
    endloop
  endfacet
  facet normal 0 0 0
    outer loop
      vertex -61.6203 6.3601 4
      vertex -61.4635 6.63168 0.0109568
      vertex -61.4635 6.63168 4
    endloop
  endfacet
  facet normal 0 0 0
    outer loop
      vertex -61.4635 6.63168 0.0109568
      vertex -61.6203 6.3601 4
      vertex -61.6203 6.3601 0.0109568
    endloop
  endfacet
  facet normal 0 0 0
    outer loop
      vertex -61.75 5.75 4
      vertex -61.7172 6.06187 0.0109568
      vertex -61.7172 6.06187 4
    endloop
  endfacet
  facet normal 0 0 0
    outer loop
      vertex -61.7172 6.06187 0.0109568
      vertex -61.75 5.75 4
      vertex -61.75 5.75 0.0109568
    endloop
  endfacet
  facet normal 0 0 0
    outer loop
      vertex -61.2537 6.86472 0.0109568
      vertex -61 7.04904 4
      vertex -61.2537 6.86472 4
    endloop
  endfacet
  facet normal 0 0 0
    outer loop
      vertex -61 7.04904 4
      vertex -61.2537 6.86472 0.0109568
      vertex -61 7.04904 0.0109568
    endloop
  endfacet
  facet normal 0 0 0
    outer loop
      vertex -60.7135 7.17658 0.0109568
      vertex -60.4068 7.24178 4
      vertex -60.7135 7.17658 4
    endloop
  endfacet
  facet normal 0 0 0
    outer loop
      vertex -60.4068 7.24178 4
      vertex -60.7135 7.17658 0.0109568
      vertex -60.4068 7.24178 0.0109568
    endloop
  endfacet
  facet normal 0 0 0
    outer loop
      vertex -59.7865 4.32341 0.0109568
      vertex -60.0932 4.25822 4
      vertex -59.7865 4.32341 4
    endloop
  endfacet
  facet normal 0 0 0
    outer loop
      vertex -60.0932 4.25822 4
      vertex -59.7865 4.32341 0.0109568
      vertex -60.0932 4.25822 0.0109568
    endloop
  endfacet
  facet normal 0 0 0
    outer loop
      vertex -59.2463 4.63528 0.0109568
      vertex -59.5 4.45096 4
      vertex -59.2463 4.63528 4
    endloop
  endfacet
  facet normal 0 0 0
    outer loop
      vertex -59.5 4.45096 4
      vertex -59.2463 4.63528 0.0109568
      vertex -59.5 4.45096 0.0109568
    endloop
  endfacet
  facet normal 0 0 0
    outer loop
      vertex -60.7135 4.32341 0.0109568
      vertex -61 4.45096 4
      vertex -60.7135 4.32341 4
    endloop
  endfacet
  facet normal 0 0 0
    outer loop
      vertex -61 4.45096 4
      vertex -60.7135 4.32341 0.0109568
      vertex -61 4.45096 0.0109568
    endloop
  endfacet
  facet normal 0 0 0
    outer loop
      vertex -60.0932 4.25822 0.0109568
      vertex -60.4068 4.25822 4
      vertex -60.0932 4.25822 4
    endloop
  endfacet
  facet normal 0 0 0
    outer loop
      vertex -60.4068 4.25822 4
      vertex -60.0932 4.25822 0.0109568
      vertex -60.4068 4.25822 0.0109568
    endloop
  endfacet
  facet normal 0 0 0
    outer loop
      vertex -61.2537 4.63528 4
      vertex -61.4635 4.86832 0.0109568
      vertex -61.4635 4.86832 4
    endloop
  endfacet
  facet normal 0 0 0
    outer loop
      vertex -61.4635 4.86832 0.0109568
      vertex -61.2537 4.63528 4
      vertex -61.2537 4.63528 0.0109568
    endloop
  endfacet
  facet normal 0 0 0
    outer loop
      vertex -61.6203 5.13989 4
      vertex -61.7172 5.43813 0.0109568
      vertex -61.7172 5.43813 4
    endloop
  endfacet
  facet normal 0 0 0
    outer loop
      vertex -61.7172 5.43813 0.0109568
      vertex -61.6203 5.13989 4
      vertex -61.6203 5.13989 0.0109568
    endloop
  endfacet
  facet normal 0 0 0
    outer loop
      vertex -61.7172 5.43813 4
      vertex -61.75 5.75 0.0109568
      vertex -61.75 5.75 4
    endloop
  endfacet
  facet normal 0 0 0
    outer loop
      vertex -61.75 5.75 0.0109568
      vertex -61.7172 5.43813 4
      vertex -61.7172 5.43813 0.0109568
    endloop
  endfacet
  facet normal 0 0 0
    outer loop
      vertex -59.5 4.45096 0.0109568
      vertex -59.7865 4.32341 4
      vertex -59.5 4.45096 4
    endloop
  endfacet
  facet normal 0 0 0
    outer loop
      vertex -59.7865 4.32341 4
      vertex -59.5 4.45096 0.0109568
      vertex -59.7865 4.32341 0.0109568
    endloop
  endfacet
  facet normal 0 0 0
    outer loop
      vertex -59.2463 4.63528 0.0109568
      vertex -59.0365 4.86832 4
      vertex -59.0365 4.86832 0.0109568
    endloop
  endfacet
  facet normal 0 0 0
    outer loop
      vertex -59.0365 4.86832 4
      vertex -59.2463 4.63528 0.0109568
      vertex -59.2463 4.63528 4
    endloop
  endfacet
  facet normal 0 0 0
    outer loop
      vertex -58.8797 5.13989 0.0109568
      vertex -58.7828 5.43813 4
      vertex -58.7828 5.43813 0.0109568
    endloop
  endfacet
  facet normal 0 0 0
    outer loop
      vertex -58.7828 5.43813 4
      vertex -58.8797 5.13989 0.0109568
      vertex -58.8797 5.13989 4
    endloop
  endfacet
  facet normal 0 0 0
    outer loop
      vertex -58.7828 5.43813 0.0109568
      vertex -58.75 5.75 4
      vertex -58.75 5.75 0.0109568
    endloop
  endfacet
  facet normal 0 0 0
    outer loop
      vertex -58.75 5.75 4
      vertex -58.7828 5.43813 0.0109568
      vertex -58.7828 5.43813 4
    endloop
  endfacet
  facet normal 0 0 0
    outer loop
      vertex -60.4068 4.25822 0.0109568
      vertex -60.7135 4.32341 4
      vertex -60.4068 4.25822 4
    endloop
  endfacet
  facet normal 0 0 0
    outer loop
      vertex -60.7135 4.32341 4
      vertex -60.4068 4.25822 0.0109568
      vertex -60.7135 4.32341 0.0109568
    endloop
  endfacet
  facet normal 0 0 0
    outer loop
      vertex -61 4.45096 0.0109568
      vertex -61.2537 4.63528 4
      vertex -61 4.45096 4
    endloop
  endfacet
  facet normal 0 0 0
    outer loop
      vertex -61.2537 4.63528 4
      vertex -61 4.45096 0.0109568
      vertex -61.2537 4.63528 0.0109568
    endloop
  endfacet
  facet normal 0 0 0
    outer loop
      vertex -61.4635 4.86832 4
      vertex -61.6203 5.13989 0.0109568
      vertex -61.6203 5.13989 4
    endloop
  endfacet
  facet normal 0 0 0
    outer loop
      vertex -61.6203 5.13989 0.0109568
      vertex -61.4635 4.86832 4
      vertex -61.4635 4.86832 0.0109568
    endloop
  endfacet
  facet normal 0 0 0
    outer loop
      vertex -7.28648 7.17658 0.0109568
      vertex -7 7.04904 4
      vertex -7.28648 7.17658 4
    endloop
  endfacet
  facet normal 0 0 0
    outer loop
      vertex -7 7.04904 4
      vertex -7.28648 7.17658 0.0109568
      vertex -7 7.04904 0.0109568
    endloop
  endfacet
  facet normal 0 0 0
    outer loop
      vertex -6.28278 5.43813 0.0109568
      vertex -6.25 5.75 4
      vertex -6.25 5.75 0.0109568
    endloop
  endfacet
  facet normal 0 0 0
    outer loop
      vertex -6.25 5.75 4
      vertex -6.28278 5.43813 0.0109568
      vertex -6.28278 5.43813 4
    endloop
  endfacet
  facet normal 0 0 0
    outer loop
      vertex -7.59321 4.25822 4
      vertex -7.73577 4.25822 3
      vertex -7.73577 4.25822 4
    endloop
  endfacet
  facet normal 0 0 0
    outer loop
      vertex -7.73577 4.25822 3
      vertex -7.59321 4.25822 0.0109568
      vertex -7.76423 4.25822 3
    endloop
  endfacet
  facet normal 0 0 0
    outer loop
      vertex -7.59321 4.25822 0.0109568
      vertex -7.73577 4.25822 3
      vertex -7.59321 4.25822 4
    endloop
  endfacet
  facet normal 0 0 0
    outer loop
      vertex -7.76423 4.25822 3
      vertex -7.90679 4.25822 4
      vertex -7.76423 4.25822 4
    endloop
  endfacet
  facet normal 0 0 0
    outer loop
      vertex -7.90679 4.25822 0.0109568
      vertex -7.76423 4.25822 3
      vertex -7.59321 4.25822 0.0109568
    endloop
  endfacet
  facet normal 0 0 0
    outer loop
      vertex -7.76423 4.25822 3
      vertex -7.90679 4.25822 0.0109568
      vertex -7.90679 4.25822 4
    endloop
  endfacet
  facet normal 0 0 0
    outer loop
      vertex -7.90679 7.24178 4
      vertex -7.76423 7.24178 3
      vertex -7.76423 7.24178 4
    endloop
  endfacet
  facet normal 0 0 0
    outer loop
      vertex -7.76423 7.24178 3
      vertex -7.90679 7.24178 0.0109568
      vertex -7.73577 7.24178 3
    endloop
  endfacet
  facet normal 0 0 0
    outer loop
      vertex -7.90679 7.24178 0.0109568
      vertex -7.76423 7.24178 3
      vertex -7.90679 7.24178 4
    endloop
  endfacet
  facet normal 0 0 0
    outer loop
      vertex -7.73577 7.24178 3
      vertex -7.59321 7.24178 4
      vertex -7.73577 7.24178 4
    endloop
  endfacet
  facet normal 0 0 0
    outer loop
      vertex -7.59321 7.24178 0.0109568
      vertex -7.73577 7.24178 3
      vertex -7.90679 7.24178 0.0109568
    endloop
  endfacet
  facet normal 0 0 0
    outer loop
      vertex -7.73577 7.24178 3
      vertex -7.59321 7.24178 0.0109568
      vertex -7.59321 7.24178 4
    endloop
  endfacet
  facet normal 0 0 0
    outer loop
      vertex -8.5 7.04904 0.0109568
      vertex -8.21353 7.17658 4
      vertex -8.5 7.04904 4
    endloop
  endfacet
  facet normal 0 0 0
    outer loop
      vertex -8.21353 7.17658 4
      vertex -8.5 7.04904 0.0109568
      vertex -8.21353 7.17658 0.0109568
    endloop
  endfacet
  facet normal 0 0 0
    outer loop
      vertex -9.21722 6.06187 4
      vertex -9.12032 6.3601 0.0109568
      vertex -9.12032 6.3601 4
    endloop
  endfacet
  facet normal 0 0 0
    outer loop
      vertex -9.12032 6.3601 0.0109568
      vertex -9.21722 6.06187 4
      vertex -9.21722 6.06187 0.0109568
    endloop
  endfacet
  facet normal 0 0 0
    outer loop
      vertex -8.7537 4.63528 4
      vertex -8.96353 4.86832 0.0109568
      vertex -8.96353 4.86832 4
    endloop
  endfacet
  facet normal 0 0 0
    outer loop
      vertex -8.96353 4.86832 0.0109568
      vertex -8.7537 4.63528 4
      vertex -8.7537 4.63528 0.0109568
    endloop
  endfacet
  facet normal 0 0 0
    outer loop
      vertex -6.53648 6.63168 0.0109568
      vertex -6.4652 6.50822 3
      vertex -6.53648 6.63168 4
    endloop
  endfacet
  facet normal 0 0 0
    outer loop
      vertex -6.53648 6.63168 0.0109568
      vertex -6.45096 6.48356 3
      vertex -6.4652 6.50822 3
    endloop
  endfacet
  facet normal 0 0 0
    outer loop
      vertex -6.37968 6.3601 0.0109568
      vertex -6.45096 6.48356 3
      vertex -6.53648 6.63168 0.0109568
    endloop
  endfacet
  facet normal 0 0 0
    outer loop
      vertex -6.37968 6.3601 4
      vertex -6.45096 6.48356 3
      vertex -6.37968 6.3601 0.0109568
    endloop
  endfacet
  facet normal 0 0 0
    outer loop
      vertex -6.45096 6.48356 3
      vertex -6.37968 6.3601 4
      vertex -6.45096 6.48356 4
    endloop
  endfacet
  facet normal 0 0 0
    outer loop
      vertex -6.53648 6.63168 4
      vertex -6.4652 6.50822 3
      vertex -6.4652 6.50822 4
    endloop
  endfacet
  facet normal 0 0 0
    outer loop
      vertex -6.53648 6.63168 0.0109568
      vertex -6.7463 6.86472 4
      vertex -6.7463 6.86472 0.0109568
    endloop
  endfacet
  facet normal 0 0 0
    outer loop
      vertex -6.7463 6.86472 4
      vertex -6.53648 6.63168 0.0109568
      vertex -6.53648 6.63168 4
    endloop
  endfacet
  facet normal 0 0 0
    outer loop
      vertex -7 7.04904 0.0109568
      vertex -6.7463 6.86472 4
      vertex -7 7.04904 4
    endloop
  endfacet
  facet normal 0 0 0
    outer loop
      vertex -6.7463 6.86472 4
      vertex -7 7.04904 0.0109568
      vertex -6.7463 6.86472 0.0109568
    endloop
  endfacet
  facet normal 0 0 0
    outer loop
      vertex -7.59321 7.24178 0.0109568
      vertex -7.28648 7.17658 4
      vertex -7.59321 7.24178 4
    endloop
  endfacet
  facet normal 0 0 0
    outer loop
      vertex -7.28648 7.17658 4
      vertex -7.59321 7.24178 0.0109568
      vertex -7.28648 7.17658 0.0109568
    endloop
  endfacet
  facet normal 0 0 0
    outer loop
      vertex -9.21722 5.43813 4
      vertex -9.25 5.75 0.0109568
      vertex -9.25 5.75 4
    endloop
  endfacet
  facet normal 0 0 0
    outer loop
      vertex -9.25 5.75 0.0109568
      vertex -9.21722 5.43813 4
      vertex -9.21722 5.43813 0.0109568
    endloop
  endfacet
  facet normal 0 0 0
    outer loop
      vertex -9.04904 6.48357 4
      vertex -9.12032 6.3601 4
      vertex -9.04904 6.48357 3
    endloop
  endfacet
  facet normal 0 0 0
    outer loop
      vertex -9.03481 6.50822 3
      vertex -8.96353 6.63168 4
      vertex -9.03481 6.50822 4
    endloop
  endfacet
  facet normal 0 0 0
    outer loop
      vertex -8.96353 6.63168 4
      vertex -9.03481 6.50822 3
      vertex -8.96353 6.63168 0.0109568
    endloop
  endfacet
  facet normal 0 0 0
    outer loop
      vertex -9.04904 6.48357 3
      vertex -8.96353 6.63168 0.0109568
      vertex -9.03481 6.50822 3
    endloop
  endfacet
  facet normal 0 0 0
    outer loop
      vertex -9.12032 6.3601 0.0109568
      vertex -9.04904 6.48357 3
      vertex -9.12032 6.3601 4
    endloop
  endfacet
  facet normal 0 0 0
    outer loop
      vertex -9.04904 6.48357 3
      vertex -9.12032 6.3601 0.0109568
      vertex -8.96353 6.63168 0.0109568
    endloop
  endfacet
  facet normal 0 0 0
    outer loop
      vertex -8.7537 6.86472 0.0109568
      vertex -8.5 7.04904 4
      vertex -8.7537 6.86472 4
    endloop
  endfacet
  facet normal 0 0 0
    outer loop
      vertex -8.5 7.04904 4
      vertex -8.7537 6.86472 0.0109568
      vertex -8.5 7.04904 0.0109568
    endloop
  endfacet
  facet normal 0 0 0
    outer loop
      vertex -8.21353 7.17658 0.0109568
      vertex -7.90679 7.24178 4
      vertex -8.21353 7.17658 4
    endloop
  endfacet
  facet normal 0 0 0
    outer loop
      vertex -7.90679 7.24178 4
      vertex -8.21353 7.17658 0.0109568
      vertex -7.90679 7.24178 0.0109568
    endloop
  endfacet
  facet normal 0 0 0
    outer loop
      vertex -8.96353 6.63168 4
      vertex -8.7537 6.86472 0.0109568
      vertex -8.7537 6.86472 4
    endloop
  endfacet
  facet normal 0 0 0
    outer loop
      vertex -8.7537 6.86472 0.0109568
      vertex -8.96353 6.63168 4
      vertex -8.96353 6.63168 0.0109568
    endloop
  endfacet
  facet normal 0 0 0
    outer loop
      vertex -6.25 5.75 0.0109568
      vertex -6.28278 6.06187 4
      vertex -6.28278 6.06187 0.0109568
    endloop
  endfacet
  facet normal 0 0 0
    outer loop
      vertex -6.28278 6.06187 4
      vertex -6.25 5.75 0.0109568
      vertex -6.25 5.75 4
    endloop
  endfacet
  facet normal 0 0 0
    outer loop
      vertex -7.28648 4.32341 0.0109568
      vertex -7.59321 4.25822 4
      vertex -7.28648 4.32341 4
    endloop
  endfacet
  facet normal 0 0 0
    outer loop
      vertex -7.59321 4.25822 4
      vertex -7.28648 4.32341 0.0109568
      vertex -7.59321 4.25822 0.0109568
    endloop
  endfacet
  facet normal 0 0 0
    outer loop
      vertex -7 4.45096 0.0109568
      vertex -7.28648 4.32341 4
      vertex -7 4.45096 4
    endloop
  endfacet
  facet normal 0 0 0
    outer loop
      vertex -7.28648 4.32341 4
      vertex -7 4.45096 0.0109568
      vertex -7.28648 4.32341 0.0109568
    endloop
  endfacet
  facet normal 0 0 0
    outer loop
      vertex -6.7463 4.63528 0.0109568
      vertex -7 4.45096 4
      vertex -6.7463 4.63528 4
    endloop
  endfacet
  facet normal 0 0 0
    outer loop
      vertex -7 4.45096 4
      vertex -6.7463 4.63528 0.0109568
      vertex -7 4.45096 0.0109568
    endloop
  endfacet
  facet normal 0 0 0
    outer loop
      vertex -6.37968 5.13989 0.0109568
      vertex -6.45096 5.01643 3
      vertex -6.37968 5.13989 4
    endloop
  endfacet
  facet normal 0 0 0
    outer loop
      vertex -6.37968 5.13989 0.0109568
      vertex -6.46519 4.99178 3
      vertex -6.45096 5.01643 3
    endloop
  endfacet
  facet normal 0 0 0
    outer loop
      vertex -6.53648 4.86832 0.0109568
      vertex -6.46519 4.99178 3
      vertex -6.37968 5.13989 0.0109568
    endloop
  endfacet
  facet normal 0 0 0
    outer loop
      vertex -6.53648 4.86832 4
      vertex -6.46519 4.99178 3
      vertex -6.53648 4.86832 0.0109568
    endloop
  endfacet
  facet normal 0 0 0
    outer loop
      vertex -6.46519 4.99178 3
      vertex -6.53648 4.86832 4
      vertex -6.46519 4.99178 4
    endloop
  endfacet
  facet normal 0 0 0
    outer loop
      vertex -6.37968 5.13989 4
      vertex -6.45096 5.01643 3
      vertex -6.45096 5.01643 4
    endloop
  endfacet
  facet normal 0 0 0
    outer loop
      vertex -8.21353 4.32341 0.0109568
      vertex -8.5 4.45096 4
      vertex -8.21353 4.32341 4
    endloop
  endfacet
  facet normal 0 0 0
    outer loop
      vertex -8.5 4.45096 4
      vertex -8.21353 4.32341 0.0109568
      vertex -8.5 4.45096 0.0109568
    endloop
  endfacet
  facet normal 0 0 0
    outer loop
      vertex -9.12032 5.13989 4
      vertex -9.21722 5.43813 0.0109568
      vertex -9.21722 5.43813 4
    endloop
  endfacet
  facet normal 0 0 0
    outer loop
      vertex -9.21722 5.43813 0.0109568
      vertex -9.12032 5.13989 4
      vertex -9.12032 5.13989 0.0109568
    endloop
  endfacet
  facet normal 0 0 0
    outer loop
      vertex -6.28278 6.06187 0.0109568
      vertex -6.37968 6.3601 4
      vertex -6.37968 6.3601 0.0109568
    endloop
  endfacet
  facet normal 0 0 0
    outer loop
      vertex -6.37968 6.3601 4
      vertex -6.28278 6.06187 0.0109568
      vertex -6.28278 6.06187 4
    endloop
  endfacet
  facet normal 0 0 0
    outer loop
      vertex -9.25 5.75 4
      vertex -9.21722 6.06187 0.0109568
      vertex -9.21722 6.06187 4
    endloop
  endfacet
  facet normal 0 0 0
    outer loop
      vertex -9.21722 6.06187 0.0109568
      vertex -9.25 5.75 4
      vertex -9.25 5.75 0.0109568
    endloop
  endfacet
  facet normal 0 0 0
    outer loop
      vertex -6.7463 4.63528 0.0109568
      vertex -6.53648 4.86832 4
      vertex -6.53648 4.86832 0.0109568
    endloop
  endfacet
  facet normal 0 0 0
    outer loop
      vertex -6.53648 4.86832 4
      vertex -6.7463 4.63528 0.0109568
      vertex -6.7463 4.63528 4
    endloop
  endfacet
  facet normal 0 0 0
    outer loop
      vertex -6.37968 5.13989 0.0109568
      vertex -6.28278 5.43813 4
      vertex -6.28278 5.43813 0.0109568
    endloop
  endfacet
  facet normal 0 0 0
    outer loop
      vertex -6.28278 5.43813 4
      vertex -6.37968 5.13989 0.0109568
      vertex -6.37968 5.13989 4
    endloop
  endfacet
  facet normal 0 0 0
    outer loop
      vertex -7.90679 4.25822 0.0109568
      vertex -8.21353 4.32341 4
      vertex -7.90679 4.25822 4
    endloop
  endfacet
  facet normal 0 0 0
    outer loop
      vertex -8.21353 4.32341 4
      vertex -7.90679 4.25822 0.0109568
      vertex -8.21353 4.32341 0.0109568
    endloop
  endfacet
  facet normal 0 0 0
    outer loop
      vertex -9.03481 4.99179 4
      vertex -8.96353 4.86832 4
      vertex -9.03481 4.99179 3
    endloop
  endfacet
  facet normal 0 0 0
    outer loop
      vertex -9.04904 5.01643 3
      vertex -9.12032 5.13989 4
      vertex -9.04904 5.01643 4
    endloop
  endfacet
  facet normal 0 0 0
    outer loop
      vertex -9.12032 5.13989 4
      vertex -9.04904 5.01643 3
      vertex -9.12032 5.13989 0.0109568
    endloop
  endfacet
  facet normal 0 0 0
    outer loop
      vertex -9.03481 4.99179 3
      vertex -9.12032 5.13989 0.0109568
      vertex -9.04904 5.01643 3
    endloop
  endfacet
  facet normal 0 0 0
    outer loop
      vertex -8.96353 4.86832 0.0109568
      vertex -9.03481 4.99179 3
      vertex -8.96353 4.86832 4
    endloop
  endfacet
  facet normal 0 0 0
    outer loop
      vertex -9.03481 4.99179 3
      vertex -8.96353 4.86832 0.0109568
      vertex -9.12032 5.13989 0.0109568
    endloop
  endfacet
  facet normal 0 0 0
    outer loop
      vertex -8.5 4.45096 0.0109568
      vertex -8.7537 4.63528 4
      vertex -8.5 4.45096 4
    endloop
  endfacet
  facet normal 0 0 0
    outer loop
      vertex -8.7537 4.63528 4
      vertex -8.5 4.45096 0.0109568
      vertex -8.7537 4.63528 0.0109568
    endloop
  endfacet
  facet normal 0 0 0
    outer loop
      vertex -6.25 110.25 0.0109568
      vertex -6.28278 110.562 4
      vertex -6.28278 110.562 0.0109568
    endloop
  endfacet
  facet normal 0 0 0
    outer loop
      vertex -6.28278 110.562 4
      vertex -6.25 110.25 0.0109568
      vertex -6.25 110.25 4
    endloop
  endfacet
  facet normal 0 0 0
    outer loop
      vertex -7.90679 111.742 0.0109568
      vertex -7.59321 111.742 4
      vertex -7.90679 111.742 4
    endloop
  endfacet
  facet normal 0 0 0
    outer loop
      vertex -7.59321 111.742 4
      vertex -7.90679 111.742 0.0109568
      vertex -7.59321 111.742 0.0109568
    endloop
  endfacet
  facet normal 0 0 0
    outer loop
      vertex -7 111.549 0.0109568
      vertex -6.7463 111.365 4
      vertex -7 111.549 4
    endloop
  endfacet
  facet normal 0 0 0
    outer loop
      vertex -6.7463 111.365 4
      vertex -7 111.549 0.0109568
      vertex -6.7463 111.365 0.0109568
    endloop
  endfacet
  facet normal 0 0 0
    outer loop
      vertex -8.96353 111.132 4
      vertex -8.7537 111.365 0.0109568
      vertex -8.7537 111.365 4
    endloop
  endfacet
  facet normal 0 0 0
    outer loop
      vertex -8.7537 111.365 0.0109568
      vertex -8.96353 111.132 4
      vertex -8.96353 111.132 0.0109568
    endloop
  endfacet
  facet normal 0 0 0
    outer loop
      vertex -8.5 111.549 0.0109568
      vertex -8.21353 111.677 4
      vertex -8.5 111.549 4
    endloop
  endfacet
  facet normal 0 0 0
    outer loop
      vertex -8.21353 111.677 4
      vertex -8.5 111.549 0.0109568
      vertex -8.21353 111.677 0.0109568
    endloop
  endfacet
  facet normal 0 0 0
    outer loop
      vertex -6.37968 110.86 0.0109568
      vertex -6.53648 111.132 4
      vertex -6.53648 111.132 0.0109568
    endloop
  endfacet
  facet normal 0 0 0
    outer loop
      vertex -6.53648 111.132 4
      vertex -6.37968 110.86 0.0109568
      vertex -6.37968 110.86 4
    endloop
  endfacet
  facet normal 0 0 0
    outer loop
      vertex -6.28278 110.562 0.0109568
      vertex -6.37968 110.86 4
      vertex -6.37968 110.86 0.0109568
    endloop
  endfacet
  facet normal 0 0 0
    outer loop
      vertex -6.37968 110.86 4
      vertex -6.28278 110.562 0.0109568
      vertex -6.28278 110.562 4
    endloop
  endfacet
  facet normal 0 0 0
    outer loop
      vertex -6.53648 111.132 0.0109568
      vertex -6.7463 111.365 4
      vertex -6.7463 111.365 0.0109568
    endloop
  endfacet
  facet normal 0 0 0
    outer loop
      vertex -6.7463 111.365 4
      vertex -6.53648 111.132 0.0109568
      vertex -6.53648 111.132 4
    endloop
  endfacet
  facet normal 0 0 0
    outer loop
      vertex -7.59321 111.742 0.0109568
      vertex -7.28648 111.677 4
      vertex -7.59321 111.742 4
    endloop
  endfacet
  facet normal 0 0 0
    outer loop
      vertex -7.28648 111.677 4
      vertex -7.59321 111.742 0.0109568
      vertex -7.28648 111.677 0.0109568
    endloop
  endfacet
  facet normal 0 0 0
    outer loop
      vertex -7.28648 111.677 0.0109568
      vertex -7 111.549 4
      vertex -7.28648 111.677 4
    endloop
  endfacet
  facet normal 0 0 0
    outer loop
      vertex -7 111.549 4
      vertex -7.28648 111.677 0.0109568
      vertex -7 111.549 0.0109568
    endloop
  endfacet
  facet normal 0 0 0
    outer loop
      vertex -9.21722 110.562 4
      vertex -9.12032 110.86 0.0109568
      vertex -9.12032 110.86 4
    endloop
  endfacet
  facet normal 0 0 0
    outer loop
      vertex -9.12032 110.86 0.0109568
      vertex -9.21722 110.562 4
      vertex -9.21722 110.562 0.0109568
    endloop
  endfacet
  facet normal 0 0 0
    outer loop
      vertex -9.12032 110.86 4
      vertex -8.96353 111.132 0.0109568
      vertex -8.96353 111.132 4
    endloop
  endfacet
  facet normal 0 0 0
    outer loop
      vertex -8.96353 111.132 0.0109568
      vertex -9.12032 110.86 4
      vertex -9.12032 110.86 0.0109568
    endloop
  endfacet
  facet normal 0 0 0
    outer loop
      vertex -9.25 110.25 4
      vertex -9.21722 110.562 0.0109568
      vertex -9.21722 110.562 4
    endloop
  endfacet
  facet normal 0 0 0
    outer loop
      vertex -9.21722 110.562 0.0109568
      vertex -9.25 110.25 4
      vertex -9.25 110.25 0.0109568
    endloop
  endfacet
  facet normal 0 0 0
    outer loop
      vertex -8.7537 111.365 0.0109568
      vertex -8.5 111.549 4
      vertex -8.7537 111.365 4
    endloop
  endfacet
  facet normal 0 0 0
    outer loop
      vertex -8.5 111.549 4
      vertex -8.7537 111.365 0.0109568
      vertex -8.5 111.549 0.0109568
    endloop
  endfacet
  facet normal 0 0 0
    outer loop
      vertex -8.21353 111.677 0.0109568
      vertex -7.90679 111.742 4
      vertex -8.21353 111.677 4
    endloop
  endfacet
  facet normal 0 0 0
    outer loop
      vertex -7.90679 111.742 4
      vertex -8.21353 111.677 0.0109568
      vertex -7.90679 111.742 0.0109568
    endloop
  endfacet
  facet normal 0 0 0
    outer loop
      vertex -7.28648 108.823 0.0109568
      vertex -7.59321 108.758 4
      vertex -7.28648 108.823 4
    endloop
  endfacet
  facet normal 0 0 0
    outer loop
      vertex -7.59321 108.758 4
      vertex -7.28648 108.823 0.0109568
      vertex -7.59321 108.758 0.0109568
    endloop
  endfacet
  facet normal 0 0 0
    outer loop
      vertex -6.7463 109.135 0.0109568
      vertex -7 108.951 4
      vertex -6.7463 109.135 4
    endloop
  endfacet
  facet normal 0 0 0
    outer loop
      vertex -7 108.951 4
      vertex -6.7463 109.135 0.0109568
      vertex -7 108.951 0.0109568
    endloop
  endfacet
  facet normal 0 0 0
    outer loop
      vertex -8.21353 108.823 0.0109568
      vertex -8.5 108.951 4
      vertex -8.21353 108.823 4
    endloop
  endfacet
  facet normal 0 0 0
    outer loop
      vertex -8.5 108.951 4
      vertex -8.21353 108.823 0.0109568
      vertex -8.5 108.951 0.0109568
    endloop
  endfacet
  facet normal 0 0 0
    outer loop
      vertex -7.59321 108.758 0.0109568
      vertex -7.90679 108.758 4
      vertex -7.59321 108.758 4
    endloop
  endfacet
  facet normal 0 0 0
    outer loop
      vertex -7.90679 108.758 4
      vertex -7.59321 108.758 0.0109568
      vertex -7.90679 108.758 0.0109568
    endloop
  endfacet
  facet normal 0 0 0
    outer loop
      vertex -8.7537 109.135 4
      vertex -8.96353 109.368 0.0109568
      vertex -8.96353 109.368 4
    endloop
  endfacet
  facet normal 0 0 0
    outer loop
      vertex -8.96353 109.368 0.0109568
      vertex -8.7537 109.135 4
      vertex -8.7537 109.135 0.0109568
    endloop
  endfacet
  facet normal 0 0 0
    outer loop
      vertex -9.12032 109.64 4
      vertex -9.21722 109.938 0.0109568
      vertex -9.21722 109.938 4
    endloop
  endfacet
  facet normal 0 0 0
    outer loop
      vertex -9.21722 109.938 0.0109568
      vertex -9.12032 109.64 4
      vertex -9.12032 109.64 0.0109568
    endloop
  endfacet
  facet normal 0 0 0
    outer loop
      vertex -9.21722 109.938 4
      vertex -9.25 110.25 0.0109568
      vertex -9.25 110.25 4
    endloop
  endfacet
  facet normal 0 0 0
    outer loop
      vertex -9.25 110.25 0.0109568
      vertex -9.21722 109.938 4
      vertex -9.21722 109.938 0.0109568
    endloop
  endfacet
  facet normal 0 0 0
    outer loop
      vertex -7 108.951 0.0109568
      vertex -7.28648 108.823 4
      vertex -7 108.951 4
    endloop
  endfacet
  facet normal 0 0 0
    outer loop
      vertex -7.28648 108.823 4
      vertex -7 108.951 0.0109568
      vertex -7.28648 108.823 0.0109568
    endloop
  endfacet
  facet normal 0 0 0
    outer loop
      vertex -6.7463 109.135 0.0109568
      vertex -6.53648 109.368 4
      vertex -6.53648 109.368 0.0109568
    endloop
  endfacet
  facet normal 0 0 0
    outer loop
      vertex -6.53648 109.368 4
      vertex -6.7463 109.135 0.0109568
      vertex -6.7463 109.135 4
    endloop
  endfacet
  facet normal 0 0 0
    outer loop
      vertex -6.37968 109.64 0.0109568
      vertex -6.28278 109.938 4
      vertex -6.28278 109.938 0.0109568
    endloop
  endfacet
  facet normal 0 0 0
    outer loop
      vertex -6.28278 109.938 4
      vertex -6.37968 109.64 0.0109568
      vertex -6.37968 109.64 4
    endloop
  endfacet
  facet normal 0 0 0
    outer loop
      vertex -6.53648 109.368 0.0109568
      vertex -6.37968 109.64 4
      vertex -6.37968 109.64 0.0109568
    endloop
  endfacet
  facet normal 0 0 0
    outer loop
      vertex -6.37968 109.64 4
      vertex -6.53648 109.368 0.0109568
      vertex -6.53648 109.368 4
    endloop
  endfacet
  facet normal 0 0 0
    outer loop
      vertex -6.28278 109.938 0.0109568
      vertex -6.25 110.25 4
      vertex -6.25 110.25 0.0109568
    endloop
  endfacet
  facet normal 0 0 0
    outer loop
      vertex -6.25 110.25 4
      vertex -6.28278 109.938 0.0109568
      vertex -6.28278 109.938 4
    endloop
  endfacet
  facet normal 0 0 0
    outer loop
      vertex -7.90679 108.758 0.0109568
      vertex -8.21353 108.823 4
      vertex -7.90679 108.758 4
    endloop
  endfacet
  facet normal 0 0 0
    outer loop
      vertex -8.21353 108.823 4
      vertex -7.90679 108.758 0.0109568
      vertex -8.21353 108.823 0.0109568
    endloop
  endfacet
  facet normal 0 0 0
    outer loop
      vertex -8.5 108.951 0.0109568
      vertex -8.7537 109.135 4
      vertex -8.5 108.951 4
    endloop
  endfacet
  facet normal 0 0 0
    outer loop
      vertex -8.7537 109.135 4
      vertex -8.5 108.951 0.0109568
      vertex -8.7537 109.135 0.0109568
    endloop
  endfacet
  facet normal 0 0 0
    outer loop
      vertex -8.96353 109.368 4
      vertex -9.12032 109.64 0.0109568
      vertex -9.12032 109.64 4
    endloop
  endfacet
  facet normal 0 0 0
    outer loop
      vertex -9.12032 109.64 0.0109568
      vertex -8.96353 109.368 4
      vertex -8.96353 109.368 0.0109568
    endloop
  endfacet
  facet normal 0 0 0
    outer loop
      vertex -58.75 110.25 0.0109568
      vertex -58.7828 110.562 4
      vertex -58.7828 110.562 0.0109568
    endloop
  endfacet
  facet normal 0 0 0
    outer loop
      vertex -58.7828 110.562 4
      vertex -58.75 110.25 0.0109568
      vertex -58.75 110.25 4
    endloop
  endfacet
  facet normal 0 0 0
    outer loop
      vertex -60.4068 111.742 4
      vertex -60.2642 111.742 3
      vertex -60.2642 111.742 4
    endloop
  endfacet
  facet normal 0 0 0
    outer loop
      vertex -60.2642 111.742 3
      vertex -60.4068 111.742 0.0109568
      vertex -60.2358 111.742 3
    endloop
  endfacet
  facet normal 0 0 0
    outer loop
      vertex -60.4068 111.742 0.0109568
      vertex -60.2642 111.742 3
      vertex -60.4068 111.742 4
    endloop
  endfacet
  facet normal 0 0 0
    outer loop
      vertex -60.2358 111.742 3
      vertex -60.0932 111.742 4
      vertex -60.2358 111.742 4
    endloop
  endfacet
  facet normal 0 0 0
    outer loop
      vertex -60.0932 111.742 0.0109568
      vertex -60.2358 111.742 3
      vertex -60.4068 111.742 0.0109568
    endloop
  endfacet
  facet normal 0 0 0
    outer loop
      vertex -60.2358 111.742 3
      vertex -60.0932 111.742 0.0109568
      vertex -60.0932 111.742 4
    endloop
  endfacet
  facet normal 0 0 0
    outer loop
      vertex -59.5 111.549 0.0109568
      vertex -59.2463 111.365 4
      vertex -59.5 111.549 4
    endloop
  endfacet
  facet normal 0 0 0
    outer loop
      vertex -59.2463 111.365 4
      vertex -59.5 111.549 0.0109568
      vertex -59.2463 111.365 0.0109568
    endloop
  endfacet
  facet normal 0 0 0
    outer loop
      vertex -61.4635 111.132 4
      vertex -61.2537 111.365 0.0109568
      vertex -61.2537 111.365 4
    endloop
  endfacet
  facet normal 0 0 0
    outer loop
      vertex -61.2537 111.365 0.0109568
      vertex -61.4635 111.132 4
      vertex -61.4635 111.132 0.0109568
    endloop
  endfacet
  facet normal 0 0 0
    outer loop
      vertex -61 111.549 0.0109568
      vertex -60.7135 111.677 4
      vertex -61 111.549 4
    endloop
  endfacet
  facet normal 0 0 0
    outer loop
      vertex -60.7135 111.677 4
      vertex -61 111.549 0.0109568
      vertex -60.7135 111.677 0.0109568
    endloop
  endfacet
  facet normal 0 0 0
    outer loop
      vertex -59.2463 109.135 0.0109568
      vertex -59.0365 109.368 4
      vertex -59.0365 109.368 0.0109568
    endloop
  endfacet
  facet normal 0 0 0
    outer loop
      vertex -59.0365 109.368 4
      vertex -59.2463 109.135 0.0109568
      vertex -59.2463 109.135 4
    endloop
  endfacet
  facet normal 0 0 0
    outer loop
      vertex -59.0365 111.132 0.0109568
      vertex -58.9652 111.008 3
      vertex -59.0365 111.132 4
    endloop
  endfacet
  facet normal 0 0 0
    outer loop
      vertex -59.0365 111.132 0.0109568
      vertex -58.951 110.984 3
      vertex -58.9652 111.008 3
    endloop
  endfacet
  facet normal 0 0 0
    outer loop
      vertex -58.8797 110.86 0.0109568
      vertex -58.951 110.984 3
      vertex -59.0365 111.132 0.0109568
    endloop
  endfacet
  facet normal 0 0 0
    outer loop
      vertex -58.8797 110.86 4
      vertex -58.951 110.984 3
      vertex -58.8797 110.86 0.0109568
    endloop
  endfacet
  facet normal 0 0 0
    outer loop
      vertex -58.951 110.984 3
      vertex -58.8797 110.86 4
      vertex -58.951 110.984 4
    endloop
  endfacet
  facet normal 0 0 0
    outer loop
      vertex -59.0365 111.132 4
      vertex -58.9652 111.008 3
      vertex -58.9652 111.008 4
    endloop
  endfacet
  facet normal 0 0 0
    outer loop
      vertex -58.7828 110.562 0.0109568
      vertex -58.8797 110.86 4
      vertex -58.8797 110.86 0.0109568
    endloop
  endfacet
  facet normal 0 0 0
    outer loop
      vertex -58.8797 110.86 4
      vertex -58.7828 110.562 0.0109568
      vertex -58.7828 110.562 4
    endloop
  endfacet
  facet normal 0 0 0
    outer loop
      vertex -59.0365 111.132 0.0109568
      vertex -59.2463 111.365 4
      vertex -59.2463 111.365 0.0109568
    endloop
  endfacet
  facet normal 0 0 0
    outer loop
      vertex -59.2463 111.365 4
      vertex -59.0365 111.132 0.0109568
      vertex -59.0365 111.132 4
    endloop
  endfacet
  facet normal 0 0 0
    outer loop
      vertex -60.0932 111.742 0.0109568
      vertex -59.7865 111.677 4
      vertex -60.0932 111.742 4
    endloop
  endfacet
  facet normal 0 0 0
    outer loop
      vertex -59.7865 111.677 4
      vertex -60.0932 111.742 0.0109568
      vertex -59.7865 111.677 0.0109568
    endloop
  endfacet
  facet normal 0 0 0
    outer loop
      vertex -59.7865 111.677 0.0109568
      vertex -59.5 111.549 4
      vertex -59.7865 111.677 4
    endloop
  endfacet
  facet normal 0 0 0
    outer loop
      vertex -59.5 111.549 4
      vertex -59.7865 111.677 0.0109568
      vertex -59.5 111.549 0.0109568
    endloop
  endfacet
  facet normal 0 0 0
    outer loop
      vertex -61.7172 110.562 4
      vertex -61.6203 110.86 0.0109568
      vertex -61.6203 110.86 4
    endloop
  endfacet
  facet normal 0 0 0
    outer loop
      vertex -61.6203 110.86 0.0109568
      vertex -61.7172 110.562 4
      vertex -61.7172 110.562 0.0109568
    endloop
  endfacet
  facet normal 0 0 0
    outer loop
      vertex -61.549 110.984 4
      vertex -61.6203 110.86 4
      vertex -61.549 110.984 3
    endloop
  endfacet
  facet normal 0 0 0
    outer loop
      vertex -61.5348 111.008 3
      vertex -61.4635 111.132 4
      vertex -61.5348 111.008 4
    endloop
  endfacet
  facet normal 0 0 0
    outer loop
      vertex -61.4635 111.132 4
      vertex -61.5348 111.008 3
      vertex -61.4635 111.132 0.0109568
    endloop
  endfacet
  facet normal 0 0 0
    outer loop
      vertex -61.549 110.984 3
      vertex -61.4635 111.132 0.0109568
      vertex -61.5348 111.008 3
    endloop
  endfacet
  facet normal 0 0 0
    outer loop
      vertex -61.6203 110.86 0.0109568
      vertex -61.549 110.984 3
      vertex -61.6203 110.86 4
    endloop
  endfacet
  facet normal 0 0 0
    outer loop
      vertex -61.549 110.984 3
      vertex -61.6203 110.86 0.0109568
      vertex -61.4635 111.132 0.0109568
    endloop
  endfacet
  facet normal 0 0 0
    outer loop
      vertex -61.75 110.25 4
      vertex -61.7172 110.562 0.0109568
      vertex -61.7172 110.562 4
    endloop
  endfacet
  facet normal 0 0 0
    outer loop
      vertex -61.7172 110.562 0.0109568
      vertex -61.75 110.25 4
      vertex -61.75 110.25 0.0109568
    endloop
  endfacet
  facet normal 0 0 0
    outer loop
      vertex -61.2537 111.365 0.0109568
      vertex -61 111.549 4
      vertex -61.2537 111.365 4
    endloop
  endfacet
  facet normal 0 0 0
    outer loop
      vertex -61 111.549 4
      vertex -61.2537 111.365 0.0109568
      vertex -61 111.549 0.0109568
    endloop
  endfacet
  facet normal 0 0 0
    outer loop
      vertex -60.7135 111.677 0.0109568
      vertex -60.4068 111.742 4
      vertex -60.7135 111.677 4
    endloop
  endfacet
  facet normal 0 0 0
    outer loop
      vertex -60.4068 111.742 4
      vertex -60.7135 111.677 0.0109568
      vertex -60.4068 111.742 0.0109568
    endloop
  endfacet
  facet normal 0 0 0
    outer loop
      vertex -58.7828 109.938 0.0109568
      vertex -58.75 110.25 4
      vertex -58.75 110.25 0.0109568
    endloop
  endfacet
  facet normal 0 0 0
    outer loop
      vertex -58.75 110.25 4
      vertex -58.7828 109.938 0.0109568
      vertex -58.7828 109.938 4
    endloop
  endfacet
  facet normal 0 0 0
    outer loop
      vertex -59.7865 108.823 0.0109568
      vertex -60.0932 108.758 4
      vertex -59.7865 108.823 4
    endloop
  endfacet
  facet normal 0 0 0
    outer loop
      vertex -60.0932 108.758 4
      vertex -59.7865 108.823 0.0109568
      vertex -60.0932 108.758 0.0109568
    endloop
  endfacet
  facet normal 0 0 0
    outer loop
      vertex -59.2463 109.135 0.0109568
      vertex -59.5 108.951 4
      vertex -59.2463 109.135 4
    endloop
  endfacet
  facet normal 0 0 0
    outer loop
      vertex -59.5 108.951 4
      vertex -59.2463 109.135 0.0109568
      vertex -59.5 108.951 0.0109568
    endloop
  endfacet
  facet normal 0 0 0
    outer loop
      vertex -60.7135 108.823 0.0109568
      vertex -61 108.951 4
      vertex -60.7135 108.823 4
    endloop
  endfacet
  facet normal 0 0 0
    outer loop
      vertex -61 108.951 4
      vertex -60.7135 108.823 0.0109568
      vertex -61 108.951 0.0109568
    endloop
  endfacet
  facet normal 0 0 0
    outer loop
      vertex -60.0932 108.758 4
      vertex -60.2358 108.758 3
      vertex -60.2358 108.758 4
    endloop
  endfacet
  facet normal 0 0 0
    outer loop
      vertex -60.2358 108.758 3
      vertex -60.0932 108.758 0.0109568
      vertex -60.2642 108.758 3
    endloop
  endfacet
  facet normal 0 0 0
    outer loop
      vertex -60.0932 108.758 0.0109568
      vertex -60.2358 108.758 3
      vertex -60.0932 108.758 4
    endloop
  endfacet
  facet normal 0 0 0
    outer loop
      vertex -60.2642 108.758 3
      vertex -60.4068 108.758 4
      vertex -60.2642 108.758 4
    endloop
  endfacet
  facet normal 0 0 0
    outer loop
      vertex -60.4068 108.758 0.0109568
      vertex -60.2642 108.758 3
      vertex -60.0932 108.758 0.0109568
    endloop
  endfacet
  facet normal 0 0 0
    outer loop
      vertex -60.2642 108.758 3
      vertex -60.4068 108.758 0.0109568
      vertex -60.4068 108.758 4
    endloop
  endfacet
  facet normal 0 0 0
    outer loop
      vertex -61.2537 109.135 4
      vertex -61.4635 109.368 0.0109568
      vertex -61.4635 109.368 4
    endloop
  endfacet
  facet normal 0 0 0
    outer loop
      vertex -61.4635 109.368 0.0109568
      vertex -61.2537 109.135 4
      vertex -61.2537 109.135 0.0109568
    endloop
  endfacet
  facet normal 0 0 0
    outer loop
      vertex -61.6203 109.64 4
      vertex -61.7172 109.938 0.0109568
      vertex -61.7172 109.938 4
    endloop
  endfacet
  facet normal 0 0 0
    outer loop
      vertex -61.7172 109.938 0.0109568
      vertex -61.6203 109.64 4
      vertex -61.6203 109.64 0.0109568
    endloop
  endfacet
  facet normal 0 0 0
    outer loop
      vertex -61.7172 109.938 4
      vertex -61.75 110.25 0.0109568
      vertex -61.75 110.25 4
    endloop
  endfacet
  facet normal 0 0 0
    outer loop
      vertex -61.75 110.25 0.0109568
      vertex -61.7172 109.938 4
      vertex -61.7172 109.938 0.0109568
    endloop
  endfacet
  facet normal 0 0 0
    outer loop
      vertex -59.5 108.951 0.0109568
      vertex -59.7865 108.823 4
      vertex -59.5 108.951 4
    endloop
  endfacet
  facet normal 0 0 0
    outer loop
      vertex -59.7865 108.823 4
      vertex -59.5 108.951 0.0109568
      vertex -59.7865 108.823 0.0109568
    endloop
  endfacet
  facet normal 0 0 0
    outer loop
      vertex -58.8797 109.64 0.0109568
      vertex -58.7828 109.938 4
      vertex -58.7828 109.938 0.0109568
    endloop
  endfacet
  facet normal 0 0 0
    outer loop
      vertex -58.7828 109.938 4
      vertex -58.8797 109.64 0.0109568
      vertex -58.8797 109.64 4
    endloop
  endfacet
  facet normal 0 0 0
    outer loop
      vertex -58.8797 109.64 0.0109568
      vertex -58.951 109.516 3
      vertex -58.8797 109.64 4
    endloop
  endfacet
  facet normal 0 0 0
    outer loop
      vertex -58.8797 109.64 0.0109568
      vertex -58.9652 109.492 3
      vertex -58.951 109.516 3
    endloop
  endfacet
  facet normal 0 0 0
    outer loop
      vertex -59.0365 109.368 0.0109568
      vertex -58.9652 109.492 3
      vertex -58.8797 109.64 0.0109568
    endloop
  endfacet
  facet normal 0 0 0
    outer loop
      vertex -59.0365 109.368 4
      vertex -58.9652 109.492 3
      vertex -59.0365 109.368 0.0109568
    endloop
  endfacet
  facet normal 0 0 0
    outer loop
      vertex -58.9652 109.492 3
      vertex -59.0365 109.368 4
      vertex -58.9652 109.492 4
    endloop
  endfacet
  facet normal 0 0 0
    outer loop
      vertex -58.8797 109.64 4
      vertex -58.951 109.516 3
      vertex -58.951 109.516 4
    endloop
  endfacet
  facet normal 0 0 0
    outer loop
      vertex -60.4068 108.758 0.0109568
      vertex -60.7135 108.823 4
      vertex -60.4068 108.758 4
    endloop
  endfacet
  facet normal 0 0 0
    outer loop
      vertex -60.7135 108.823 4
      vertex -60.4068 108.758 0.0109568
      vertex -60.7135 108.823 0.0109568
    endloop
  endfacet
  facet normal 0 0 0
    outer loop
      vertex -61 108.951 0.0109568
      vertex -61.2537 109.135 4
      vertex -61 108.951 4
    endloop
  endfacet
  facet normal 0 0 0
    outer loop
      vertex -61.2537 109.135 4
      vertex -61 108.951 0.0109568
      vertex -61.2537 109.135 0.0109568
    endloop
  endfacet
  facet normal 0 0 0
    outer loop
      vertex -61.5348 109.492 4
      vertex -61.4635 109.368 4
      vertex -61.5348 109.492 3
    endloop
  endfacet
  facet normal 0 0 0
    outer loop
      vertex -61.549 109.516 3
      vertex -61.6203 109.64 4
      vertex -61.549 109.516 4
    endloop
  endfacet
  facet normal 0 0 0
    outer loop
      vertex -61.6203 109.64 4
      vertex -61.549 109.516 3
      vertex -61.6203 109.64 0.0109568
    endloop
  endfacet
  facet normal 0 0 0
    outer loop
      vertex -61.5348 109.492 3
      vertex -61.6203 109.64 0.0109568
      vertex -61.549 109.516 3
    endloop
  endfacet
  facet normal 0 0 0
    outer loop
      vertex -61.4635 109.368 0.0109568
      vertex -61.5348 109.492 3
      vertex -61.4635 109.368 4
    endloop
  endfacet
  facet normal 0 0 0
    outer loop
      vertex -61.5348 109.492 3
      vertex -61.4635 109.368 0.0109568
      vertex -61.6203 109.64 0.0109568
    endloop
  endfacet
endsolid OpenSCAD_Model
