ISO-10303-21;
HEADER;
/* Generated by software containing ST-Developer
 * from STEP Tools, Inc. (www.steptools.com) 
 */

FILE_DESCRIPTION(
/* description */ (''),
/* implementation_level */ '2;1');

FILE_NAME(
/* name */ '6F22 9V battery.step',
/* time_stamp */ '2026-05-10T00:08:20+05:30',
/* author */ (''),
/* organization */ (''),
/* preprocessor_version */ 'ST-DEVELOPER v20.1',
/* originating_system */ 'Autodesk Translation Framework v15.8.0.0',
/* authorisation */ '');

FILE_SCHEMA (('AUTOMOTIVE_DESIGN { 1 0 10303 214 3 1 1 }'));
ENDSEC;

DATA;
#10=MECHANICAL_DESIGN_GEOMETRIC_PRESENTATION_REPRESENTATION('',(#126,#127,
#128,#129,#130,#131,#132,#133,#134,#135,#136,#137),#7918);
#11=SHAPE_REPRESENTATION_RELATIONSHIP('SRR','None',#7925,#12);
#12=ADVANCED_BREP_SHAPE_REPRESENTATION('',(#116,#117,#118,#119,#120,#121,
#122,#123,#124,#125),#7917);
#13=B_SPLINE_SURFACE_WITH_KNOTS('',3,1,((#5662,#5663),(#5664,#5665),(#5666,
#5667),(#5668,#5669),(#5670,#5671)),.UNSPECIFIED.,.F.,.F.,.F.,(4,1,4),(2,
2),(-0.051587915031158,-0.0268076213310921,0.),(-2.27546930950395E-17,9.99999999997724E-6),
 .UNSPECIFIED.);
#14=B_SPLINE_SURFACE_WITH_KNOTS('',3,1,((#5685,#5686),(#5687,#5688),(#5689,
#5690),(#5691,#5692),(#5693,#5694)),.UNSPECIFIED.,.F.,.F.,.F.,(4,1,4),(2,
2),(-0.0517165272774295,-0.0256823945091366,0.),(-2.27546930950395E-17,
9.99999999997724E-6),.UNSPECIFIED.);
#15=B_SPLINE_SURFACE_WITH_KNOTS('',3,1,((#5731,#5732),(#5733,#5734),(#5735,
#5736),(#5737,#5738),(#5739,#5740)),.UNSPECIFIED.,.F.,.F.,.F.,(4,1,4),(2,
2),(-0.0540500253299253,-0.0287561867305074,0.),(-2.27546930950395E-17,
9.99999999997724E-6),.UNSPECIFIED.);
#16=B_SPLINE_SURFACE_WITH_KNOTS('',3,1,((#5757,#5758),(#5759,#5760),(#5761,
#5762),(#5763,#5764),(#5765,#5766)),.UNSPECIFIED.,.F.,.F.,.F.,(4,1,4),(2,
2),(-0.0457680406493706,-0.0232571652393733,0.),(-2.27546930950395E-17,
9.99999999997724E-6),.UNSPECIFIED.);
#17=B_SPLINE_SURFACE_WITH_KNOTS('',3,1,((#5780,#5781),(#5782,#5783),(#5784,
#5785),(#5786,#5787),(#5788,#5789)),.UNSPECIFIED.,.F.,.F.,.F.,(4,1,4),(2,
2),(-0.0483754723714154,-0.0235114696711372,0.),(-2.27546930950395E-17,
9.99999999997724E-6),.UNSPECIFIED.);
#18=B_SPLINE_SURFACE_WITH_KNOTS('',3,1,((#5803,#5804),(#5805,#5806),(#5807,
#5808),(#5809,#5810),(#5811,#5812)),.UNSPECIFIED.,.F.,.F.,.F.,(4,1,4),(2,
2),(-0.0560812931794677,-0.0267692037773406,0.),(-2.27546930950395E-17,
9.99999999997724E-6),.UNSPECIFIED.);
#19=B_SPLINE_SURFACE_WITH_KNOTS('',3,1,((#5826,#5827),(#5828,#5829),(#5830,
#5831),(#5832,#5833),(#5834,#5835)),.UNSPECIFIED.,.F.,.F.,.F.,(4,1,4),(2,
2),(-0.0506564388646916,-0.026320971176738,0.),(-2.27546930950395E-17,9.99999999997724E-6),
 .UNSPECIFIED.);
#20=B_SPLINE_SURFACE_WITH_KNOTS('',3,1,((#5849,#5850),(#5851,#5852),(#5853,
#5854),(#5855,#5856),(#5857,#5858)),.UNSPECIFIED.,.F.,.F.,.F.,(4,1,4),(2,
2),(-0.0473024283236148,-0.0235229159201263,0.),(-2.27546930950395E-17,
9.99999999997724E-6),.UNSPECIFIED.);
#21=B_SPLINE_SURFACE_WITH_KNOTS('',3,1,((#5872,#5873),(#5874,#5875),(#5876,
#5877),(#5878,#5879),(#5880,#5881)),.UNSPECIFIED.,.F.,.F.,.F.,(4,1,4),(2,
2),(-0.0467924790135147,-0.0237292654437459,0.),(-2.27546930950395E-17,
9.99999999997724E-6),.UNSPECIFIED.);
#22=B_SPLINE_SURFACE_WITH_KNOTS('',3,1,((#5895,#5896),(#5897,#5898),(#5899,
#5900),(#5901,#5902),(#5903,#5904)),.UNSPECIFIED.,.F.,.F.,.F.,(4,1,4),(2,
2),(-0.053239223596623,-0.0246750640355093,0.),(-2.27546930950395E-17,9.99999999997724E-6),
 .UNSPECIFIED.);
#23=B_SPLINE_SURFACE_WITH_KNOTS('',3,1,((#5924,#5925),(#5926,#5927),(#5928,
#5929),(#5930,#5931),(#5932,#5933)),.UNSPECIFIED.,.F.,.F.,.F.,(4,1,4),(2,
2),(-0.0406450717587928,-0.0225116367675576,0.),(-2.27546930950395E-17,
9.99999999997724E-6),.UNSPECIFIED.);
#24=B_SPLINE_SURFACE_WITH_KNOTS('',3,1,((#5947,#5948),(#5949,#5950),(#5951,
#5952),(#5953,#5954),(#5955,#5956)),.UNSPECIFIED.,.F.,.F.,.F.,(4,1,4),(2,
2),(-0.0350365012668824,-0.0167593109249256,0.),(-2.27546930950395E-17,
9.99999999997724E-6),.UNSPECIFIED.);
#25=B_SPLINE_SURFACE_WITH_KNOTS('',3,1,((#5970,#5971),(#5972,#5973),(#5974,
#5975),(#5976,#5977),(#5978,#5979)),.UNSPECIFIED.,.F.,.F.,.F.,(4,1,4),(2,
2),(-0.0310718091811473,-0.0160543958783023,0.),(-2.27546930950395E-17,
9.99999999997724E-6),.UNSPECIFIED.);
#26=B_SPLINE_SURFACE_WITH_KNOTS('',3,1,((#5993,#5994),(#5995,#5996),(#5997,
#5998),(#5999,#6000),(#6001,#6002)),.UNSPECIFIED.,.F.,.F.,.F.,(4,1,4),(2,
2),(-0.02972312400199,-0.0147623178483593,0.),(-2.27546930950395E-17,9.99999999997724E-6),
 .UNSPECIFIED.);
#27=B_SPLINE_SURFACE_WITH_KNOTS('',3,1,((#6016,#6017),(#6018,#6019),(#6020,
#6021),(#6022,#6023),(#6024,#6025)),.UNSPECIFIED.,.F.,.F.,.F.,(4,1,4),(2,
2),(-0.0377908025533266,-0.0170224111841939,0.),(-2.27546930950395E-17,
9.99999999997724E-6),.UNSPECIFIED.);
#28=B_SPLINE_SURFACE_WITH_KNOTS('',3,1,((#6039,#6040),(#6041,#6042),(#6043,
#6044),(#6045,#6046),(#6047,#6048)),.UNSPECIFIED.,.F.,.F.,.F.,(4,1,4),(2,
2),(-0.0454440914514495,-0.0226872759114553,0.),(-2.27546930950395E-17,
9.99999999997724E-6),.UNSPECIFIED.);
#29=B_SPLINE_SURFACE_WITH_KNOTS('',3,1,((#6062,#6063),(#6064,#6065),(#6066,
#6067),(#6068,#6069),(#6070,#6071)),.UNSPECIFIED.,.F.,.F.,.F.,(4,1,4),(2,
2),(-0.00737018081493823,-0.00307006518408181,0.),(-2.27546930950395E-17,
9.99999999997724E-6),.UNSPECIFIED.);
#30=B_SPLINE_SURFACE_WITH_KNOTS('',3,1,((#6085,#6086),(#6087,#6088),(#6089,
#6090),(#6091,#6092),(#6093,#6094)),.UNSPECIFIED.,.F.,.F.,.F.,(4,1,4),(2,
2),(-0.0418687857398678,-0.0206112746627158,0.),(-2.27546930950395E-17,
9.99999999997724E-6),.UNSPECIFIED.);
#31=B_SPLINE_SURFACE_WITH_KNOTS('',3,1,((#6108,#6109),(#6110,#6111),(#6112,
#6113),(#6114,#6115),(#6116,#6117)),.UNSPECIFIED.,.F.,.F.,.F.,(4,1,4),(2,
2),(-0.0432381872093945,-0.0215521418521799,0.),(-2.27546930950395E-17,
9.99999999997724E-6),.UNSPECIFIED.);
#32=B_SPLINE_SURFACE_WITH_KNOTS('',3,1,((#6131,#6132),(#6133,#6134),(#6135,
#6136),(#6137,#6138),(#6139,#6140)),.UNSPECIFIED.,.F.,.F.,.F.,(4,1,4),(2,
2),(-0.0701249681168469,-0.0350362182943176,0.),(-2.27546930950395E-17,
9.99999999997724E-6),.UNSPECIFIED.);
#33=B_SPLINE_SURFACE_WITH_KNOTS('',3,1,((#6154,#6155),(#6156,#6157),(#6158,
#6159),(#6160,#6161),(#6162,#6163)),.UNSPECIFIED.,.F.,.F.,.F.,(4,1,4),(2,
2),(-0.0772221977028359,-0.0368004257813586,0.),(-2.27546930950395E-17,
9.99999999997724E-6),.UNSPECIFIED.);
#34=B_SPLINE_SURFACE_WITH_KNOTS('',3,1,((#6177,#6178),(#6179,#6180),(#6181,
#6182),(#6183,#6184),(#6185,#6186)),.UNSPECIFIED.,.F.,.F.,.F.,(4,1,4),(2,
2),(-0.0798009301620255,-0.0417294576864136,0.),(-2.27546930950395E-17,
9.99999999997724E-6),.UNSPECIFIED.);
#35=B_SPLINE_SURFACE_WITH_KNOTS('',3,1,((#6200,#6201),(#6202,#6203),(#6204,
#6205),(#6206,#6207),(#6208,#6209)),.UNSPECIFIED.,.F.,.F.,.F.,(4,1,4),(2,
2),(-0.0745664207769638,-0.036803615341277,0.),(-2.27546930950395E-17,9.99999999997724E-6),
 .UNSPECIFIED.);
#36=B_SPLINE_SURFACE_WITH_KNOTS('',3,1,((#6223,#6224),(#6225,#6226),(#6227,
#6228),(#6229,#6230),(#6231,#6232)),.UNSPECIFIED.,.F.,.F.,.F.,(4,1,4),(2,
2),(-0.0563937085876617,-0.0282856008818211,0.),(-2.27546930950395E-17,
9.99999999997724E-6),.UNSPECIFIED.);
#37=B_SPLINE_SURFACE_WITH_KNOTS('',3,1,((#6246,#6247),(#6248,#6249),(#6250,
#6251),(#6252,#6253),(#6254,#6255)),.UNSPECIFIED.,.F.,.F.,.F.,(4,1,4),(2,
2),(-0.0587471472084891,-0.0286398548988218,0.),(-2.27546930950395E-17,
9.99999999997724E-6),.UNSPECIFIED.);
#38=B_SPLINE_SURFACE_WITH_KNOTS('',3,1,((#6269,#6270),(#6271,#6272),(#6273,
#6274),(#6275,#6276),(#6277,#6278)),.UNSPECIFIED.,.F.,.F.,.F.,(4,1,4),(2,
2),(-0.0857421578818839,-0.0369111522729173,0.),(-2.27546930950395E-17,
9.99999999997724E-6),.UNSPECIFIED.);
#39=B_SPLINE_SURFACE_WITH_KNOTS('',3,1,((#6292,#6293),(#6294,#6295),(#6296,
#6297),(#6298,#6299),(#6300,#6301)),.UNSPECIFIED.,.F.,.F.,.F.,(4,1,4),(2,
2),(-0.0927528158103884,-0.0517398364054893,0.),(-2.27546930950395E-17,
9.99999999997724E-6),.UNSPECIFIED.);
#40=B_SPLINE_SURFACE_WITH_KNOTS('',3,1,((#6315,#6316),(#6317,#6318),(#6319,
#6320),(#6321,#6322),(#6323,#6324)),.UNSPECIFIED.,.F.,.F.,.F.,(4,1,4),(2,
2),(-0.0645340602875192,-0.0337844943250331,0.),(-2.27546930950395E-17,
9.99999999997724E-6),.UNSPECIFIED.);
#41=B_SPLINE_SURFACE_WITH_KNOTS('',3,1,((#6338,#6339),(#6340,#6341),(#6342,
#6343),(#6344,#6345),(#6346,#6347)),.UNSPECIFIED.,.F.,.F.,.F.,(4,1,4),(2,
2),(-0.0612720194515762,-0.0299260795687634,0.),(-2.27546930950395E-17,
9.99999999997724E-6),.UNSPECIFIED.);
#42=B_SPLINE_SURFACE_WITH_KNOTS('',3,1,((#6361,#6362),(#6363,#6364),(#6365,
#6366),(#6367,#6368),(#6369,#6370)),.UNSPECIFIED.,.F.,.F.,.F.,(4,1,4),(2,
2),(-0.0617830485083165,-0.0323458577425719,0.),(-2.27546930950395E-17,
9.99999999997724E-6),.UNSPECIFIED.);
#43=B_SPLINE_SURFACE_WITH_KNOTS('',3,1,((#6384,#6385),(#6386,#6387),(#6388,
#6389),(#6390,#6391),(#6392,#6393)),.UNSPECIFIED.,.F.,.F.,.F.,(4,1,4),(2,
2),(-0.0622071160123112,-0.0295196241449937,0.),(-2.27546930950395E-17,
9.99999999997724E-6),.UNSPECIFIED.);
#44=B_SPLINE_SURFACE_WITH_KNOTS('',3,1,((#6421,#6422),(#6423,#6424),(#6425,
#6426),(#6427,#6428),(#6429,#6430)),.UNSPECIFIED.,.F.,.F.,.F.,(4,1,4),(2,
2),(-0.0260690179795557,-0.0130746294798045,0.),(-2.27546930950395E-17,
9.99999999997724E-6),.UNSPECIFIED.);
#45=B_SPLINE_SURFACE_WITH_KNOTS('',3,1,((#6444,#6445),(#6446,#6447),(#6448,
#6449),(#6450,#6451),(#6452,#6453)),.UNSPECIFIED.,.F.,.F.,.F.,(4,1,4),(2,
2),(-0.0468705485899563,-0.022388063427683,0.),(-2.27546930950395E-17,9.99999999997724E-6),
 .UNSPECIFIED.);
#46=B_SPLINE_SURFACE_WITH_KNOTS('',3,1,((#6467,#6468),(#6469,#6470),(#6471,
#6472),(#6473,#6474),(#6475,#6476)),.UNSPECIFIED.,.F.,.F.,.F.,(4,1,4),(2,
2),(-0.0662919693099469,-0.0293978857612496,0.),(-2.27546930950395E-17,
9.99999999997724E-6),.UNSPECIFIED.);
#47=B_SPLINE_SURFACE_WITH_KNOTS('',3,1,((#6490,#6491),(#6492,#6493),(#6494,
#6495),(#6496,#6497),(#6498,#6499)),.UNSPECIFIED.,.F.,.F.,.F.,(4,1,4),(2,
2),(-0.09182619531383,-0.0545061322781097,0.),(-2.27546930950395E-17,9.99999999997724E-6),
 .UNSPECIFIED.);
#48=B_SPLINE_SURFACE_WITH_KNOTS('',3,1,((#6513,#6514),(#6515,#6516),(#6517,
#6518),(#6519,#6520),(#6521,#6522)),.UNSPECIFIED.,.F.,.F.,.F.,(4,1,4),(2,
2),(-0.0481228426917489,-0.0261852138432899,0.),(-2.27546930950395E-17,
9.99999999997724E-6),.UNSPECIFIED.);
#49=B_SPLINE_SURFACE_WITH_KNOTS('',3,1,((#6536,#6537),(#6538,#6539),(#6540,
#6541),(#6542,#6543),(#6544,#6545)),.UNSPECIFIED.,.F.,.F.,.F.,(4,1,4),(2,
2),(-0.0410175742552775,-0.0205584053255803,0.),(-2.27546930950395E-17,
9.99999999997724E-6),.UNSPECIFIED.);
#50=B_SPLINE_SURFACE_WITH_KNOTS('',3,1,((#6559,#6560),(#6561,#6562),(#6563,
#6564),(#6565,#6566),(#6567,#6568)),.UNSPECIFIED.,.F.,.F.,.F.,(4,1,4),(2,
2),(-0.0443710472541765,-0.0212713205937846,0.),(-2.27546930950395E-17,
9.99999999997724E-6),.UNSPECIFIED.);
#51=B_SPLINE_SURFACE_WITH_KNOTS('',3,1,((#6582,#6583),(#6584,#6585),(#6586,
#6587),(#6588,#6589),(#6590,#6591)),.UNSPECIFIED.,.F.,.F.,.F.,(4,1,4),(2,
2),(-0.0464111232367062,-0.0242729622992654,0.),(-2.27546930950395E-17,
9.99999999997724E-6),.UNSPECIFIED.);
#52=B_SPLINE_SURFACE_WITH_KNOTS('',3,1,((#6605,#6606),(#6607,#6608),(#6609,
#6610),(#6611,#6612),(#6613,#6614)),.UNSPECIFIED.,.F.,.F.,.F.,(4,1,4),(2,
2),(-0.0480201740806326,-0.0225107704415622,0.),(-2.27546930950395E-17,
9.99999999997724E-6),.UNSPECIFIED.);
#53=B_SPLINE_SURFACE_WITH_KNOTS('',3,1,((#6634,#6635),(#6636,#6637),(#6638,
#6639),(#6640,#6641),(#6642,#6643)),.UNSPECIFIED.,.F.,.F.,.F.,(4,1,4),(2,
2),(-0.072250349747402,-0.0384525862166735,0.),(-2.27546930950395E-17,9.99999999997724E-6),
 .UNSPECIFIED.);
#54=B_SPLINE_SURFACE_WITH_KNOTS('',3,1,((#6657,#6658),(#6659,#6660),(#6661,
#6662),(#6663,#6664),(#6665,#6666)),.UNSPECIFIED.,.F.,.F.,.F.,(4,1,4),(2,
2),(-0.0728902968516909,-0.0340704803151069,0.),(-2.27546930950395E-17,
9.99999999997724E-6),.UNSPECIFIED.);
#55=B_SPLINE_SURFACE_WITH_KNOTS('',3,1,((#6680,#6681),(#6682,#6683),(#6684,
#6685),(#6686,#6687),(#6688,#6689)),.UNSPECIFIED.,.F.,.F.,.F.,(4,1,4),(2,
2),(-0.073820305070678,-0.0391371748026689,0.),(-2.27546930950395E-17,9.99999999997724E-6),
 .UNSPECIFIED.);
#56=B_SPLINE_SURFACE_WITH_KNOTS('',3,1,((#6703,#6704),(#6705,#6706),(#6707,
#6708),(#6709,#6710),(#6711,#6712)),.UNSPECIFIED.,.F.,.F.,.F.,(4,1,4),(2,
2),(-0.0659279894480095,-0.0327876378022031,0.),(-2.27546930950395E-17,
9.99999999997724E-6),.UNSPECIFIED.);
#57=B_SPLINE_SURFACE_WITH_KNOTS('',3,1,((#6726,#6727),(#6728,#6729),(#6730,
#6731),(#6732,#6733),(#6734,#6735)),.UNSPECIFIED.,.F.,.F.,.F.,(4,1,4),(2,
2),(-0.0363465035543583,-0.0179494328948489,0.),(-2.27546930950395E-17,
9.99999999997724E-6),.UNSPECIFIED.);
#58=B_SPLINE_SURFACE_WITH_KNOTS('',3,1,((#6749,#6750),(#6751,#6752),(#6753,
#6754),(#6755,#6756),(#6757,#6758)),.UNSPECIFIED.,.F.,.F.,.F.,(4,1,4),(2,
2),(-0.0441852401640908,-0.0203659208945501,0.),(-2.27546930950395E-17,
9.99999999997724E-6),.UNSPECIFIED.);
#59=B_SPLINE_SURFACE_WITH_KNOTS('',3,1,((#6772,#6773),(#6774,#6775),(#6776,
#6777),(#6778,#6779),(#6780,#6781)),.UNSPECIFIED.,.F.,.F.,.F.,(4,1,4),(2,
2),(-0.0775787827773632,-0.032214188537015,0.),(-2.27546930950395E-17,9.99999999997724E-6),
 .UNSPECIFIED.);
#60=B_SPLINE_SURFACE_WITH_KNOTS('',3,1,((#6795,#6796),(#6797,#6798),(#6799,
#6800),(#6801,#6802),(#6803,#6804)),.UNSPECIFIED.,.F.,.F.,.F.,(4,1,4),(2,
2),(-0.0569100777963754,-0.0358634353697943,0.),(-2.27546930950395E-17,
9.99999999997724E-6),.UNSPECIFIED.);
#61=B_SPLINE_SURFACE_WITH_KNOTS('',3,1,((#6818,#6819),(#6820,#6821),(#6822,
#6823),(#6824,#6825),(#6826,#6827)),.UNSPECIFIED.,.F.,.F.,.F.,(4,1,4),(2,
2),(-0.0253322760658853,-0.013148526825246,0.),(-2.27546930950395E-17,9.99999999997724E-6),
 .UNSPECIFIED.);
#62=B_SPLINE_SURFACE_WITH_KNOTS('',3,1,((#6861,#6862),(#6863,#6864),(#6865,
#6866),(#6867,#6868),(#6869,#6870)),.UNSPECIFIED.,.F.,.F.,.F.,(4,1,4),(2,
2),(-0.026069010050052,-0.0130746215503008,0.),(-2.27546930950395E-17,9.99999999997724E-6),
 .UNSPECIFIED.);
#63=B_SPLINE_SURFACE_WITH_KNOTS('',3,1,((#6884,#6885),(#6886,#6887),(#6888,
#6889),(#6890,#6891),(#6892,#6893)),.UNSPECIFIED.,.F.,.F.,.F.,(4,1,4),(2,
2),(-0.0468706010282953,-0.0223881158660221,0.),(-2.27546930950395E-17,
9.99999999997724E-6),.UNSPECIFIED.);
#64=B_SPLINE_SURFACE_WITH_KNOTS('',3,1,((#6907,#6908),(#6909,#6910),(#6911,
#6912),(#6913,#6914),(#6915,#6916)),.UNSPECIFIED.,.F.,.F.,.F.,(4,1,4),(2,
2),(-0.0662919764815984,-0.0293978030907915,0.),(-2.27546930950395E-17,
9.99999999997724E-6),.UNSPECIFIED.);
#65=B_SPLINE_SURFACE_WITH_KNOTS('',3,1,((#6930,#6931),(#6932,#6933),(#6934,
#6935),(#6936,#6937),(#6938,#6939)),.UNSPECIFIED.,.F.,.F.,.F.,(4,1,4),(2,
2),(-0.0918261244624394,-0.0545062219020703,0.),(-2.27546930950395E-17,
9.99999999997724E-6),.UNSPECIFIED.);
#66=B_SPLINE_SURFACE_WITH_KNOTS('',3,1,((#6953,#6954),(#6955,#6956),(#6957,
#6958),(#6959,#6960),(#6961,#6962)),.UNSPECIFIED.,.F.,.F.,.F.,(4,1,4),(2,
2),(-0.0481228660433941,-0.0261852138432899,0.),(-2.27546930950395E-17,
9.99999999997724E-6),.UNSPECIFIED.);
#67=B_SPLINE_SURFACE_WITH_KNOTS('',3,1,((#6976,#6977),(#6978,#6979),(#6980,
#6981),(#6982,#6983),(#6984,#6985)),.UNSPECIFIED.,.F.,.F.,.F.,(4,1,4),(2,
2),(-0.0410176426669546,-0.0205584053255803,0.),(-2.27546930950395E-17,
9.99999999997724E-6),.UNSPECIFIED.);
#68=B_SPLINE_SURFACE_WITH_KNOTS('',3,1,((#6999,#7000),(#7001,#7002),(#7003,
#7004),(#7005,#7006),(#7007,#7008)),.UNSPECIFIED.,.F.,.F.,.F.,(4,1,4),(2,
2),(-0.0443710472541765,-0.0212713205937846,0.),(-2.27546930950395E-17,
9.99999999997724E-6),.UNSPECIFIED.);
#69=B_SPLINE_SURFACE_WITH_KNOTS('',3,1,((#7022,#7023),(#7024,#7025),(#7026,
#7027),(#7028,#7029),(#7030,#7031)),.UNSPECIFIED.,.F.,.F.,.F.,(4,1,4),(2,
2),(-0.0464110229604282,-0.0242729622992654,0.),(-2.27546930950395E-17,
9.99999999997724E-6),.UNSPECIFIED.);
#70=B_SPLINE_SURFACE_WITH_KNOTS('',3,1,((#7045,#7046),(#7047,#7048),(#7049,
#7050),(#7051,#7052),(#7053,#7054)),.UNSPECIFIED.,.F.,.F.,.F.,(4,1,4),(2,
2),(-0.0480201740806326,-0.0225107704415622,0.),(-2.27546930950395E-17,
9.99999999997724E-6),.UNSPECIFIED.);
#71=B_SPLINE_SURFACE_WITH_KNOTS('',3,1,((#7074,#7075),(#7076,#7077),(#7078,
#7079),(#7080,#7081),(#7082,#7083)),.UNSPECIFIED.,.F.,.F.,.F.,(4,1,4),(2,
2),(-0.072250349747402,-0.0384525862166735,0.),(-2.27546930950395E-17,9.99999999997724E-6),
 .UNSPECIFIED.);
#72=B_SPLINE_SURFACE_WITH_KNOTS('',3,1,((#7097,#7098),(#7099,#7100),(#7101,
#7102),(#7103,#7104),(#7105,#7106)),.UNSPECIFIED.,.F.,.F.,.F.,(4,1,4),(2,
2),(-0.0728904008518746,-0.0340705843152906,0.),(-2.27546930950395E-17,
9.99999999997724E-6),.UNSPECIFIED.);
#73=B_SPLINE_SURFACE_WITH_KNOTS('',3,1,((#7120,#7121),(#7122,#7123),(#7124,
#7125),(#7126,#7127),(#7128,#7129)),.UNSPECIFIED.,.F.,.F.,.F.,(4,1,4),(2,
2),(-0.0738201872638511,-0.0391370569958419,0.),(-2.27546930950395E-17,
9.99999999997724E-6),.UNSPECIFIED.);
#74=B_SPLINE_SURFACE_WITH_KNOTS('',3,1,((#7143,#7144),(#7145,#7146),(#7147,
#7148),(#7149,#7150),(#7151,#7152)),.UNSPECIFIED.,.F.,.F.,.F.,(4,1,4),(2,
2),(-0.0659279894480095,-0.0327876378022031,0.),(-2.27546930950395E-17,
9.99999999997724E-6),.UNSPECIFIED.);
#75=B_SPLINE_SURFACE_WITH_KNOTS('',3,1,((#7166,#7167),(#7168,#7169),(#7170,
#7171),(#7172,#7173),(#7174,#7175)),.UNSPECIFIED.,.F.,.F.,.F.,(4,1,4),(2,
2),(-0.0363464677515578,-0.0179494328948489,0.),(-2.27546930950395E-17,
9.99999999997724E-6),.UNSPECIFIED.);
#76=B_SPLINE_SURFACE_WITH_KNOTS('',3,1,((#7189,#7190),(#7191,#7192),(#7193,
#7194),(#7195,#7196),(#7197,#7198)),.UNSPECIFIED.,.F.,.F.,.F.,(4,1,4),(2,
2),(-0.0441852241542441,-0.020365978240159,0.),(-2.27546930950395E-17,9.99999999997724E-6),
 .UNSPECIFIED.);
#77=B_SPLINE_SURFACE_WITH_KNOTS('',3,1,((#7212,#7213),(#7214,#7215),(#7216,
#7217),(#7218,#7219),(#7220,#7221)),.UNSPECIFIED.,.F.,.F.,.F.,(4,1,4),(2,
2),(-0.077578872245375,-0.032214188537015,0.),(-2.27546930950395E-17,9.99999999997724E-6),
 .UNSPECIFIED.);
#78=B_SPLINE_SURFACE_WITH_KNOTS('',3,1,((#7235,#7236),(#7237,#7238),(#7239,
#7240),(#7241,#7242),(#7243,#7244)),.UNSPECIFIED.,.F.,.F.,.F.,(4,1,4),(2,
2),(-0.0569099908648945,-0.0358634353697943,0.),(-2.27546930950395E-17,
9.99999999997724E-6),.UNSPECIFIED.);
#79=B_SPLINE_SURFACE_WITH_KNOTS('',3,1,((#7258,#7259),(#7260,#7261),(#7262,
#7263),(#7264,#7265),(#7266,#7267)),.UNSPECIFIED.,.F.,.F.,.F.,(4,1,4),(2,
2),(-0.0253322760658853,-0.013148526825246,0.),(-2.27546930950395E-17,9.99999999997724E-6),
 .UNSPECIFIED.);
#80=B_SPLINE_SURFACE_WITH_KNOTS('',3,1,((#7286,#7287),(#7288,#7289),(#7290,
#7291),(#7292,#7293),(#7294,#7295)),.UNSPECIFIED.,.F.,.F.,.F.,(4,1,4),(2,
2),(-0.037538845205717,-0.0187314281144227,0.),(-2.27546930950395E-17,9.99999999997724E-6),
 .UNSPECIFIED.);
#81=B_SPLINE_SURFACE_WITH_KNOTS('',3,1,((#7312,#7313),(#7314,#7315),(#7316,
#7317),(#7318,#7319),(#7320,#7321)),.UNSPECIFIED.,.F.,.F.,.F.,(4,1,4),(2,
2),(-0.035214616392262,-0.0181317448954963,0.),(-2.27546930950395E-17,9.99999999997724E-6),
 .UNSPECIFIED.);
#82=B_SPLINE_SURFACE_WITH_KNOTS('',3,1,((#7335,#7336),(#7337,#7338),(#7339,
#7340),(#7341,#7342),(#7343,#7344)),.UNSPECIFIED.,.F.,.F.,.F.,(4,1,4),(2,
2),(-0.0321482782311768,-0.016379352512144,0.),(-2.27546930950395E-17,9.99999999997724E-6),
 .UNSPECIFIED.);
#83=B_SPLINE_SURFACE_WITH_KNOTS('',3,1,((#7358,#7359),(#7360,#7361),(#7362,
#7363),(#7364,#7365),(#7366,#7367)),.UNSPECIFIED.,.F.,.F.,.F.,(4,1,4),(2,
2),(-0.0454037217251042,-0.0221963789235616,0.),(-2.27546930950395E-17,
9.99999999997724E-6),.UNSPECIFIED.);
#84=B_SPLINE_SURFACE_WITH_KNOTS('',3,1,((#7381,#7382),(#7383,#7384),(#7385,
#7386),(#7387,#7388),(#7389,#7390)),.UNSPECIFIED.,.F.,.F.,.F.,(4,1,4),(2,
2),(-0.0547806908117886,-0.0255220889953182,0.),(-2.27546930950395E-17,
9.99999999997724E-6),.UNSPECIFIED.);
#85=B_SPLINE_SURFACE_WITH_KNOTS('',3,1,((#7404,#7405),(#7406,#7407),(#7408,
#7409),(#7410,#7411),(#7412,#7413)),.UNSPECIFIED.,.F.,.F.,.F.,(4,1,4),(2,
2),(-0.0526933673105838,-0.028112310569736,0.),(-2.27546930950395E-17,9.99999999997724E-6),
 .UNSPECIFIED.);
#86=B_SPLINE_SURFACE_WITH_KNOTS('',3,1,((#7427,#7428),(#7429,#7430),(#7431,
#7432),(#7433,#7434),(#7435,#7436)),.UNSPECIFIED.,.F.,.F.,.F.,(4,1,4),(2,
2),(-0.046495449172861,-0.0230424648115269,0.),(-2.27546930950395E-17,9.99999999997724E-6),
 .UNSPECIFIED.);
#87=B_SPLINE_SURFACE_WITH_KNOTS('',3,1,((#7450,#7451),(#7452,#7453),(#7454,
#7455),(#7456,#7457),(#7458,#7459)),.UNSPECIFIED.,.F.,.F.,.F.,(4,1,4),(2,
2),(-0.0470052420696319,-0.0235031983373854,0.),(-2.27546930950395E-17,
9.99999999997724E-6),.UNSPECIFIED.);
#88=B_SPLINE_SURFACE_WITH_KNOTS('',3,1,((#7473,#7474),(#7475,#7476),(#7477,
#7478),(#7479,#7480),(#7481,#7482)),.UNSPECIFIED.,.F.,.F.,.F.,(4,1,4),(2,
2),(-0.0510908542589633,-0.0244628662639897,0.),(-2.27546930950395E-17,
9.99999999997724E-6),.UNSPECIFIED.);
#89=B_SPLINE_SURFACE_WITH_KNOTS('',3,1,((#7502,#7503),(#7504,#7505),(#7506,
#7507),(#7508,#7509),(#7510,#7511)),.UNSPECIFIED.,.F.,.F.,.F.,(4,1,4),(2,
2),(-0.0347180329857362,-0.0196423706832795,0.),(-2.27546930950395E-17,
9.99999999997724E-6),.UNSPECIFIED.);
#90=B_SPLINE_SURFACE_WITH_KNOTS('',3,1,((#7525,#7526),(#7527,#7528),(#7529,
#7530),(#7531,#7532),(#7533,#7534)),.UNSPECIFIED.,.F.,.F.,.F.,(4,1,4),(2,
2),(-0.0409788944819784,-0.0204406550754156,0.),(-2.27546930950395E-17,
9.99999999997724E-6),.UNSPECIFIED.);
#91=B_SPLINE_SURFACE_WITH_KNOTS('',3,1,((#7548,#7549),(#7550,#7551),(#7552,
#7553),(#7554,#7555),(#7556,#7557)),.UNSPECIFIED.,.F.,.F.,.F.,(4,1,4),(2,
2),(-0.0328595547805538,-0.0167060194928874,0.),(-2.27546930950395E-17,
9.99999999997724E-6),.UNSPECIFIED.);
#92=B_SPLINE_SURFACE_WITH_KNOTS('',3,1,((#7571,#7572),(#7573,#7574),(#7575,
#7576),(#7577,#7578),(#7579,#7580)),.UNSPECIFIED.,.F.,.F.,.F.,(4,1,4),(2,
2),(-0.0465332858576693,-0.022030819667263,0.),(-2.27546930950395E-17,9.99999999997724E-6),
 .UNSPECIFIED.);
#93=B_SPLINE_SURFACE_WITH_KNOTS('',3,1,((#7594,#7595),(#7596,#7597),(#7598,
#7599),(#7600,#7601),(#7602,#7603)),.UNSPECIFIED.,.F.,.F.,.F.,(4,1,4),(2,
2),(-0.0704399624827512,-0.0304874220079555,0.),(-2.27546930950395E-17,
9.99999999997724E-6),.UNSPECIFIED.);
#94=B_SPLINE_SURFACE_WITH_KNOTS('',3,1,((#7617,#7618),(#7619,#7620),(#7621,
#7622),(#7623,#7624),(#7625,#7626)),.UNSPECIFIED.,.F.,.F.,.F.,(4,1,4),(2,
2),(-0.0446968915572679,-0.0230244304898669,0.),(-2.27546930950395E-17,
9.99999999997724E-6),.UNSPECIFIED.);
#95=B_SPLINE_SURFACE_WITH_KNOTS('',3,1,((#7640,#7641),(#7642,#7643),(#7644,
#7645),(#7646,#7647),(#7648,#7649)),.UNSPECIFIED.,.F.,.F.,.F.,(4,1,4),(2,
2),(-0.0417921940126823,-0.021029101766401,0.),(-2.27546930950395E-17,9.99999999997724E-6),
 .UNSPECIFIED.);
#96=B_SPLINE_SURFACE_WITH_KNOTS('',3,1,((#7663,#7664),(#7665,#7666),(#7667,
#7668),(#7669,#7670),(#7671,#7672)),.UNSPECIFIED.,.F.,.F.,.F.,(4,1,4),(2,
2),(-0.0698774373389234,-0.0347651203546099,0.),(-2.27546930950395E-17,
9.99999999997724E-6),.UNSPECIFIED.);
#97=B_SPLINE_SURFACE_WITH_KNOTS('',3,1,((#7686,#7687),(#7688,#7689),(#7690,
#7691),(#7692,#7693),(#7694,#7695)),.UNSPECIFIED.,.F.,.F.,.F.,(4,1,4),(2,
2),(-0.0761876549377679,-0.0366453118040685,0.),(-2.27546930950395E-17,
9.99999999997724E-6),.UNSPECIFIED.);
#98=B_SPLINE_SURFACE_WITH_KNOTS('',3,1,((#7709,#7710),(#7711,#7712),(#7713,
#7714),(#7715,#7716),(#7717,#7718)),.UNSPECIFIED.,.F.,.F.,.F.,(4,1,4),(2,
2),(-0.0542601251189447,-0.027412019292674,0.),(-2.27546930950395E-17,9.99999999997724E-6),
 .UNSPECIFIED.);
#99=B_SPLINE_SURFACE_WITH_KNOTS('',3,1,((#7732,#7733),(#7734,#7735),(#7736,
#7737),(#7738,#7739),(#7740,#7741)),.UNSPECIFIED.,.F.,.F.,.F.,(4,1,4),(2,
2),(-0.050503629847134,-0.0258317451831601,0.),(-2.27546930950395E-17,9.99999999997724E-6),
 .UNSPECIFIED.);
#100=B_SPLINE_SURFACE_WITH_KNOTS('',3,1,((#7755,#7756),(#7757,#7758),(#7759,
#7760),(#7761,#7762),(#7763,#7764)),.UNSPECIFIED.,.F.,.F.,.F.,(4,1,4),(2,
2),(-0.0504692607109416,-0.0246871969309222,0.),(-2.27546930950395E-17,
9.99999999997724E-6),.UNSPECIFIED.);
#101=B_SPLINE_SURFACE_WITH_KNOTS('',3,1,((#7778,#7779),(#7780,#7781),(#7782,
#7783),(#7784,#7785),(#7786,#7787)),.UNSPECIFIED.,.F.,.F.,.F.,(4,1,4),(2,
2),(-0.084532119171087,-0.0426463597673827,0.),(-2.27546930950395E-17,9.99999999997724E-6),
 .UNSPECIFIED.);
#102=B_SPLINE_SURFACE_WITH_KNOTS('',3,1,((#7801,#7802),(#7803,#7804),(#7805,
#7806),(#7807,#7808),(#7809,#7810)),.UNSPECIFIED.,.F.,.F.,.F.,(4,1,4),(2,
2),(-0.117039896905063,-0.0498570551510991,0.),(-2.27546930950395E-17,9.99999999997724E-6),
 .UNSPECIFIED.);
#103=B_SPLINE_SURFACE_WITH_KNOTS('',3,1,((#7824,#7825),(#7826,#7827),(#7828,
#7829),(#7830,#7831),(#7832,#7833)),.UNSPECIFIED.,.F.,.F.,.F.,(4,1,4),(2,
2),(-0.132266086692763,-0.0755305521927715,0.),(-2.27546930950395E-17,9.99999999997724E-6),
 .UNSPECIFIED.);
#104=B_SPLINE_SURFACE_WITH_KNOTS('',3,1,((#7847,#7848),(#7849,#7850),(#7851,
#7852),(#7853,#7854),(#7855,#7856)),.UNSPECIFIED.,.F.,.F.,.F.,(4,1,4),(2,
2),(-0.0852706547995777,-0.0417966398129742,0.),(-2.27546930950395E-17,
9.99999999997724E-6),.UNSPECIFIED.);
#105=B_SPLINE_SURFACE_WITH_KNOTS('',3,1,((#7870,#7871),(#7872,#7873),(#7874,
#7875),(#7876,#7877),(#7878,#7879)),.UNSPECIFIED.,.F.,.F.,.F.,(4,1,4),(2,
2),(-0.0623809195643812,-0.0325850725360259,0.),(-2.27546930950395E-17,
9.99999999997724E-6),.UNSPECIFIED.);
#106=B_SPLINE_SURFACE_WITH_KNOTS('',3,1,((#7893,#7894),(#7895,#7896),(#7897,
#7898),(#7899,#7900),(#7901,#7902)),.UNSPECIFIED.,.F.,.F.,.F.,(4,1,4),(2,
2),(-0.0622484348649494,-0.029760977367381,0.),(-2.27546930950395E-17,9.99999999997724E-6),
 .UNSPECIFIED.);
#107=FACE_BOUND('',#1176,.T.);
#108=FACE_BOUND('',#1179,.T.);
#109=FACE_BOUND('',#1186,.T.);
#110=FACE_BOUND('',#1190,.T.);
#111=FACE_BOUND('',#1206,.T.);
#112=FACE_BOUND('',#1273,.T.);
#113=FACE_BOUND('',#1275,.T.);
#114=FACE_BOUND('',#1353,.T.);
#115=FACE_BOUND('',#1355,.T.);
#116=MANIFOLD_SOLID_BREP('Body1',#4010);
#117=MANIFOLD_SOLID_BREP('Body2',#4011);
#118=MANIFOLD_SOLID_BREP('Body3',#4012);
#119=MANIFOLD_SOLID_BREP('Body4',#4013);
#120=MANIFOLD_SOLID_BREP('Body7',#4014);
#121=MANIFOLD_SOLID_BREP('Body8',#4015);
#122=MANIFOLD_SOLID_BREP('Body9',#4016);
#123=MANIFOLD_SOLID_BREP('Body10',#4017);
#124=MANIFOLD_SOLID_BREP('Body11',#4018);
#125=MANIFOLD_SOLID_BREP('Body12',#4019);
#126=STYLED_ITEM('',(#7936),#3805);
#127=STYLED_ITEM('',(#7935),#116);
#128=STYLED_ITEM('',(#7936),#3836);
#129=STYLED_ITEM('',(#7937),#117);
#130=STYLED_ITEM('',(#7938),#118);
#131=STYLED_ITEM('',(#7938),#119);
#132=STYLED_ITEM('',(#7936),#120);
#133=STYLED_ITEM('',(#7936),#121);
#134=STYLED_ITEM('',(#7936),#122);
#135=STYLED_ITEM('',(#7936),#123);
#136=STYLED_ITEM('',(#7936),#124);
#137=STYLED_ITEM('',(#7936),#125);
#138=PLANE('',#4044);
#139=PLANE('',#4046);
#140=PLANE('',#4050);
#141=PLANE('',#4051);
#142=PLANE('',#4062);
#143=PLANE('',#4066);
#144=PLANE('',#4072);
#145=PLANE('',#4082);
#146=PLANE('',#4085);
#147=PLANE('',#4086);
#148=PLANE('',#4087);
#149=PLANE('',#4088);
#150=PLANE('',#4089);
#151=PLANE('',#4090);
#152=PLANE('',#4106);
#153=PLANE('',#4108);
#154=PLANE('',#4116);
#155=PLANE('',#4118);
#156=PLANE('',#4119);
#157=PLANE('',#4131);
#158=PLANE('',#4140);
#159=PLANE('',#4141);
#160=PLANE('',#4143);
#161=PLANE('',#4144);
#162=PLANE('',#4145);
#163=PLANE('',#4146);
#164=PLANE('',#4147);
#165=PLANE('',#4148);
#166=PLANE('',#4153);
#167=PLANE('',#4159);
#168=PLANE('',#4168);
#169=PLANE('',#4172);
#170=PLANE('',#4173);
#171=PLANE('',#4178);
#172=PLANE('',#4179);
#173=PLANE('',#4180);
#174=PLANE('',#4181);
#175=PLANE('',#4182);
#176=PLANE('',#4183);
#177=PLANE('',#4184);
#178=PLANE('',#4185);
#179=PLANE('',#4186);
#180=PLANE('',#4199);
#181=PLANE('',#4212);
#182=PLANE('',#4213);
#183=PLANE('',#4214);
#184=PLANE('',#4215);
#185=PLANE('',#4216);
#186=PLANE('',#4217);
#187=PLANE('',#4218);
#188=PLANE('',#4219);
#189=PLANE('',#4220);
#190=PLANE('',#4221);
#191=PLANE('',#4222);
#192=PLANE('',#4223);
#193=PLANE('',#4224);
#194=PLANE('',#4225);
#195=PLANE('',#4226);
#196=PLANE('',#4227);
#197=PLANE('',#4228);
#198=PLANE('',#4229);
#199=PLANE('',#4230);
#200=PLANE('',#4231);
#201=PLANE('',#4232);
#202=PLANE('',#4233);
#203=PLANE('',#4234);
#204=PLANE('',#4235);
#205=PLANE('',#4236);
#206=PLANE('',#4237);
#207=PLANE('',#4238);
#208=PLANE('',#4239);
#209=PLANE('',#4240);
#210=PLANE('',#4241);
#211=PLANE('',#4242);
#212=PLANE('',#4243);
#213=PLANE('',#4244);
#214=PLANE('',#4245);
#215=PLANE('',#4246);
#216=PLANE('',#4247);
#217=PLANE('',#4248);
#218=PLANE('',#4249);
#219=PLANE('',#4250);
#220=PLANE('',#4251);
#221=PLANE('',#4252);
#222=PLANE('',#4253);
#223=PLANE('',#4254);
#224=PLANE('',#4255);
#225=PLANE('',#4256);
#226=ELLIPSE('',#4042,0.989949493661165,0.7);
#227=ELLIPSE('',#4043,0.989949493661165,0.7);
#228=ELLIPSE('',#4061,0.989949493661165,0.7);
#229=ELLIPSE('',#4080,0.989949493661167,0.7);
#230=ELLIPSE('',#4102,0.989949493661165,0.7);
#231=ELLIPSE('',#4103,0.989949493661165,0.7);
#232=ELLIPSE('',#4105,0.989949493661167,0.7);
#233=ELLIPSE('',#4129,0.989949493661165,0.7);
#234=ELLIPSE('',#4188,0.242487113059643,0.21);
#235=ELLIPSE('',#4189,0.242487113059643,0.21);
#236=ELLIPSE('',#4191,0.242487113059642,0.21);
#237=ELLIPSE('',#4193,0.242487113059643,0.21);
#238=ELLIPSE('',#4195,0.242487113059643,0.21);
#239=ELLIPSE('',#4197,0.242487113059643,0.21);
#240=ELLIPSE('',#4201,0.242487113059643,0.21);
#241=ELLIPSE('',#4202,0.242487113059643,0.21);
#242=ELLIPSE('',#4204,0.242487113059643,0.21);
#243=ELLIPSE('',#4206,0.242487113059643,0.21);
#244=ELLIPSE('',#4208,0.242487113059643,0.21);
#245=ELLIPSE('',#4210,0.242487113059643,0.21);
#246=LINE('',#5039,#544);
#247=LINE('',#5040,#545);
#248=LINE('',#5043,#546);
#249=LINE('',#5056,#547);
#250=LINE('',#5060,#548);
#251=LINE('',#5063,#549);
#252=LINE('',#5066,#550);
#253=LINE('',#5070,#551);
#254=LINE('',#5074,#552);
#255=LINE('',#5075,#553);
#256=LINE('',#5078,#554);
#257=LINE('',#5082,#555);
#258=LINE('',#5086,#556);
#259=LINE('',#5104,#557);
#260=LINE('',#5107,#558);
#261=LINE('',#5119,#559);
#262=LINE('',#5122,#560);
#263=LINE('',#5126,#561);
#264=LINE('',#5129,#562);
#265=LINE('',#5146,#563);
#266=LINE('',#5149,#564);
#267=LINE('',#5150,#565);
#268=LINE('',#5177,#566);
#269=LINE('',#5179,#567);
#270=LINE('',#5182,#568);
#271=LINE('',#5184,#569);
#272=LINE('',#5186,#570);
#273=LINE('',#5188,#571);
#274=LINE('',#5192,#572);
#275=LINE('',#5194,#573);
#276=LINE('',#5195,#574);
#277=LINE('',#5198,#575);
#278=LINE('',#5199,#576);
#279=LINE('',#5202,#577);
#280=LINE('',#5203,#578);
#281=LINE('',#5205,#579);
#282=LINE('',#5241,#580);
#283=LINE('',#5242,#581);
#284=LINE('',#5245,#582);
#285=LINE('',#5248,#583);
#286=LINE('',#5253,#584);
#287=LINE('',#5265,#585);
#288=LINE('',#5268,#586);
#289=LINE('',#5280,#587);
#290=LINE('',#5283,#588);
#291=LINE('',#5306,#589);
#292=LINE('',#5307,#590);
#293=LINE('',#5310,#591);
#294=LINE('',#5313,#592);
#295=LINE('',#5315,#593);
#296=LINE('',#5318,#594);
#297=LINE('',#5322,#595);
#298=LINE('',#5325,#596);
#299=LINE('',#5353,#597);
#300=LINE('',#5354,#598);
#301=LINE('',#5358,#599);
#302=LINE('',#5368,#600);
#303=LINE('',#5370,#601);
#304=LINE('',#5374,#602);
#305=LINE('',#5376,#603);
#306=LINE('',#5384,#604);
#307=LINE('',#5385,#605);
#308=LINE('',#5387,#606);
#309=LINE('',#5390,#607);
#310=LINE('',#5395,#608);
#311=LINE('',#5397,#609);
#312=LINE('',#5398,#610);
#313=LINE('',#5401,#611);
#314=LINE('',#5402,#612);
#315=LINE('',#5405,#613);
#316=LINE('',#5406,#614);
#317=LINE('',#5408,#615);
#318=LINE('',#5430,#616);
#319=LINE('',#5439,#617);
#320=LINE('',#5445,#618);
#321=LINE('',#5458,#619);
#322=LINE('',#5460,#620);
#323=LINE('',#5462,#621);
#324=LINE('',#5464,#622);
#325=LINE('',#5466,#623);
#326=LINE('',#5467,#624);
#327=LINE('',#5472,#625);
#328=LINE('',#5474,#626);
#329=LINE('',#5476,#627);
#330=LINE('',#5477,#628);
#331=LINE('',#5480,#629);
#332=LINE('',#5482,#630);
#333=LINE('',#5483,#631);
#334=LINE('',#5486,#632);
#335=LINE('',#5488,#633);
#336=LINE('',#5489,#634);
#337=LINE('',#5492,#635);
#338=LINE('',#5493,#636);
#339=LINE('',#5496,#637);
#340=LINE('',#5498,#638);
#341=LINE('',#5500,#639);
#342=LINE('',#5501,#640);
#343=LINE('',#5504,#641);
#344=LINE('',#5505,#642);
#345=LINE('',#5508,#643);
#346=LINE('',#5509,#644);
#347=LINE('',#5513,#645);
#348=LINE('',#5518,#646);
#349=LINE('',#5521,#647);
#350=LINE('',#5524,#648);
#351=LINE('',#5527,#649);
#352=LINE('',#5530,#650);
#353=LINE('',#5532,#651);
#354=LINE('',#5535,#652);
#355=LINE('',#5538,#653);
#356=LINE('',#5542,#654);
#357=LINE('',#5544,#655);
#358=LINE('',#5546,#656);
#359=LINE('',#5548,#657);
#360=LINE('',#5550,#658);
#361=LINE('',#5551,#659);
#362=LINE('',#5555,#660);
#363=LINE('',#5560,#661);
#364=LINE('',#5563,#662);
#365=LINE('',#5570,#663);
#366=LINE('',#5572,#664);
#367=LINE('',#5575,#665);
#368=LINE('',#5577,#666);
#369=LINE('',#5582,#667);
#370=LINE('',#5584,#668);
#371=LINE('',#5586,#669);
#372=LINE('',#5587,#670);
#373=LINE('',#5590,#671);
#374=LINE('',#5592,#672);
#375=LINE('',#5593,#673);
#376=LINE('',#5596,#674);
#377=LINE('',#5598,#675);
#378=LINE('',#5599,#676);
#379=LINE('',#5602,#677);
#380=LINE('',#5604,#678);
#381=LINE('',#5605,#679);
#382=LINE('',#5608,#680);
#383=LINE('',#5610,#681);
#384=LINE('',#5611,#682);
#385=LINE('',#5614,#683);
#386=LINE('',#5616,#684);
#387=LINE('',#5617,#685);
#388=LINE('',#5620,#686);
#389=LINE('',#5622,#687);
#390=LINE('',#5623,#688);
#391=LINE('',#5626,#689);
#392=LINE('',#5628,#690);
#393=LINE('',#5629,#691);
#394=LINE('',#5632,#692);
#395=LINE('',#5634,#693);
#396=LINE('',#5635,#694);
#397=LINE('',#5637,#695);
#398=LINE('',#5638,#696);
#399=LINE('',#5644,#697);
#400=LINE('',#5646,#698);
#401=LINE('',#5648,#699);
#402=LINE('',#5649,#700);
#403=LINE('',#5652,#701);
#404=LINE('',#5654,#702);
#405=LINE('',#5655,#703);
#406=LINE('',#5658,#704);
#407=LINE('',#5660,#705);
#408=LINE('',#5661,#706);
#409=LINE('',#5684,#707);
#410=LINE('',#5707,#708);
#411=LINE('',#5710,#709);
#412=LINE('',#5712,#710);
#413=LINE('',#5713,#711);
#414=LINE('',#5716,#712);
#415=LINE('',#5718,#713);
#416=LINE('',#5719,#714);
#417=LINE('',#5722,#715);
#418=LINE('',#5724,#716);
#419=LINE('',#5725,#717);
#420=LINE('',#5727,#718);
#421=LINE('',#5728,#719);
#422=LINE('',#5749,#720);
#423=LINE('',#5756,#721);
#424=LINE('',#5779,#722);
#425=LINE('',#5802,#723);
#426=LINE('',#5825,#724);
#427=LINE('',#5848,#725);
#428=LINE('',#5871,#726);
#429=LINE('',#5894,#727);
#430=LINE('',#5918,#728);
#431=LINE('',#5920,#729);
#432=LINE('',#5922,#730);
#433=LINE('',#5923,#731);
#434=LINE('',#5946,#732);
#435=LINE('',#5969,#733);
#436=LINE('',#5992,#734);
#437=LINE('',#6015,#735);
#438=LINE('',#6038,#736);
#439=LINE('',#6061,#737);
#440=LINE('',#6084,#738);
#441=LINE('',#6107,#739);
#442=LINE('',#6130,#740);
#443=LINE('',#6153,#741);
#444=LINE('',#6176,#742);
#445=LINE('',#6199,#743);
#446=LINE('',#6222,#744);
#447=LINE('',#6245,#745);
#448=LINE('',#6268,#746);
#449=LINE('',#6291,#747);
#450=LINE('',#6314,#748);
#451=LINE('',#6337,#749);
#452=LINE('',#6360,#750);
#453=LINE('',#6383,#751);
#454=LINE('',#6409,#752);
#455=LINE('',#6411,#753);
#456=LINE('',#6413,#754);
#457=LINE('',#6414,#755);
#458=LINE('',#6417,#756);
#459=LINE('',#6419,#757);
#460=LINE('',#6420,#758);
#461=LINE('',#6443,#759);
#462=LINE('',#6466,#760);
#463=LINE('',#6489,#761);
#464=LINE('',#6512,#762);
#465=LINE('',#6535,#763);
#466=LINE('',#6558,#764);
#467=LINE('',#6581,#765);
#468=LINE('',#6604,#766);
#469=LINE('',#6627,#767);
#470=LINE('',#6630,#768);
#471=LINE('',#6632,#769);
#472=LINE('',#6633,#770);
#473=LINE('',#6656,#771);
#474=LINE('',#6679,#772);
#475=LINE('',#6702,#773);
#476=LINE('',#6725,#774);
#477=LINE('',#6748,#775);
#478=LINE('',#6771,#776);
#479=LINE('',#6794,#777);
#480=LINE('',#6817,#778);
#481=LINE('',#6840,#779);
#482=LINE('',#6842,#780);
#483=LINE('',#6843,#781);
#484=LINE('',#6849,#782);
#485=LINE('',#6851,#783);
#486=LINE('',#6853,#784);
#487=LINE('',#6854,#785);
#488=LINE('',#6857,#786);
#489=LINE('',#6859,#787);
#490=LINE('',#6860,#788);
#491=LINE('',#6883,#789);
#492=LINE('',#6906,#790);
#493=LINE('',#6929,#791);
#494=LINE('',#6952,#792);
#495=LINE('',#6975,#793);
#496=LINE('',#6998,#794);
#497=LINE('',#7021,#795);
#498=LINE('',#7044,#796);
#499=LINE('',#7067,#797);
#500=LINE('',#7070,#798);
#501=LINE('',#7072,#799);
#502=LINE('',#7073,#800);
#503=LINE('',#7096,#801);
#504=LINE('',#7119,#802);
#505=LINE('',#7142,#803);
#506=LINE('',#7165,#804);
#507=LINE('',#7188,#805);
#508=LINE('',#7211,#806);
#509=LINE('',#7234,#807);
#510=LINE('',#7257,#808);
#511=LINE('',#7280,#809);
#512=LINE('',#7282,#810);
#513=LINE('',#7283,#811);
#514=LINE('',#7304,#812);
#515=LINE('',#7311,#813);
#516=LINE('',#7334,#814);
#517=LINE('',#7357,#815);
#518=LINE('',#7380,#816);
#519=LINE('',#7403,#817);
#520=LINE('',#7426,#818);
#521=LINE('',#7449,#819);
#522=LINE('',#7472,#820);
#523=LINE('',#7496,#821);
#524=LINE('',#7498,#822);
#525=LINE('',#7500,#823);
#526=LINE('',#7501,#824);
#527=LINE('',#7524,#825);
#528=LINE('',#7547,#826);
#529=LINE('',#7570,#827);
#530=LINE('',#7593,#828);
#531=LINE('',#7616,#829);
#532=LINE('',#7639,#830);
#533=LINE('',#7662,#831);
#534=LINE('',#7685,#832);
#535=LINE('',#7708,#833);
#536=LINE('',#7731,#834);
#537=LINE('',#7754,#835);
#538=LINE('',#7777,#836);
#539=LINE('',#7800,#837);
#540=LINE('',#7823,#838);
#541=LINE('',#7846,#839);
#542=LINE('',#7869,#840);
#543=LINE('',#7892,#841);
#544=VECTOR('',#4275,10.);
#545=VECTOR('',#4276,10.);
#546=VECTOR('',#4279,10.);
#547=VECTOR('',#4282,10.);
#548=VECTOR('',#4287,10.);
#549=VECTOR('',#4290,10.);
#550=VECTOR('',#4293,10.);
#551=VECTOR('',#4298,10.);
#552=VECTOR('',#4303,10.);
#553=VECTOR('',#4304,10.);
#554=VECTOR('',#4307,10.);
#555=VECTOR('',#4310,10.);
#556=VECTOR('',#4313,10.);
#557=VECTOR('',#4326,10.);
#558=VECTOR('',#4329,10.);
#559=VECTOR('',#4332,10.);
#560=VECTOR('',#4335,10.);
#561=VECTOR('',#4340,10.);
#562=VECTOR('',#4345,10.);
#563=VECTOR('',#4356,10.);
#564=VECTOR('',#4359,10.);
#565=VECTOR('',#4360,10.);
#566=VECTOR('',#4373,10.);
#567=VECTOR('',#4376,10.);
#568=VECTOR('',#4379,10.);
#569=VECTOR('',#4382,10.);
#570=VECTOR('',#4385,10.);
#571=VECTOR('',#4388,10.);
#572=VECTOR('',#4393,10.);
#573=VECTOR('',#4394,10.);
#574=VECTOR('',#4395,10.);
#575=VECTOR('',#4398,10.);
#576=VECTOR('',#4399,10.);
#577=VECTOR('',#4402,10.);
#578=VECTOR('',#4403,10.);
#579=VECTOR('',#4406,10.);
#580=VECTOR('',#4427,10.);
#581=VECTOR('',#4428,10.);
#582=VECTOR('',#4431,10.);
#583=VECTOR('',#4434,10.);
#584=VECTOR('',#4439,10.);
#585=VECTOR('',#4442,10.);
#586=VECTOR('',#4445,10.);
#587=VECTOR('',#4448,10.);
#588=VECTOR('',#4451,10.);
#589=VECTOR('',#4470,10.);
#590=VECTOR('',#4471,10.);
#591=VECTOR('',#4474,10.);
#592=VECTOR('',#4477,10.);
#593=VECTOR('',#4480,10.);
#594=VECTOR('',#4483,10.);
#595=VECTOR('',#4486,10.);
#596=VECTOR('',#4489,10.);
#597=VECTOR('',#4502,10.);
#598=VECTOR('',#4503,10.);
#599=VECTOR('',#4508,10.);
#600=VECTOR('',#4509,10.);
#601=VECTOR('',#4512,10.);
#602=VECTOR('',#4517,10.);
#603=VECTOR('',#4520,10.);
#604=VECTOR('',#4531,10.);
#605=VECTOR('',#4532,10.);
#606=VECTOR('',#4535,10.);
#607=VECTOR('',#4540,10.);
#608=VECTOR('',#4547,10.);
#609=VECTOR('',#4548,10.);
#610=VECTOR('',#4549,10.);
#611=VECTOR('',#4552,10.);
#612=VECTOR('',#4553,10.);
#613=VECTOR('',#4556,10.);
#614=VECTOR('',#4557,10.);
#615=VECTOR('',#4560,10.);
#616=VECTOR('',#4589,2.8);
#617=VECTOR('',#4602,2.055);
#618=VECTOR('',#4609,3.7);
#619=VECTOR('',#4626,10.);
#620=VECTOR('',#4627,10.);
#621=VECTOR('',#4628,10.);
#622=VECTOR('',#4629,10.);
#623=VECTOR('',#4630,10.);
#624=VECTOR('',#4631,10.);
#625=VECTOR('',#4636,10.);
#626=VECTOR('',#4637,10.);
#627=VECTOR('',#4638,10.);
#628=VECTOR('',#4639,10.);
#629=VECTOR('',#4642,10.);
#630=VECTOR('',#4643,10.);
#631=VECTOR('',#4644,10.);
#632=VECTOR('',#4647,10.);
#633=VECTOR('',#4648,10.);
#634=VECTOR('',#4649,10.);
#635=VECTOR('',#4652,10.);
#636=VECTOR('',#4653,10.);
#637=VECTOR('',#4656,10.);
#638=VECTOR('',#4657,10.);
#639=VECTOR('',#4658,10.);
#640=VECTOR('',#4659,10.);
#641=VECTOR('',#4662,10.);
#642=VECTOR('',#4663,10.);
#643=VECTOR('',#4666,10.);
#644=VECTOR('',#4667,10.);
#645=VECTOR('',#4670,10.);
#646=VECTOR('',#4677,10.);
#647=VECTOR('',#4680,10.);
#648=VECTOR('',#4683,10.);
#649=VECTOR('',#4686,10.);
#650=VECTOR('',#4689,10.);
#651=VECTOR('',#4692,10.);
#652=VECTOR('',#4695,10.);
#653=VECTOR('',#4700,10.);
#654=VECTOR('',#4703,10.);
#655=VECTOR('',#4704,10.);
#656=VECTOR('',#4705,10.);
#657=VECTOR('',#4706,10.);
#658=VECTOR('',#4707,10.);
#659=VECTOR('',#4708,10.);
#660=VECTOR('',#4713,10.);
#661=VECTOR('',#4720,10.);
#662=VECTOR('',#4725,10.);
#663=VECTOR('',#4738,10.);
#664=VECTOR('',#4741,10.);
#665=VECTOR('',#4746,10.);
#666=VECTOR('',#4749,10.);
#667=VECTOR('',#4754,10.);
#668=VECTOR('',#4755,10.);
#669=VECTOR('',#4756,10.);
#670=VECTOR('',#4757,10.);
#671=VECTOR('',#4760,10.);
#672=VECTOR('',#4761,10.);
#673=VECTOR('',#4762,10.);
#674=VECTOR('',#4765,10.);
#675=VECTOR('',#4766,10.);
#676=VECTOR('',#4767,10.);
#677=VECTOR('',#4770,10.);
#678=VECTOR('',#4771,10.);
#679=VECTOR('',#4772,10.);
#680=VECTOR('',#4775,10.);
#681=VECTOR('',#4776,10.);
#682=VECTOR('',#4777,10.);
#683=VECTOR('',#4780,10.);
#684=VECTOR('',#4781,10.);
#685=VECTOR('',#4782,10.);
#686=VECTOR('',#4785,10.);
#687=VECTOR('',#4786,10.);
#688=VECTOR('',#4787,10.);
#689=VECTOR('',#4790,10.);
#690=VECTOR('',#4791,10.);
#691=VECTOR('',#4792,10.);
#692=VECTOR('',#4795,10.);
#693=VECTOR('',#4796,10.);
#694=VECTOR('',#4797,10.);
#695=VECTOR('',#4800,10.);
#696=VECTOR('',#4801,10.);
#697=VECTOR('',#4808,10.);
#698=VECTOR('',#4809,10.);
#699=VECTOR('',#4810,10.);
#700=VECTOR('',#4811,10.);
#701=VECTOR('',#4814,10.);
#702=VECTOR('',#4815,10.);
#703=VECTOR('',#4816,10.);
#704=VECTOR('',#4819,10.);
#705=VECTOR('',#4820,10.);
#706=VECTOR('',#4821,10.);
#707=VECTOR('',#4822,10.);
#708=VECTOR('',#4823,10.);
#709=VECTOR('',#4826,10.);
#710=VECTOR('',#4827,10.);
#711=VECTOR('',#4828,10.);
#712=VECTOR('',#4831,10.);
#713=VECTOR('',#4832,10.);
#714=VECTOR('',#4833,10.);
#715=VECTOR('',#4836,10.);
#716=VECTOR('',#4837,10.);
#717=VECTOR('',#4838,10.);
#718=VECTOR('',#4841,10.);
#719=VECTOR('',#4842,10.);
#720=VECTOR('',#4847,10.);
#721=VECTOR('',#4848,10.);
#722=VECTOR('',#4849,10.);
#723=VECTOR('',#4850,10.);
#724=VECTOR('',#4851,10.);
#725=VECTOR('',#4852,10.);
#726=VECTOR('',#4853,10.);
#727=VECTOR('',#4854,10.);
#728=VECTOR('',#4857,10.);
#729=VECTOR('',#4858,10.);
#730=VECTOR('',#4859,10.);
#731=VECTOR('',#4860,10.);
#732=VECTOR('',#4861,10.);
#733=VECTOR('',#4862,10.);
#734=VECTOR('',#4863,10.);
#735=VECTOR('',#4864,10.);
#736=VECTOR('',#4865,10.);
#737=VECTOR('',#4866,10.);
#738=VECTOR('',#4867,10.);
#739=VECTOR('',#4868,10.);
#740=VECTOR('',#4869,10.);
#741=VECTOR('',#4870,10.);
#742=VECTOR('',#4871,10.);
#743=VECTOR('',#4872,10.);
#744=VECTOR('',#4873,10.);
#745=VECTOR('',#4874,10.);
#746=VECTOR('',#4875,10.);
#747=VECTOR('',#4876,10.);
#748=VECTOR('',#4877,10.);
#749=VECTOR('',#4878,10.);
#750=VECTOR('',#4879,10.);
#751=VECTOR('',#4880,10.);
#752=VECTOR('',#4887,10.);
#753=VECTOR('',#4888,10.);
#754=VECTOR('',#4889,10.);
#755=VECTOR('',#4890,10.);
#756=VECTOR('',#4893,10.);
#757=VECTOR('',#4894,10.);
#758=VECTOR('',#4895,10.);
#759=VECTOR('',#4896,10.);
#760=VECTOR('',#4897,10.);
#761=VECTOR('',#4898,10.);
#762=VECTOR('',#4899,10.);
#763=VECTOR('',#4900,10.);
#764=VECTOR('',#4901,10.);
#765=VECTOR('',#4902,10.);
#766=VECTOR('',#4903,10.);
#767=VECTOR('',#4904,10.);
#768=VECTOR('',#4907,10.);
#769=VECTOR('',#4908,10.);
#770=VECTOR('',#4909,10.);
#771=VECTOR('',#4910,10.);
#772=VECTOR('',#4911,10.);
#773=VECTOR('',#4912,10.);
#774=VECTOR('',#4913,10.);
#775=VECTOR('',#4914,10.);
#776=VECTOR('',#4915,10.);
#777=VECTOR('',#4916,10.);
#778=VECTOR('',#4917,10.);
#779=VECTOR('',#4918,10.);
#780=VECTOR('',#4921,10.);
#781=VECTOR('',#4922,10.);
#782=VECTOR('',#4929,10.);
#783=VECTOR('',#4930,10.);
#784=VECTOR('',#4931,10.);
#785=VECTOR('',#4932,10.);
#786=VECTOR('',#4935,10.);
#787=VECTOR('',#4936,10.);
#788=VECTOR('',#4937,10.);
#789=VECTOR('',#4938,10.);
#790=VECTOR('',#4939,10.);
#791=VECTOR('',#4940,10.);
#792=VECTOR('',#4941,10.);
#793=VECTOR('',#4942,10.);
#794=VECTOR('',#4943,10.);
#795=VECTOR('',#4944,10.);
#796=VECTOR('',#4945,10.);
#797=VECTOR('',#4946,10.);
#798=VECTOR('',#4949,10.);
#799=VECTOR('',#4950,10.);
#800=VECTOR('',#4951,10.);
#801=VECTOR('',#4952,10.);
#802=VECTOR('',#4953,10.);
#803=VECTOR('',#4954,10.);
#804=VECTOR('',#4955,10.);
#805=VECTOR('',#4956,10.);
#806=VECTOR('',#4957,10.);
#807=VECTOR('',#4958,10.);
#808=VECTOR('',#4959,10.);
#809=VECTOR('',#4960,10.);
#810=VECTOR('',#4963,10.);
#811=VECTOR('',#4964,10.);
#812=VECTOR('',#4969,10.);
#813=VECTOR('',#4970,10.);
#814=VECTOR('',#4971,10.);
#815=VECTOR('',#4972,10.);
#816=VECTOR('',#4973,10.);
#817=VECTOR('',#4974,10.);
#818=VECTOR('',#4975,10.);
#819=VECTOR('',#4976,10.);
#820=VECTOR('',#4977,10.);
#821=VECTOR('',#4980,10.);
#822=VECTOR('',#4981,10.);
#823=VECTOR('',#4982,10.);
#824=VECTOR('',#4983,10.);
#825=VECTOR('',#4984,10.);
#826=VECTOR('',#4985,10.);
#827=VECTOR('',#4986,10.);
#828=VECTOR('',#4987,10.);
#829=VECTOR('',#4988,10.);
#830=VECTOR('',#4989,10.);
#831=VECTOR('',#4990,10.);
#832=VECTOR('',#4991,10.);
#833=VECTOR('',#4992,10.);
#834=VECTOR('',#4993,10.);
#835=VECTOR('',#4994,10.);
#836=VECTOR('',#4995,10.);
#837=VECTOR('',#4996,10.);
#838=VECTOR('',#4997,10.);
#839=VECTOR('',#4998,10.);
#840=VECTOR('',#4999,10.);
#841=VECTOR('',#5000,10.);
#842=CYLINDRICAL_SURFACE('',#4039,3.);
#843=CYLINDRICAL_SURFACE('',#4041,0.7);
#844=CYLINDRICAL_SURFACE('',#4048,0.7);
#845=CYLINDRICAL_SURFACE('',#4059,3.);
#846=CYLINDRICAL_SURFACE('',#4060,0.7);
#847=CYLINDRICAL_SURFACE('',#4064,0.7);
#848=CYLINDRICAL_SURFACE('',#4071,3.);
#849=CYLINDRICAL_SURFACE('',#4078,3.);
#850=CYLINDRICAL_SURFACE('',#4079,0.7);
#851=CYLINDRICAL_SURFACE('',#4081,0.7);
#852=CYLINDRICAL_SURFACE('',#4083,0.7);
#853=CYLINDRICAL_SURFACE('',#4084,0.7);
#854=CYLINDRICAL_SURFACE('',#4097,3.);
#855=CYLINDRICAL_SURFACE('',#4099,0.7);
#856=CYLINDRICAL_SURFACE('',#4101,0.7);
#857=CYLINDRICAL_SURFACE('',#4104,0.7);
#858=CYLINDRICAL_SURFACE('',#4114,3.);
#859=CYLINDRICAL_SURFACE('',#4127,3.);
#860=CYLINDRICAL_SURFACE('',#4128,0.7);
#861=CYLINDRICAL_SURFACE('',#4130,0.7);
#862=CYLINDRICAL_SURFACE('',#4133,0.7);
#863=CYLINDRICAL_SURFACE('',#4138,3.);
#864=CYLINDRICAL_SURFACE('',#4139,0.7);
#865=CYLINDRICAL_SURFACE('',#4142,0.7);
#866=CYLINDRICAL_SURFACE('',#4161,2.8);
#867=CYLINDRICAL_SURFACE('',#4167,2.055);
#868=CYLINDRICAL_SURFACE('',#4169,3.7);
#869=CYLINDRICAL_SURFACE('',#4187,0.21);
#870=CYLINDRICAL_SURFACE('',#4190,0.21);
#871=CYLINDRICAL_SURFACE('',#4192,0.21);
#872=CYLINDRICAL_SURFACE('',#4194,0.21);
#873=CYLINDRICAL_SURFACE('',#4196,0.21);
#874=CYLINDRICAL_SURFACE('',#4198,0.21);
#875=CYLINDRICAL_SURFACE('',#4200,0.21);
#876=CYLINDRICAL_SURFACE('',#4203,0.21);
#877=CYLINDRICAL_SURFACE('',#4205,0.21);
#878=CYLINDRICAL_SURFACE('',#4207,0.21);
#879=CYLINDRICAL_SURFACE('',#4209,0.21);
#880=CYLINDRICAL_SURFACE('',#4211,0.21);
#881=FACE_OUTER_BOUND('',#1114,.T.);
#882=FACE_OUTER_BOUND('',#1115,.T.);
#883=FACE_OUTER_BOUND('',#1116,.T.);
#884=FACE_OUTER_BOUND('',#1117,.T.);
#885=FACE_OUTER_BOUND('',#1118,.T.);
#886=FACE_OUTER_BOUND('',#1119,.T.);
#887=FACE_OUTER_BOUND('',#1120,.T.);
#888=FACE_OUTER_BOUND('',#1121,.T.);
#889=FACE_OUTER_BOUND('',#1122,.T.);
#890=FACE_OUTER_BOUND('',#1123,.T.);
#891=FACE_OUTER_BOUND('',#1124,.T.);
#892=FACE_OUTER_BOUND('',#1125,.T.);
#893=FACE_OUTER_BOUND('',#1126,.T.);
#894=FACE_OUTER_BOUND('',#1127,.T.);
#895=FACE_OUTER_BOUND('',#1128,.T.);
#896=FACE_OUTER_BOUND('',#1129,.T.);
#897=FACE_OUTER_BOUND('',#1130,.T.);
#898=FACE_OUTER_BOUND('',#1131,.T.);
#899=FACE_OUTER_BOUND('',#1132,.T.);
#900=FACE_OUTER_BOUND('',#1133,.T.);
#901=FACE_OUTER_BOUND('',#1134,.T.);
#902=FACE_OUTER_BOUND('',#1135,.T.);
#903=FACE_OUTER_BOUND('',#1136,.T.);
#904=FACE_OUTER_BOUND('',#1137,.T.);
#905=FACE_OUTER_BOUND('',#1138,.T.);
#906=FACE_OUTER_BOUND('',#1139,.T.);
#907=FACE_OUTER_BOUND('',#1140,.T.);
#908=FACE_OUTER_BOUND('',#1141,.T.);
#909=FACE_OUTER_BOUND('',#1142,.T.);
#910=FACE_OUTER_BOUND('',#1143,.T.);
#911=FACE_OUTER_BOUND('',#1144,.T.);
#912=FACE_OUTER_BOUND('',#1145,.T.);
#913=FACE_OUTER_BOUND('',#1146,.T.);
#914=FACE_OUTER_BOUND('',#1147,.T.);
#915=FACE_OUTER_BOUND('',#1148,.T.);
#916=FACE_OUTER_BOUND('',#1149,.T.);
#917=FACE_OUTER_BOUND('',#1150,.T.);
#918=FACE_OUTER_BOUND('',#1151,.T.);
#919=FACE_OUTER_BOUND('',#1152,.T.);
#920=FACE_OUTER_BOUND('',#1153,.T.);
#921=FACE_OUTER_BOUND('',#1154,.T.);
#922=FACE_OUTER_BOUND('',#1155,.T.);
#923=FACE_OUTER_BOUND('',#1156,.T.);
#924=FACE_OUTER_BOUND('',#1157,.T.);
#925=FACE_OUTER_BOUND('',#1158,.T.);
#926=FACE_OUTER_BOUND('',#1159,.T.);
#927=FACE_OUTER_BOUND('',#1160,.T.);
#928=FACE_OUTER_BOUND('',#1161,.T.);
#929=FACE_OUTER_BOUND('',#1162,.T.);
#930=FACE_OUTER_BOUND('',#1163,.T.);
#931=FACE_OUTER_BOUND('',#1164,.T.);
#932=FACE_OUTER_BOUND('',#1165,.T.);
#933=FACE_OUTER_BOUND('',#1166,.T.);
#934=FACE_OUTER_BOUND('',#1167,.T.);
#935=FACE_OUTER_BOUND('',#1168,.T.);
#936=FACE_OUTER_BOUND('',#1169,.T.);
#937=FACE_OUTER_BOUND('',#1170,.T.);
#938=FACE_OUTER_BOUND('',#1171,.T.);
#939=FACE_OUTER_BOUND('',#1172,.T.);
#940=FACE_OUTER_BOUND('',#1173,.T.);
#941=FACE_OUTER_BOUND('',#1174,.T.);
#942=FACE_OUTER_BOUND('',#1175,.T.);
#943=FACE_OUTER_BOUND('',#1177,.T.);
#944=FACE_OUTER_BOUND('',#1178,.T.);
#945=FACE_OUTER_BOUND('',#1180,.T.);
#946=FACE_OUTER_BOUND('',#1181,.T.);
#947=FACE_OUTER_BOUND('',#1182,.T.);
#948=FACE_OUTER_BOUND('',#1183,.T.);
#949=FACE_OUTER_BOUND('',#1184,.T.);
#950=FACE_OUTER_BOUND('',#1185,.T.);
#951=FACE_OUTER_BOUND('',#1187,.T.);
#952=FACE_OUTER_BOUND('',#1188,.T.);
#953=FACE_OUTER_BOUND('',#1189,.T.);
#954=FACE_OUTER_BOUND('',#1191,.T.);
#955=FACE_OUTER_BOUND('',#1192,.T.);
#956=FACE_OUTER_BOUND('',#1193,.T.);
#957=FACE_OUTER_BOUND('',#1194,.T.);
#958=FACE_OUTER_BOUND('',#1195,.T.);
#959=FACE_OUTER_BOUND('',#1196,.T.);
#960=FACE_OUTER_BOUND('',#1197,.T.);
#961=FACE_OUTER_BOUND('',#1198,.T.);
#962=FACE_OUTER_BOUND('',#1199,.T.);
#963=FACE_OUTER_BOUND('',#1200,.T.);
#964=FACE_OUTER_BOUND('',#1201,.T.);
#965=FACE_OUTER_BOUND('',#1202,.T.);
#966=FACE_OUTER_BOUND('',#1203,.T.);
#967=FACE_OUTER_BOUND('',#1204,.T.);
#968=FACE_OUTER_BOUND('',#1205,.T.);
#969=FACE_OUTER_BOUND('',#1207,.T.);
#970=FACE_OUTER_BOUND('',#1208,.T.);
#971=FACE_OUTER_BOUND('',#1209,.T.);
#972=FACE_OUTER_BOUND('',#1210,.T.);
#973=FACE_OUTER_BOUND('',#1211,.T.);
#974=FACE_OUTER_BOUND('',#1212,.T.);
#975=FACE_OUTER_BOUND('',#1213,.T.);
#976=FACE_OUTER_BOUND('',#1214,.T.);
#977=FACE_OUTER_BOUND('',#1215,.T.);
#978=FACE_OUTER_BOUND('',#1216,.T.);
#979=FACE_OUTER_BOUND('',#1217,.T.);
#980=FACE_OUTER_BOUND('',#1218,.T.);
#981=FACE_OUTER_BOUND('',#1219,.T.);
#982=FACE_OUTER_BOUND('',#1220,.T.);
#983=FACE_OUTER_BOUND('',#1221,.T.);
#984=FACE_OUTER_BOUND('',#1222,.T.);
#985=FACE_OUTER_BOUND('',#1223,.T.);
#986=FACE_OUTER_BOUND('',#1224,.T.);
#987=FACE_OUTER_BOUND('',#1225,.T.);
#988=FACE_OUTER_BOUND('',#1226,.T.);
#989=FACE_OUTER_BOUND('',#1227,.T.);
#990=FACE_OUTER_BOUND('',#1228,.T.);
#991=FACE_OUTER_BOUND('',#1229,.T.);
#992=FACE_OUTER_BOUND('',#1230,.T.);
#993=FACE_OUTER_BOUND('',#1231,.T.);
#994=FACE_OUTER_BOUND('',#1232,.T.);
#995=FACE_OUTER_BOUND('',#1233,.T.);
#996=FACE_OUTER_BOUND('',#1234,.T.);
#997=FACE_OUTER_BOUND('',#1235,.T.);
#998=FACE_OUTER_BOUND('',#1236,.T.);
#999=FACE_OUTER_BOUND('',#1237,.T.);
#1000=FACE_OUTER_BOUND('',#1238,.T.);
#1001=FACE_OUTER_BOUND('',#1239,.T.);
#1002=FACE_OUTER_BOUND('',#1240,.T.);
#1003=FACE_OUTER_BOUND('',#1241,.T.);
#1004=FACE_OUTER_BOUND('',#1242,.T.);
#1005=FACE_OUTER_BOUND('',#1243,.T.);
#1006=FACE_OUTER_BOUND('',#1244,.T.);
#1007=FACE_OUTER_BOUND('',#1245,.T.);
#1008=FACE_OUTER_BOUND('',#1246,.T.);
#1009=FACE_OUTER_BOUND('',#1247,.T.);
#1010=FACE_OUTER_BOUND('',#1248,.T.);
#1011=FACE_OUTER_BOUND('',#1249,.T.);
#1012=FACE_OUTER_BOUND('',#1250,.T.);
#1013=FACE_OUTER_BOUND('',#1251,.T.);
#1014=FACE_OUTER_BOUND('',#1252,.T.);
#1015=FACE_OUTER_BOUND('',#1253,.T.);
#1016=FACE_OUTER_BOUND('',#1254,.T.);
#1017=FACE_OUTER_BOUND('',#1255,.T.);
#1018=FACE_OUTER_BOUND('',#1256,.T.);
#1019=FACE_OUTER_BOUND('',#1257,.T.);
#1020=FACE_OUTER_BOUND('',#1258,.T.);
#1021=FACE_OUTER_BOUND('',#1259,.T.);
#1022=FACE_OUTER_BOUND('',#1260,.T.);
#1023=FACE_OUTER_BOUND('',#1261,.T.);
#1024=FACE_OUTER_BOUND('',#1262,.T.);
#1025=FACE_OUTER_BOUND('',#1263,.T.);
#1026=FACE_OUTER_BOUND('',#1264,.T.);
#1027=FACE_OUTER_BOUND('',#1265,.T.);
#1028=FACE_OUTER_BOUND('',#1266,.T.);
#1029=FACE_OUTER_BOUND('',#1267,.T.);
#1030=FACE_OUTER_BOUND('',#1268,.T.);
#1031=FACE_OUTER_BOUND('',#1269,.T.);
#1032=FACE_OUTER_BOUND('',#1270,.T.);
#1033=FACE_OUTER_BOUND('',#1271,.T.);
#1034=FACE_OUTER_BOUND('',#1272,.T.);
#1035=FACE_OUTER_BOUND('',#1274,.T.);
#1036=FACE_OUTER_BOUND('',#1276,.T.);
#1037=FACE_OUTER_BOUND('',#1277,.T.);
#1038=FACE_OUTER_BOUND('',#1278,.T.);
#1039=FACE_OUTER_BOUND('',#1279,.T.);
#1040=FACE_OUTER_BOUND('',#1280,.T.);
#1041=FACE_OUTER_BOUND('',#1281,.T.);
#1042=FACE_OUTER_BOUND('',#1282,.T.);
#1043=FACE_OUTER_BOUND('',#1283,.T.);
#1044=FACE_OUTER_BOUND('',#1284,.T.);
#1045=FACE_OUTER_BOUND('',#1285,.T.);
#1046=FACE_OUTER_BOUND('',#1286,.T.);
#1047=FACE_OUTER_BOUND('',#1287,.T.);
#1048=FACE_OUTER_BOUND('',#1288,.T.);
#1049=FACE_OUTER_BOUND('',#1289,.T.);
#1050=FACE_OUTER_BOUND('',#1290,.T.);
#1051=FACE_OUTER_BOUND('',#1291,.T.);
#1052=FACE_OUTER_BOUND('',#1292,.T.);
#1053=FACE_OUTER_BOUND('',#1293,.T.);
#1054=FACE_OUTER_BOUND('',#1294,.T.);
#1055=FACE_OUTER_BOUND('',#1295,.T.);
#1056=FACE_OUTER_BOUND('',#1296,.T.);
#1057=FACE_OUTER_BOUND('',#1297,.T.);
#1058=FACE_OUTER_BOUND('',#1298,.T.);
#1059=FACE_OUTER_BOUND('',#1299,.T.);
#1060=FACE_OUTER_BOUND('',#1300,.T.);
#1061=FACE_OUTER_BOUND('',#1301,.T.);
#1062=FACE_OUTER_BOUND('',#1302,.T.);
#1063=FACE_OUTER_BOUND('',#1303,.T.);
#1064=FACE_OUTER_BOUND('',#1304,.T.);
#1065=FACE_OUTER_BOUND('',#1305,.T.);
#1066=FACE_OUTER_BOUND('',#1306,.T.);
#1067=FACE_OUTER_BOUND('',#1307,.T.);
#1068=FACE_OUTER_BOUND('',#1308,.T.);
#1069=FACE_OUTER_BOUND('',#1309,.T.);
#1070=FACE_OUTER_BOUND('',#1310,.T.);
#1071=FACE_OUTER_BOUND('',#1311,.T.);
#1072=FACE_OUTER_BOUND('',#1312,.T.);
#1073=FACE_OUTER_BOUND('',#1313,.T.);
#1074=FACE_OUTER_BOUND('',#1314,.T.);
#1075=FACE_OUTER_BOUND('',#1315,.T.);
#1076=FACE_OUTER_BOUND('',#1316,.T.);
#1077=FACE_OUTER_BOUND('',#1317,.T.);
#1078=FACE_OUTER_BOUND('',#1318,.T.);
#1079=FACE_OUTER_BOUND('',#1319,.T.);
#1080=FACE_OUTER_BOUND('',#1320,.T.);
#1081=FACE_OUTER_BOUND('',#1321,.T.);
#1082=FACE_OUTER_BOUND('',#1322,.T.);
#1083=FACE_OUTER_BOUND('',#1323,.T.);
#1084=FACE_OUTER_BOUND('',#1324,.T.);
#1085=FACE_OUTER_BOUND('',#1325,.T.);
#1086=FACE_OUTER_BOUND('',#1326,.T.);
#1087=FACE_OUTER_BOUND('',#1327,.T.);
#1088=FACE_OUTER_BOUND('',#1328,.T.);
#1089=FACE_OUTER_BOUND('',#1329,.T.);
#1090=FACE_OUTER_BOUND('',#1330,.T.);
#1091=FACE_OUTER_BOUND('',#1331,.T.);
#1092=FACE_OUTER_BOUND('',#1332,.T.);
#1093=FACE_OUTER_BOUND('',#1333,.T.);
#1094=FACE_OUTER_BOUND('',#1334,.T.);
#1095=FACE_OUTER_BOUND('',#1335,.T.);
#1096=FACE_OUTER_BOUND('',#1336,.T.);
#1097=FACE_OUTER_BOUND('',#1337,.T.);
#1098=FACE_OUTER_BOUND('',#1338,.T.);
#1099=FACE_OUTER_BOUND('',#1339,.T.);
#1100=FACE_OUTER_BOUND('',#1340,.T.);
#1101=FACE_OUTER_BOUND('',#1341,.T.);
#1102=FACE_OUTER_BOUND('',#1342,.T.);
#1103=FACE_OUTER_BOUND('',#1343,.T.);
#1104=FACE_OUTER_BOUND('',#1344,.T.);
#1105=FACE_OUTER_BOUND('',#1345,.T.);
#1106=FACE_OUTER_BOUND('',#1346,.T.);
#1107=FACE_OUTER_BOUND('',#1347,.T.);
#1108=FACE_OUTER_BOUND('',#1348,.T.);
#1109=FACE_OUTER_BOUND('',#1349,.T.);
#1110=FACE_OUTER_BOUND('',#1350,.T.);
#1111=FACE_OUTER_BOUND('',#1351,.T.);
#1112=FACE_OUTER_BOUND('',#1352,.T.);
#1113=FACE_OUTER_BOUND('',#1354,.T.);
#1114=EDGE_LOOP('',(#2591,#2592,#2593,#2594,#2595,#2596,#2597));
#1115=EDGE_LOOP('',(#2598,#2599,#2600,#2601));
#1116=EDGE_LOOP('',(#2602,#2603,#2604,#2605,#2606,#2607));
#1117=EDGE_LOOP('',(#2608,#2609,#2610,#2611));
#1118=EDGE_LOOP('',(#2612,#2613,#2614,#2615));
#1119=EDGE_LOOP('',(#2616,#2617,#2618,#2619));
#1120=EDGE_LOOP('',(#2620,#2621,#2622,#2623));
#1121=EDGE_LOOP('',(#2624,#2625,#2626,#2627,#2628,#2629,#2630,#2631));
#1122=EDGE_LOOP('',(#2632,#2633,#2634,#2635,#2636,#2637,#2638));
#1123=EDGE_LOOP('',(#2639,#2640,#2641,#2642));
#1124=EDGE_LOOP('',(#2643,#2644,#2645,#2646,#2647,#2648));
#1125=EDGE_LOOP('',(#2649,#2650,#2651,#2652));
#1126=EDGE_LOOP('',(#2653,#2654,#2655,#2656));
#1127=EDGE_LOOP('',(#2657,#2658,#2659,#2660));
#1128=EDGE_LOOP('',(#2661,#2662,#2663,#2664,#2665,#2666,#2667));
#1129=EDGE_LOOP('',(#2668,#2669,#2670,#2671));
#1130=EDGE_LOOP('',(#2672,#2673,#2674,#2675));
#1131=EDGE_LOOP('',(#2676,#2677,#2678,#2679,#2680,#2681,#2682));
#1132=EDGE_LOOP('',(#2683,#2684,#2685,#2686));
#1133=EDGE_LOOP('',(#2687,#2688,#2689,#2690,#2691,#2692));
#1134=EDGE_LOOP('',(#2693,#2694,#2695,#2696,#2697,#2698));
#1135=EDGE_LOOP('',(#2699,#2700,#2701,#2702));
#1136=EDGE_LOOP('',(#2703,#2704,#2705,#2706));
#1137=EDGE_LOOP('',(#2707,#2708,#2709,#2710));
#1138=EDGE_LOOP('',(#2711,#2712,#2713,#2714));
#1139=EDGE_LOOP('',(#2715,#2716,#2717,#2718));
#1140=EDGE_LOOP('',(#2719,#2720,#2721,#2722));
#1141=EDGE_LOOP('',(#2723,#2724,#2725,#2726));
#1142=EDGE_LOOP('',(#2727,#2728,#2729,#2730));
#1143=EDGE_LOOP('',(#2731,#2732,#2733,#2734));
#1144=EDGE_LOOP('',(#2735,#2736,#2737,#2738,#2739,#2740,#2741));
#1145=EDGE_LOOP('',(#2742,#2743,#2744,#2745));
#1146=EDGE_LOOP('',(#2746,#2747,#2748,#2749));
#1147=EDGE_LOOP('',(#2750,#2751,#2752,#2753,#2754,#2755));
#1148=EDGE_LOOP('',(#2756,#2757,#2758,#2759,#2760,#2761));
#1149=EDGE_LOOP('',(#2762,#2763,#2764,#2765));
#1150=EDGE_LOOP('',(#2766,#2767,#2768,#2769));
#1151=EDGE_LOOP('',(#2770,#2771,#2772,#2773,#2774,#2775,#2776));
#1152=EDGE_LOOP('',(#2777,#2778,#2779,#2780));
#1153=EDGE_LOOP('',(#2781,#2782,#2783,#2784));
#1154=EDGE_LOOP('',(#2785,#2786,#2787,#2788));
#1155=EDGE_LOOP('',(#2789,#2790,#2791,#2792,#2793,#2794,#2795,#2796));
#1156=EDGE_LOOP('',(#2797,#2798,#2799,#2800,#2801,#2802,#2803));
#1157=EDGE_LOOP('',(#2804,#2805,#2806,#2807));
#1158=EDGE_LOOP('',(#2808,#2809,#2810,#2811,#2812,#2813));
#1159=EDGE_LOOP('',(#2814,#2815,#2816,#2817,#2818,#2819));
#1160=EDGE_LOOP('',(#2820,#2821,#2822,#2823));
#1161=EDGE_LOOP('',(#2824,#2825,#2826,#2827));
#1162=EDGE_LOOP('',(#2828,#2829,#2830,#2831,#2832,#2833,#2834));
#1163=EDGE_LOOP('',(#2835,#2836,#2837,#2838));
#1164=EDGE_LOOP('',(#2839,#2840,#2841,#2842));
#1165=EDGE_LOOP('',(#2843,#2844,#2845,#2846));
#1166=EDGE_LOOP('',(#2847,#2848,#2849,#2850));
#1167=EDGE_LOOP('',(#2851,#2852,#2853,#2854));
#1168=EDGE_LOOP('',(#2855,#2856,#2857,#2858));
#1169=EDGE_LOOP('',(#2859,#2860,#2861,#2862));
#1170=EDGE_LOOP('',(#2863,#2864,#2865,#2866));
#1171=EDGE_LOOP('',(#2867,#2868,#2869,#2870));
#1172=EDGE_LOOP('',(#2871,#2872,#2873,#2874));
#1173=EDGE_LOOP('',(#2875,#2876,#2877,#2878));
#1174=EDGE_LOOP('',(#2879,#2880,#2881,#2882));
#1175=EDGE_LOOP('',(#2883));
#1176=EDGE_LOOP('',(#2884));
#1177=EDGE_LOOP('',(#2885,#2886,#2887,#2888));
#1178=EDGE_LOOP('',(#2889));
#1179=EDGE_LOOP('',(#2890));
#1180=EDGE_LOOP('',(#2891,#2892,#2893,#2894));
#1181=EDGE_LOOP('',(#2895,#2896,#2897,#2898,#2899));
#1182=EDGE_LOOP('',(#2900,#2901,#2902,#2903,#2904));
#1183=EDGE_LOOP('',(#2905));
#1184=EDGE_LOOP('',(#2906,#2907,#2908,#2909));
#1185=EDGE_LOOP('',(#2910));
#1186=EDGE_LOOP('',(#2911));
#1187=EDGE_LOOP('',(#2912));
#1188=EDGE_LOOP('',(#2913,#2914,#2915,#2916));
#1189=EDGE_LOOP('',(#2917,#2918,#2919,#2920,#2921,#2922));
#1190=EDGE_LOOP('',(#2923));
#1191=EDGE_LOOP('',(#2924));
#1192=EDGE_LOOP('',(#2925,#2926,#2927,#2928));
#1193=EDGE_LOOP('',(#2929,#2930,#2931,#2932));
#1194=EDGE_LOOP('',(#2933,#2934,#2935,#2936));
#1195=EDGE_LOOP('',(#2937,#2938,#2939,#2940));
#1196=EDGE_LOOP('',(#2941,#2942,#2943,#2944,#2945,#2946));
#1197=EDGE_LOOP('',(#2947,#2948,#2949,#2950));
#1198=EDGE_LOOP('',(#2951,#2952,#2953,#2954));
#1199=EDGE_LOOP('',(#2955,#2956,#2957,#2958));
#1200=EDGE_LOOP('',(#2959,#2960,#2961,#2962));
#1201=EDGE_LOOP('',(#2963,#2964,#2965,#2966));
#1202=EDGE_LOOP('',(#2967,#2968,#2969,#2970));
#1203=EDGE_LOOP('',(#2971,#2972,#2973,#2974));
#1204=EDGE_LOOP('',(#2975,#2976,#2977,#2978));
#1205=EDGE_LOOP('',(#2979,#2980,#2981,#2982,#2983,#2984));
#1206=EDGE_LOOP('',(#2985,#2986,#2987,#2988,#2989,#2990));
#1207=EDGE_LOOP('',(#2991,#2992,#2993,#2994));
#1208=EDGE_LOOP('',(#2995,#2996,#2997,#2998));
#1209=EDGE_LOOP('',(#2999,#3000,#3001,#3002));
#1210=EDGE_LOOP('',(#3003,#3004,#3005,#3006));
#1211=EDGE_LOOP('',(#3007,#3008,#3009,#3010));
#1212=EDGE_LOOP('',(#3011,#3012,#3013,#3014));
#1213=EDGE_LOOP('',(#3015,#3016,#3017,#3018));
#1214=EDGE_LOOP('',(#3019,#3020,#3021,#3022));
#1215=EDGE_LOOP('',(#3023,#3024,#3025,#3026));
#1216=EDGE_LOOP('',(#3027,#3028,#3029,#3030));
#1217=EDGE_LOOP('',(#3031,#3032,#3033,#3034));
#1218=EDGE_LOOP('',(#3035,#3036,#3037,#3038));
#1219=EDGE_LOOP('',(#3039,#3040,#3041,#3042));
#1220=EDGE_LOOP('',(#3043,#3044,#3045,#3046));
#1221=EDGE_LOOP('',(#3047,#3048,#3049,#3050));
#1222=EDGE_LOOP('',(#3051,#3052,#3053,#3054));
#1223=EDGE_LOOP('',(#3055,#3056,#3057,#3058));
#1224=EDGE_LOOP('',(#3059,#3060,#3061,#3062));
#1225=EDGE_LOOP('',(#3063,#3064,#3065,#3066));
#1226=EDGE_LOOP('',(#3067,#3068,#3069,#3070));
#1227=EDGE_LOOP('',(#3071,#3072,#3073,#3074));
#1228=EDGE_LOOP('',(#3075,#3076,#3077,#3078));
#1229=EDGE_LOOP('',(#3079,#3080,#3081,#3082,#3083,#3084,#3085,#3086,#3087,
#3088));
#1230=EDGE_LOOP('',(#3089,#3090,#3091,#3092,#3093,#3094,#3095,#3096,#3097,
#3098));
#1231=EDGE_LOOP('',(#3099,#3100,#3101,#3102));
#1232=EDGE_LOOP('',(#3103,#3104,#3105,#3106));
#1233=EDGE_LOOP('',(#3107,#3108,#3109,#3110));
#1234=EDGE_LOOP('',(#3111,#3112,#3113,#3114));
#1235=EDGE_LOOP('',(#3115,#3116,#3117,#3118));
#1236=EDGE_LOOP('',(#3119,#3120,#3121,#3122));
#1237=EDGE_LOOP('',(#3123,#3124,#3125,#3126));
#1238=EDGE_LOOP('',(#3127,#3128,#3129,#3130));
#1239=EDGE_LOOP('',(#3131,#3132,#3133,#3134));
#1240=EDGE_LOOP('',(#3135,#3136,#3137,#3138,#3139,#3140,#3141,#3142,#3143));
#1241=EDGE_LOOP('',(#3144,#3145,#3146,#3147,#3148,#3149,#3150,#3151,#3152));
#1242=EDGE_LOOP('',(#3153,#3154,#3155,#3156));
#1243=EDGE_LOOP('',(#3157,#3158,#3159,#3160));
#1244=EDGE_LOOP('',(#3161,#3162,#3163,#3164));
#1245=EDGE_LOOP('',(#3165,#3166,#3167,#3168));
#1246=EDGE_LOOP('',(#3169,#3170,#3171,#3172));
#1247=EDGE_LOOP('',(#3173,#3174,#3175,#3176));
#1248=EDGE_LOOP('',(#3177,#3178,#3179,#3180));
#1249=EDGE_LOOP('',(#3181,#3182,#3183,#3184));
#1250=EDGE_LOOP('',(#3185,#3186,#3187,#3188));
#1251=EDGE_LOOP('',(#3189,#3190,#3191,#3192));
#1252=EDGE_LOOP('',(#3193,#3194,#3195,#3196));
#1253=EDGE_LOOP('',(#3197,#3198,#3199,#3200));
#1254=EDGE_LOOP('',(#3201,#3202,#3203,#3204));
#1255=EDGE_LOOP('',(#3205,#3206,#3207,#3208));
#1256=EDGE_LOOP('',(#3209,#3210,#3211,#3212));
#1257=EDGE_LOOP('',(#3213,#3214,#3215,#3216));
#1258=EDGE_LOOP('',(#3217,#3218,#3219,#3220));
#1259=EDGE_LOOP('',(#3221,#3222,#3223,#3224));
#1260=EDGE_LOOP('',(#3225,#3226,#3227,#3228));
#1261=EDGE_LOOP('',(#3229,#3230,#3231,#3232));
#1262=EDGE_LOOP('',(#3233,#3234,#3235,#3236));
#1263=EDGE_LOOP('',(#3237,#3238,#3239,#3240));
#1264=EDGE_LOOP('',(#3241,#3242,#3243,#3244));
#1265=EDGE_LOOP('',(#3245,#3246,#3247,#3248));
#1266=EDGE_LOOP('',(#3249,#3250,#3251,#3252));
#1267=EDGE_LOOP('',(#3253,#3254,#3255,#3256));
#1268=EDGE_LOOP('',(#3257,#3258,#3259,#3260));
#1269=EDGE_LOOP('',(#3261,#3262,#3263,#3264));
#1270=EDGE_LOOP('',(#3265,#3266,#3267,#3268));
#1271=EDGE_LOOP('',(#3269,#3270,#3271,#3272));
#1272=EDGE_LOOP('',(#3273,#3274,#3275,#3276,#3277,#3278,#3279,#3280,#3281,
#3282,#3283,#3284,#3285,#3286,#3287,#3288,#3289,#3290,#3291,#3292,#3293,
#3294));
#1273=EDGE_LOOP('',(#3295,#3296,#3297,#3298,#3299,#3300,#3301,#3302));
#1274=EDGE_LOOP('',(#3303,#3304,#3305,#3306,#3307,#3308,#3309,#3310,#3311,
#3312,#3313,#3314,#3315,#3316,#3317,#3318,#3319,#3320,#3321,#3322,#3323,
#3324));
#1275=EDGE_LOOP('',(#3325,#3326,#3327,#3328,#3329,#3330,#3331,#3332));
#1276=EDGE_LOOP('',(#3333,#3334,#3335,#3336));
#1277=EDGE_LOOP('',(#3337,#3338,#3339,#3340));
#1278=EDGE_LOOP('',(#3341,#3342,#3343,#3344));
#1279=EDGE_LOOP('',(#3345,#3346,#3347,#3348));
#1280=EDGE_LOOP('',(#3349,#3350,#3351,#3352));
#1281=EDGE_LOOP('',(#3353,#3354,#3355,#3356));
#1282=EDGE_LOOP('',(#3357,#3358,#3359,#3360));
#1283=EDGE_LOOP('',(#3361,#3362,#3363,#3364));
#1284=EDGE_LOOP('',(#3365,#3366,#3367,#3368));
#1285=EDGE_LOOP('',(#3369,#3370,#3371,#3372));
#1286=EDGE_LOOP('',(#3373,#3374,#3375,#3376));
#1287=EDGE_LOOP('',(#3377,#3378,#3379,#3380));
#1288=EDGE_LOOP('',(#3381,#3382,#3383,#3384));
#1289=EDGE_LOOP('',(#3385,#3386,#3387,#3388));
#1290=EDGE_LOOP('',(#3389,#3390,#3391,#3392));
#1291=EDGE_LOOP('',(#3393,#3394,#3395,#3396));
#1292=EDGE_LOOP('',(#3397,#3398,#3399,#3400));
#1293=EDGE_LOOP('',(#3401,#3402,#3403,#3404));
#1294=EDGE_LOOP('',(#3405,#3406,#3407,#3408));
#1295=EDGE_LOOP('',(#3409,#3410,#3411,#3412));
#1296=EDGE_LOOP('',(#3413,#3414,#3415,#3416));
#1297=EDGE_LOOP('',(#3417,#3418,#3419,#3420));
#1298=EDGE_LOOP('',(#3421,#3422,#3423,#3424,#3425,#3426,#3427,#3428,#3429,
#3430,#3431,#3432,#3433,#3434,#3435,#3436,#3437,#3438,#3439,#3440,#3441,
#3442));
#1299=EDGE_LOOP('',(#3443,#3444,#3445,#3446,#3447,#3448,#3449,#3450,#3451,
#3452,#3453,#3454,#3455,#3456,#3457,#3458,#3459,#3460,#3461,#3462,#3463,
#3464));
#1300=EDGE_LOOP('',(#3465,#3466,#3467,#3468));
#1301=EDGE_LOOP('',(#3469,#3470,#3471,#3472));
#1302=EDGE_LOOP('',(#3473,#3474,#3475,#3476));
#1303=EDGE_LOOP('',(#3477,#3478,#3479,#3480));
#1304=EDGE_LOOP('',(#3481,#3482,#3483,#3484));
#1305=EDGE_LOOP('',(#3485,#3486,#3487,#3488));
#1306=EDGE_LOOP('',(#3489,#3490,#3491,#3492));
#1307=EDGE_LOOP('',(#3493,#3494,#3495,#3496));
#1308=EDGE_LOOP('',(#3497,#3498,#3499,#3500));
#1309=EDGE_LOOP('',(#3501,#3502,#3503,#3504));
#1310=EDGE_LOOP('',(#3505,#3506,#3507,#3508));
#1311=EDGE_LOOP('',(#3509,#3510,#3511,#3512));
#1312=EDGE_LOOP('',(#3513,#3514,#3515,#3516));
#1313=EDGE_LOOP('',(#3517,#3518,#3519,#3520));
#1314=EDGE_LOOP('',(#3521,#3522,#3523,#3524));
#1315=EDGE_LOOP('',(#3525,#3526,#3527,#3528));
#1316=EDGE_LOOP('',(#3529,#3530,#3531,#3532));
#1317=EDGE_LOOP('',(#3533,#3534,#3535,#3536));
#1318=EDGE_LOOP('',(#3537,#3538,#3539,#3540));
#1319=EDGE_LOOP('',(#3541,#3542,#3543,#3544));
#1320=EDGE_LOOP('',(#3545,#3546,#3547,#3548));
#1321=EDGE_LOOP('',(#3549,#3550,#3551,#3552));
#1322=EDGE_LOOP('',(#3553,#3554,#3555,#3556,#3557,#3558,#3559,#3560,#3561,
#3562,#3563,#3564,#3565,#3566,#3567,#3568,#3569,#3570,#3571,#3572,#3573,
#3574));
#1323=EDGE_LOOP('',(#3575,#3576,#3577,#3578,#3579,#3580,#3581,#3582,#3583,
#3584,#3585,#3586,#3587,#3588,#3589,#3590,#3591,#3592,#3593,#3594,#3595,
#3596));
#1324=EDGE_LOOP('',(#3597,#3598,#3599,#3600));
#1325=EDGE_LOOP('',(#3601,#3602,#3603,#3604));
#1326=EDGE_LOOP('',(#3605,#3606,#3607,#3608));
#1327=EDGE_LOOP('',(#3609,#3610,#3611,#3612));
#1328=EDGE_LOOP('',(#3613,#3614,#3615,#3616));
#1329=EDGE_LOOP('',(#3617,#3618,#3619,#3620));
#1330=EDGE_LOOP('',(#3621,#3622,#3623,#3624));
#1331=EDGE_LOOP('',(#3625,#3626,#3627,#3628));
#1332=EDGE_LOOP('',(#3629,#3630,#3631,#3632));
#1333=EDGE_LOOP('',(#3633,#3634,#3635,#3636));
#1334=EDGE_LOOP('',(#3637,#3638,#3639,#3640));
#1335=EDGE_LOOP('',(#3641,#3642,#3643,#3644));
#1336=EDGE_LOOP('',(#3645,#3646,#3647,#3648));
#1337=EDGE_LOOP('',(#3649,#3650,#3651,#3652));
#1338=EDGE_LOOP('',(#3653,#3654,#3655,#3656));
#1339=EDGE_LOOP('',(#3657,#3658,#3659,#3660));
#1340=EDGE_LOOP('',(#3661,#3662,#3663,#3664));
#1341=EDGE_LOOP('',(#3665,#3666,#3667,#3668));
#1342=EDGE_LOOP('',(#3669,#3670,#3671,#3672));
#1343=EDGE_LOOP('',(#3673,#3674,#3675,#3676));
#1344=EDGE_LOOP('',(#3677,#3678,#3679,#3680));
#1345=EDGE_LOOP('',(#3681,#3682,#3683,#3684));
#1346=EDGE_LOOP('',(#3685,#3686,#3687,#3688));
#1347=EDGE_LOOP('',(#3689,#3690,#3691,#3692));
#1348=EDGE_LOOP('',(#3693,#3694,#3695,#3696));
#1349=EDGE_LOOP('',(#3697,#3698,#3699,#3700));
#1350=EDGE_LOOP('',(#3701,#3702,#3703,#3704));
#1351=EDGE_LOOP('',(#3705,#3706,#3707,#3708));
#1352=EDGE_LOOP('',(#3709,#3710,#3711,#3712,#3713,#3714,#3715,#3716,#3717,
#3718,#3719,#3720,#3721,#3722,#3723,#3724,#3725,#3726,#3727));
#1353=EDGE_LOOP('',(#3728,#3729,#3730,#3731,#3732,#3733,#3734,#3735,#3736));
#1354=EDGE_LOOP('',(#3737,#3738,#3739,#3740,#3741,#3742,#3743,#3744,#3745,
#3746,#3747,#3748,#3749,#3750,#3751,#3752,#3753,#3754,#3755));
#1355=EDGE_LOOP('',(#3756,#3757,#3758,#3759,#3760,#3761,#3762,#3763,#3764));
#1356=CIRCLE('',#4034,2.3);
#1357=CIRCLE('',#4035,0.7);
#1358=CIRCLE('',#4036,3.);
#1359=CIRCLE('',#4037,0.7);
#1360=CIRCLE('',#4038,2.3);
#1361=CIRCLE('',#4040,3.);
#1362=CIRCLE('',#4045,2.3);
#1363=CIRCLE('',#4047,2.3);
#1364=CIRCLE('',#4049,0.7);
#1365=CIRCLE('',#4052,3.);
#1366=CIRCLE('',#4053,3.);
#1367=CIRCLE('',#4054,3.);
#1368=CIRCLE('',#4056,3.);
#1369=CIRCLE('',#4057,0.700000000000001);
#1370=CIRCLE('',#4058,2.3);
#1371=CIRCLE('',#4063,2.3);
#1372=CIRCLE('',#4065,0.7);
#1373=CIRCLE('',#4068,3.);
#1374=CIRCLE('',#4069,0.7);
#1375=CIRCLE('',#4070,2.3);
#1376=CIRCLE('',#4074,2.3);
#1377=CIRCLE('',#4075,0.7);
#1378=CIRCLE('',#4076,3.);
#1379=CIRCLE('',#4077,0.700000000000001);
#1380=CIRCLE('',#4092,2.3);
#1381=CIRCLE('',#4093,0.700000000000003);
#1382=CIRCLE('',#4094,3.);
#1383=CIRCLE('',#4095,0.700000000000001);
#1384=CIRCLE('',#4096,2.3);
#1385=CIRCLE('',#4098,3.);
#1386=CIRCLE('',#4100,0.7);
#1387=CIRCLE('',#4107,2.3);
#1388=CIRCLE('',#4109,2.3);
#1389=CIRCLE('',#4111,2.3);
#1390=CIRCLE('',#4112,0.700000000000003);
#1391=CIRCLE('',#4113,3.);
#1392=CIRCLE('',#4115,3.);
#1393=CIRCLE('',#4117,2.3);
#1394=CIRCLE('',#4120,3.);
#1395=CIRCLE('',#4121,3.);
#1396=CIRCLE('',#4123,2.3);
#1397=CIRCLE('',#4124,0.700000000000003);
#1398=CIRCLE('',#4125,3.);
#1399=CIRCLE('',#4126,0.700000000000001);
#1400=CIRCLE('',#4132,2.3);
#1401=CIRCLE('',#4135,0.700000000000003);
#1402=CIRCLE('',#4136,3.);
#1403=CIRCLE('',#4137,0.7);
#1404=CIRCLE('',#4150,1.05);
#1405=CIRCLE('',#4151,0.2);
#1406=CIRCLE('',#4152,0.85);
#1407=CIRCLE('',#4154,2.055);
#1408=CIRCLE('',#4156,2.44);
#1409=CIRCLE('',#4157,0.36);
#1410=CIRCLE('',#4158,2.8);
#1411=CIRCLE('',#4160,2.415);
#1412=CIRCLE('',#4162,2.8);
#1413=CIRCLE('',#4164,0.36);
#1414=CIRCLE('',#4165,2.055);
#1415=CIRCLE('',#4166,2.055);
#1416=CIRCLE('',#4170,3.7);
#1417=CIRCLE('',#4171,3.7);
#1418=CIRCLE('',#4175,1.05);
#1419=CIRCLE('',#4176,0.2);
#1420=CIRCLE('',#4177,0.850000000000001);
#1421=B_SPLINE_CURVE_WITH_KNOTS('',3,(#5009,#5010,#5011,#5012,#5013,#5014,
#5015,#5016),.UNSPECIFIED.,.F.,.F.,(4,2,2,4),(-0.00065838167952751,0.,0.0958435574601127,
0.124602387990909),.UNSPECIFIED.);
#1422=B_SPLINE_CURVE_WITH_KNOTS('',3,(#5018,#5019,#5020,#5021,#5022,#5023,
#5024,#5025),.UNSPECIFIED.,.F.,.F.,(4,2,2,4),(0.033363957878294,0.0527010212082293,
0.117144981785594,0.117587669057717),.UNSPECIFIED.);
#1423=B_SPLINE_CURVE_WITH_KNOTS('',3,(#5045,#5046,#5047,#5048,#5049,#5050,
#5051,#5052),.UNSPECIFIED.,.F.,.F.,(4,2,2,4),(0.0333639578782971,0.0527010212082374,
0.117144981769657,0.117587669041645),.UNSPECIFIED.);
#1424=B_SPLINE_CURVE_WITH_KNOTS('',3,(#5090,#5091,#5092,#5093,#5094,#5095,
#5096,#5097),.UNSPECIFIED.,.F.,.F.,(4,2,2,4),(-0.000658381679743377,0.,
0.0958435575011549,0.124602388054455),.UNSPECIFIED.);
#1425=B_SPLINE_CURVE_WITH_KNOTS('',3,(#5109,#5110,#5111,#5112,#5113,#5114,
#5115,#5116),.UNSPECIFIED.,.F.,.F.,(4,2,2,4),(0.0333639578782948,0.0527010212082322,
0.117144981741711,0.117587669013465),.UNSPECIFIED.);
#1426=B_SPLINE_CURVE_WITH_KNOTS('',3,(#5132,#5133,#5134,#5135,#5136,#5137,
#5138,#5139),.UNSPECIFIED.,.F.,.F.,(4,2,2,4),(-0.00065838180627733,0.,0.0958435561330395,
0.124602385936427),.UNSPECIFIED.);
#1427=B_SPLINE_CURVE_WITH_KNOTS('',3,(#5154,#5155,#5156,#5157,#5158,#5159,
#5160,#5161),.UNSPECIFIED.,.F.,.F.,(4,2,2,4),(0.0333639578782899,0.0527010212082195,
0.117144981746356,0.117587669023256),.UNSPECIFIED.);
#1428=B_SPLINE_CURVE_WITH_KNOTS('',3,(#5168,#5169,#5170,#5171,#5172,#5173,
#5174,#5175),.UNSPECIFIED.,.F.,.F.,(4,2,2,4),(-0.000658381679301932,0.,
0.0958435574222919,0.124602387932353),.UNSPECIFIED.);
#1429=B_SPLINE_CURVE_WITH_KNOTS('',3,(#5211,#5212,#5213,#5214,#5215,#5216,
#5217,#5218),.UNSPECIFIED.,.F.,.F.,(4,2,2,4),(0.0333639578782618,0.0527010212081488,
0.117144938659874,0.117587625589958),.UNSPECIFIED.);
#1430=B_SPLINE_CURVE_WITH_KNOTS('',3,(#5229,#5230,#5231,#5232,#5233,#5234,
#5235,#5236),.UNSPECIFIED.,.F.,.F.,(4,2,2,4),(-0.000658382144350826,0.,
0.0958436350436104,0.124602508100447),.UNSPECIFIED.);
#1431=B_SPLINE_CURVE_WITH_KNOTS('',3,(#5257,#5258,#5259,#5260,#5261,#5262,
#5263,#5264),.UNSPECIFIED.,.F.,.F.,(4,2,2,4),(-0.000658382144060428,0.,
0.0958436349971108,0.124602508028469),.UNSPECIFIED.);
#1432=B_SPLINE_CURVE_WITH_KNOTS('',3,(#5270,#5271,#5272,#5273,#5274,#5275,
#5276,#5277),.UNSPECIFIED.,.F.,.F.,(4,2,2,4),(0.0333639578782616,0.0527010212081488,
0.117144938636392,0.11758762556628),.UNSPECIFIED.);
#1433=B_SPLINE_CURVE_WITH_KNOTS('',3,(#5289,#5290,#5291,#5292,#5293,#5294,
#5295,#5296),.UNSPECIFIED.,.F.,.F.,(4,2,2,4),(0.0333639578783167,0.0527010212082857,
0.117144938634072,0.117587625563917),.UNSPECIFIED.);
#1434=B_SPLINE_CURVE_WITH_KNOTS('',3,(#5329,#5330,#5331,#5332,#5333,#5334,
#5335,#5336),.UNSPECIFIED.,.F.,.F.,(4,2,2,4),(0.0333639578783144,0.0527010212082789,
0.117144938538932,0.117587625558617),.UNSPECIFIED.);
#1435=B_SPLINE_CURVE_WITH_KNOTS('',3,(#5344,#5345,#5346,#5347,#5348,#5349,
#5350,#5351),.UNSPECIFIED.,.F.,.F.,(4,2,2,4),(-0.000658382144346124,0.,
0.0958436350485125,0.124602508108055),.UNSPECIFIED.);
#1436=B_SPLINE_CURVE_WITH_KNOTS('',3,(#5360,#5361,#5362,#5363,#5364,#5365,
#5366,#5367),.UNSPECIFIED.,.F.,.F.,(4,2,2,4),(-0.000658382151891209,0.,
0.0958436350389569,0.124602508093234),.UNSPECIFIED.);
#1437=B_SPLINE_CURVE_WITH_KNOTS('',3,(#5673,#5674,#5675,#5676,#5677),
 .UNSPECIFIED.,.F.,.F.,(4,1,4),(0.,0.0268076213310921,0.051587915031158),
 .UNSPECIFIED.);
#1438=B_SPLINE_CURVE_WITH_KNOTS('',3,(#5679,#5680,#5681,#5682,#5683),
 .UNSPECIFIED.,.F.,.F.,(4,1,4),(-0.051587915031158,-0.0268076213310921,
0.),.UNSPECIFIED.);
#1439=B_SPLINE_CURVE_WITH_KNOTS('',3,(#5696,#5697,#5698,#5699,#5700),
 .UNSPECIFIED.,.F.,.F.,(4,1,4),(0.,0.0256823945091366,0.0517165272774295),
 .UNSPECIFIED.);
#1440=B_SPLINE_CURVE_WITH_KNOTS('',3,(#5702,#5703,#5704,#5705,#5706),
 .UNSPECIFIED.,.F.,.F.,(4,1,4),(-0.0517165272774295,-0.0256823945091366,
0.),.UNSPECIFIED.);
#1441=B_SPLINE_CURVE_WITH_KNOTS('',3,(#5743,#5744,#5745,#5746,#5747),
 .UNSPECIFIED.,.F.,.F.,(4,1,4),(0.,0.0287561867305074,0.0540500253299253),
 .UNSPECIFIED.);
#1442=B_SPLINE_CURVE_WITH_KNOTS('',3,(#5751,#5752,#5753,#5754,#5755),
 .UNSPECIFIED.,.F.,.F.,(4,1,4),(-0.0540500253299253,-0.0287561867305074,
0.),.UNSPECIFIED.);
#1443=B_SPLINE_CURVE_WITH_KNOTS('',3,(#5768,#5769,#5770,#5771,#5772),
 .UNSPECIFIED.,.F.,.F.,(4,1,4),(0.,0.0232571652393733,0.0457680406493706),
 .UNSPECIFIED.);
#1444=B_SPLINE_CURVE_WITH_KNOTS('',3,(#5774,#5775,#5776,#5777,#5778),
 .UNSPECIFIED.,.F.,.F.,(4,1,4),(-0.0457680406493706,-0.0232571652393733,
0.),.UNSPECIFIED.);
#1445=B_SPLINE_CURVE_WITH_KNOTS('',3,(#5791,#5792,#5793,#5794,#5795),
 .UNSPECIFIED.,.F.,.F.,(4,1,4),(0.,0.0235114696711372,0.0483754723714154),
 .UNSPECIFIED.);
#1446=B_SPLINE_CURVE_WITH_KNOTS('',3,(#5797,#5798,#5799,#5800,#5801),
 .UNSPECIFIED.,.F.,.F.,(4,1,4),(-0.0483754723714154,-0.0235114696711372,
0.),.UNSPECIFIED.);
#1447=B_SPLINE_CURVE_WITH_KNOTS('',3,(#5814,#5815,#5816,#5817,#5818),
 .UNSPECIFIED.,.F.,.F.,(4,1,4),(0.,0.0267692037773406,0.0560812931794677),
 .UNSPECIFIED.);
#1448=B_SPLINE_CURVE_WITH_KNOTS('',3,(#5820,#5821,#5822,#5823,#5824),
 .UNSPECIFIED.,.F.,.F.,(4,1,4),(-0.0560812931794677,-0.0267692037773406,
0.),.UNSPECIFIED.);
#1449=B_SPLINE_CURVE_WITH_KNOTS('',3,(#5837,#5838,#5839,#5840,#5841),
 .UNSPECIFIED.,.F.,.F.,(4,1,4),(0.,0.026320971176738,0.0506564388646916),
 .UNSPECIFIED.);
#1450=B_SPLINE_CURVE_WITH_KNOTS('',3,(#5843,#5844,#5845,#5846,#5847),
 .UNSPECIFIED.,.F.,.F.,(4,1,4),(-0.0506564388646916,-0.026320971176738,
0.),.UNSPECIFIED.);
#1451=B_SPLINE_CURVE_WITH_KNOTS('',3,(#5860,#5861,#5862,#5863,#5864),
 .UNSPECIFIED.,.F.,.F.,(4,1,4),(0.,0.0235229159201263,0.0473024283236148),
 .UNSPECIFIED.);
#1452=B_SPLINE_CURVE_WITH_KNOTS('',3,(#5866,#5867,#5868,#5869,#5870),
 .UNSPECIFIED.,.F.,.F.,(4,1,4),(-0.0473024283236148,-0.0235229159201263,
0.),.UNSPECIFIED.);
#1453=B_SPLINE_CURVE_WITH_KNOTS('',3,(#5883,#5884,#5885,#5886,#5887),
 .UNSPECIFIED.,.F.,.F.,(4,1,4),(0.,0.0237292654437459,0.0467924790135147),
 .UNSPECIFIED.);
#1454=B_SPLINE_CURVE_WITH_KNOTS('',3,(#5889,#5890,#5891,#5892,#5893),
 .UNSPECIFIED.,.F.,.F.,(4,1,4),(-0.0467924790135147,-0.0237292654437459,
0.),.UNSPECIFIED.);
#1455=B_SPLINE_CURVE_WITH_KNOTS('',3,(#5905,#5906,#5907,#5908,#5909),
 .UNSPECIFIED.,.F.,.F.,(4,1,4),(0.,0.0246750640355093,0.053239223596623),
 .UNSPECIFIED.);
#1456=B_SPLINE_CURVE_WITH_KNOTS('',3,(#5910,#5911,#5912,#5913,#5914),
 .UNSPECIFIED.,.F.,.F.,(4,1,4),(-0.053239223596623,-0.0246750640355093,
0.),.UNSPECIFIED.);
#1457=B_SPLINE_CURVE_WITH_KNOTS('',3,(#5935,#5936,#5937,#5938,#5939),
 .UNSPECIFIED.,.F.,.F.,(4,1,4),(0.,0.0225116367675576,0.0406450717587928),
 .UNSPECIFIED.);
#1458=B_SPLINE_CURVE_WITH_KNOTS('',3,(#5941,#5942,#5943,#5944,#5945),
 .UNSPECIFIED.,.F.,.F.,(4,1,4),(-0.0406450717587928,-0.0225116367675576,
0.),.UNSPECIFIED.);
#1459=B_SPLINE_CURVE_WITH_KNOTS('',3,(#5958,#5959,#5960,#5961,#5962),
 .UNSPECIFIED.,.F.,.F.,(4,1,4),(0.,0.0167593109249256,0.0350365012668824),
 .UNSPECIFIED.);
#1460=B_SPLINE_CURVE_WITH_KNOTS('',3,(#5964,#5965,#5966,#5967,#5968),
 .UNSPECIFIED.,.F.,.F.,(4,1,4),(-0.0350365012668824,-0.0167593109249256,
0.),.UNSPECIFIED.);
#1461=B_SPLINE_CURVE_WITH_KNOTS('',3,(#5981,#5982,#5983,#5984,#5985),
 .UNSPECIFIED.,.F.,.F.,(4,1,4),(0.,0.0160543958783023,0.0310718091811473),
 .UNSPECIFIED.);
#1462=B_SPLINE_CURVE_WITH_KNOTS('',3,(#5987,#5988,#5989,#5990,#5991),
 .UNSPECIFIED.,.F.,.F.,(4,1,4),(-0.0310718091811473,-0.0160543958783023,
0.),.UNSPECIFIED.);
#1463=B_SPLINE_CURVE_WITH_KNOTS('',3,(#6004,#6005,#6006,#6007,#6008),
 .UNSPECIFIED.,.F.,.F.,(4,1,4),(0.,0.0147623178483593,0.02972312400199),
 .UNSPECIFIED.);
#1464=B_SPLINE_CURVE_WITH_KNOTS('',3,(#6010,#6011,#6012,#6013,#6014),
 .UNSPECIFIED.,.F.,.F.,(4,1,4),(-0.02972312400199,-0.0147623178483593,0.),
 .UNSPECIFIED.);
#1465=B_SPLINE_CURVE_WITH_KNOTS('',3,(#6027,#6028,#6029,#6030,#6031),
 .UNSPECIFIED.,.F.,.F.,(4,1,4),(0.,0.0170224111841939,0.0377908025533266),
 .UNSPECIFIED.);
#1466=B_SPLINE_CURVE_WITH_KNOTS('',3,(#6033,#6034,#6035,#6036,#6037),
 .UNSPECIFIED.,.F.,.F.,(4,1,4),(-0.0377908025533266,-0.0170224111841939,
0.),.UNSPECIFIED.);
#1467=B_SPLINE_CURVE_WITH_KNOTS('',3,(#6050,#6051,#6052,#6053,#6054),
 .UNSPECIFIED.,.F.,.F.,(4,1,4),(0.,0.0226872759114553,0.0454440914514495),
 .UNSPECIFIED.);
#1468=B_SPLINE_CURVE_WITH_KNOTS('',3,(#6056,#6057,#6058,#6059,#6060),
 .UNSPECIFIED.,.F.,.F.,(4,1,4),(-0.0454440914514495,-0.0226872759114553,
0.),.UNSPECIFIED.);
#1469=B_SPLINE_CURVE_WITH_KNOTS('',3,(#6073,#6074,#6075,#6076,#6077),
 .UNSPECIFIED.,.F.,.F.,(4,1,4),(0.,0.00307006518408181,0.00737018081493823),
 .UNSPECIFIED.);
#1470=B_SPLINE_CURVE_WITH_KNOTS('',3,(#6079,#6080,#6081,#6082,#6083),
 .UNSPECIFIED.,.F.,.F.,(4,1,4),(-0.00737018081493823,-0.00307006518408181,
0.),.UNSPECIFIED.);
#1471=B_SPLINE_CURVE_WITH_KNOTS('',3,(#6096,#6097,#6098,#6099,#6100),
 .UNSPECIFIED.,.F.,.F.,(4,1,4),(0.,0.0206112746627158,0.0418687857398678),
 .UNSPECIFIED.);
#1472=B_SPLINE_CURVE_WITH_KNOTS('',3,(#6102,#6103,#6104,#6105,#6106),
 .UNSPECIFIED.,.F.,.F.,(4,1,4),(-0.0418687857398678,-0.0206112746627158,
0.),.UNSPECIFIED.);
#1473=B_SPLINE_CURVE_WITH_KNOTS('',3,(#6119,#6120,#6121,#6122,#6123),
 .UNSPECIFIED.,.F.,.F.,(4,1,4),(0.,0.0215521418521799,0.0432381872093945),
 .UNSPECIFIED.);
#1474=B_SPLINE_CURVE_WITH_KNOTS('',3,(#6125,#6126,#6127,#6128,#6129),
 .UNSPECIFIED.,.F.,.F.,(4,1,4),(-0.0432381872093945,-0.0215521418521799,
0.),.UNSPECIFIED.);
#1475=B_SPLINE_CURVE_WITH_KNOTS('',3,(#6142,#6143,#6144,#6145,#6146),
 .UNSPECIFIED.,.F.,.F.,(4,1,4),(0.,0.0350362182943176,0.0701249681168469),
 .UNSPECIFIED.);
#1476=B_SPLINE_CURVE_WITH_KNOTS('',3,(#6148,#6149,#6150,#6151,#6152),
 .UNSPECIFIED.,.F.,.F.,(4,1,4),(-0.0701249681168469,-0.0350362182943176,
0.),.UNSPECIFIED.);
#1477=B_SPLINE_CURVE_WITH_KNOTS('',3,(#6165,#6166,#6167,#6168,#6169),
 .UNSPECIFIED.,.F.,.F.,(4,1,4),(0.,0.0368004257813586,0.0772221977028359),
 .UNSPECIFIED.);
#1478=B_SPLINE_CURVE_WITH_KNOTS('',3,(#6171,#6172,#6173,#6174,#6175),
 .UNSPECIFIED.,.F.,.F.,(4,1,4),(-0.0772221977028359,-0.0368004257813586,
0.),.UNSPECIFIED.);
#1479=B_SPLINE_CURVE_WITH_KNOTS('',3,(#6188,#6189,#6190,#6191,#6192),
 .UNSPECIFIED.,.F.,.F.,(4,1,4),(0.,0.0417294576864136,0.0798009301620255),
 .UNSPECIFIED.);
#1480=B_SPLINE_CURVE_WITH_KNOTS('',3,(#6194,#6195,#6196,#6197,#6198),
 .UNSPECIFIED.,.F.,.F.,(4,1,4),(-0.0798009301620255,-0.0417294576864136,
0.),.UNSPECIFIED.);
#1481=B_SPLINE_CURVE_WITH_KNOTS('',3,(#6211,#6212,#6213,#6214,#6215),
 .UNSPECIFIED.,.F.,.F.,(4,1,4),(0.,0.036803615341277,0.0745664207769638),
 .UNSPECIFIED.);
#1482=B_SPLINE_CURVE_WITH_KNOTS('',3,(#6217,#6218,#6219,#6220,#6221),
 .UNSPECIFIED.,.F.,.F.,(4,1,4),(-0.0745664207769638,-0.036803615341277,
0.),.UNSPECIFIED.);
#1483=B_SPLINE_CURVE_WITH_KNOTS('',3,(#6234,#6235,#6236,#6237,#6238),
 .UNSPECIFIED.,.F.,.F.,(4,1,4),(0.,0.0282856008818211,0.0563937085876617),
 .UNSPECIFIED.);
#1484=B_SPLINE_CURVE_WITH_KNOTS('',3,(#6240,#6241,#6242,#6243,#6244),
 .UNSPECIFIED.,.F.,.F.,(4,1,4),(-0.0563937085876617,-0.0282856008818211,
0.),.UNSPECIFIED.);
#1485=B_SPLINE_CURVE_WITH_KNOTS('',3,(#6257,#6258,#6259,#6260,#6261),
 .UNSPECIFIED.,.F.,.F.,(4,1,4),(0.,0.0286398548988218,0.0587471472084891),
 .UNSPECIFIED.);
#1486=B_SPLINE_CURVE_WITH_KNOTS('',3,(#6263,#6264,#6265,#6266,#6267),
 .UNSPECIFIED.,.F.,.F.,(4,1,4),(-0.0587471472084891,-0.0286398548988218,
0.),.UNSPECIFIED.);
#1487=B_SPLINE_CURVE_WITH_KNOTS('',3,(#6280,#6281,#6282,#6283,#6284),
 .UNSPECIFIED.,.F.,.F.,(4,1,4),(0.,0.0369111522729173,0.0857421578818839),
 .UNSPECIFIED.);
#1488=B_SPLINE_CURVE_WITH_KNOTS('',3,(#6286,#6287,#6288,#6289,#6290),
 .UNSPECIFIED.,.F.,.F.,(4,1,4),(-0.0857421578818839,-0.0369111522729173,
0.),.UNSPECIFIED.);
#1489=B_SPLINE_CURVE_WITH_KNOTS('',3,(#6303,#6304,#6305,#6306,#6307),
 .UNSPECIFIED.,.F.,.F.,(4,1,4),(0.,0.0517398364054893,0.0927528158103884),
 .UNSPECIFIED.);
#1490=B_SPLINE_CURVE_WITH_KNOTS('',3,(#6309,#6310,#6311,#6312,#6313),
 .UNSPECIFIED.,.F.,.F.,(4,1,4),(-0.0927528158103884,-0.0517398364054893,
0.),.UNSPECIFIED.);
#1491=B_SPLINE_CURVE_WITH_KNOTS('',3,(#6326,#6327,#6328,#6329,#6330),
 .UNSPECIFIED.,.F.,.F.,(4,1,4),(0.,0.0337844943250331,0.0645340602875192),
 .UNSPECIFIED.);
#1492=B_SPLINE_CURVE_WITH_KNOTS('',3,(#6332,#6333,#6334,#6335,#6336),
 .UNSPECIFIED.,.F.,.F.,(4,1,4),(-0.0645340602875192,-0.0337844943250331,
0.),.UNSPECIFIED.);
#1493=B_SPLINE_CURVE_WITH_KNOTS('',3,(#6349,#6350,#6351,#6352,#6353),
 .UNSPECIFIED.,.F.,.F.,(4,1,4),(0.,0.0299260795687634,0.0612720194515762),
 .UNSPECIFIED.);
#1494=B_SPLINE_CURVE_WITH_KNOTS('',3,(#6355,#6356,#6357,#6358,#6359),
 .UNSPECIFIED.,.F.,.F.,(4,1,4),(-0.0612720194515762,-0.0299260795687634,
0.),.UNSPECIFIED.);
#1495=B_SPLINE_CURVE_WITH_KNOTS('',3,(#6372,#6373,#6374,#6375,#6376),
 .UNSPECIFIED.,.F.,.F.,(4,1,4),(0.,0.0323458577425719,0.0617830485083165),
 .UNSPECIFIED.);
#1496=B_SPLINE_CURVE_WITH_KNOTS('',3,(#6378,#6379,#6380,#6381,#6382),
 .UNSPECIFIED.,.F.,.F.,(4,1,4),(-0.0617830485083165,-0.0323458577425719,
0.),.UNSPECIFIED.);
#1497=B_SPLINE_CURVE_WITH_KNOTS('',3,(#6394,#6395,#6396,#6397,#6398),
 .UNSPECIFIED.,.F.,.F.,(4,1,4),(0.,0.0295196241449937,0.0622071160123112),
 .UNSPECIFIED.);
#1498=B_SPLINE_CURVE_WITH_KNOTS('',3,(#6399,#6400,#6401,#6402,#6403),
 .UNSPECIFIED.,.F.,.F.,(4,1,4),(-0.0622071160123112,-0.0295196241449937,
0.),.UNSPECIFIED.);
#1499=B_SPLINE_CURVE_WITH_KNOTS('',3,(#6432,#6433,#6434,#6435,#6436),
 .UNSPECIFIED.,.F.,.F.,(4,1,4),(0.,0.0130746294798045,0.0260690179795557),
 .UNSPECIFIED.);
#1500=B_SPLINE_CURVE_WITH_KNOTS('',3,(#6438,#6439,#6440,#6441,#6442),
 .UNSPECIFIED.,.F.,.F.,(4,1,4),(-0.0260690179795557,-0.0130746294798045,
0.),.UNSPECIFIED.);
#1501=B_SPLINE_CURVE_WITH_KNOTS('',3,(#6455,#6456,#6457,#6458,#6459),
 .UNSPECIFIED.,.F.,.F.,(4,1,4),(0.,0.022388063427683,0.0468705485899563),
 .UNSPECIFIED.);
#1502=B_SPLINE_CURVE_WITH_KNOTS('',3,(#6461,#6462,#6463,#6464,#6465),
 .UNSPECIFIED.,.F.,.F.,(4,1,4),(-0.0468705485899563,-0.022388063427683,
0.),.UNSPECIFIED.);
#1503=B_SPLINE_CURVE_WITH_KNOTS('',3,(#6478,#6479,#6480,#6481,#6482),
 .UNSPECIFIED.,.F.,.F.,(4,1,4),(0.,0.0293978857612496,0.0662919693099469),
 .UNSPECIFIED.);
#1504=B_SPLINE_CURVE_WITH_KNOTS('',3,(#6484,#6485,#6486,#6487,#6488),
 .UNSPECIFIED.,.F.,.F.,(4,1,4),(-0.0662919693099469,-0.0293978857612496,
0.),.UNSPECIFIED.);
#1505=B_SPLINE_CURVE_WITH_KNOTS('',3,(#6501,#6502,#6503,#6504,#6505),
 .UNSPECIFIED.,.F.,.F.,(4,1,4),(0.,0.0545061322781097,0.09182619531383),
 .UNSPECIFIED.);
#1506=B_SPLINE_CURVE_WITH_KNOTS('',3,(#6507,#6508,#6509,#6510,#6511),
 .UNSPECIFIED.,.F.,.F.,(4,1,4),(-0.09182619531383,-0.0545061322781097,0.),
 .UNSPECIFIED.);
#1507=B_SPLINE_CURVE_WITH_KNOTS('',3,(#6524,#6525,#6526,#6527,#6528),
 .UNSPECIFIED.,.F.,.F.,(4,1,4),(0.,0.0261852138432899,0.0481228426917489),
 .UNSPECIFIED.);
#1508=B_SPLINE_CURVE_WITH_KNOTS('',3,(#6530,#6531,#6532,#6533,#6534),
 .UNSPECIFIED.,.F.,.F.,(4,1,4),(-0.0481228426917489,-0.0261852138432899,
0.),.UNSPECIFIED.);
#1509=B_SPLINE_CURVE_WITH_KNOTS('',3,(#6547,#6548,#6549,#6550,#6551),
 .UNSPECIFIED.,.F.,.F.,(4,1,4),(0.,0.0205584053255803,0.0410175742552775),
 .UNSPECIFIED.);
#1510=B_SPLINE_CURVE_WITH_KNOTS('',3,(#6553,#6554,#6555,#6556,#6557),
 .UNSPECIFIED.,.F.,.F.,(4,1,4),(-0.0410175742552775,-0.0205584053255803,
0.),.UNSPECIFIED.);
#1511=B_SPLINE_CURVE_WITH_KNOTS('',3,(#6570,#6571,#6572,#6573,#6574),
 .UNSPECIFIED.,.F.,.F.,(4,1,4),(0.,0.0212713205937846,0.0443710472541765),
 .UNSPECIFIED.);
#1512=B_SPLINE_CURVE_WITH_KNOTS('',3,(#6576,#6577,#6578,#6579,#6580),
 .UNSPECIFIED.,.F.,.F.,(4,1,4),(-0.0443710472541765,-0.0212713205937846,
0.),.UNSPECIFIED.);
#1513=B_SPLINE_CURVE_WITH_KNOTS('',3,(#6593,#6594,#6595,#6596,#6597),
 .UNSPECIFIED.,.F.,.F.,(4,1,4),(0.,0.0242729622992654,0.0464111232367062),
 .UNSPECIFIED.);
#1514=B_SPLINE_CURVE_WITH_KNOTS('',3,(#6599,#6600,#6601,#6602,#6603),
 .UNSPECIFIED.,.F.,.F.,(4,1,4),(-0.0464111232367062,-0.0242729622992654,
0.),.UNSPECIFIED.);
#1515=B_SPLINE_CURVE_WITH_KNOTS('',3,(#6616,#6617,#6618,#6619,#6620),
 .UNSPECIFIED.,.F.,.F.,(4,1,4),(0.,0.0225107704415622,0.0480201740806326),
 .UNSPECIFIED.);
#1516=B_SPLINE_CURVE_WITH_KNOTS('',3,(#6622,#6623,#6624,#6625,#6626),
 .UNSPECIFIED.,.F.,.F.,(4,1,4),(-0.0480201740806326,-0.0225107704415622,
0.),.UNSPECIFIED.);
#1517=B_SPLINE_CURVE_WITH_KNOTS('',3,(#6645,#6646,#6647,#6648,#6649),
 .UNSPECIFIED.,.F.,.F.,(4,1,4),(0.,0.0384525862166735,0.072250349747402),
 .UNSPECIFIED.);
#1518=B_SPLINE_CURVE_WITH_KNOTS('',3,(#6651,#6652,#6653,#6654,#6655),
 .UNSPECIFIED.,.F.,.F.,(4,1,4),(-0.072250349747402,-0.0384525862166735,
0.),.UNSPECIFIED.);
#1519=B_SPLINE_CURVE_WITH_KNOTS('',3,(#6668,#6669,#6670,#6671,#6672),
 .UNSPECIFIED.,.F.,.F.,(4,1,4),(0.,0.0340704803151069,0.0728902968516909),
 .UNSPECIFIED.);
#1520=B_SPLINE_CURVE_WITH_KNOTS('',3,(#6674,#6675,#6676,#6677,#6678),
 .UNSPECIFIED.,.F.,.F.,(4,1,4),(-0.0728902968516909,-0.0340704803151069,
0.),.UNSPECIFIED.);
#1521=B_SPLINE_CURVE_WITH_KNOTS('',3,(#6691,#6692,#6693,#6694,#6695),
 .UNSPECIFIED.,.F.,.F.,(4,1,4),(0.,0.0391371748026689,0.073820305070678),
 .UNSPECIFIED.);
#1522=B_SPLINE_CURVE_WITH_KNOTS('',3,(#6697,#6698,#6699,#6700,#6701),
 .UNSPECIFIED.,.F.,.F.,(4,1,4),(-0.073820305070678,-0.0391371748026689,
0.),.UNSPECIFIED.);
#1523=B_SPLINE_CURVE_WITH_KNOTS('',3,(#6714,#6715,#6716,#6717,#6718),
 .UNSPECIFIED.,.F.,.F.,(4,1,4),(0.,0.0327876378022031,0.0659279894480095),
 .UNSPECIFIED.);
#1524=B_SPLINE_CURVE_WITH_KNOTS('',3,(#6720,#6721,#6722,#6723,#6724),
 .UNSPECIFIED.,.F.,.F.,(4,1,4),(-0.0659279894480095,-0.0327876378022031,
0.),.UNSPECIFIED.);
#1525=B_SPLINE_CURVE_WITH_KNOTS('',3,(#6737,#6738,#6739,#6740,#6741),
 .UNSPECIFIED.,.F.,.F.,(4,1,4),(0.,0.0179494328948489,0.0363465035543583),
 .UNSPECIFIED.);
#1526=B_SPLINE_CURVE_WITH_KNOTS('',3,(#6743,#6744,#6745,#6746,#6747),
 .UNSPECIFIED.,.F.,.F.,(4,1,4),(-0.0363465035543583,-0.0179494328948489,
0.),.UNSPECIFIED.);
#1527=B_SPLINE_CURVE_WITH_KNOTS('',3,(#6760,#6761,#6762,#6763,#6764),
 .UNSPECIFIED.,.F.,.F.,(4,1,4),(0.,0.0203659208945501,0.0441852401640908),
 .UNSPECIFIED.);
#1528=B_SPLINE_CURVE_WITH_KNOTS('',3,(#6766,#6767,#6768,#6769,#6770),
 .UNSPECIFIED.,.F.,.F.,(4,1,4),(-0.0441852401640908,-0.0203659208945501,
0.),.UNSPECIFIED.);
#1529=B_SPLINE_CURVE_WITH_KNOTS('',3,(#6783,#6784,#6785,#6786,#6787),
 .UNSPECIFIED.,.F.,.F.,(4,1,4),(0.,0.032214188537015,0.0775787827773632),
 .UNSPECIFIED.);
#1530=B_SPLINE_CURVE_WITH_KNOTS('',3,(#6789,#6790,#6791,#6792,#6793),
 .UNSPECIFIED.,.F.,.F.,(4,1,4),(-0.0775787827773632,-0.032214188537015,
0.),.UNSPECIFIED.);
#1531=B_SPLINE_CURVE_WITH_KNOTS('',3,(#6806,#6807,#6808,#6809,#6810),
 .UNSPECIFIED.,.F.,.F.,(4,1,4),(0.,0.0358634353697943,0.0569100777963754),
 .UNSPECIFIED.);
#1532=B_SPLINE_CURVE_WITH_KNOTS('',3,(#6812,#6813,#6814,#6815,#6816),
 .UNSPECIFIED.,.F.,.F.,(4,1,4),(-0.0569100777963754,-0.0358634353697943,
0.),.UNSPECIFIED.);
#1533=B_SPLINE_CURVE_WITH_KNOTS('',3,(#6829,#6830,#6831,#6832,#6833),
 .UNSPECIFIED.,.F.,.F.,(4,1,4),(0.,0.013148526825246,0.0253322760658853),
 .UNSPECIFIED.);
#1534=B_SPLINE_CURVE_WITH_KNOTS('',3,(#6835,#6836,#6837,#6838,#6839),
 .UNSPECIFIED.,.F.,.F.,(4,1,4),(-0.0253322760658853,-0.013148526825246,
0.),.UNSPECIFIED.);
#1535=B_SPLINE_CURVE_WITH_KNOTS('',3,(#6872,#6873,#6874,#6875,#6876),
 .UNSPECIFIED.,.F.,.F.,(4,1,4),(0.,0.0130746215503008,0.026069010050052),
 .UNSPECIFIED.);
#1536=B_SPLINE_CURVE_WITH_KNOTS('',3,(#6878,#6879,#6880,#6881,#6882),
 .UNSPECIFIED.,.F.,.F.,(4,1,4),(-0.026069010050052,-0.0130746215503008,
0.),.UNSPECIFIED.);
#1537=B_SPLINE_CURVE_WITH_KNOTS('',3,(#6895,#6896,#6897,#6898,#6899),
 .UNSPECIFIED.,.F.,.F.,(4,1,4),(0.,0.0223881158660221,0.0468706010282953),
 .UNSPECIFIED.);
#1538=B_SPLINE_CURVE_WITH_KNOTS('',3,(#6901,#6902,#6903,#6904,#6905),
 .UNSPECIFIED.,.F.,.F.,(4,1,4),(-0.0468706010282953,-0.0223881158660221,
0.),.UNSPECIFIED.);
#1539=B_SPLINE_CURVE_WITH_KNOTS('',3,(#6918,#6919,#6920,#6921,#6922),
 .UNSPECIFIED.,.F.,.F.,(4,1,4),(0.,0.0293978030907915,0.0662919764815984),
 .UNSPECIFIED.);
#1540=B_SPLINE_CURVE_WITH_KNOTS('',3,(#6924,#6925,#6926,#6927,#6928),
 .UNSPECIFIED.,.F.,.F.,(4,1,4),(-0.0662919764815984,-0.0293978030907915,
0.),.UNSPECIFIED.);
#1541=B_SPLINE_CURVE_WITH_KNOTS('',3,(#6941,#6942,#6943,#6944,#6945),
 .UNSPECIFIED.,.F.,.F.,(4,1,4),(0.,0.0545062219020703,0.0918261244624394),
 .UNSPECIFIED.);
#1542=B_SPLINE_CURVE_WITH_KNOTS('',3,(#6947,#6948,#6949,#6950,#6951),
 .UNSPECIFIED.,.F.,.F.,(4,1,4),(-0.0918261244624394,-0.0545062219020703,
0.),.UNSPECIFIED.);
#1543=B_SPLINE_CURVE_WITH_KNOTS('',3,(#6964,#6965,#6966,#6967,#6968),
 .UNSPECIFIED.,.F.,.F.,(4,1,4),(0.,0.0261852138432899,0.0481228660433941),
 .UNSPECIFIED.);
#1544=B_SPLINE_CURVE_WITH_KNOTS('',3,(#6970,#6971,#6972,#6973,#6974),
 .UNSPECIFIED.,.F.,.F.,(4,1,4),(-0.0481228660433941,-0.0261852138432899,
0.),.UNSPECIFIED.);
#1545=B_SPLINE_CURVE_WITH_KNOTS('',3,(#6987,#6988,#6989,#6990,#6991),
 .UNSPECIFIED.,.F.,.F.,(4,1,4),(0.,0.0205584053255803,0.0410176426669546),
 .UNSPECIFIED.);
#1546=B_SPLINE_CURVE_WITH_KNOTS('',3,(#6993,#6994,#6995,#6996,#6997),
 .UNSPECIFIED.,.F.,.F.,(4,1,4),(-0.0410176426669546,-0.0205584053255803,
0.),.UNSPECIFIED.);
#1547=B_SPLINE_CURVE_WITH_KNOTS('',3,(#7010,#7011,#7012,#7013,#7014),
 .UNSPECIFIED.,.F.,.F.,(4,1,4),(0.,0.0212713205937846,0.0443710472541765),
 .UNSPECIFIED.);
#1548=B_SPLINE_CURVE_WITH_KNOTS('',3,(#7016,#7017,#7018,#7019,#7020),
 .UNSPECIFIED.,.F.,.F.,(4,1,4),(-0.0443710472541765,-0.0212713205937846,
0.),.UNSPECIFIED.);
#1549=B_SPLINE_CURVE_WITH_KNOTS('',3,(#7033,#7034,#7035,#7036,#7037),
 .UNSPECIFIED.,.F.,.F.,(4,1,4),(0.,0.0242729622992654,0.0464110229604282),
 .UNSPECIFIED.);
#1550=B_SPLINE_CURVE_WITH_KNOTS('',3,(#7039,#7040,#7041,#7042,#7043),
 .UNSPECIFIED.,.F.,.F.,(4,1,4),(-0.0464110229604282,-0.0242729622992654,
0.),.UNSPECIFIED.);
#1551=B_SPLINE_CURVE_WITH_KNOTS('',3,(#7056,#7057,#7058,#7059,#7060),
 .UNSPECIFIED.,.F.,.F.,(4,1,4),(0.,0.0225107704415622,0.0480201740806326),
 .UNSPECIFIED.);
#1552=B_SPLINE_CURVE_WITH_KNOTS('',3,(#7062,#7063,#7064,#7065,#7066),
 .UNSPECIFIED.,.F.,.F.,(4,1,4),(-0.0480201740806326,-0.0225107704415622,
0.),.UNSPECIFIED.);
#1553=B_SPLINE_CURVE_WITH_KNOTS('',3,(#7085,#7086,#7087,#7088,#7089),
 .UNSPECIFIED.,.F.,.F.,(4,1,4),(0.,0.0384525862166735,0.072250349747402),
 .UNSPECIFIED.);
#1554=B_SPLINE_CURVE_WITH_KNOTS('',3,(#7091,#7092,#7093,#7094,#7095),
 .UNSPECIFIED.,.F.,.F.,(4,1,4),(-0.072250349747402,-0.0384525862166735,
0.),.UNSPECIFIED.);
#1555=B_SPLINE_CURVE_WITH_KNOTS('',3,(#7108,#7109,#7110,#7111,#7112),
 .UNSPECIFIED.,.F.,.F.,(4,1,4),(0.,0.0340705843152906,0.0728904008518746),
 .UNSPECIFIED.);
#1556=B_SPLINE_CURVE_WITH_KNOTS('',3,(#7114,#7115,#7116,#7117,#7118),
 .UNSPECIFIED.,.F.,.F.,(4,1,4),(-0.0728904008518746,-0.0340705843152906,
0.),.UNSPECIFIED.);
#1557=B_SPLINE_CURVE_WITH_KNOTS('',3,(#7131,#7132,#7133,#7134,#7135),
 .UNSPECIFIED.,.F.,.F.,(4,1,4),(0.,0.0391370569958419,0.0738201872638511),
 .UNSPECIFIED.);
#1558=B_SPLINE_CURVE_WITH_KNOTS('',3,(#7137,#7138,#7139,#7140,#7141),
 .UNSPECIFIED.,.F.,.F.,(4,1,4),(-0.0738201872638511,-0.0391370569958419,
0.),.UNSPECIFIED.);
#1559=B_SPLINE_CURVE_WITH_KNOTS('',3,(#7154,#7155,#7156,#7157,#7158),
 .UNSPECIFIED.,.F.,.F.,(4,1,4),(0.,0.0327876378022031,0.0659279894480095),
 .UNSPECIFIED.);
#1560=B_SPLINE_CURVE_WITH_KNOTS('',3,(#7160,#7161,#7162,#7163,#7164),
 .UNSPECIFIED.,.F.,.F.,(4,1,4),(-0.0659279894480095,-0.0327876378022031,
0.),.UNSPECIFIED.);
#1561=B_SPLINE_CURVE_WITH_KNOTS('',3,(#7177,#7178,#7179,#7180,#7181),
 .UNSPECIFIED.,.F.,.F.,(4,1,4),(0.,0.0179494328948489,0.0363464677515578),
 .UNSPECIFIED.);
#1562=B_SPLINE_CURVE_WITH_KNOTS('',3,(#7183,#7184,#7185,#7186,#7187),
 .UNSPECIFIED.,.F.,.F.,(4,1,4),(-0.0363464677515578,-0.0179494328948489,
0.),.UNSPECIFIED.);
#1563=B_SPLINE_CURVE_WITH_KNOTS('',3,(#7200,#7201,#7202,#7203,#7204),
 .UNSPECIFIED.,.F.,.F.,(4,1,4),(0.,0.020365978240159,0.0441852241542441),
 .UNSPECIFIED.);
#1564=B_SPLINE_CURVE_WITH_KNOTS('',3,(#7206,#7207,#7208,#7209,#7210),
 .UNSPECIFIED.,.F.,.F.,(4,1,4),(-0.0441852241542441,-0.020365978240159,
0.),.UNSPECIFIED.);
#1565=B_SPLINE_CURVE_WITH_KNOTS('',3,(#7223,#7224,#7225,#7226,#7227),
 .UNSPECIFIED.,.F.,.F.,(4,1,4),(0.,0.032214188537015,0.077578872245375),
 .UNSPECIFIED.);
#1566=B_SPLINE_CURVE_WITH_KNOTS('',3,(#7229,#7230,#7231,#7232,#7233),
 .UNSPECIFIED.,.F.,.F.,(4,1,4),(-0.077578872245375,-0.032214188537015,0.),
 .UNSPECIFIED.);
#1567=B_SPLINE_CURVE_WITH_KNOTS('',3,(#7246,#7247,#7248,#7249,#7250),
 .UNSPECIFIED.,.F.,.F.,(4,1,4),(0.,0.0358634353697943,0.0569099908648945),
 .UNSPECIFIED.);
#1568=B_SPLINE_CURVE_WITH_KNOTS('',3,(#7252,#7253,#7254,#7255,#7256),
 .UNSPECIFIED.,.F.,.F.,(4,1,4),(-0.0569099908648945,-0.0358634353697943,
0.),.UNSPECIFIED.);
#1569=B_SPLINE_CURVE_WITH_KNOTS('',3,(#7269,#7270,#7271,#7272,#7273),
 .UNSPECIFIED.,.F.,.F.,(4,1,4),(0.,0.013148526825246,0.0253322760658853),
 .UNSPECIFIED.);
#1570=B_SPLINE_CURVE_WITH_KNOTS('',3,(#7275,#7276,#7277,#7278,#7279),
 .UNSPECIFIED.,.F.,.F.,(4,1,4),(-0.0253322760658853,-0.013148526825246,
0.),.UNSPECIFIED.);
#1571=B_SPLINE_CURVE_WITH_KNOTS('',3,(#7298,#7299,#7300,#7301,#7302),
 .UNSPECIFIED.,.F.,.F.,(4,1,4),(0.,0.0187314281144227,0.037538845205717),
 .UNSPECIFIED.);
#1572=B_SPLINE_CURVE_WITH_KNOTS('',3,(#7306,#7307,#7308,#7309,#7310),
 .UNSPECIFIED.,.F.,.F.,(4,1,4),(-0.037538845205717,-0.0187314281144227,
0.),.UNSPECIFIED.);
#1573=B_SPLINE_CURVE_WITH_KNOTS('',3,(#7323,#7324,#7325,#7326,#7327),
 .UNSPECIFIED.,.F.,.F.,(4,1,4),(0.,0.0181317448954963,0.035214616392262),
 .UNSPECIFIED.);
#1574=B_SPLINE_CURVE_WITH_KNOTS('',3,(#7329,#7330,#7331,#7332,#7333),
 .UNSPECIFIED.,.F.,.F.,(4,1,4),(-0.035214616392262,-0.0181317448954963,
0.),.UNSPECIFIED.);
#1575=B_SPLINE_CURVE_WITH_KNOTS('',3,(#7346,#7347,#7348,#7349,#7350),
 .UNSPECIFIED.,.F.,.F.,(4,1,4),(0.,0.016379352512144,0.0321482782311768),
 .UNSPECIFIED.);
#1576=B_SPLINE_CURVE_WITH_KNOTS('',3,(#7352,#7353,#7354,#7355,#7356),
 .UNSPECIFIED.,.F.,.F.,(4,1,4),(-0.0321482782311768,-0.016379352512144,
0.),.UNSPECIFIED.);
#1577=B_SPLINE_CURVE_WITH_KNOTS('',3,(#7369,#7370,#7371,#7372,#7373),
 .UNSPECIFIED.,.F.,.F.,(4,1,4),(0.,0.0221963789235616,0.0454037217251042),
 .UNSPECIFIED.);
#1578=B_SPLINE_CURVE_WITH_KNOTS('',3,(#7375,#7376,#7377,#7378,#7379),
 .UNSPECIFIED.,.F.,.F.,(4,1,4),(-0.0454037217251042,-0.0221963789235616,
0.),.UNSPECIFIED.);
#1579=B_SPLINE_CURVE_WITH_KNOTS('',3,(#7392,#7393,#7394,#7395,#7396),
 .UNSPECIFIED.,.F.,.F.,(4,1,4),(0.,0.0255220889953182,0.0547806908117886),
 .UNSPECIFIED.);
#1580=B_SPLINE_CURVE_WITH_KNOTS('',3,(#7398,#7399,#7400,#7401,#7402),
 .UNSPECIFIED.,.F.,.F.,(4,1,4),(-0.0547806908117886,-0.0255220889953182,
0.),.UNSPECIFIED.);
#1581=B_SPLINE_CURVE_WITH_KNOTS('',3,(#7415,#7416,#7417,#7418,#7419),
 .UNSPECIFIED.,.F.,.F.,(4,1,4),(0.,0.028112310569736,0.0526933673105838),
 .UNSPECIFIED.);
#1582=B_SPLINE_CURVE_WITH_KNOTS('',3,(#7421,#7422,#7423,#7424,#7425),
 .UNSPECIFIED.,.F.,.F.,(4,1,4),(-0.0526933673105838,-0.028112310569736,
0.),.UNSPECIFIED.);
#1583=B_SPLINE_CURVE_WITH_KNOTS('',3,(#7438,#7439,#7440,#7441,#7442),
 .UNSPECIFIED.,.F.,.F.,(4,1,4),(0.,0.0230424648115269,0.046495449172861),
 .UNSPECIFIED.);
#1584=B_SPLINE_CURVE_WITH_KNOTS('',3,(#7444,#7445,#7446,#7447,#7448),
 .UNSPECIFIED.,.F.,.F.,(4,1,4),(-0.046495449172861,-0.0230424648115269,
0.),.UNSPECIFIED.);
#1585=B_SPLINE_CURVE_WITH_KNOTS('',3,(#7461,#7462,#7463,#7464,#7465),
 .UNSPECIFIED.,.F.,.F.,(4,1,4),(0.,0.0235031983373854,0.0470052420696319),
 .UNSPECIFIED.);
#1586=B_SPLINE_CURVE_WITH_KNOTS('',3,(#7467,#7468,#7469,#7470,#7471),
 .UNSPECIFIED.,.F.,.F.,(4,1,4),(-0.0470052420696319,-0.0235031983373854,
0.),.UNSPECIFIED.);
#1587=B_SPLINE_CURVE_WITH_KNOTS('',3,(#7483,#7484,#7485,#7486,#7487),
 .UNSPECIFIED.,.F.,.F.,(4,1,4),(0.,0.0244628662639897,0.0510908542589633),
 .UNSPECIFIED.);
#1588=B_SPLINE_CURVE_WITH_KNOTS('',3,(#7488,#7489,#7490,#7491,#7492),
 .UNSPECIFIED.,.F.,.F.,(4,1,4),(-0.0510908542589633,-0.0244628662639897,
0.),.UNSPECIFIED.);
#1589=B_SPLINE_CURVE_WITH_KNOTS('',3,(#7513,#7514,#7515,#7516,#7517),
 .UNSPECIFIED.,.F.,.F.,(4,1,4),(0.,0.0196423706832795,0.0347180329857362),
 .UNSPECIFIED.);
#1590=B_SPLINE_CURVE_WITH_KNOTS('',3,(#7519,#7520,#7521,#7522,#7523),
 .UNSPECIFIED.,.F.,.F.,(4,1,4),(-0.0347180329857362,-0.0196423706832795,
0.),.UNSPECIFIED.);
#1591=B_SPLINE_CURVE_WITH_KNOTS('',3,(#7536,#7537,#7538,#7539,#7540),
 .UNSPECIFIED.,.F.,.F.,(4,1,4),(0.,0.0204406550754156,0.0409788944819784),
 .UNSPECIFIED.);
#1592=B_SPLINE_CURVE_WITH_KNOTS('',3,(#7542,#7543,#7544,#7545,#7546),
 .UNSPECIFIED.,.F.,.F.,(4,1,4),(-0.0409788944819784,-0.0204406550754156,
0.),.UNSPECIFIED.);
#1593=B_SPLINE_CURVE_WITH_KNOTS('',3,(#7559,#7560,#7561,#7562,#7563),
 .UNSPECIFIED.,.F.,.F.,(4,1,4),(0.,0.0167060194928874,0.0328595547805538),
 .UNSPECIFIED.);
#1594=B_SPLINE_CURVE_WITH_KNOTS('',3,(#7565,#7566,#7567,#7568,#7569),
 .UNSPECIFIED.,.F.,.F.,(4,1,4),(-0.0328595547805538,-0.0167060194928874,
0.),.UNSPECIFIED.);
#1595=B_SPLINE_CURVE_WITH_KNOTS('',3,(#7582,#7583,#7584,#7585,#7586),
 .UNSPECIFIED.,.F.,.F.,(4,1,4),(0.,0.022030819667263,0.0465332858576693),
 .UNSPECIFIED.);
#1596=B_SPLINE_CURVE_WITH_KNOTS('',3,(#7588,#7589,#7590,#7591,#7592),
 .UNSPECIFIED.,.F.,.F.,(4,1,4),(-0.0465332858576693,-0.022030819667263,
0.),.UNSPECIFIED.);
#1597=B_SPLINE_CURVE_WITH_KNOTS('',3,(#7605,#7606,#7607,#7608,#7609),
 .UNSPECIFIED.,.F.,.F.,(4,1,4),(0.,0.0304874220079555,0.0704399624827512),
 .UNSPECIFIED.);
#1598=B_SPLINE_CURVE_WITH_KNOTS('',3,(#7611,#7612,#7613,#7614,#7615),
 .UNSPECIFIED.,.F.,.F.,(4,1,4),(-0.0704399624827512,-0.0304874220079555,
0.),.UNSPECIFIED.);
#1599=B_SPLINE_CURVE_WITH_KNOTS('',3,(#7628,#7629,#7630,#7631,#7632),
 .UNSPECIFIED.,.F.,.F.,(4,1,4),(0.,0.0230244304898669,0.0446968915572679),
 .UNSPECIFIED.);
#1600=B_SPLINE_CURVE_WITH_KNOTS('',3,(#7634,#7635,#7636,#7637,#7638),
 .UNSPECIFIED.,.F.,.F.,(4,1,4),(-0.0446968915572679,-0.0230244304898669,
0.),.UNSPECIFIED.);
#1601=B_SPLINE_CURVE_WITH_KNOTS('',3,(#7651,#7652,#7653,#7654,#7655),
 .UNSPECIFIED.,.F.,.F.,(4,1,4),(0.,0.021029101766401,0.0417921940126823),
 .UNSPECIFIED.);
#1602=B_SPLINE_CURVE_WITH_KNOTS('',3,(#7657,#7658,#7659,#7660,#7661),
 .UNSPECIFIED.,.F.,.F.,(4,1,4),(-0.0417921940126823,-0.021029101766401,
0.),.UNSPECIFIED.);
#1603=B_SPLINE_CURVE_WITH_KNOTS('',3,(#7674,#7675,#7676,#7677,#7678),
 .UNSPECIFIED.,.F.,.F.,(4,1,4),(0.,0.0347651203546099,0.0698774373389234),
 .UNSPECIFIED.);
#1604=B_SPLINE_CURVE_WITH_KNOTS('',3,(#7680,#7681,#7682,#7683,#7684),
 .UNSPECIFIED.,.F.,.F.,(4,1,4),(-0.0698774373389234,-0.0347651203546099,
0.),.UNSPECIFIED.);
#1605=B_SPLINE_CURVE_WITH_KNOTS('',3,(#7697,#7698,#7699,#7700,#7701),
 .UNSPECIFIED.,.F.,.F.,(4,1,4),(0.,0.0366453118040685,0.0761876549377679),
 .UNSPECIFIED.);
#1606=B_SPLINE_CURVE_WITH_KNOTS('',3,(#7703,#7704,#7705,#7706,#7707),
 .UNSPECIFIED.,.F.,.F.,(4,1,4),(-0.0761876549377679,-0.0366453118040685,
0.),.UNSPECIFIED.);
#1607=B_SPLINE_CURVE_WITH_KNOTS('',3,(#7720,#7721,#7722,#7723,#7724),
 .UNSPECIFIED.,.F.,.F.,(4,1,4),(0.,0.027412019292674,0.0542601251189447),
 .UNSPECIFIED.);
#1608=B_SPLINE_CURVE_WITH_KNOTS('',3,(#7726,#7727,#7728,#7729,#7730),
 .UNSPECIFIED.,.F.,.F.,(4,1,4),(-0.0542601251189447,-0.027412019292674,
0.),.UNSPECIFIED.);
#1609=B_SPLINE_CURVE_WITH_KNOTS('',3,(#7743,#7744,#7745,#7746,#7747),
 .UNSPECIFIED.,.F.,.F.,(4,1,4),(0.,0.0258317451831601,0.050503629847134),
 .UNSPECIFIED.);
#1610=B_SPLINE_CURVE_WITH_KNOTS('',3,(#7749,#7750,#7751,#7752,#7753),
 .UNSPECIFIED.,.F.,.F.,(4,1,4),(-0.050503629847134,-0.0258317451831601,
0.),.UNSPECIFIED.);
#1611=B_SPLINE_CURVE_WITH_KNOTS('',3,(#7766,#7767,#7768,#7769,#7770),
 .UNSPECIFIED.,.F.,.F.,(4,1,4),(0.,0.0246871969309222,0.0504692607109416),
 .UNSPECIFIED.);
#1612=B_SPLINE_CURVE_WITH_KNOTS('',3,(#7772,#7773,#7774,#7775,#7776),
 .UNSPECIFIED.,.F.,.F.,(4,1,4),(-0.0504692607109416,-0.0246871969309222,
0.),.UNSPECIFIED.);
#1613=B_SPLINE_CURVE_WITH_KNOTS('',3,(#7789,#7790,#7791,#7792,#7793),
 .UNSPECIFIED.,.F.,.F.,(4,1,4),(0.,0.0426463597673827,0.084532119171087),
 .UNSPECIFIED.);
#1614=B_SPLINE_CURVE_WITH_KNOTS('',3,(#7795,#7796,#7797,#7798,#7799),
 .UNSPECIFIED.,.F.,.F.,(4,1,4),(-0.084532119171087,-0.0426463597673827,
0.),.UNSPECIFIED.);
#1615=B_SPLINE_CURVE_WITH_KNOTS('',3,(#7812,#7813,#7814,#7815,#7816),
 .UNSPECIFIED.,.F.,.F.,(4,1,4),(0.,0.0498570551510991,0.117039896905063),
 .UNSPECIFIED.);
#1616=B_SPLINE_CURVE_WITH_KNOTS('',3,(#7818,#7819,#7820,#7821,#7822),
 .UNSPECIFIED.,.F.,.F.,(4,1,4),(-0.117039896905063,-0.0498570551510991,
0.),.UNSPECIFIED.);
#1617=B_SPLINE_CURVE_WITH_KNOTS('',3,(#7835,#7836,#7837,#7838,#7839),
 .UNSPECIFIED.,.F.,.F.,(4,1,4),(0.,0.0755305521927715,0.132266086692763),
 .UNSPECIFIED.);
#1618=B_SPLINE_CURVE_WITH_KNOTS('',3,(#7841,#7842,#7843,#7844,#7845),
 .UNSPECIFIED.,.F.,.F.,(4,1,4),(-0.132266086692763,-0.0755305521927715,
0.),.UNSPECIFIED.);
#1619=B_SPLINE_CURVE_WITH_KNOTS('',3,(#7858,#7859,#7860,#7861,#7862),
 .UNSPECIFIED.,.F.,.F.,(4,1,4),(0.,0.0417966398129742,0.0852706547995777),
 .UNSPECIFIED.);
#1620=B_SPLINE_CURVE_WITH_KNOTS('',3,(#7864,#7865,#7866,#7867,#7868),
 .UNSPECIFIED.,.F.,.F.,(4,1,4),(-0.0852706547995777,-0.0417966398129742,
0.),.UNSPECIFIED.);
#1621=B_SPLINE_CURVE_WITH_KNOTS('',3,(#7881,#7882,#7883,#7884,#7885),
 .UNSPECIFIED.,.F.,.F.,(4,1,4),(0.,0.0325850725360259,0.0623809195643812),
 .UNSPECIFIED.);
#1622=B_SPLINE_CURVE_WITH_KNOTS('',3,(#7887,#7888,#7889,#7890,#7891),
 .UNSPECIFIED.,.F.,.F.,(4,1,4),(-0.0623809195643812,-0.0325850725360259,
0.),.UNSPECIFIED.);
#1623=B_SPLINE_CURVE_WITH_KNOTS('',3,(#7903,#7904,#7905,#7906,#7907),
 .UNSPECIFIED.,.F.,.F.,(4,1,4),(0.,0.029760977367381,0.0622484348649494),
 .UNSPECIFIED.);
#1624=B_SPLINE_CURVE_WITH_KNOTS('',3,(#7908,#7909,#7910,#7911,#7912),
 .UNSPECIFIED.,.F.,.F.,(4,1,4),(-0.0622484348649494,-0.029760977367381,
0.),.UNSPECIFIED.);
#1625=VERTEX_POINT('',#5007);
#1626=VERTEX_POINT('',#5008);
#1627=VERTEX_POINT('',#5017);
#1628=VERTEX_POINT('',#5026);
#1629=VERTEX_POINT('',#5028);
#1630=VERTEX_POINT('',#5030);
#1631=VERTEX_POINT('',#5032);
#1632=VERTEX_POINT('',#5036);
#1633=VERTEX_POINT('',#5037);
#1634=VERTEX_POINT('',#5042);
#1635=VERTEX_POINT('',#5044);
#1636=VERTEX_POINT('',#5053);
#1637=VERTEX_POINT('',#5055);
#1638=VERTEX_POINT('',#5059);
#1639=VERTEX_POINT('',#5061);
#1640=VERTEX_POINT('',#5065);
#1641=VERTEX_POINT('',#5069);
#1642=VERTEX_POINT('',#5073);
#1643=VERTEX_POINT('',#5077);
#1644=VERTEX_POINT('',#5079);
#1645=VERTEX_POINT('',#5081);
#1646=VERTEX_POINT('',#5083);
#1647=VERTEX_POINT('',#5085);
#1648=VERTEX_POINT('',#5089);
#1649=VERTEX_POINT('',#5098);
#1650=VERTEX_POINT('',#5100);
#1651=VERTEX_POINT('',#5106);
#1652=VERTEX_POINT('',#5108);
#1653=VERTEX_POINT('',#5117);
#1654=VERTEX_POINT('',#5121);
#1655=VERTEX_POINT('',#5125);
#1656=VERTEX_POINT('',#5131);
#1657=VERTEX_POINT('',#5140);
#1658=VERTEX_POINT('',#5142);
#1659=VERTEX_POINT('',#5148);
#1660=VERTEX_POINT('',#5152);
#1661=VERTEX_POINT('',#5153);
#1662=VERTEX_POINT('',#5162);
#1663=VERTEX_POINT('',#5165);
#1664=VERTEX_POINT('',#5180);
#1665=VERTEX_POINT('',#5191);
#1666=VERTEX_POINT('',#5193);
#1667=VERTEX_POINT('',#5197);
#1668=VERTEX_POINT('',#5201);
#1669=VERTEX_POINT('',#5209);
#1670=VERTEX_POINT('',#5210);
#1671=VERTEX_POINT('',#5219);
#1672=VERTEX_POINT('',#5221);
#1673=VERTEX_POINT('',#5223);
#1674=VERTEX_POINT('',#5225);
#1675=VERTEX_POINT('',#5227);
#1676=VERTEX_POINT('',#5238);
#1677=VERTEX_POINT('',#5239);
#1678=VERTEX_POINT('',#5244);
#1679=VERTEX_POINT('',#5246);
#1680=VERTEX_POINT('',#5250);
#1681=VERTEX_POINT('',#5252);
#1682=VERTEX_POINT('',#5254);
#1683=VERTEX_POINT('',#5256);
#1684=VERTEX_POINT('',#5267);
#1685=VERTEX_POINT('',#5269);
#1686=VERTEX_POINT('',#5278);
#1687=VERTEX_POINT('',#5282);
#1688=VERTEX_POINT('',#5288);
#1689=VERTEX_POINT('',#5297);
#1690=VERTEX_POINT('',#5299);
#1691=VERTEX_POINT('',#5303);
#1692=VERTEX_POINT('',#5304);
#1693=VERTEX_POINT('',#5309);
#1694=VERTEX_POINT('',#5311);
#1695=VERTEX_POINT('',#5317);
#1696=VERTEX_POINT('',#5319);
#1697=VERTEX_POINT('',#5321);
#1698=VERTEX_POINT('',#5323);
#1699=VERTEX_POINT('',#5327);
#1700=VERTEX_POINT('',#5328);
#1701=VERTEX_POINT('',#5337);
#1702=VERTEX_POINT('',#5339);
#1703=VERTEX_POINT('',#5341);
#1704=VERTEX_POINT('',#5356);
#1705=VERTEX_POINT('',#5359);
#1706=VERTEX_POINT('',#5372);
#1707=VERTEX_POINT('',#5378);
#1708=VERTEX_POINT('',#5380);
#1709=VERTEX_POINT('',#5394);
#1710=VERTEX_POINT('',#5396);
#1711=VERTEX_POINT('',#5400);
#1712=VERTEX_POINT('',#5404);
#1713=VERTEX_POINT('',#5411);
#1714=VERTEX_POINT('',#5413);
#1715=VERTEX_POINT('',#5417);
#1716=VERTEX_POINT('',#5420);
#1717=VERTEX_POINT('',#5422);
#1718=VERTEX_POINT('',#5426);
#1719=VERTEX_POINT('',#5429);
#1720=VERTEX_POINT('',#5433);
#1721=VERTEX_POINT('',#5435);
#1722=VERTEX_POINT('',#5442);
#1723=VERTEX_POINT('',#5444);
#1724=VERTEX_POINT('',#5450);
#1725=VERTEX_POINT('',#5452);
#1726=VERTEX_POINT('',#5456);
#1727=VERTEX_POINT('',#5457);
#1728=VERTEX_POINT('',#5459);
#1729=VERTEX_POINT('',#5461);
#1730=VERTEX_POINT('',#5463);
#1731=VERTEX_POINT('',#5465);
#1732=VERTEX_POINT('',#5470);
#1733=VERTEX_POINT('',#5471);
#1734=VERTEX_POINT('',#5473);
#1735=VERTEX_POINT('',#5475);
#1736=VERTEX_POINT('',#5479);
#1737=VERTEX_POINT('',#5481);
#1738=VERTEX_POINT('',#5485);
#1739=VERTEX_POINT('',#5487);
#1740=VERTEX_POINT('',#5491);
#1741=VERTEX_POINT('',#5495);
#1742=VERTEX_POINT('',#5497);
#1743=VERTEX_POINT('',#5499);
#1744=VERTEX_POINT('',#5503);
#1745=VERTEX_POINT('',#5507);
#1746=VERTEX_POINT('',#5511);
#1747=VERTEX_POINT('',#5512);
#1748=VERTEX_POINT('',#5517);
#1749=VERTEX_POINT('',#5519);
#1750=VERTEX_POINT('',#5523);
#1751=VERTEX_POINT('',#5525);
#1752=VERTEX_POINT('',#5529);
#1753=VERTEX_POINT('',#5534);
#1754=VERTEX_POINT('',#5540);
#1755=VERTEX_POINT('',#5541);
#1756=VERTEX_POINT('',#5543);
#1757=VERTEX_POINT('',#5545);
#1758=VERTEX_POINT('',#5547);
#1759=VERTEX_POINT('',#5549);
#1760=VERTEX_POINT('',#5553);
#1761=VERTEX_POINT('',#5558);
#1762=VERTEX_POINT('',#5580);
#1763=VERTEX_POINT('',#5581);
#1764=VERTEX_POINT('',#5583);
#1765=VERTEX_POINT('',#5585);
#1766=VERTEX_POINT('',#5589);
#1767=VERTEX_POINT('',#5591);
#1768=VERTEX_POINT('',#5595);
#1769=VERTEX_POINT('',#5597);
#1770=VERTEX_POINT('',#5601);
#1771=VERTEX_POINT('',#5603);
#1772=VERTEX_POINT('',#5607);
#1773=VERTEX_POINT('',#5609);
#1774=VERTEX_POINT('',#5613);
#1775=VERTEX_POINT('',#5615);
#1776=VERTEX_POINT('',#5619);
#1777=VERTEX_POINT('',#5621);
#1778=VERTEX_POINT('',#5625);
#1779=VERTEX_POINT('',#5627);
#1780=VERTEX_POINT('',#5631);
#1781=VERTEX_POINT('',#5633);
#1782=VERTEX_POINT('',#5642);
#1783=VERTEX_POINT('',#5643);
#1784=VERTEX_POINT('',#5645);
#1785=VERTEX_POINT('',#5647);
#1786=VERTEX_POINT('',#5651);
#1787=VERTEX_POINT('',#5653);
#1788=VERTEX_POINT('',#5657);
#1789=VERTEX_POINT('',#5659);
#1790=VERTEX_POINT('',#5672);
#1791=VERTEX_POINT('',#5678);
#1792=VERTEX_POINT('',#5695);
#1793=VERTEX_POINT('',#5701);
#1794=VERTEX_POINT('',#5709);
#1795=VERTEX_POINT('',#5711);
#1796=VERTEX_POINT('',#5715);
#1797=VERTEX_POINT('',#5717);
#1798=VERTEX_POINT('',#5721);
#1799=VERTEX_POINT('',#5723);
#1800=VERTEX_POINT('',#5741);
#1801=VERTEX_POINT('',#5742);
#1802=VERTEX_POINT('',#5748);
#1803=VERTEX_POINT('',#5750);
#1804=VERTEX_POINT('',#5767);
#1805=VERTEX_POINT('',#5773);
#1806=VERTEX_POINT('',#5790);
#1807=VERTEX_POINT('',#5796);
#1808=VERTEX_POINT('',#5813);
#1809=VERTEX_POINT('',#5819);
#1810=VERTEX_POINT('',#5836);
#1811=VERTEX_POINT('',#5842);
#1812=VERTEX_POINT('',#5859);
#1813=VERTEX_POINT('',#5865);
#1814=VERTEX_POINT('',#5882);
#1815=VERTEX_POINT('',#5888);
#1816=VERTEX_POINT('',#5916);
#1817=VERTEX_POINT('',#5917);
#1818=VERTEX_POINT('',#5919);
#1819=VERTEX_POINT('',#5921);
#1820=VERTEX_POINT('',#5934);
#1821=VERTEX_POINT('',#5940);
#1822=VERTEX_POINT('',#5957);
#1823=VERTEX_POINT('',#5963);
#1824=VERTEX_POINT('',#5980);
#1825=VERTEX_POINT('',#5986);
#1826=VERTEX_POINT('',#6003);
#1827=VERTEX_POINT('',#6009);
#1828=VERTEX_POINT('',#6026);
#1829=VERTEX_POINT('',#6032);
#1830=VERTEX_POINT('',#6049);
#1831=VERTEX_POINT('',#6055);
#1832=VERTEX_POINT('',#6072);
#1833=VERTEX_POINT('',#6078);
#1834=VERTEX_POINT('',#6095);
#1835=VERTEX_POINT('',#6101);
#1836=VERTEX_POINT('',#6118);
#1837=VERTEX_POINT('',#6124);
#1838=VERTEX_POINT('',#6141);
#1839=VERTEX_POINT('',#6147);
#1840=VERTEX_POINT('',#6164);
#1841=VERTEX_POINT('',#6170);
#1842=VERTEX_POINT('',#6187);
#1843=VERTEX_POINT('',#6193);
#1844=VERTEX_POINT('',#6210);
#1845=VERTEX_POINT('',#6216);
#1846=VERTEX_POINT('',#6233);
#1847=VERTEX_POINT('',#6239);
#1848=VERTEX_POINT('',#6256);
#1849=VERTEX_POINT('',#6262);
#1850=VERTEX_POINT('',#6279);
#1851=VERTEX_POINT('',#6285);
#1852=VERTEX_POINT('',#6302);
#1853=VERTEX_POINT('',#6308);
#1854=VERTEX_POINT('',#6325);
#1855=VERTEX_POINT('',#6331);
#1856=VERTEX_POINT('',#6348);
#1857=VERTEX_POINT('',#6354);
#1858=VERTEX_POINT('',#6371);
#1859=VERTEX_POINT('',#6377);
#1860=VERTEX_POINT('',#6407);
#1861=VERTEX_POINT('',#6408);
#1862=VERTEX_POINT('',#6410);
#1863=VERTEX_POINT('',#6412);
#1864=VERTEX_POINT('',#6416);
#1865=VERTEX_POINT('',#6418);
#1866=VERTEX_POINT('',#6431);
#1867=VERTEX_POINT('',#6437);
#1868=VERTEX_POINT('',#6454);
#1869=VERTEX_POINT('',#6460);
#1870=VERTEX_POINT('',#6477);
#1871=VERTEX_POINT('',#6483);
#1872=VERTEX_POINT('',#6500);
#1873=VERTEX_POINT('',#6506);
#1874=VERTEX_POINT('',#6523);
#1875=VERTEX_POINT('',#6529);
#1876=VERTEX_POINT('',#6546);
#1877=VERTEX_POINT('',#6552);
#1878=VERTEX_POINT('',#6569);
#1879=VERTEX_POINT('',#6575);
#1880=VERTEX_POINT('',#6592);
#1881=VERTEX_POINT('',#6598);
#1882=VERTEX_POINT('',#6615);
#1883=VERTEX_POINT('',#6621);
#1884=VERTEX_POINT('',#6629);
#1885=VERTEX_POINT('',#6631);
#1886=VERTEX_POINT('',#6644);
#1887=VERTEX_POINT('',#6650);
#1888=VERTEX_POINT('',#6667);
#1889=VERTEX_POINT('',#6673);
#1890=VERTEX_POINT('',#6690);
#1891=VERTEX_POINT('',#6696);
#1892=VERTEX_POINT('',#6713);
#1893=VERTEX_POINT('',#6719);
#1894=VERTEX_POINT('',#6736);
#1895=VERTEX_POINT('',#6742);
#1896=VERTEX_POINT('',#6759);
#1897=VERTEX_POINT('',#6765);
#1898=VERTEX_POINT('',#6782);
#1899=VERTEX_POINT('',#6788);
#1900=VERTEX_POINT('',#6805);
#1901=VERTEX_POINT('',#6811);
#1902=VERTEX_POINT('',#6828);
#1903=VERTEX_POINT('',#6834);
#1904=VERTEX_POINT('',#6847);
#1905=VERTEX_POINT('',#6848);
#1906=VERTEX_POINT('',#6850);
#1907=VERTEX_POINT('',#6852);
#1908=VERTEX_POINT('',#6856);
#1909=VERTEX_POINT('',#6858);
#1910=VERTEX_POINT('',#6871);
#1911=VERTEX_POINT('',#6877);
#1912=VERTEX_POINT('',#6894);
#1913=VERTEX_POINT('',#6900);
#1914=VERTEX_POINT('',#6917);
#1915=VERTEX_POINT('',#6923);
#1916=VERTEX_POINT('',#6940);
#1917=VERTEX_POINT('',#6946);
#1918=VERTEX_POINT('',#6963);
#1919=VERTEX_POINT('',#6969);
#1920=VERTEX_POINT('',#6986);
#1921=VERTEX_POINT('',#6992);
#1922=VERTEX_POINT('',#7009);
#1923=VERTEX_POINT('',#7015);
#1924=VERTEX_POINT('',#7032);
#1925=VERTEX_POINT('',#7038);
#1926=VERTEX_POINT('',#7055);
#1927=VERTEX_POINT('',#7061);
#1928=VERTEX_POINT('',#7069);
#1929=VERTEX_POINT('',#7071);
#1930=VERTEX_POINT('',#7084);
#1931=VERTEX_POINT('',#7090);
#1932=VERTEX_POINT('',#7107);
#1933=VERTEX_POINT('',#7113);
#1934=VERTEX_POINT('',#7130);
#1935=VERTEX_POINT('',#7136);
#1936=VERTEX_POINT('',#7153);
#1937=VERTEX_POINT('',#7159);
#1938=VERTEX_POINT('',#7176);
#1939=VERTEX_POINT('',#7182);
#1940=VERTEX_POINT('',#7199);
#1941=VERTEX_POINT('',#7205);
#1942=VERTEX_POINT('',#7222);
#1943=VERTEX_POINT('',#7228);
#1944=VERTEX_POINT('',#7245);
#1945=VERTEX_POINT('',#7251);
#1946=VERTEX_POINT('',#7268);
#1947=VERTEX_POINT('',#7274);
#1948=VERTEX_POINT('',#7296);
#1949=VERTEX_POINT('',#7297);
#1950=VERTEX_POINT('',#7303);
#1951=VERTEX_POINT('',#7305);
#1952=VERTEX_POINT('',#7322);
#1953=VERTEX_POINT('',#7328);
#1954=VERTEX_POINT('',#7345);
#1955=VERTEX_POINT('',#7351);
#1956=VERTEX_POINT('',#7368);
#1957=VERTEX_POINT('',#7374);
#1958=VERTEX_POINT('',#7391);
#1959=VERTEX_POINT('',#7397);
#1960=VERTEX_POINT('',#7414);
#1961=VERTEX_POINT('',#7420);
#1962=VERTEX_POINT('',#7437);
#1963=VERTEX_POINT('',#7443);
#1964=VERTEX_POINT('',#7460);
#1965=VERTEX_POINT('',#7466);
#1966=VERTEX_POINT('',#7494);
#1967=VERTEX_POINT('',#7495);
#1968=VERTEX_POINT('',#7497);
#1969=VERTEX_POINT('',#7499);
#1970=VERTEX_POINT('',#7512);
#1971=VERTEX_POINT('',#7518);
#1972=VERTEX_POINT('',#7535);
#1973=VERTEX_POINT('',#7541);
#1974=VERTEX_POINT('',#7558);
#1975=VERTEX_POINT('',#7564);
#1976=VERTEX_POINT('',#7581);
#1977=VERTEX_POINT('',#7587);
#1978=VERTEX_POINT('',#7604);
#1979=VERTEX_POINT('',#7610);
#1980=VERTEX_POINT('',#7627);
#1981=VERTEX_POINT('',#7633);
#1982=VERTEX_POINT('',#7650);
#1983=VERTEX_POINT('',#7656);
#1984=VERTEX_POINT('',#7673);
#1985=VERTEX_POINT('',#7679);
#1986=VERTEX_POINT('',#7696);
#1987=VERTEX_POINT('',#7702);
#1988=VERTEX_POINT('',#7719);
#1989=VERTEX_POINT('',#7725);
#1990=VERTEX_POINT('',#7742);
#1991=VERTEX_POINT('',#7748);
#1992=VERTEX_POINT('',#7765);
#1993=VERTEX_POINT('',#7771);
#1994=VERTEX_POINT('',#7788);
#1995=VERTEX_POINT('',#7794);
#1996=VERTEX_POINT('',#7811);
#1997=VERTEX_POINT('',#7817);
#1998=VERTEX_POINT('',#7834);
#1999=VERTEX_POINT('',#7840);
#2000=VERTEX_POINT('',#7857);
#2001=VERTEX_POINT('',#7863);
#2002=VERTEX_POINT('',#7880);
#2003=VERTEX_POINT('',#7886);
#2004=EDGE_CURVE('',#1625,#1626,#1421,.T.);
#2005=EDGE_CURVE('',#1626,#1627,#1422,.T.);
#2006=EDGE_CURVE('',#1627,#1628,#1356,.T.);
#2007=EDGE_CURVE('',#1628,#1629,#1357,.T.);
#2008=EDGE_CURVE('',#1629,#1630,#1358,.T.);
#2009=EDGE_CURVE('',#1630,#1631,#1359,.T.);
#2010=EDGE_CURVE('',#1631,#1625,#1360,.T.);
#2011=EDGE_CURVE('',#1632,#1633,#1361,.T.);
#2012=EDGE_CURVE('',#1633,#1630,#246,.T.);
#2013=EDGE_CURVE('',#1629,#1632,#247,.T.);
#2014=EDGE_CURVE('',#1625,#1634,#248,.T.);
#2015=EDGE_CURVE('',#1635,#1634,#1423,.T.);
#2016=EDGE_CURVE('',#1636,#1635,#226,.T.);
#2017=EDGE_CURVE('',#1636,#1637,#249,.T.);
#2018=EDGE_CURVE('',#1626,#1637,#227,.T.);
#2019=EDGE_CURVE('',#1638,#1627,#250,.T.);
#2020=EDGE_CURVE('',#1639,#1638,#1362,.T.);
#2021=EDGE_CURVE('',#1628,#1639,#251,.T.);
#2022=EDGE_CURVE('',#1640,#1631,#252,.T.);
#2023=EDGE_CURVE('',#1634,#1640,#1363,.T.);
#2024=EDGE_CURVE('',#1630,#1641,#253,.T.);
#2025=EDGE_CURVE('',#1640,#1641,#1364,.T.);
#2026=EDGE_CURVE('',#1642,#1633,#254,.T.);
#2027=EDGE_CURVE('',#1641,#1642,#255,.T.);
#2028=EDGE_CURVE('',#1632,#1643,#256,.T.);
#2029=EDGE_CURVE('',#1644,#1643,#1365,.T.);
#2030=EDGE_CURVE('',#1644,#1645,#257,.T.);
#2031=EDGE_CURVE('',#1646,#1645,#1366,.T.);
#2032=EDGE_CURVE('',#1646,#1647,#258,.T.);
#2033=EDGE_CURVE('',#1642,#1647,#1367,.T.);
#2034=EDGE_CURVE('',#1648,#1635,#1424,.T.);
#2035=EDGE_CURVE('',#1641,#1649,#1368,.T.);
#2036=EDGE_CURVE('',#1649,#1650,#1369,.T.);
#2037=EDGE_CURVE('',#1650,#1648,#1370,.T.);
#2038=EDGE_CURVE('',#1647,#1649,#259,.T.);
#2039=EDGE_CURVE('',#1648,#1651,#260,.T.);
#2040=EDGE_CURVE('',#1652,#1651,#1425,.T.);
#2041=EDGE_CURVE('',#1652,#1653,#228,.T.);
#2042=EDGE_CURVE('',#1653,#1636,#261,.T.);
#2043=EDGE_CURVE('',#1654,#1650,#262,.T.);
#2044=EDGE_CURVE('',#1651,#1654,#1371,.T.);
#2045=EDGE_CURVE('',#1649,#1655,#263,.T.);
#2046=EDGE_CURVE('',#1654,#1655,#1372,.T.);
#2047=EDGE_CURVE('',#1655,#1646,#264,.T.);
#2048=EDGE_CURVE('',#1656,#1652,#1426,.T.);
#2049=EDGE_CURVE('',#1655,#1657,#1373,.T.);
#2050=EDGE_CURVE('',#1657,#1658,#1374,.T.);
#2051=EDGE_CURVE('',#1658,#1656,#1375,.T.);
#2052=EDGE_CURVE('',#1645,#1657,#265,.T.);
#2053=EDGE_CURVE('',#1659,#1644,#266,.T.);
#2054=EDGE_CURVE('',#1657,#1659,#267,.T.);
#2055=EDGE_CURVE('',#1660,#1661,#1427,.T.);
#2056=EDGE_CURVE('',#1661,#1662,#1376,.T.);
#2057=EDGE_CURVE('',#1662,#1659,#1377,.T.);
#2058=EDGE_CURVE('',#1659,#1663,#1378,.T.);
#2059=EDGE_CURVE('',#1663,#1639,#1379,.T.);
#2060=EDGE_CURVE('',#1638,#1660,#1428,.T.);
#2061=EDGE_CURVE('',#1643,#1663,#268,.T.);
#2062=EDGE_CURVE('',#1656,#1661,#269,.T.);
#2063=EDGE_CURVE('',#1660,#1664,#229,.T.);
#2064=EDGE_CURVE('',#1664,#1653,#270,.T.);
#2065=EDGE_CURVE('',#1637,#1664,#271,.T.);
#2066=EDGE_CURVE('',#1662,#1658,#272,.T.);
#2067=EDGE_CURVE('',#1663,#1629,#273,.T.);
#2068=EDGE_CURVE('',#1636,#1665,#274,.T.);
#2069=EDGE_CURVE('',#1665,#1666,#275,.T.);
#2070=EDGE_CURVE('',#1637,#1666,#276,.T.);
#2071=EDGE_CURVE('',#1653,#1667,#277,.T.);
#2072=EDGE_CURVE('',#1667,#1665,#278,.T.);
#2073=EDGE_CURVE('',#1664,#1668,#279,.T.);
#2074=EDGE_CURVE('',#1668,#1667,#280,.T.);
#2075=EDGE_CURVE('',#1666,#1668,#281,.T.);
#2076=EDGE_CURVE('',#1669,#1670,#1429,.T.);
#2077=EDGE_CURVE('',#1670,#1671,#1380,.T.);
#2078=EDGE_CURVE('',#1671,#1672,#1381,.T.);
#2079=EDGE_CURVE('',#1672,#1673,#1382,.T.);
#2080=EDGE_CURVE('',#1673,#1674,#1383,.T.);
#2081=EDGE_CURVE('',#1674,#1675,#1384,.T.);
#2082=EDGE_CURVE('',#1675,#1669,#1430,.T.);
#2083=EDGE_CURVE('',#1676,#1677,#1385,.T.);
#2084=EDGE_CURVE('',#1677,#1673,#282,.T.);
#2085=EDGE_CURVE('',#1672,#1676,#283,.T.);
#2086=EDGE_CURVE('',#1671,#1678,#284,.T.);
#2087=EDGE_CURVE('',#1679,#1678,#1386,.T.);
#2088=EDGE_CURVE('',#1679,#1672,#285,.T.);
#2089=EDGE_CURVE('',#1680,#1669,#230,.T.);
#2090=EDGE_CURVE('',#1680,#1681,#286,.T.);
#2091=EDGE_CURVE('',#1682,#1681,#231,.T.);
#2092=EDGE_CURVE('',#1683,#1682,#1431,.T.);
#2093=EDGE_CURVE('',#1683,#1670,#287,.T.);
#2094=EDGE_CURVE('',#1675,#1684,#288,.T.);
#2095=EDGE_CURVE('',#1685,#1684,#1432,.T.);
#2096=EDGE_CURVE('',#1686,#1685,#232,.T.);
#2097=EDGE_CURVE('',#1686,#1680,#289,.T.);
#2098=EDGE_CURVE('',#1687,#1674,#290,.T.);
#2099=EDGE_CURVE('',#1684,#1687,#1387,.T.);
#2100=EDGE_CURVE('',#1678,#1683,#1388,.T.);
#2101=EDGE_CURVE('',#1682,#1688,#1433,.T.);
#2102=EDGE_CURVE('',#1688,#1689,#1389,.T.);
#2103=EDGE_CURVE('',#1689,#1690,#1390,.T.);
#2104=EDGE_CURVE('',#1690,#1679,#1391,.T.);
#2105=EDGE_CURVE('',#1691,#1692,#1392,.T.);
#2106=EDGE_CURVE('',#1692,#1679,#291,.T.);
#2107=EDGE_CURVE('',#1690,#1691,#292,.T.);
#2108=EDGE_CURVE('',#1693,#1688,#293,.T.);
#2109=EDGE_CURVE('',#1694,#1693,#1393,.T.);
#2110=EDGE_CURVE('',#1689,#1694,#294,.T.);
#2111=EDGE_CURVE('',#1692,#1676,#295,.T.);
#2112=EDGE_CURVE('',#1695,#1691,#296,.T.);
#2113=EDGE_CURVE('',#1696,#1695,#1394,.T.);
#2114=EDGE_CURVE('',#1697,#1696,#297,.T.);
#2115=EDGE_CURVE('',#1698,#1697,#1395,.T.);
#2116=EDGE_CURVE('',#1677,#1698,#298,.T.);
#2117=EDGE_CURVE('',#1699,#1700,#1434,.T.);
#2118=EDGE_CURVE('',#1700,#1701,#1396,.T.);
#2119=EDGE_CURVE('',#1701,#1702,#1397,.T.);
#2120=EDGE_CURVE('',#1702,#1703,#1398,.T.);
#2121=EDGE_CURVE('',#1703,#1694,#1399,.T.);
#2122=EDGE_CURVE('',#1693,#1699,#1435,.T.);
#2123=EDGE_CURVE('',#1695,#1703,#299,.T.);
#2124=EDGE_CURVE('',#1702,#1696,#300,.T.);
#2125=EDGE_CURVE('',#1704,#1699,#233,.T.);
#2126=EDGE_CURVE('',#1704,#1686,#301,.T.);
#2127=EDGE_CURVE('',#1705,#1685,#1436,.T.);
#2128=EDGE_CURVE('',#1705,#1700,#302,.T.);
#2129=EDGE_CURVE('',#1681,#1704,#303,.T.);
#2130=EDGE_CURVE('',#1706,#1705,#1400,.T.);
#2131=EDGE_CURVE('',#1701,#1706,#304,.T.);
#2132=EDGE_CURVE('',#1703,#1690,#305,.T.);
#2133=EDGE_CURVE('',#1687,#1707,#1401,.T.);
#2134=EDGE_CURVE('',#1707,#1708,#1402,.T.);
#2135=EDGE_CURVE('',#1708,#1706,#1403,.T.);
#2136=EDGE_CURVE('',#1697,#1708,#306,.T.);
#2137=EDGE_CURVE('',#1707,#1698,#307,.T.);
#2138=EDGE_CURVE('',#1708,#1702,#308,.T.);
#2139=EDGE_CURVE('',#1673,#1707,#309,.T.);
#2140=EDGE_CURVE('',#1709,#1704,#310,.T.);
#2141=EDGE_CURVE('',#1710,#1709,#311,.T.);
#2142=EDGE_CURVE('',#1710,#1686,#312,.T.);
#2143=EDGE_CURVE('',#1711,#1681,#313,.T.);
#2144=EDGE_CURVE('',#1709,#1711,#314,.T.);
#2145=EDGE_CURVE('',#1712,#1710,#315,.T.);
#2146=EDGE_CURVE('',#1712,#1680,#316,.T.);
#2147=EDGE_CURVE('',#1711,#1712,#317,.T.);
#2148=EDGE_CURVE('',#1713,#1713,#1404,.T.);
#2149=EDGE_CURVE('',#1713,#1714,#1405,.T.);
#2150=EDGE_CURVE('',#1714,#1714,#1406,.T.);
#2151=EDGE_CURVE('',#1715,#1715,#1407,.T.);
#2152=EDGE_CURVE('',#1716,#1716,#1408,.T.);
#2153=EDGE_CURVE('',#1716,#1717,#1409,.T.);
#2154=EDGE_CURVE('',#1717,#1717,#1410,.T.);
#2155=EDGE_CURVE('',#1718,#1718,#1411,.T.);
#2156=EDGE_CURVE('',#1717,#1719,#318,.T.);
#2157=EDGE_CURVE('',#1719,#1719,#1412,.T.);
#2158=EDGE_CURVE('',#1718,#1720,#1413,.T.);
#2159=EDGE_CURVE('',#1720,#1721,#1414,.T.);
#2160=EDGE_CURVE('',#1721,#1720,#1415,.T.);
#2161=EDGE_CURVE('',#1721,#1715,#319,.T.);
#2162=EDGE_CURVE('',#1722,#1722,#1416,.T.);
#2163=EDGE_CURVE('',#1722,#1723,#320,.T.);
#2164=EDGE_CURVE('',#1723,#1723,#1417,.T.);
#2165=EDGE_CURVE('',#1724,#1724,#1418,.T.);
#2166=EDGE_CURVE('',#1724,#1725,#1419,.T.);
#2167=EDGE_CURVE('',#1725,#1725,#1420,.T.);
#2168=EDGE_CURVE('',#1726,#1727,#321,.T.);
#2169=EDGE_CURVE('',#1728,#1726,#322,.T.);
#2170=EDGE_CURVE('',#1729,#1728,#323,.T.);
#2171=EDGE_CURVE('',#1730,#1729,#324,.T.);
#2172=EDGE_CURVE('',#1731,#1730,#325,.T.);
#2173=EDGE_CURVE('',#1727,#1731,#326,.T.);
#2174=EDGE_CURVE('',#1732,#1733,#327,.T.);
#2175=EDGE_CURVE('',#1733,#1734,#328,.T.);
#2176=EDGE_CURVE('',#1735,#1734,#329,.T.);
#2177=EDGE_CURVE('',#1732,#1735,#330,.T.);
#2178=EDGE_CURVE('',#1733,#1736,#331,.T.);
#2179=EDGE_CURVE('',#1736,#1737,#332,.T.);
#2180=EDGE_CURVE('',#1734,#1737,#333,.T.);
#2181=EDGE_CURVE('',#1728,#1738,#334,.T.);
#2182=EDGE_CURVE('',#1739,#1738,#335,.T.);
#2183=EDGE_CURVE('',#1729,#1739,#336,.T.);
#2184=EDGE_CURVE('',#1726,#1740,#337,.T.);
#2185=EDGE_CURVE('',#1738,#1740,#338,.T.);
#2186=EDGE_CURVE('',#1741,#1732,#339,.T.);
#2187=EDGE_CURVE('',#1742,#1741,#340,.T.);
#2188=EDGE_CURVE('',#1743,#1742,#341,.T.);
#2189=EDGE_CURVE('',#1736,#1743,#342,.T.);
#2190=EDGE_CURVE('',#1743,#1744,#343,.T.);
#2191=EDGE_CURVE('',#1737,#1744,#344,.T.);
#2192=EDGE_CURVE('',#1727,#1745,#345,.T.);
#2193=EDGE_CURVE('',#1740,#1745,#346,.T.);
#2194=EDGE_CURVE('',#1746,#1747,#347,.T.);
#2195=EDGE_CURVE('',#1747,#1735,#234,.T.);
#2196=EDGE_CURVE('',#1746,#1734,#235,.T.);
#2197=EDGE_CURVE('',#1747,#1748,#348,.T.);
#2198=EDGE_CURVE('',#1748,#1749,#236,.T.);
#2199=EDGE_CURVE('',#1749,#1735,#349,.T.);
#2200=EDGE_CURVE('',#1748,#1750,#350,.T.);
#2201=EDGE_CURVE('',#1750,#1751,#237,.T.);
#2202=EDGE_CURVE('',#1751,#1749,#351,.T.);
#2203=EDGE_CURVE('',#1750,#1752,#352,.T.);
#2204=EDGE_CURVE('',#1752,#1744,#238,.T.);
#2205=EDGE_CURVE('',#1744,#1751,#353,.T.);
#2206=EDGE_CURVE('',#1752,#1753,#354,.T.);
#2207=EDGE_CURVE('',#1753,#1737,#239,.T.);
#2208=EDGE_CURVE('',#1753,#1746,#355,.T.);
#2209=EDGE_CURVE('',#1754,#1755,#356,.T.);
#2210=EDGE_CURVE('',#1756,#1754,#357,.T.);
#2211=EDGE_CURVE('',#1757,#1756,#358,.T.);
#2212=EDGE_CURVE('',#1758,#1757,#359,.T.);
#2213=EDGE_CURVE('',#1759,#1758,#360,.T.);
#2214=EDGE_CURVE('',#1755,#1759,#361,.T.);
#2215=EDGE_CURVE('',#1755,#1760,#240,.T.);
#2216=EDGE_CURVE('',#1760,#1739,#362,.T.);
#2217=EDGE_CURVE('',#1754,#1739,#241,.T.);
#2218=EDGE_CURVE('',#1759,#1761,#242,.T.);
#2219=EDGE_CURVE('',#1761,#1760,#363,.T.);
#2220=EDGE_CURVE('',#1758,#1745,#243,.T.);
#2221=EDGE_CURVE('',#1745,#1761,#364,.T.);
#2222=EDGE_CURVE('',#1757,#1740,#244,.T.);
#2223=EDGE_CURVE('',#1756,#1738,#245,.T.);
#2224=EDGE_CURVE('',#1730,#1760,#365,.T.);
#2225=EDGE_CURVE('',#1731,#1761,#366,.T.);
#2226=EDGE_CURVE('',#1741,#1749,#367,.T.);
#2227=EDGE_CURVE('',#1742,#1751,#368,.T.);
#2228=EDGE_CURVE('',#1762,#1763,#369,.T.);
#2229=EDGE_CURVE('',#1762,#1764,#370,.T.);
#2230=EDGE_CURVE('',#1765,#1764,#371,.T.);
#2231=EDGE_CURVE('',#1763,#1765,#372,.T.);
#2232=EDGE_CURVE('',#1763,#1766,#373,.T.);
#2233=EDGE_CURVE('',#1767,#1765,#374,.T.);
#2234=EDGE_CURVE('',#1766,#1767,#375,.T.);
#2235=EDGE_CURVE('',#1766,#1768,#376,.T.);
#2236=EDGE_CURVE('',#1769,#1767,#377,.T.);
#2237=EDGE_CURVE('',#1768,#1769,#378,.T.);
#2238=EDGE_CURVE('',#1768,#1770,#379,.T.);
#2239=EDGE_CURVE('',#1771,#1769,#380,.T.);
#2240=EDGE_CURVE('',#1770,#1771,#381,.T.);
#2241=EDGE_CURVE('',#1770,#1772,#382,.T.);
#2242=EDGE_CURVE('',#1773,#1771,#383,.T.);
#2243=EDGE_CURVE('',#1772,#1773,#384,.T.);
#2244=EDGE_CURVE('',#1772,#1774,#385,.T.);
#2245=EDGE_CURVE('',#1775,#1773,#386,.T.);
#2246=EDGE_CURVE('',#1774,#1775,#387,.T.);
#2247=EDGE_CURVE('',#1774,#1776,#388,.T.);
#2248=EDGE_CURVE('',#1777,#1775,#389,.T.);
#2249=EDGE_CURVE('',#1776,#1777,#390,.T.);
#2250=EDGE_CURVE('',#1776,#1778,#391,.T.);
#2251=EDGE_CURVE('',#1779,#1777,#392,.T.);
#2252=EDGE_CURVE('',#1778,#1779,#393,.T.);
#2253=EDGE_CURVE('',#1778,#1780,#394,.T.);
#2254=EDGE_CURVE('',#1781,#1779,#395,.T.);
#2255=EDGE_CURVE('',#1780,#1781,#396,.T.);
#2256=EDGE_CURVE('',#1780,#1762,#397,.T.);
#2257=EDGE_CURVE('',#1764,#1781,#398,.T.);
#2258=EDGE_CURVE('',#1782,#1783,#399,.T.);
#2259=EDGE_CURVE('',#1782,#1784,#400,.T.);
#2260=EDGE_CURVE('',#1785,#1784,#401,.T.);
#2261=EDGE_CURVE('',#1783,#1785,#402,.T.);
#2262=EDGE_CURVE('',#1783,#1786,#403,.T.);
#2263=EDGE_CURVE('',#1787,#1785,#404,.T.);
#2264=EDGE_CURVE('',#1786,#1787,#405,.T.);
#2265=EDGE_CURVE('',#1786,#1788,#406,.T.);
#2266=EDGE_CURVE('',#1789,#1787,#407,.T.);
#2267=EDGE_CURVE('',#1788,#1789,#408,.T.);
#2268=EDGE_CURVE('',#1788,#1790,#1437,.T.);
#2269=EDGE_CURVE('',#1791,#1789,#1438,.T.);
#2270=EDGE_CURVE('',#1790,#1791,#409,.T.);
#2271=EDGE_CURVE('',#1790,#1792,#1439,.T.);
#2272=EDGE_CURVE('',#1793,#1791,#1440,.T.);
#2273=EDGE_CURVE('',#1792,#1793,#410,.T.);
#2274=EDGE_CURVE('',#1792,#1794,#411,.T.);
#2275=EDGE_CURVE('',#1795,#1793,#412,.T.);
#2276=EDGE_CURVE('',#1794,#1795,#413,.T.);
#2277=EDGE_CURVE('',#1794,#1796,#414,.T.);
#2278=EDGE_CURVE('',#1797,#1795,#415,.T.);
#2279=EDGE_CURVE('',#1796,#1797,#416,.T.);
#2280=EDGE_CURVE('',#1796,#1798,#417,.T.);
#2281=EDGE_CURVE('',#1799,#1797,#418,.T.);
#2282=EDGE_CURVE('',#1798,#1799,#419,.T.);
#2283=EDGE_CURVE('',#1798,#1782,#420,.T.);
#2284=EDGE_CURVE('',#1784,#1799,#421,.T.);
#2285=EDGE_CURVE('',#1800,#1801,#1441,.T.);
#2286=EDGE_CURVE('',#1800,#1802,#422,.T.);
#2287=EDGE_CURVE('',#1803,#1802,#1442,.T.);
#2288=EDGE_CURVE('',#1801,#1803,#423,.T.);
#2289=EDGE_CURVE('',#1801,#1804,#1443,.T.);
#2290=EDGE_CURVE('',#1805,#1803,#1444,.T.);
#2291=EDGE_CURVE('',#1804,#1805,#424,.T.);
#2292=EDGE_CURVE('',#1804,#1806,#1445,.T.);
#2293=EDGE_CURVE('',#1807,#1805,#1446,.T.);
#2294=EDGE_CURVE('',#1806,#1807,#425,.T.);
#2295=EDGE_CURVE('',#1806,#1808,#1447,.T.);
#2296=EDGE_CURVE('',#1809,#1807,#1448,.T.);
#2297=EDGE_CURVE('',#1808,#1809,#426,.T.);
#2298=EDGE_CURVE('',#1808,#1810,#1449,.T.);
#2299=EDGE_CURVE('',#1811,#1809,#1450,.T.);
#2300=EDGE_CURVE('',#1810,#1811,#427,.T.);
#2301=EDGE_CURVE('',#1810,#1812,#1451,.T.);
#2302=EDGE_CURVE('',#1813,#1811,#1452,.T.);
#2303=EDGE_CURVE('',#1812,#1813,#428,.T.);
#2304=EDGE_CURVE('',#1812,#1814,#1453,.T.);
#2305=EDGE_CURVE('',#1815,#1813,#1454,.T.);
#2306=EDGE_CURVE('',#1814,#1815,#429,.T.);
#2307=EDGE_CURVE('',#1814,#1800,#1455,.T.);
#2308=EDGE_CURVE('',#1802,#1815,#1456,.T.);
#2309=EDGE_CURVE('',#1816,#1817,#430,.T.);
#2310=EDGE_CURVE('',#1816,#1818,#431,.T.);
#2311=EDGE_CURVE('',#1819,#1818,#432,.T.);
#2312=EDGE_CURVE('',#1817,#1819,#433,.T.);
#2313=EDGE_CURVE('',#1817,#1820,#1457,.T.);
#2314=EDGE_CURVE('',#1821,#1819,#1458,.T.);
#2315=EDGE_CURVE('',#1820,#1821,#434,.T.);
#2316=EDGE_CURVE('',#1820,#1822,#1459,.T.);
#2317=EDGE_CURVE('',#1823,#1821,#1460,.T.);
#2318=EDGE_CURVE('',#1822,#1823,#435,.T.);
#2319=EDGE_CURVE('',#1822,#1824,#1461,.T.);
#2320=EDGE_CURVE('',#1825,#1823,#1462,.T.);
#2321=EDGE_CURVE('',#1824,#1825,#436,.T.);
#2322=EDGE_CURVE('',#1824,#1826,#1463,.T.);
#2323=EDGE_CURVE('',#1827,#1825,#1464,.T.);
#2324=EDGE_CURVE('',#1826,#1827,#437,.T.);
#2325=EDGE_CURVE('',#1826,#1828,#1465,.T.);
#2326=EDGE_CURVE('',#1829,#1827,#1466,.T.);
#2327=EDGE_CURVE('',#1828,#1829,#438,.T.);
#2328=EDGE_CURVE('',#1828,#1830,#1467,.T.);
#2329=EDGE_CURVE('',#1831,#1829,#1468,.T.);
#2330=EDGE_CURVE('',#1830,#1831,#439,.T.);
#2331=EDGE_CURVE('',#1830,#1832,#1469,.T.);
#2332=EDGE_CURVE('',#1833,#1831,#1470,.T.);
#2333=EDGE_CURVE('',#1832,#1833,#440,.T.);
#2334=EDGE_CURVE('',#1832,#1834,#1471,.T.);
#2335=EDGE_CURVE('',#1835,#1833,#1472,.T.);
#2336=EDGE_CURVE('',#1834,#1835,#441,.T.);
#2337=EDGE_CURVE('',#1834,#1836,#1473,.T.);
#2338=EDGE_CURVE('',#1837,#1835,#1474,.T.);
#2339=EDGE_CURVE('',#1836,#1837,#442,.T.);
#2340=EDGE_CURVE('',#1836,#1838,#1475,.T.);
#2341=EDGE_CURVE('',#1839,#1837,#1476,.T.);
#2342=EDGE_CURVE('',#1838,#1839,#443,.T.);
#2343=EDGE_CURVE('',#1838,#1840,#1477,.T.);
#2344=EDGE_CURVE('',#1841,#1839,#1478,.T.);
#2345=EDGE_CURVE('',#1840,#1841,#444,.T.);
#2346=EDGE_CURVE('',#1840,#1842,#1479,.T.);
#2347=EDGE_CURVE('',#1843,#1841,#1480,.T.);
#2348=EDGE_CURVE('',#1842,#1843,#445,.T.);
#2349=EDGE_CURVE('',#1842,#1844,#1481,.T.);
#2350=EDGE_CURVE('',#1845,#1843,#1482,.T.);
#2351=EDGE_CURVE('',#1844,#1845,#446,.T.);
#2352=EDGE_CURVE('',#1844,#1846,#1483,.T.);
#2353=EDGE_CURVE('',#1847,#1845,#1484,.T.);
#2354=EDGE_CURVE('',#1846,#1847,#447,.T.);
#2355=EDGE_CURVE('',#1846,#1848,#1485,.T.);
#2356=EDGE_CURVE('',#1849,#1847,#1486,.T.);
#2357=EDGE_CURVE('',#1848,#1849,#448,.T.);
#2358=EDGE_CURVE('',#1848,#1850,#1487,.T.);
#2359=EDGE_CURVE('',#1851,#1849,#1488,.T.);
#2360=EDGE_CURVE('',#1850,#1851,#449,.T.);
#2361=EDGE_CURVE('',#1850,#1852,#1489,.T.);
#2362=EDGE_CURVE('',#1853,#1851,#1490,.T.);
#2363=EDGE_CURVE('',#1852,#1853,#450,.T.);
#2364=EDGE_CURVE('',#1852,#1854,#1491,.T.);
#2365=EDGE_CURVE('',#1855,#1853,#1492,.T.);
#2366=EDGE_CURVE('',#1854,#1855,#451,.T.);
#2367=EDGE_CURVE('',#1854,#1856,#1493,.T.);
#2368=EDGE_CURVE('',#1857,#1855,#1494,.T.);
#2369=EDGE_CURVE('',#1856,#1857,#452,.T.);
#2370=EDGE_CURVE('',#1856,#1858,#1495,.T.);
#2371=EDGE_CURVE('',#1859,#1857,#1496,.T.);
#2372=EDGE_CURVE('',#1858,#1859,#453,.T.);
#2373=EDGE_CURVE('',#1858,#1816,#1497,.T.);
#2374=EDGE_CURVE('',#1818,#1859,#1498,.T.);
#2375=EDGE_CURVE('',#1860,#1861,#454,.T.);
#2376=EDGE_CURVE('',#1860,#1862,#455,.T.);
#2377=EDGE_CURVE('',#1863,#1862,#456,.T.);
#2378=EDGE_CURVE('',#1861,#1863,#457,.T.);
#2379=EDGE_CURVE('',#1861,#1864,#458,.T.);
#2380=EDGE_CURVE('',#1865,#1863,#459,.T.);
#2381=EDGE_CURVE('',#1864,#1865,#460,.T.);
#2382=EDGE_CURVE('',#1864,#1866,#1499,.T.);
#2383=EDGE_CURVE('',#1867,#1865,#1500,.T.);
#2384=EDGE_CURVE('',#1866,#1867,#461,.T.);
#2385=EDGE_CURVE('',#1866,#1868,#1501,.T.);
#2386=EDGE_CURVE('',#1869,#1867,#1502,.T.);
#2387=EDGE_CURVE('',#1868,#1869,#462,.T.);
#2388=EDGE_CURVE('',#1868,#1870,#1503,.T.);
#2389=EDGE_CURVE('',#1871,#1869,#1504,.T.);
#2390=EDGE_CURVE('',#1870,#1871,#463,.T.);
#2391=EDGE_CURVE('',#1870,#1872,#1505,.T.);
#2392=EDGE_CURVE('',#1873,#1871,#1506,.T.);
#2393=EDGE_CURVE('',#1872,#1873,#464,.T.);
#2394=EDGE_CURVE('',#1872,#1874,#1507,.T.);
#2395=EDGE_CURVE('',#1875,#1873,#1508,.T.);
#2396=EDGE_CURVE('',#1874,#1875,#465,.T.);
#2397=EDGE_CURVE('',#1874,#1876,#1509,.T.);
#2398=EDGE_CURVE('',#1877,#1875,#1510,.T.);
#2399=EDGE_CURVE('',#1876,#1877,#466,.T.);
#2400=EDGE_CURVE('',#1876,#1878,#1511,.T.);
#2401=EDGE_CURVE('',#1879,#1877,#1512,.T.);
#2402=EDGE_CURVE('',#1878,#1879,#467,.T.);
#2403=EDGE_CURVE('',#1878,#1880,#1513,.T.);
#2404=EDGE_CURVE('',#1881,#1879,#1514,.T.);
#2405=EDGE_CURVE('',#1880,#1881,#468,.T.);
#2406=EDGE_CURVE('',#1880,#1882,#1515,.T.);
#2407=EDGE_CURVE('',#1883,#1881,#1516,.T.);
#2408=EDGE_CURVE('',#1882,#1883,#469,.T.);
#2409=EDGE_CURVE('',#1882,#1884,#470,.T.);
#2410=EDGE_CURVE('',#1885,#1883,#471,.T.);
#2411=EDGE_CURVE('',#1884,#1885,#472,.T.);
#2412=EDGE_CURVE('',#1884,#1886,#1517,.T.);
#2413=EDGE_CURVE('',#1887,#1885,#1518,.T.);
#2414=EDGE_CURVE('',#1886,#1887,#473,.T.);
#2415=EDGE_CURVE('',#1886,#1888,#1519,.T.);
#2416=EDGE_CURVE('',#1889,#1887,#1520,.T.);
#2417=EDGE_CURVE('',#1888,#1889,#474,.T.);
#2418=EDGE_CURVE('',#1888,#1890,#1521,.T.);
#2419=EDGE_CURVE('',#1891,#1889,#1522,.T.);
#2420=EDGE_CURVE('',#1890,#1891,#475,.T.);
#2421=EDGE_CURVE('',#1890,#1892,#1523,.T.);
#2422=EDGE_CURVE('',#1893,#1891,#1524,.T.);
#2423=EDGE_CURVE('',#1892,#1893,#476,.T.);
#2424=EDGE_CURVE('',#1892,#1894,#1525,.T.);
#2425=EDGE_CURVE('',#1895,#1893,#1526,.T.);
#2426=EDGE_CURVE('',#1894,#1895,#477,.T.);
#2427=EDGE_CURVE('',#1894,#1896,#1527,.T.);
#2428=EDGE_CURVE('',#1897,#1895,#1528,.T.);
#2429=EDGE_CURVE('',#1896,#1897,#478,.T.);
#2430=EDGE_CURVE('',#1896,#1898,#1529,.T.);
#2431=EDGE_CURVE('',#1899,#1897,#1530,.T.);
#2432=EDGE_CURVE('',#1898,#1899,#479,.T.);
#2433=EDGE_CURVE('',#1898,#1900,#1531,.T.);
#2434=EDGE_CURVE('',#1901,#1899,#1532,.T.);
#2435=EDGE_CURVE('',#1900,#1901,#480,.T.);
#2436=EDGE_CURVE('',#1900,#1902,#1533,.T.);
#2437=EDGE_CURVE('',#1903,#1901,#1534,.T.);
#2438=EDGE_CURVE('',#1902,#1903,#481,.T.);
#2439=EDGE_CURVE('',#1902,#1860,#482,.T.);
#2440=EDGE_CURVE('',#1862,#1903,#483,.T.);
#2441=EDGE_CURVE('',#1904,#1905,#484,.T.);
#2442=EDGE_CURVE('',#1904,#1906,#485,.T.);
#2443=EDGE_CURVE('',#1907,#1906,#486,.T.);
#2444=EDGE_CURVE('',#1905,#1907,#487,.T.);
#2445=EDGE_CURVE('',#1905,#1908,#488,.T.);
#2446=EDGE_CURVE('',#1909,#1907,#489,.T.);
#2447=EDGE_CURVE('',#1908,#1909,#490,.T.);
#2448=EDGE_CURVE('',#1908,#1910,#1535,.T.);
#2449=EDGE_CURVE('',#1911,#1909,#1536,.T.);
#2450=EDGE_CURVE('',#1910,#1911,#491,.T.);
#2451=EDGE_CURVE('',#1910,#1912,#1537,.T.);
#2452=EDGE_CURVE('',#1913,#1911,#1538,.T.);
#2453=EDGE_CURVE('',#1912,#1913,#492,.T.);
#2454=EDGE_CURVE('',#1912,#1914,#1539,.T.);
#2455=EDGE_CURVE('',#1915,#1913,#1540,.T.);
#2456=EDGE_CURVE('',#1914,#1915,#493,.T.);
#2457=EDGE_CURVE('',#1914,#1916,#1541,.T.);
#2458=EDGE_CURVE('',#1917,#1915,#1542,.T.);
#2459=EDGE_CURVE('',#1916,#1917,#494,.T.);
#2460=EDGE_CURVE('',#1916,#1918,#1543,.T.);
#2461=EDGE_CURVE('',#1919,#1917,#1544,.T.);
#2462=EDGE_CURVE('',#1918,#1919,#495,.T.);
#2463=EDGE_CURVE('',#1918,#1920,#1545,.T.);
#2464=EDGE_CURVE('',#1921,#1919,#1546,.T.);
#2465=EDGE_CURVE('',#1920,#1921,#496,.T.);
#2466=EDGE_CURVE('',#1920,#1922,#1547,.T.);
#2467=EDGE_CURVE('',#1923,#1921,#1548,.T.);
#2468=EDGE_CURVE('',#1922,#1923,#497,.T.);
#2469=EDGE_CURVE('',#1922,#1924,#1549,.T.);
#2470=EDGE_CURVE('',#1925,#1923,#1550,.T.);
#2471=EDGE_CURVE('',#1924,#1925,#498,.T.);
#2472=EDGE_CURVE('',#1924,#1926,#1551,.T.);
#2473=EDGE_CURVE('',#1927,#1925,#1552,.T.);
#2474=EDGE_CURVE('',#1926,#1927,#499,.T.);
#2475=EDGE_CURVE('',#1926,#1928,#500,.T.);
#2476=EDGE_CURVE('',#1929,#1927,#501,.T.);
#2477=EDGE_CURVE('',#1928,#1929,#502,.T.);
#2478=EDGE_CURVE('',#1928,#1930,#1553,.T.);
#2479=EDGE_CURVE('',#1931,#1929,#1554,.T.);
#2480=EDGE_CURVE('',#1930,#1931,#503,.T.);
#2481=EDGE_CURVE('',#1930,#1932,#1555,.T.);
#2482=EDGE_CURVE('',#1933,#1931,#1556,.T.);
#2483=EDGE_CURVE('',#1932,#1933,#504,.T.);
#2484=EDGE_CURVE('',#1932,#1934,#1557,.T.);
#2485=EDGE_CURVE('',#1935,#1933,#1558,.T.);
#2486=EDGE_CURVE('',#1934,#1935,#505,.T.);
#2487=EDGE_CURVE('',#1934,#1936,#1559,.T.);
#2488=EDGE_CURVE('',#1937,#1935,#1560,.T.);
#2489=EDGE_CURVE('',#1936,#1937,#506,.T.);
#2490=EDGE_CURVE('',#1936,#1938,#1561,.T.);
#2491=EDGE_CURVE('',#1939,#1937,#1562,.T.);
#2492=EDGE_CURVE('',#1938,#1939,#507,.T.);
#2493=EDGE_CURVE('',#1938,#1940,#1563,.T.);
#2494=EDGE_CURVE('',#1941,#1939,#1564,.T.);
#2495=EDGE_CURVE('',#1940,#1941,#508,.T.);
#2496=EDGE_CURVE('',#1940,#1942,#1565,.T.);
#2497=EDGE_CURVE('',#1943,#1941,#1566,.T.);
#2498=EDGE_CURVE('',#1942,#1943,#509,.T.);
#2499=EDGE_CURVE('',#1942,#1944,#1567,.T.);
#2500=EDGE_CURVE('',#1945,#1943,#1568,.T.);
#2501=EDGE_CURVE('',#1944,#1945,#510,.T.);
#2502=EDGE_CURVE('',#1944,#1946,#1569,.T.);
#2503=EDGE_CURVE('',#1947,#1945,#1570,.T.);
#2504=EDGE_CURVE('',#1946,#1947,#511,.T.);
#2505=EDGE_CURVE('',#1946,#1904,#512,.T.);
#2506=EDGE_CURVE('',#1906,#1947,#513,.T.);
#2507=EDGE_CURVE('',#1948,#1949,#1571,.T.);
#2508=EDGE_CURVE('',#1948,#1950,#514,.T.);
#2509=EDGE_CURVE('',#1951,#1950,#1572,.T.);
#2510=EDGE_CURVE('',#1949,#1951,#515,.T.);
#2511=EDGE_CURVE('',#1949,#1952,#1573,.T.);
#2512=EDGE_CURVE('',#1953,#1951,#1574,.T.);
#2513=EDGE_CURVE('',#1952,#1953,#516,.T.);
#2514=EDGE_CURVE('',#1952,#1954,#1575,.T.);
#2515=EDGE_CURVE('',#1955,#1953,#1576,.T.);
#2516=EDGE_CURVE('',#1954,#1955,#517,.T.);
#2517=EDGE_CURVE('',#1954,#1956,#1577,.T.);
#2518=EDGE_CURVE('',#1957,#1955,#1578,.T.);
#2519=EDGE_CURVE('',#1956,#1957,#518,.T.);
#2520=EDGE_CURVE('',#1956,#1958,#1579,.T.);
#2521=EDGE_CURVE('',#1959,#1957,#1580,.T.);
#2522=EDGE_CURVE('',#1958,#1959,#519,.T.);
#2523=EDGE_CURVE('',#1958,#1960,#1581,.T.);
#2524=EDGE_CURVE('',#1961,#1959,#1582,.T.);
#2525=EDGE_CURVE('',#1960,#1961,#520,.T.);
#2526=EDGE_CURVE('',#1960,#1962,#1583,.T.);
#2527=EDGE_CURVE('',#1963,#1961,#1584,.T.);
#2528=EDGE_CURVE('',#1962,#1963,#521,.T.);
#2529=EDGE_CURVE('',#1962,#1964,#1585,.T.);
#2530=EDGE_CURVE('',#1965,#1963,#1586,.T.);
#2531=EDGE_CURVE('',#1964,#1965,#522,.T.);
#2532=EDGE_CURVE('',#1964,#1948,#1587,.T.);
#2533=EDGE_CURVE('',#1950,#1965,#1588,.T.);
#2534=EDGE_CURVE('',#1966,#1967,#523,.T.);
#2535=EDGE_CURVE('',#1966,#1968,#524,.T.);
#2536=EDGE_CURVE('',#1969,#1968,#525,.T.);
#2537=EDGE_CURVE('',#1967,#1969,#526,.T.);
#2538=EDGE_CURVE('',#1967,#1970,#1589,.T.);
#2539=EDGE_CURVE('',#1971,#1969,#1590,.T.);
#2540=EDGE_CURVE('',#1970,#1971,#527,.T.);
#2541=EDGE_CURVE('',#1970,#1972,#1591,.T.);
#2542=EDGE_CURVE('',#1973,#1971,#1592,.T.);
#2543=EDGE_CURVE('',#1972,#1973,#528,.T.);
#2544=EDGE_CURVE('',#1972,#1974,#1593,.T.);
#2545=EDGE_CURVE('',#1975,#1973,#1594,.T.);
#2546=EDGE_CURVE('',#1974,#1975,#529,.T.);
#2547=EDGE_CURVE('',#1974,#1976,#1595,.T.);
#2548=EDGE_CURVE('',#1977,#1975,#1596,.T.);
#2549=EDGE_CURVE('',#1976,#1977,#530,.T.);
#2550=EDGE_CURVE('',#1976,#1978,#1597,.T.);
#2551=EDGE_CURVE('',#1979,#1977,#1598,.T.);
#2552=EDGE_CURVE('',#1978,#1979,#531,.T.);
#2553=EDGE_CURVE('',#1978,#1980,#1599,.T.);
#2554=EDGE_CURVE('',#1981,#1979,#1600,.T.);
#2555=EDGE_CURVE('',#1980,#1981,#532,.T.);
#2556=EDGE_CURVE('',#1980,#1982,#1601,.T.);
#2557=EDGE_CURVE('',#1983,#1981,#1602,.T.);
#2558=EDGE_CURVE('',#1982,#1983,#533,.T.);
#2559=EDGE_CURVE('',#1982,#1984,#1603,.T.);
#2560=EDGE_CURVE('',#1985,#1983,#1604,.T.);
#2561=EDGE_CURVE('',#1984,#1985,#534,.T.);
#2562=EDGE_CURVE('',#1984,#1986,#1605,.T.);
#2563=EDGE_CURVE('',#1987,#1985,#1606,.T.);
#2564=EDGE_CURVE('',#1986,#1987,#535,.T.);
#2565=EDGE_CURVE('',#1986,#1988,#1607,.T.);
#2566=EDGE_CURVE('',#1989,#1987,#1608,.T.);
#2567=EDGE_CURVE('',#1988,#1989,#536,.T.);
#2568=EDGE_CURVE('',#1988,#1990,#1609,.T.);
#2569=EDGE_CURVE('',#1991,#1989,#1610,.T.);
#2570=EDGE_CURVE('',#1990,#1991,#537,.T.);
#2571=EDGE_CURVE('',#1990,#1992,#1611,.T.);
#2572=EDGE_CURVE('',#1993,#1991,#1612,.T.);
#2573=EDGE_CURVE('',#1992,#1993,#538,.T.);
#2574=EDGE_CURVE('',#1992,#1994,#1613,.T.);
#2575=EDGE_CURVE('',#1995,#1993,#1614,.T.);
#2576=EDGE_CURVE('',#1994,#1995,#539,.T.);
#2577=EDGE_CURVE('',#1994,#1996,#1615,.T.);
#2578=EDGE_CURVE('',#1997,#1995,#1616,.T.);
#2579=EDGE_CURVE('',#1996,#1997,#540,.T.);
#2580=EDGE_CURVE('',#1996,#1998,#1617,.T.);
#2581=EDGE_CURVE('',#1999,#1997,#1618,.T.);
#2582=EDGE_CURVE('',#1998,#1999,#541,.T.);
#2583=EDGE_CURVE('',#1998,#2000,#1619,.T.);
#2584=EDGE_CURVE('',#2001,#1999,#1620,.T.);
#2585=EDGE_CURVE('',#2000,#2001,#542,.T.);
#2586=EDGE_CURVE('',#2000,#2002,#1621,.T.);
#2587=EDGE_CURVE('',#2003,#2001,#1622,.T.);
#2588=EDGE_CURVE('',#2002,#2003,#543,.T.);
#2589=EDGE_CURVE('',#2002,#1966,#1623,.T.);
#2590=EDGE_CURVE('',#1968,#2003,#1624,.T.);
#2591=ORIENTED_EDGE('',*,*,#2004,.T.);
#2592=ORIENTED_EDGE('',*,*,#2005,.T.);
#2593=ORIENTED_EDGE('',*,*,#2006,.T.);
#2594=ORIENTED_EDGE('',*,*,#2007,.T.);
#2595=ORIENTED_EDGE('',*,*,#2008,.T.);
#2596=ORIENTED_EDGE('',*,*,#2009,.T.);
#2597=ORIENTED_EDGE('',*,*,#2010,.T.);
#2598=ORIENTED_EDGE('',*,*,#2011,.T.);
#2599=ORIENTED_EDGE('',*,*,#2012,.T.);
#2600=ORIENTED_EDGE('',*,*,#2008,.F.);
#2601=ORIENTED_EDGE('',*,*,#2013,.T.);
#2602=ORIENTED_EDGE('',*,*,#2004,.F.);
#2603=ORIENTED_EDGE('',*,*,#2014,.T.);
#2604=ORIENTED_EDGE('',*,*,#2015,.F.);
#2605=ORIENTED_EDGE('',*,*,#2016,.F.);
#2606=ORIENTED_EDGE('',*,*,#2017,.T.);
#2607=ORIENTED_EDGE('',*,*,#2018,.F.);
#2608=ORIENTED_EDGE('',*,*,#2006,.F.);
#2609=ORIENTED_EDGE('',*,*,#2019,.F.);
#2610=ORIENTED_EDGE('',*,*,#2020,.F.);
#2611=ORIENTED_EDGE('',*,*,#2021,.F.);
#2612=ORIENTED_EDGE('',*,*,#2010,.F.);
#2613=ORIENTED_EDGE('',*,*,#2022,.F.);
#2614=ORIENTED_EDGE('',*,*,#2023,.F.);
#2615=ORIENTED_EDGE('',*,*,#2014,.F.);
#2616=ORIENTED_EDGE('',*,*,#2009,.F.);
#2617=ORIENTED_EDGE('',*,*,#2024,.T.);
#2618=ORIENTED_EDGE('',*,*,#2025,.F.);
#2619=ORIENTED_EDGE('',*,*,#2022,.T.);
#2620=ORIENTED_EDGE('',*,*,#2012,.F.);
#2621=ORIENTED_EDGE('',*,*,#2026,.F.);
#2622=ORIENTED_EDGE('',*,*,#2027,.F.);
#2623=ORIENTED_EDGE('',*,*,#2024,.F.);
#2624=ORIENTED_EDGE('',*,*,#2011,.F.);
#2625=ORIENTED_EDGE('',*,*,#2028,.T.);
#2626=ORIENTED_EDGE('',*,*,#2029,.F.);
#2627=ORIENTED_EDGE('',*,*,#2030,.T.);
#2628=ORIENTED_EDGE('',*,*,#2031,.F.);
#2629=ORIENTED_EDGE('',*,*,#2032,.T.);
#2630=ORIENTED_EDGE('',*,*,#2033,.F.);
#2631=ORIENTED_EDGE('',*,*,#2026,.T.);
#2632=ORIENTED_EDGE('',*,*,#2034,.T.);
#2633=ORIENTED_EDGE('',*,*,#2015,.T.);
#2634=ORIENTED_EDGE('',*,*,#2023,.T.);
#2635=ORIENTED_EDGE('',*,*,#2025,.T.);
#2636=ORIENTED_EDGE('',*,*,#2035,.T.);
#2637=ORIENTED_EDGE('',*,*,#2036,.T.);
#2638=ORIENTED_EDGE('',*,*,#2037,.T.);
#2639=ORIENTED_EDGE('',*,*,#2033,.T.);
#2640=ORIENTED_EDGE('',*,*,#2038,.T.);
#2641=ORIENTED_EDGE('',*,*,#2035,.F.);
#2642=ORIENTED_EDGE('',*,*,#2027,.T.);
#2643=ORIENTED_EDGE('',*,*,#2034,.F.);
#2644=ORIENTED_EDGE('',*,*,#2039,.T.);
#2645=ORIENTED_EDGE('',*,*,#2040,.F.);
#2646=ORIENTED_EDGE('',*,*,#2041,.T.);
#2647=ORIENTED_EDGE('',*,*,#2042,.T.);
#2648=ORIENTED_EDGE('',*,*,#2016,.T.);
#2649=ORIENTED_EDGE('',*,*,#2037,.F.);
#2650=ORIENTED_EDGE('',*,*,#2043,.F.);
#2651=ORIENTED_EDGE('',*,*,#2044,.F.);
#2652=ORIENTED_EDGE('',*,*,#2039,.F.);
#2653=ORIENTED_EDGE('',*,*,#2036,.F.);
#2654=ORIENTED_EDGE('',*,*,#2045,.T.);
#2655=ORIENTED_EDGE('',*,*,#2046,.F.);
#2656=ORIENTED_EDGE('',*,*,#2043,.T.);
#2657=ORIENTED_EDGE('',*,*,#2038,.F.);
#2658=ORIENTED_EDGE('',*,*,#2032,.F.);
#2659=ORIENTED_EDGE('',*,*,#2047,.F.);
#2660=ORIENTED_EDGE('',*,*,#2045,.F.);
#2661=ORIENTED_EDGE('',*,*,#2048,.T.);
#2662=ORIENTED_EDGE('',*,*,#2040,.T.);
#2663=ORIENTED_EDGE('',*,*,#2044,.T.);
#2664=ORIENTED_EDGE('',*,*,#2046,.T.);
#2665=ORIENTED_EDGE('',*,*,#2049,.T.);
#2666=ORIENTED_EDGE('',*,*,#2050,.T.);
#2667=ORIENTED_EDGE('',*,*,#2051,.T.);
#2668=ORIENTED_EDGE('',*,*,#2031,.T.);
#2669=ORIENTED_EDGE('',*,*,#2052,.T.);
#2670=ORIENTED_EDGE('',*,*,#2049,.F.);
#2671=ORIENTED_EDGE('',*,*,#2047,.T.);
#2672=ORIENTED_EDGE('',*,*,#2052,.F.);
#2673=ORIENTED_EDGE('',*,*,#2030,.F.);
#2674=ORIENTED_EDGE('',*,*,#2053,.F.);
#2675=ORIENTED_EDGE('',*,*,#2054,.F.);
#2676=ORIENTED_EDGE('',*,*,#2055,.T.);
#2677=ORIENTED_EDGE('',*,*,#2056,.T.);
#2678=ORIENTED_EDGE('',*,*,#2057,.T.);
#2679=ORIENTED_EDGE('',*,*,#2058,.T.);
#2680=ORIENTED_EDGE('',*,*,#2059,.T.);
#2681=ORIENTED_EDGE('',*,*,#2020,.T.);
#2682=ORIENTED_EDGE('',*,*,#2060,.T.);
#2683=ORIENTED_EDGE('',*,*,#2029,.T.);
#2684=ORIENTED_EDGE('',*,*,#2061,.T.);
#2685=ORIENTED_EDGE('',*,*,#2058,.F.);
#2686=ORIENTED_EDGE('',*,*,#2053,.T.);
#2687=ORIENTED_EDGE('',*,*,#2048,.F.);
#2688=ORIENTED_EDGE('',*,*,#2062,.T.);
#2689=ORIENTED_EDGE('',*,*,#2055,.F.);
#2690=ORIENTED_EDGE('',*,*,#2063,.T.);
#2691=ORIENTED_EDGE('',*,*,#2064,.T.);
#2692=ORIENTED_EDGE('',*,*,#2041,.F.);
#2693=ORIENTED_EDGE('',*,*,#2005,.F.);
#2694=ORIENTED_EDGE('',*,*,#2018,.T.);
#2695=ORIENTED_EDGE('',*,*,#2065,.T.);
#2696=ORIENTED_EDGE('',*,*,#2063,.F.);
#2697=ORIENTED_EDGE('',*,*,#2060,.F.);
#2698=ORIENTED_EDGE('',*,*,#2019,.T.);
#2699=ORIENTED_EDGE('',*,*,#2051,.F.);
#2700=ORIENTED_EDGE('',*,*,#2066,.F.);
#2701=ORIENTED_EDGE('',*,*,#2056,.F.);
#2702=ORIENTED_EDGE('',*,*,#2062,.F.);
#2703=ORIENTED_EDGE('',*,*,#2007,.F.);
#2704=ORIENTED_EDGE('',*,*,#2021,.T.);
#2705=ORIENTED_EDGE('',*,*,#2059,.F.);
#2706=ORIENTED_EDGE('',*,*,#2067,.T.);
#2707=ORIENTED_EDGE('',*,*,#2050,.F.);
#2708=ORIENTED_EDGE('',*,*,#2054,.T.);
#2709=ORIENTED_EDGE('',*,*,#2057,.F.);
#2710=ORIENTED_EDGE('',*,*,#2066,.T.);
#2711=ORIENTED_EDGE('',*,*,#2017,.F.);
#2712=ORIENTED_EDGE('',*,*,#2068,.T.);
#2713=ORIENTED_EDGE('',*,*,#2069,.T.);
#2714=ORIENTED_EDGE('',*,*,#2070,.F.);
#2715=ORIENTED_EDGE('',*,*,#2042,.F.);
#2716=ORIENTED_EDGE('',*,*,#2071,.T.);
#2717=ORIENTED_EDGE('',*,*,#2072,.T.);
#2718=ORIENTED_EDGE('',*,*,#2068,.F.);
#2719=ORIENTED_EDGE('',*,*,#2064,.F.);
#2720=ORIENTED_EDGE('',*,*,#2073,.T.);
#2721=ORIENTED_EDGE('',*,*,#2074,.T.);
#2722=ORIENTED_EDGE('',*,*,#2071,.F.);
#2723=ORIENTED_EDGE('',*,*,#2065,.F.);
#2724=ORIENTED_EDGE('',*,*,#2070,.T.);
#2725=ORIENTED_EDGE('',*,*,#2075,.T.);
#2726=ORIENTED_EDGE('',*,*,#2073,.F.);
#2727=ORIENTED_EDGE('',*,*,#2069,.F.);
#2728=ORIENTED_EDGE('',*,*,#2072,.F.);
#2729=ORIENTED_EDGE('',*,*,#2074,.F.);
#2730=ORIENTED_EDGE('',*,*,#2075,.F.);
#2731=ORIENTED_EDGE('',*,*,#2013,.F.);
#2732=ORIENTED_EDGE('',*,*,#2067,.F.);
#2733=ORIENTED_EDGE('',*,*,#2061,.F.);
#2734=ORIENTED_EDGE('',*,*,#2028,.F.);
#2735=ORIENTED_EDGE('',*,*,#2076,.T.);
#2736=ORIENTED_EDGE('',*,*,#2077,.T.);
#2737=ORIENTED_EDGE('',*,*,#2078,.T.);
#2738=ORIENTED_EDGE('',*,*,#2079,.T.);
#2739=ORIENTED_EDGE('',*,*,#2080,.T.);
#2740=ORIENTED_EDGE('',*,*,#2081,.T.);
#2741=ORIENTED_EDGE('',*,*,#2082,.T.);
#2742=ORIENTED_EDGE('',*,*,#2083,.T.);
#2743=ORIENTED_EDGE('',*,*,#2084,.T.);
#2744=ORIENTED_EDGE('',*,*,#2079,.F.);
#2745=ORIENTED_EDGE('',*,*,#2085,.T.);
#2746=ORIENTED_EDGE('',*,*,#2078,.F.);
#2747=ORIENTED_EDGE('',*,*,#2086,.T.);
#2748=ORIENTED_EDGE('',*,*,#2087,.F.);
#2749=ORIENTED_EDGE('',*,*,#2088,.T.);
#2750=ORIENTED_EDGE('',*,*,#2076,.F.);
#2751=ORIENTED_EDGE('',*,*,#2089,.F.);
#2752=ORIENTED_EDGE('',*,*,#2090,.T.);
#2753=ORIENTED_EDGE('',*,*,#2091,.F.);
#2754=ORIENTED_EDGE('',*,*,#2092,.F.);
#2755=ORIENTED_EDGE('',*,*,#2093,.T.);
#2756=ORIENTED_EDGE('',*,*,#2082,.F.);
#2757=ORIENTED_EDGE('',*,*,#2094,.T.);
#2758=ORIENTED_EDGE('',*,*,#2095,.F.);
#2759=ORIENTED_EDGE('',*,*,#2096,.F.);
#2760=ORIENTED_EDGE('',*,*,#2097,.T.);
#2761=ORIENTED_EDGE('',*,*,#2089,.T.);
#2762=ORIENTED_EDGE('',*,*,#2081,.F.);
#2763=ORIENTED_EDGE('',*,*,#2098,.F.);
#2764=ORIENTED_EDGE('',*,*,#2099,.F.);
#2765=ORIENTED_EDGE('',*,*,#2094,.F.);
#2766=ORIENTED_EDGE('',*,*,#2077,.F.);
#2767=ORIENTED_EDGE('',*,*,#2093,.F.);
#2768=ORIENTED_EDGE('',*,*,#2100,.F.);
#2769=ORIENTED_EDGE('',*,*,#2086,.F.);
#2770=ORIENTED_EDGE('',*,*,#2092,.T.);
#2771=ORIENTED_EDGE('',*,*,#2101,.T.);
#2772=ORIENTED_EDGE('',*,*,#2102,.T.);
#2773=ORIENTED_EDGE('',*,*,#2103,.T.);
#2774=ORIENTED_EDGE('',*,*,#2104,.T.);
#2775=ORIENTED_EDGE('',*,*,#2087,.T.);
#2776=ORIENTED_EDGE('',*,*,#2100,.T.);
#2777=ORIENTED_EDGE('',*,*,#2105,.T.);
#2778=ORIENTED_EDGE('',*,*,#2106,.T.);
#2779=ORIENTED_EDGE('',*,*,#2104,.F.);
#2780=ORIENTED_EDGE('',*,*,#2107,.T.);
#2781=ORIENTED_EDGE('',*,*,#2102,.F.);
#2782=ORIENTED_EDGE('',*,*,#2108,.F.);
#2783=ORIENTED_EDGE('',*,*,#2109,.F.);
#2784=ORIENTED_EDGE('',*,*,#2110,.F.);
#2785=ORIENTED_EDGE('',*,*,#2085,.F.);
#2786=ORIENTED_EDGE('',*,*,#2088,.F.);
#2787=ORIENTED_EDGE('',*,*,#2106,.F.);
#2788=ORIENTED_EDGE('',*,*,#2111,.T.);
#2789=ORIENTED_EDGE('',*,*,#2083,.F.);
#2790=ORIENTED_EDGE('',*,*,#2111,.F.);
#2791=ORIENTED_EDGE('',*,*,#2105,.F.);
#2792=ORIENTED_EDGE('',*,*,#2112,.F.);
#2793=ORIENTED_EDGE('',*,*,#2113,.F.);
#2794=ORIENTED_EDGE('',*,*,#2114,.F.);
#2795=ORIENTED_EDGE('',*,*,#2115,.F.);
#2796=ORIENTED_EDGE('',*,*,#2116,.F.);
#2797=ORIENTED_EDGE('',*,*,#2117,.T.);
#2798=ORIENTED_EDGE('',*,*,#2118,.T.);
#2799=ORIENTED_EDGE('',*,*,#2119,.T.);
#2800=ORIENTED_EDGE('',*,*,#2120,.T.);
#2801=ORIENTED_EDGE('',*,*,#2121,.T.);
#2802=ORIENTED_EDGE('',*,*,#2109,.T.);
#2803=ORIENTED_EDGE('',*,*,#2122,.T.);
#2804=ORIENTED_EDGE('',*,*,#2113,.T.);
#2805=ORIENTED_EDGE('',*,*,#2123,.T.);
#2806=ORIENTED_EDGE('',*,*,#2120,.F.);
#2807=ORIENTED_EDGE('',*,*,#2124,.T.);
#2808=ORIENTED_EDGE('',*,*,#2117,.F.);
#2809=ORIENTED_EDGE('',*,*,#2125,.F.);
#2810=ORIENTED_EDGE('',*,*,#2126,.T.);
#2811=ORIENTED_EDGE('',*,*,#2096,.T.);
#2812=ORIENTED_EDGE('',*,*,#2127,.F.);
#2813=ORIENTED_EDGE('',*,*,#2128,.T.);
#2814=ORIENTED_EDGE('',*,*,#2101,.F.);
#2815=ORIENTED_EDGE('',*,*,#2091,.T.);
#2816=ORIENTED_EDGE('',*,*,#2129,.T.);
#2817=ORIENTED_EDGE('',*,*,#2125,.T.);
#2818=ORIENTED_EDGE('',*,*,#2122,.F.);
#2819=ORIENTED_EDGE('',*,*,#2108,.T.);
#2820=ORIENTED_EDGE('',*,*,#2118,.F.);
#2821=ORIENTED_EDGE('',*,*,#2128,.F.);
#2822=ORIENTED_EDGE('',*,*,#2130,.F.);
#2823=ORIENTED_EDGE('',*,*,#2131,.F.);
#2824=ORIENTED_EDGE('',*,*,#2103,.F.);
#2825=ORIENTED_EDGE('',*,*,#2110,.T.);
#2826=ORIENTED_EDGE('',*,*,#2121,.F.);
#2827=ORIENTED_EDGE('',*,*,#2132,.T.);
#2828=ORIENTED_EDGE('',*,*,#2127,.T.);
#2829=ORIENTED_EDGE('',*,*,#2095,.T.);
#2830=ORIENTED_EDGE('',*,*,#2099,.T.);
#2831=ORIENTED_EDGE('',*,*,#2133,.T.);
#2832=ORIENTED_EDGE('',*,*,#2134,.T.);
#2833=ORIENTED_EDGE('',*,*,#2135,.T.);
#2834=ORIENTED_EDGE('',*,*,#2130,.T.);
#2835=ORIENTED_EDGE('',*,*,#2115,.T.);
#2836=ORIENTED_EDGE('',*,*,#2136,.T.);
#2837=ORIENTED_EDGE('',*,*,#2134,.F.);
#2838=ORIENTED_EDGE('',*,*,#2137,.T.);
#2839=ORIENTED_EDGE('',*,*,#2119,.F.);
#2840=ORIENTED_EDGE('',*,*,#2131,.T.);
#2841=ORIENTED_EDGE('',*,*,#2135,.F.);
#2842=ORIENTED_EDGE('',*,*,#2138,.T.);
#2843=ORIENTED_EDGE('',*,*,#2124,.F.);
#2844=ORIENTED_EDGE('',*,*,#2138,.F.);
#2845=ORIENTED_EDGE('',*,*,#2136,.F.);
#2846=ORIENTED_EDGE('',*,*,#2114,.T.);
#2847=ORIENTED_EDGE('',*,*,#2084,.F.);
#2848=ORIENTED_EDGE('',*,*,#2116,.T.);
#2849=ORIENTED_EDGE('',*,*,#2137,.F.);
#2850=ORIENTED_EDGE('',*,*,#2139,.F.);
#2851=ORIENTED_EDGE('',*,*,#2080,.F.);
#2852=ORIENTED_EDGE('',*,*,#2139,.T.);
#2853=ORIENTED_EDGE('',*,*,#2133,.F.);
#2854=ORIENTED_EDGE('',*,*,#2098,.T.);
#2855=ORIENTED_EDGE('',*,*,#2107,.F.);
#2856=ORIENTED_EDGE('',*,*,#2132,.F.);
#2857=ORIENTED_EDGE('',*,*,#2123,.F.);
#2858=ORIENTED_EDGE('',*,*,#2112,.T.);
#2859=ORIENTED_EDGE('',*,*,#2126,.F.);
#2860=ORIENTED_EDGE('',*,*,#2140,.F.);
#2861=ORIENTED_EDGE('',*,*,#2141,.F.);
#2862=ORIENTED_EDGE('',*,*,#2142,.T.);
#2863=ORIENTED_EDGE('',*,*,#2129,.F.);
#2864=ORIENTED_EDGE('',*,*,#2143,.F.);
#2865=ORIENTED_EDGE('',*,*,#2144,.F.);
#2866=ORIENTED_EDGE('',*,*,#2140,.T.);
#2867=ORIENTED_EDGE('',*,*,#2097,.F.);
#2868=ORIENTED_EDGE('',*,*,#2142,.F.);
#2869=ORIENTED_EDGE('',*,*,#2145,.F.);
#2870=ORIENTED_EDGE('',*,*,#2146,.T.);
#2871=ORIENTED_EDGE('',*,*,#2090,.F.);
#2872=ORIENTED_EDGE('',*,*,#2146,.F.);
#2873=ORIENTED_EDGE('',*,*,#2147,.F.);
#2874=ORIENTED_EDGE('',*,*,#2143,.T.);
#2875=ORIENTED_EDGE('',*,*,#2147,.T.);
#2876=ORIENTED_EDGE('',*,*,#2145,.T.);
#2877=ORIENTED_EDGE('',*,*,#2141,.T.);
#2878=ORIENTED_EDGE('',*,*,#2144,.T.);
#2879=ORIENTED_EDGE('',*,*,#2148,.F.);
#2880=ORIENTED_EDGE('',*,*,#2149,.T.);
#2881=ORIENTED_EDGE('',*,*,#2150,.F.);
#2882=ORIENTED_EDGE('',*,*,#2149,.F.);
#2883=ORIENTED_EDGE('',*,*,#2151,.F.);
#2884=ORIENTED_EDGE('',*,*,#2148,.T.);
#2885=ORIENTED_EDGE('',*,*,#2152,.T.);
#2886=ORIENTED_EDGE('',*,*,#2153,.T.);
#2887=ORIENTED_EDGE('',*,*,#2154,.T.);
#2888=ORIENTED_EDGE('',*,*,#2153,.F.);
#2889=ORIENTED_EDGE('',*,*,#2152,.F.);
#2890=ORIENTED_EDGE('',*,*,#2155,.F.);
#2891=ORIENTED_EDGE('',*,*,#2154,.F.);
#2892=ORIENTED_EDGE('',*,*,#2156,.T.);
#2893=ORIENTED_EDGE('',*,*,#2157,.T.);
#2894=ORIENTED_EDGE('',*,*,#2156,.F.);
#2895=ORIENTED_EDGE('',*,*,#2155,.T.);
#2896=ORIENTED_EDGE('',*,*,#2158,.T.);
#2897=ORIENTED_EDGE('',*,*,#2159,.T.);
#2898=ORIENTED_EDGE('',*,*,#2160,.T.);
#2899=ORIENTED_EDGE('',*,*,#2158,.F.);
#2900=ORIENTED_EDGE('',*,*,#2160,.F.);
#2901=ORIENTED_EDGE('',*,*,#2161,.T.);
#2902=ORIENTED_EDGE('',*,*,#2151,.T.);
#2903=ORIENTED_EDGE('',*,*,#2161,.F.);
#2904=ORIENTED_EDGE('',*,*,#2159,.F.);
#2905=ORIENTED_EDGE('',*,*,#2150,.T.);
#2906=ORIENTED_EDGE('',*,*,#2162,.F.);
#2907=ORIENTED_EDGE('',*,*,#2163,.T.);
#2908=ORIENTED_EDGE('',*,*,#2164,.T.);
#2909=ORIENTED_EDGE('',*,*,#2163,.F.);
#2910=ORIENTED_EDGE('',*,*,#2162,.T.);
#2911=ORIENTED_EDGE('',*,*,#2157,.F.);
#2912=ORIENTED_EDGE('',*,*,#2164,.F.);
#2913=ORIENTED_EDGE('',*,*,#2165,.F.);
#2914=ORIENTED_EDGE('',*,*,#2166,.T.);
#2915=ORIENTED_EDGE('',*,*,#2167,.F.);
#2916=ORIENTED_EDGE('',*,*,#2166,.F.);
#2917=ORIENTED_EDGE('',*,*,#2168,.F.);
#2918=ORIENTED_EDGE('',*,*,#2169,.F.);
#2919=ORIENTED_EDGE('',*,*,#2170,.F.);
#2920=ORIENTED_EDGE('',*,*,#2171,.F.);
#2921=ORIENTED_EDGE('',*,*,#2172,.F.);
#2922=ORIENTED_EDGE('',*,*,#2173,.F.);
#2923=ORIENTED_EDGE('',*,*,#2165,.T.);
#2924=ORIENTED_EDGE('',*,*,#2167,.T.);
#2925=ORIENTED_EDGE('',*,*,#2174,.T.);
#2926=ORIENTED_EDGE('',*,*,#2175,.T.);
#2927=ORIENTED_EDGE('',*,*,#2176,.F.);
#2928=ORIENTED_EDGE('',*,*,#2177,.F.);
#2929=ORIENTED_EDGE('',*,*,#2178,.T.);
#2930=ORIENTED_EDGE('',*,*,#2179,.T.);
#2931=ORIENTED_EDGE('',*,*,#2180,.F.);
#2932=ORIENTED_EDGE('',*,*,#2175,.F.);
#2933=ORIENTED_EDGE('',*,*,#2170,.T.);
#2934=ORIENTED_EDGE('',*,*,#2181,.T.);
#2935=ORIENTED_EDGE('',*,*,#2182,.F.);
#2936=ORIENTED_EDGE('',*,*,#2183,.F.);
#2937=ORIENTED_EDGE('',*,*,#2169,.T.);
#2938=ORIENTED_EDGE('',*,*,#2184,.T.);
#2939=ORIENTED_EDGE('',*,*,#2185,.F.);
#2940=ORIENTED_EDGE('',*,*,#2181,.F.);
#2941=ORIENTED_EDGE('',*,*,#2178,.F.);
#2942=ORIENTED_EDGE('',*,*,#2174,.F.);
#2943=ORIENTED_EDGE('',*,*,#2186,.F.);
#2944=ORIENTED_EDGE('',*,*,#2187,.F.);
#2945=ORIENTED_EDGE('',*,*,#2188,.F.);
#2946=ORIENTED_EDGE('',*,*,#2189,.F.);
#2947=ORIENTED_EDGE('',*,*,#2189,.T.);
#2948=ORIENTED_EDGE('',*,*,#2190,.T.);
#2949=ORIENTED_EDGE('',*,*,#2191,.F.);
#2950=ORIENTED_EDGE('',*,*,#2179,.F.);
#2951=ORIENTED_EDGE('',*,*,#2168,.T.);
#2952=ORIENTED_EDGE('',*,*,#2192,.T.);
#2953=ORIENTED_EDGE('',*,*,#2193,.F.);
#2954=ORIENTED_EDGE('',*,*,#2184,.F.);
#2955=ORIENTED_EDGE('',*,*,#2194,.T.);
#2956=ORIENTED_EDGE('',*,*,#2195,.T.);
#2957=ORIENTED_EDGE('',*,*,#2176,.T.);
#2958=ORIENTED_EDGE('',*,*,#2196,.F.);
#2959=ORIENTED_EDGE('',*,*,#2197,.T.);
#2960=ORIENTED_EDGE('',*,*,#2198,.T.);
#2961=ORIENTED_EDGE('',*,*,#2199,.T.);
#2962=ORIENTED_EDGE('',*,*,#2195,.F.);
#2963=ORIENTED_EDGE('',*,*,#2200,.T.);
#2964=ORIENTED_EDGE('',*,*,#2201,.T.);
#2965=ORIENTED_EDGE('',*,*,#2202,.T.);
#2966=ORIENTED_EDGE('',*,*,#2198,.F.);
#2967=ORIENTED_EDGE('',*,*,#2203,.T.);
#2968=ORIENTED_EDGE('',*,*,#2204,.T.);
#2969=ORIENTED_EDGE('',*,*,#2205,.T.);
#2970=ORIENTED_EDGE('',*,*,#2201,.F.);
#2971=ORIENTED_EDGE('',*,*,#2191,.T.);
#2972=ORIENTED_EDGE('',*,*,#2204,.F.);
#2973=ORIENTED_EDGE('',*,*,#2206,.T.);
#2974=ORIENTED_EDGE('',*,*,#2207,.T.);
#2975=ORIENTED_EDGE('',*,*,#2180,.T.);
#2976=ORIENTED_EDGE('',*,*,#2207,.F.);
#2977=ORIENTED_EDGE('',*,*,#2208,.T.);
#2978=ORIENTED_EDGE('',*,*,#2196,.T.);
#2979=ORIENTED_EDGE('',*,*,#2194,.F.);
#2980=ORIENTED_EDGE('',*,*,#2208,.F.);
#2981=ORIENTED_EDGE('',*,*,#2206,.F.);
#2982=ORIENTED_EDGE('',*,*,#2203,.F.);
#2983=ORIENTED_EDGE('',*,*,#2200,.F.);
#2984=ORIENTED_EDGE('',*,*,#2197,.F.);
#2985=ORIENTED_EDGE('',*,*,#2209,.F.);
#2986=ORIENTED_EDGE('',*,*,#2210,.F.);
#2987=ORIENTED_EDGE('',*,*,#2211,.F.);
#2988=ORIENTED_EDGE('',*,*,#2212,.F.);
#2989=ORIENTED_EDGE('',*,*,#2213,.F.);
#2990=ORIENTED_EDGE('',*,*,#2214,.F.);
#2991=ORIENTED_EDGE('',*,*,#2209,.T.);
#2992=ORIENTED_EDGE('',*,*,#2215,.T.);
#2993=ORIENTED_EDGE('',*,*,#2216,.T.);
#2994=ORIENTED_EDGE('',*,*,#2217,.F.);
#2995=ORIENTED_EDGE('',*,*,#2214,.T.);
#2996=ORIENTED_EDGE('',*,*,#2218,.T.);
#2997=ORIENTED_EDGE('',*,*,#2219,.T.);
#2998=ORIENTED_EDGE('',*,*,#2215,.F.);
#2999=ORIENTED_EDGE('',*,*,#2213,.T.);
#3000=ORIENTED_EDGE('',*,*,#2220,.T.);
#3001=ORIENTED_EDGE('',*,*,#2221,.T.);
#3002=ORIENTED_EDGE('',*,*,#2218,.F.);
#3003=ORIENTED_EDGE('',*,*,#2212,.T.);
#3004=ORIENTED_EDGE('',*,*,#2222,.T.);
#3005=ORIENTED_EDGE('',*,*,#2193,.T.);
#3006=ORIENTED_EDGE('',*,*,#2220,.F.);
#3007=ORIENTED_EDGE('',*,*,#2185,.T.);
#3008=ORIENTED_EDGE('',*,*,#2222,.F.);
#3009=ORIENTED_EDGE('',*,*,#2211,.T.);
#3010=ORIENTED_EDGE('',*,*,#2223,.T.);
#3011=ORIENTED_EDGE('',*,*,#2182,.T.);
#3012=ORIENTED_EDGE('',*,*,#2223,.F.);
#3013=ORIENTED_EDGE('',*,*,#2210,.T.);
#3014=ORIENTED_EDGE('',*,*,#2217,.T.);
#3015=ORIENTED_EDGE('',*,*,#2171,.T.);
#3016=ORIENTED_EDGE('',*,*,#2183,.T.);
#3017=ORIENTED_EDGE('',*,*,#2216,.F.);
#3018=ORIENTED_EDGE('',*,*,#2224,.F.);
#3019=ORIENTED_EDGE('',*,*,#2172,.T.);
#3020=ORIENTED_EDGE('',*,*,#2224,.T.);
#3021=ORIENTED_EDGE('',*,*,#2219,.F.);
#3022=ORIENTED_EDGE('',*,*,#2225,.F.);
#3023=ORIENTED_EDGE('',*,*,#2173,.T.);
#3024=ORIENTED_EDGE('',*,*,#2225,.T.);
#3025=ORIENTED_EDGE('',*,*,#2221,.F.);
#3026=ORIENTED_EDGE('',*,*,#2192,.F.);
#3027=ORIENTED_EDGE('',*,*,#2186,.T.);
#3028=ORIENTED_EDGE('',*,*,#2177,.T.);
#3029=ORIENTED_EDGE('',*,*,#2199,.F.);
#3030=ORIENTED_EDGE('',*,*,#2226,.F.);
#3031=ORIENTED_EDGE('',*,*,#2187,.T.);
#3032=ORIENTED_EDGE('',*,*,#2226,.T.);
#3033=ORIENTED_EDGE('',*,*,#2202,.F.);
#3034=ORIENTED_EDGE('',*,*,#2227,.F.);
#3035=ORIENTED_EDGE('',*,*,#2188,.T.);
#3036=ORIENTED_EDGE('',*,*,#2227,.T.);
#3037=ORIENTED_EDGE('',*,*,#2205,.F.);
#3038=ORIENTED_EDGE('',*,*,#2190,.F.);
#3039=ORIENTED_EDGE('',*,*,#2228,.F.);
#3040=ORIENTED_EDGE('',*,*,#2229,.T.);
#3041=ORIENTED_EDGE('',*,*,#2230,.F.);
#3042=ORIENTED_EDGE('',*,*,#2231,.F.);
#3043=ORIENTED_EDGE('',*,*,#2232,.F.);
#3044=ORIENTED_EDGE('',*,*,#2231,.T.);
#3045=ORIENTED_EDGE('',*,*,#2233,.F.);
#3046=ORIENTED_EDGE('',*,*,#2234,.F.);
#3047=ORIENTED_EDGE('',*,*,#2235,.F.);
#3048=ORIENTED_EDGE('',*,*,#2234,.T.);
#3049=ORIENTED_EDGE('',*,*,#2236,.F.);
#3050=ORIENTED_EDGE('',*,*,#2237,.F.);
#3051=ORIENTED_EDGE('',*,*,#2238,.F.);
#3052=ORIENTED_EDGE('',*,*,#2237,.T.);
#3053=ORIENTED_EDGE('',*,*,#2239,.F.);
#3054=ORIENTED_EDGE('',*,*,#2240,.F.);
#3055=ORIENTED_EDGE('',*,*,#2241,.F.);
#3056=ORIENTED_EDGE('',*,*,#2240,.T.);
#3057=ORIENTED_EDGE('',*,*,#2242,.F.);
#3058=ORIENTED_EDGE('',*,*,#2243,.F.);
#3059=ORIENTED_EDGE('',*,*,#2244,.F.);
#3060=ORIENTED_EDGE('',*,*,#2243,.T.);
#3061=ORIENTED_EDGE('',*,*,#2245,.F.);
#3062=ORIENTED_EDGE('',*,*,#2246,.F.);
#3063=ORIENTED_EDGE('',*,*,#2247,.F.);
#3064=ORIENTED_EDGE('',*,*,#2246,.T.);
#3065=ORIENTED_EDGE('',*,*,#2248,.F.);
#3066=ORIENTED_EDGE('',*,*,#2249,.F.);
#3067=ORIENTED_EDGE('',*,*,#2250,.F.);
#3068=ORIENTED_EDGE('',*,*,#2249,.T.);
#3069=ORIENTED_EDGE('',*,*,#2251,.F.);
#3070=ORIENTED_EDGE('',*,*,#2252,.F.);
#3071=ORIENTED_EDGE('',*,*,#2253,.F.);
#3072=ORIENTED_EDGE('',*,*,#2252,.T.);
#3073=ORIENTED_EDGE('',*,*,#2254,.F.);
#3074=ORIENTED_EDGE('',*,*,#2255,.F.);
#3075=ORIENTED_EDGE('',*,*,#2256,.F.);
#3076=ORIENTED_EDGE('',*,*,#2255,.T.);
#3077=ORIENTED_EDGE('',*,*,#2257,.F.);
#3078=ORIENTED_EDGE('',*,*,#2229,.F.);
#3079=ORIENTED_EDGE('',*,*,#2257,.T.);
#3080=ORIENTED_EDGE('',*,*,#2254,.T.);
#3081=ORIENTED_EDGE('',*,*,#2251,.T.);
#3082=ORIENTED_EDGE('',*,*,#2248,.T.);
#3083=ORIENTED_EDGE('',*,*,#2245,.T.);
#3084=ORIENTED_EDGE('',*,*,#2242,.T.);
#3085=ORIENTED_EDGE('',*,*,#2239,.T.);
#3086=ORIENTED_EDGE('',*,*,#2236,.T.);
#3087=ORIENTED_EDGE('',*,*,#2233,.T.);
#3088=ORIENTED_EDGE('',*,*,#2230,.T.);
#3089=ORIENTED_EDGE('',*,*,#2256,.T.);
#3090=ORIENTED_EDGE('',*,*,#2228,.T.);
#3091=ORIENTED_EDGE('',*,*,#2232,.T.);
#3092=ORIENTED_EDGE('',*,*,#2235,.T.);
#3093=ORIENTED_EDGE('',*,*,#2238,.T.);
#3094=ORIENTED_EDGE('',*,*,#2241,.T.);
#3095=ORIENTED_EDGE('',*,*,#2244,.T.);
#3096=ORIENTED_EDGE('',*,*,#2247,.T.);
#3097=ORIENTED_EDGE('',*,*,#2250,.T.);
#3098=ORIENTED_EDGE('',*,*,#2253,.T.);
#3099=ORIENTED_EDGE('',*,*,#2258,.F.);
#3100=ORIENTED_EDGE('',*,*,#2259,.T.);
#3101=ORIENTED_EDGE('',*,*,#2260,.F.);
#3102=ORIENTED_EDGE('',*,*,#2261,.F.);
#3103=ORIENTED_EDGE('',*,*,#2262,.F.);
#3104=ORIENTED_EDGE('',*,*,#2261,.T.);
#3105=ORIENTED_EDGE('',*,*,#2263,.F.);
#3106=ORIENTED_EDGE('',*,*,#2264,.F.);
#3107=ORIENTED_EDGE('',*,*,#2265,.F.);
#3108=ORIENTED_EDGE('',*,*,#2264,.T.);
#3109=ORIENTED_EDGE('',*,*,#2266,.F.);
#3110=ORIENTED_EDGE('',*,*,#2267,.F.);
#3111=ORIENTED_EDGE('',*,*,#2268,.F.);
#3112=ORIENTED_EDGE('',*,*,#2267,.T.);
#3113=ORIENTED_EDGE('',*,*,#2269,.F.);
#3114=ORIENTED_EDGE('',*,*,#2270,.F.);
#3115=ORIENTED_EDGE('',*,*,#2271,.F.);
#3116=ORIENTED_EDGE('',*,*,#2270,.T.);
#3117=ORIENTED_EDGE('',*,*,#2272,.F.);
#3118=ORIENTED_EDGE('',*,*,#2273,.F.);
#3119=ORIENTED_EDGE('',*,*,#2274,.F.);
#3120=ORIENTED_EDGE('',*,*,#2273,.T.);
#3121=ORIENTED_EDGE('',*,*,#2275,.F.);
#3122=ORIENTED_EDGE('',*,*,#2276,.F.);
#3123=ORIENTED_EDGE('',*,*,#2277,.F.);
#3124=ORIENTED_EDGE('',*,*,#2276,.T.);
#3125=ORIENTED_EDGE('',*,*,#2278,.F.);
#3126=ORIENTED_EDGE('',*,*,#2279,.F.);
#3127=ORIENTED_EDGE('',*,*,#2280,.F.);
#3128=ORIENTED_EDGE('',*,*,#2279,.T.);
#3129=ORIENTED_EDGE('',*,*,#2281,.F.);
#3130=ORIENTED_EDGE('',*,*,#2282,.F.);
#3131=ORIENTED_EDGE('',*,*,#2283,.F.);
#3132=ORIENTED_EDGE('',*,*,#2282,.T.);
#3133=ORIENTED_EDGE('',*,*,#2284,.F.);
#3134=ORIENTED_EDGE('',*,*,#2259,.F.);
#3135=ORIENTED_EDGE('',*,*,#2284,.T.);
#3136=ORIENTED_EDGE('',*,*,#2281,.T.);
#3137=ORIENTED_EDGE('',*,*,#2278,.T.);
#3138=ORIENTED_EDGE('',*,*,#2275,.T.);
#3139=ORIENTED_EDGE('',*,*,#2272,.T.);
#3140=ORIENTED_EDGE('',*,*,#2269,.T.);
#3141=ORIENTED_EDGE('',*,*,#2266,.T.);
#3142=ORIENTED_EDGE('',*,*,#2263,.T.);
#3143=ORIENTED_EDGE('',*,*,#2260,.T.);
#3144=ORIENTED_EDGE('',*,*,#2283,.T.);
#3145=ORIENTED_EDGE('',*,*,#2258,.T.);
#3146=ORIENTED_EDGE('',*,*,#2262,.T.);
#3147=ORIENTED_EDGE('',*,*,#2265,.T.);
#3148=ORIENTED_EDGE('',*,*,#2268,.T.);
#3149=ORIENTED_EDGE('',*,*,#2271,.T.);
#3150=ORIENTED_EDGE('',*,*,#2274,.T.);
#3151=ORIENTED_EDGE('',*,*,#2277,.T.);
#3152=ORIENTED_EDGE('',*,*,#2280,.T.);
#3153=ORIENTED_EDGE('',*,*,#2285,.F.);
#3154=ORIENTED_EDGE('',*,*,#2286,.T.);
#3155=ORIENTED_EDGE('',*,*,#2287,.F.);
#3156=ORIENTED_EDGE('',*,*,#2288,.F.);
#3157=ORIENTED_EDGE('',*,*,#2289,.F.);
#3158=ORIENTED_EDGE('',*,*,#2288,.T.);
#3159=ORIENTED_EDGE('',*,*,#2290,.F.);
#3160=ORIENTED_EDGE('',*,*,#2291,.F.);
#3161=ORIENTED_EDGE('',*,*,#2292,.F.);
#3162=ORIENTED_EDGE('',*,*,#2291,.T.);
#3163=ORIENTED_EDGE('',*,*,#2293,.F.);
#3164=ORIENTED_EDGE('',*,*,#2294,.F.);
#3165=ORIENTED_EDGE('',*,*,#2295,.F.);
#3166=ORIENTED_EDGE('',*,*,#2294,.T.);
#3167=ORIENTED_EDGE('',*,*,#2296,.F.);
#3168=ORIENTED_EDGE('',*,*,#2297,.F.);
#3169=ORIENTED_EDGE('',*,*,#2298,.F.);
#3170=ORIENTED_EDGE('',*,*,#2297,.T.);
#3171=ORIENTED_EDGE('',*,*,#2299,.F.);
#3172=ORIENTED_EDGE('',*,*,#2300,.F.);
#3173=ORIENTED_EDGE('',*,*,#2301,.F.);
#3174=ORIENTED_EDGE('',*,*,#2300,.T.);
#3175=ORIENTED_EDGE('',*,*,#2302,.F.);
#3176=ORIENTED_EDGE('',*,*,#2303,.F.);
#3177=ORIENTED_EDGE('',*,*,#2304,.F.);
#3178=ORIENTED_EDGE('',*,*,#2303,.T.);
#3179=ORIENTED_EDGE('',*,*,#2305,.F.);
#3180=ORIENTED_EDGE('',*,*,#2306,.F.);
#3181=ORIENTED_EDGE('',*,*,#2307,.F.);
#3182=ORIENTED_EDGE('',*,*,#2306,.T.);
#3183=ORIENTED_EDGE('',*,*,#2308,.F.);
#3184=ORIENTED_EDGE('',*,*,#2286,.F.);
#3185=ORIENTED_EDGE('',*,*,#2309,.F.);
#3186=ORIENTED_EDGE('',*,*,#2310,.T.);
#3187=ORIENTED_EDGE('',*,*,#2311,.F.);
#3188=ORIENTED_EDGE('',*,*,#2312,.F.);
#3189=ORIENTED_EDGE('',*,*,#2313,.F.);
#3190=ORIENTED_EDGE('',*,*,#2312,.T.);
#3191=ORIENTED_EDGE('',*,*,#2314,.F.);
#3192=ORIENTED_EDGE('',*,*,#2315,.F.);
#3193=ORIENTED_EDGE('',*,*,#2316,.F.);
#3194=ORIENTED_EDGE('',*,*,#2315,.T.);
#3195=ORIENTED_EDGE('',*,*,#2317,.F.);
#3196=ORIENTED_EDGE('',*,*,#2318,.F.);
#3197=ORIENTED_EDGE('',*,*,#2319,.F.);
#3198=ORIENTED_EDGE('',*,*,#2318,.T.);
#3199=ORIENTED_EDGE('',*,*,#2320,.F.);
#3200=ORIENTED_EDGE('',*,*,#2321,.F.);
#3201=ORIENTED_EDGE('',*,*,#2322,.F.);
#3202=ORIENTED_EDGE('',*,*,#2321,.T.);
#3203=ORIENTED_EDGE('',*,*,#2323,.F.);
#3204=ORIENTED_EDGE('',*,*,#2324,.F.);
#3205=ORIENTED_EDGE('',*,*,#2325,.F.);
#3206=ORIENTED_EDGE('',*,*,#2324,.T.);
#3207=ORIENTED_EDGE('',*,*,#2326,.F.);
#3208=ORIENTED_EDGE('',*,*,#2327,.F.);
#3209=ORIENTED_EDGE('',*,*,#2328,.F.);
#3210=ORIENTED_EDGE('',*,*,#2327,.T.);
#3211=ORIENTED_EDGE('',*,*,#2329,.F.);
#3212=ORIENTED_EDGE('',*,*,#2330,.F.);
#3213=ORIENTED_EDGE('',*,*,#2331,.F.);
#3214=ORIENTED_EDGE('',*,*,#2330,.T.);
#3215=ORIENTED_EDGE('',*,*,#2332,.F.);
#3216=ORIENTED_EDGE('',*,*,#2333,.F.);
#3217=ORIENTED_EDGE('',*,*,#2334,.F.);
#3218=ORIENTED_EDGE('',*,*,#2333,.T.);
#3219=ORIENTED_EDGE('',*,*,#2335,.F.);
#3220=ORIENTED_EDGE('',*,*,#2336,.F.);
#3221=ORIENTED_EDGE('',*,*,#2337,.F.);
#3222=ORIENTED_EDGE('',*,*,#2336,.T.);
#3223=ORIENTED_EDGE('',*,*,#2338,.F.);
#3224=ORIENTED_EDGE('',*,*,#2339,.F.);
#3225=ORIENTED_EDGE('',*,*,#2340,.F.);
#3226=ORIENTED_EDGE('',*,*,#2339,.T.);
#3227=ORIENTED_EDGE('',*,*,#2341,.F.);
#3228=ORIENTED_EDGE('',*,*,#2342,.F.);
#3229=ORIENTED_EDGE('',*,*,#2343,.F.);
#3230=ORIENTED_EDGE('',*,*,#2342,.T.);
#3231=ORIENTED_EDGE('',*,*,#2344,.F.);
#3232=ORIENTED_EDGE('',*,*,#2345,.F.);
#3233=ORIENTED_EDGE('',*,*,#2346,.F.);
#3234=ORIENTED_EDGE('',*,*,#2345,.T.);
#3235=ORIENTED_EDGE('',*,*,#2347,.F.);
#3236=ORIENTED_EDGE('',*,*,#2348,.F.);
#3237=ORIENTED_EDGE('',*,*,#2349,.F.);
#3238=ORIENTED_EDGE('',*,*,#2348,.T.);
#3239=ORIENTED_EDGE('',*,*,#2350,.F.);
#3240=ORIENTED_EDGE('',*,*,#2351,.F.);
#3241=ORIENTED_EDGE('',*,*,#2352,.F.);
#3242=ORIENTED_EDGE('',*,*,#2351,.T.);
#3243=ORIENTED_EDGE('',*,*,#2353,.F.);
#3244=ORIENTED_EDGE('',*,*,#2354,.F.);
#3245=ORIENTED_EDGE('',*,*,#2355,.F.);
#3246=ORIENTED_EDGE('',*,*,#2354,.T.);
#3247=ORIENTED_EDGE('',*,*,#2356,.F.);
#3248=ORIENTED_EDGE('',*,*,#2357,.F.);
#3249=ORIENTED_EDGE('',*,*,#2358,.F.);
#3250=ORIENTED_EDGE('',*,*,#2357,.T.);
#3251=ORIENTED_EDGE('',*,*,#2359,.F.);
#3252=ORIENTED_EDGE('',*,*,#2360,.F.);
#3253=ORIENTED_EDGE('',*,*,#2361,.F.);
#3254=ORIENTED_EDGE('',*,*,#2360,.T.);
#3255=ORIENTED_EDGE('',*,*,#2362,.F.);
#3256=ORIENTED_EDGE('',*,*,#2363,.F.);
#3257=ORIENTED_EDGE('',*,*,#2364,.F.);
#3258=ORIENTED_EDGE('',*,*,#2363,.T.);
#3259=ORIENTED_EDGE('',*,*,#2365,.F.);
#3260=ORIENTED_EDGE('',*,*,#2366,.F.);
#3261=ORIENTED_EDGE('',*,*,#2367,.F.);
#3262=ORIENTED_EDGE('',*,*,#2366,.T.);
#3263=ORIENTED_EDGE('',*,*,#2368,.F.);
#3264=ORIENTED_EDGE('',*,*,#2369,.F.);
#3265=ORIENTED_EDGE('',*,*,#2370,.F.);
#3266=ORIENTED_EDGE('',*,*,#2369,.T.);
#3267=ORIENTED_EDGE('',*,*,#2371,.F.);
#3268=ORIENTED_EDGE('',*,*,#2372,.F.);
#3269=ORIENTED_EDGE('',*,*,#2373,.F.);
#3270=ORIENTED_EDGE('',*,*,#2372,.T.);
#3271=ORIENTED_EDGE('',*,*,#2374,.F.);
#3272=ORIENTED_EDGE('',*,*,#2310,.F.);
#3273=ORIENTED_EDGE('',*,*,#2374,.T.);
#3274=ORIENTED_EDGE('',*,*,#2371,.T.);
#3275=ORIENTED_EDGE('',*,*,#2368,.T.);
#3276=ORIENTED_EDGE('',*,*,#2365,.T.);
#3277=ORIENTED_EDGE('',*,*,#2362,.T.);
#3278=ORIENTED_EDGE('',*,*,#2359,.T.);
#3279=ORIENTED_EDGE('',*,*,#2356,.T.);
#3280=ORIENTED_EDGE('',*,*,#2353,.T.);
#3281=ORIENTED_EDGE('',*,*,#2350,.T.);
#3282=ORIENTED_EDGE('',*,*,#2347,.T.);
#3283=ORIENTED_EDGE('',*,*,#2344,.T.);
#3284=ORIENTED_EDGE('',*,*,#2341,.T.);
#3285=ORIENTED_EDGE('',*,*,#2338,.T.);
#3286=ORIENTED_EDGE('',*,*,#2335,.T.);
#3287=ORIENTED_EDGE('',*,*,#2332,.T.);
#3288=ORIENTED_EDGE('',*,*,#2329,.T.);
#3289=ORIENTED_EDGE('',*,*,#2326,.T.);
#3290=ORIENTED_EDGE('',*,*,#2323,.T.);
#3291=ORIENTED_EDGE('',*,*,#2320,.T.);
#3292=ORIENTED_EDGE('',*,*,#2317,.T.);
#3293=ORIENTED_EDGE('',*,*,#2314,.T.);
#3294=ORIENTED_EDGE('',*,*,#2311,.T.);
#3295=ORIENTED_EDGE('',*,*,#2308,.T.);
#3296=ORIENTED_EDGE('',*,*,#2305,.T.);
#3297=ORIENTED_EDGE('',*,*,#2302,.T.);
#3298=ORIENTED_EDGE('',*,*,#2299,.T.);
#3299=ORIENTED_EDGE('',*,*,#2296,.T.);
#3300=ORIENTED_EDGE('',*,*,#2293,.T.);
#3301=ORIENTED_EDGE('',*,*,#2290,.T.);
#3302=ORIENTED_EDGE('',*,*,#2287,.T.);
#3303=ORIENTED_EDGE('',*,*,#2373,.T.);
#3304=ORIENTED_EDGE('',*,*,#2309,.T.);
#3305=ORIENTED_EDGE('',*,*,#2313,.T.);
#3306=ORIENTED_EDGE('',*,*,#2316,.T.);
#3307=ORIENTED_EDGE('',*,*,#2319,.T.);
#3308=ORIENTED_EDGE('',*,*,#2322,.T.);
#3309=ORIENTED_EDGE('',*,*,#2325,.T.);
#3310=ORIENTED_EDGE('',*,*,#2328,.T.);
#3311=ORIENTED_EDGE('',*,*,#2331,.T.);
#3312=ORIENTED_EDGE('',*,*,#2334,.T.);
#3313=ORIENTED_EDGE('',*,*,#2337,.T.);
#3314=ORIENTED_EDGE('',*,*,#2340,.T.);
#3315=ORIENTED_EDGE('',*,*,#2343,.T.);
#3316=ORIENTED_EDGE('',*,*,#2346,.T.);
#3317=ORIENTED_EDGE('',*,*,#2349,.T.);
#3318=ORIENTED_EDGE('',*,*,#2352,.T.);
#3319=ORIENTED_EDGE('',*,*,#2355,.T.);
#3320=ORIENTED_EDGE('',*,*,#2358,.T.);
#3321=ORIENTED_EDGE('',*,*,#2361,.T.);
#3322=ORIENTED_EDGE('',*,*,#2364,.T.);
#3323=ORIENTED_EDGE('',*,*,#2367,.T.);
#3324=ORIENTED_EDGE('',*,*,#2370,.T.);
#3325=ORIENTED_EDGE('',*,*,#2307,.T.);
#3326=ORIENTED_EDGE('',*,*,#2285,.T.);
#3327=ORIENTED_EDGE('',*,*,#2289,.T.);
#3328=ORIENTED_EDGE('',*,*,#2292,.T.);
#3329=ORIENTED_EDGE('',*,*,#2295,.T.);
#3330=ORIENTED_EDGE('',*,*,#2298,.T.);
#3331=ORIENTED_EDGE('',*,*,#2301,.T.);
#3332=ORIENTED_EDGE('',*,*,#2304,.T.);
#3333=ORIENTED_EDGE('',*,*,#2375,.F.);
#3334=ORIENTED_EDGE('',*,*,#2376,.T.);
#3335=ORIENTED_EDGE('',*,*,#2377,.F.);
#3336=ORIENTED_EDGE('',*,*,#2378,.F.);
#3337=ORIENTED_EDGE('',*,*,#2379,.F.);
#3338=ORIENTED_EDGE('',*,*,#2378,.T.);
#3339=ORIENTED_EDGE('',*,*,#2380,.F.);
#3340=ORIENTED_EDGE('',*,*,#2381,.F.);
#3341=ORIENTED_EDGE('',*,*,#2382,.F.);
#3342=ORIENTED_EDGE('',*,*,#2381,.T.);
#3343=ORIENTED_EDGE('',*,*,#2383,.F.);
#3344=ORIENTED_EDGE('',*,*,#2384,.F.);
#3345=ORIENTED_EDGE('',*,*,#2385,.F.);
#3346=ORIENTED_EDGE('',*,*,#2384,.T.);
#3347=ORIENTED_EDGE('',*,*,#2386,.F.);
#3348=ORIENTED_EDGE('',*,*,#2387,.F.);
#3349=ORIENTED_EDGE('',*,*,#2388,.F.);
#3350=ORIENTED_EDGE('',*,*,#2387,.T.);
#3351=ORIENTED_EDGE('',*,*,#2389,.F.);
#3352=ORIENTED_EDGE('',*,*,#2390,.F.);
#3353=ORIENTED_EDGE('',*,*,#2391,.F.);
#3354=ORIENTED_EDGE('',*,*,#2390,.T.);
#3355=ORIENTED_EDGE('',*,*,#2392,.F.);
#3356=ORIENTED_EDGE('',*,*,#2393,.F.);
#3357=ORIENTED_EDGE('',*,*,#2394,.F.);
#3358=ORIENTED_EDGE('',*,*,#2393,.T.);
#3359=ORIENTED_EDGE('',*,*,#2395,.F.);
#3360=ORIENTED_EDGE('',*,*,#2396,.F.);
#3361=ORIENTED_EDGE('',*,*,#2397,.F.);
#3362=ORIENTED_EDGE('',*,*,#2396,.T.);
#3363=ORIENTED_EDGE('',*,*,#2398,.F.);
#3364=ORIENTED_EDGE('',*,*,#2399,.F.);
#3365=ORIENTED_EDGE('',*,*,#2400,.F.);
#3366=ORIENTED_EDGE('',*,*,#2399,.T.);
#3367=ORIENTED_EDGE('',*,*,#2401,.F.);
#3368=ORIENTED_EDGE('',*,*,#2402,.F.);
#3369=ORIENTED_EDGE('',*,*,#2403,.F.);
#3370=ORIENTED_EDGE('',*,*,#2402,.T.);
#3371=ORIENTED_EDGE('',*,*,#2404,.F.);
#3372=ORIENTED_EDGE('',*,*,#2405,.F.);
#3373=ORIENTED_EDGE('',*,*,#2406,.F.);
#3374=ORIENTED_EDGE('',*,*,#2405,.T.);
#3375=ORIENTED_EDGE('',*,*,#2407,.F.);
#3376=ORIENTED_EDGE('',*,*,#2408,.F.);
#3377=ORIENTED_EDGE('',*,*,#2409,.F.);
#3378=ORIENTED_EDGE('',*,*,#2408,.T.);
#3379=ORIENTED_EDGE('',*,*,#2410,.F.);
#3380=ORIENTED_EDGE('',*,*,#2411,.F.);
#3381=ORIENTED_EDGE('',*,*,#2412,.F.);
#3382=ORIENTED_EDGE('',*,*,#2411,.T.);
#3383=ORIENTED_EDGE('',*,*,#2413,.F.);
#3384=ORIENTED_EDGE('',*,*,#2414,.F.);
#3385=ORIENTED_EDGE('',*,*,#2415,.F.);
#3386=ORIENTED_EDGE('',*,*,#2414,.T.);
#3387=ORIENTED_EDGE('',*,*,#2416,.F.);
#3388=ORIENTED_EDGE('',*,*,#2417,.F.);
#3389=ORIENTED_EDGE('',*,*,#2418,.F.);
#3390=ORIENTED_EDGE('',*,*,#2417,.T.);
#3391=ORIENTED_EDGE('',*,*,#2419,.F.);
#3392=ORIENTED_EDGE('',*,*,#2420,.F.);
#3393=ORIENTED_EDGE('',*,*,#2421,.F.);
#3394=ORIENTED_EDGE('',*,*,#2420,.T.);
#3395=ORIENTED_EDGE('',*,*,#2422,.F.);
#3396=ORIENTED_EDGE('',*,*,#2423,.F.);
#3397=ORIENTED_EDGE('',*,*,#2424,.F.);
#3398=ORIENTED_EDGE('',*,*,#2423,.T.);
#3399=ORIENTED_EDGE('',*,*,#2425,.F.);
#3400=ORIENTED_EDGE('',*,*,#2426,.F.);
#3401=ORIENTED_EDGE('',*,*,#2427,.F.);
#3402=ORIENTED_EDGE('',*,*,#2426,.T.);
#3403=ORIENTED_EDGE('',*,*,#2428,.F.);
#3404=ORIENTED_EDGE('',*,*,#2429,.F.);
#3405=ORIENTED_EDGE('',*,*,#2430,.F.);
#3406=ORIENTED_EDGE('',*,*,#2429,.T.);
#3407=ORIENTED_EDGE('',*,*,#2431,.F.);
#3408=ORIENTED_EDGE('',*,*,#2432,.F.);
#3409=ORIENTED_EDGE('',*,*,#2433,.F.);
#3410=ORIENTED_EDGE('',*,*,#2432,.T.);
#3411=ORIENTED_EDGE('',*,*,#2434,.F.);
#3412=ORIENTED_EDGE('',*,*,#2435,.F.);
#3413=ORIENTED_EDGE('',*,*,#2436,.F.);
#3414=ORIENTED_EDGE('',*,*,#2435,.T.);
#3415=ORIENTED_EDGE('',*,*,#2437,.F.);
#3416=ORIENTED_EDGE('',*,*,#2438,.F.);
#3417=ORIENTED_EDGE('',*,*,#2439,.F.);
#3418=ORIENTED_EDGE('',*,*,#2438,.T.);
#3419=ORIENTED_EDGE('',*,*,#2440,.F.);
#3420=ORIENTED_EDGE('',*,*,#2376,.F.);
#3421=ORIENTED_EDGE('',*,*,#2440,.T.);
#3422=ORIENTED_EDGE('',*,*,#2437,.T.);
#3423=ORIENTED_EDGE('',*,*,#2434,.T.);
#3424=ORIENTED_EDGE('',*,*,#2431,.T.);
#3425=ORIENTED_EDGE('',*,*,#2428,.T.);
#3426=ORIENTED_EDGE('',*,*,#2425,.T.);
#3427=ORIENTED_EDGE('',*,*,#2422,.T.);
#3428=ORIENTED_EDGE('',*,*,#2419,.T.);
#3429=ORIENTED_EDGE('',*,*,#2416,.T.);
#3430=ORIENTED_EDGE('',*,*,#2413,.T.);
#3431=ORIENTED_EDGE('',*,*,#2410,.T.);
#3432=ORIENTED_EDGE('',*,*,#2407,.T.);
#3433=ORIENTED_EDGE('',*,*,#2404,.T.);
#3434=ORIENTED_EDGE('',*,*,#2401,.T.);
#3435=ORIENTED_EDGE('',*,*,#2398,.T.);
#3436=ORIENTED_EDGE('',*,*,#2395,.T.);
#3437=ORIENTED_EDGE('',*,*,#2392,.T.);
#3438=ORIENTED_EDGE('',*,*,#2389,.T.);
#3439=ORIENTED_EDGE('',*,*,#2386,.T.);
#3440=ORIENTED_EDGE('',*,*,#2383,.T.);
#3441=ORIENTED_EDGE('',*,*,#2380,.T.);
#3442=ORIENTED_EDGE('',*,*,#2377,.T.);
#3443=ORIENTED_EDGE('',*,*,#2439,.T.);
#3444=ORIENTED_EDGE('',*,*,#2375,.T.);
#3445=ORIENTED_EDGE('',*,*,#2379,.T.);
#3446=ORIENTED_EDGE('',*,*,#2382,.T.);
#3447=ORIENTED_EDGE('',*,*,#2385,.T.);
#3448=ORIENTED_EDGE('',*,*,#2388,.T.);
#3449=ORIENTED_EDGE('',*,*,#2391,.T.);
#3450=ORIENTED_EDGE('',*,*,#2394,.T.);
#3451=ORIENTED_EDGE('',*,*,#2397,.T.);
#3452=ORIENTED_EDGE('',*,*,#2400,.T.);
#3453=ORIENTED_EDGE('',*,*,#2403,.T.);
#3454=ORIENTED_EDGE('',*,*,#2406,.T.);
#3455=ORIENTED_EDGE('',*,*,#2409,.T.);
#3456=ORIENTED_EDGE('',*,*,#2412,.T.);
#3457=ORIENTED_EDGE('',*,*,#2415,.T.);
#3458=ORIENTED_EDGE('',*,*,#2418,.T.);
#3459=ORIENTED_EDGE('',*,*,#2421,.T.);
#3460=ORIENTED_EDGE('',*,*,#2424,.T.);
#3461=ORIENTED_EDGE('',*,*,#2427,.T.);
#3462=ORIENTED_EDGE('',*,*,#2430,.T.);
#3463=ORIENTED_EDGE('',*,*,#2433,.T.);
#3464=ORIENTED_EDGE('',*,*,#2436,.T.);
#3465=ORIENTED_EDGE('',*,*,#2441,.F.);
#3466=ORIENTED_EDGE('',*,*,#2442,.T.);
#3467=ORIENTED_EDGE('',*,*,#2443,.F.);
#3468=ORIENTED_EDGE('',*,*,#2444,.F.);
#3469=ORIENTED_EDGE('',*,*,#2445,.F.);
#3470=ORIENTED_EDGE('',*,*,#2444,.T.);
#3471=ORIENTED_EDGE('',*,*,#2446,.F.);
#3472=ORIENTED_EDGE('',*,*,#2447,.F.);
#3473=ORIENTED_EDGE('',*,*,#2448,.F.);
#3474=ORIENTED_EDGE('',*,*,#2447,.T.);
#3475=ORIENTED_EDGE('',*,*,#2449,.F.);
#3476=ORIENTED_EDGE('',*,*,#2450,.F.);
#3477=ORIENTED_EDGE('',*,*,#2451,.F.);
#3478=ORIENTED_EDGE('',*,*,#2450,.T.);
#3479=ORIENTED_EDGE('',*,*,#2452,.F.);
#3480=ORIENTED_EDGE('',*,*,#2453,.F.);
#3481=ORIENTED_EDGE('',*,*,#2454,.F.);
#3482=ORIENTED_EDGE('',*,*,#2453,.T.);
#3483=ORIENTED_EDGE('',*,*,#2455,.F.);
#3484=ORIENTED_EDGE('',*,*,#2456,.F.);
#3485=ORIENTED_EDGE('',*,*,#2457,.F.);
#3486=ORIENTED_EDGE('',*,*,#2456,.T.);
#3487=ORIENTED_EDGE('',*,*,#2458,.F.);
#3488=ORIENTED_EDGE('',*,*,#2459,.F.);
#3489=ORIENTED_EDGE('',*,*,#2460,.F.);
#3490=ORIENTED_EDGE('',*,*,#2459,.T.);
#3491=ORIENTED_EDGE('',*,*,#2461,.F.);
#3492=ORIENTED_EDGE('',*,*,#2462,.F.);
#3493=ORIENTED_EDGE('',*,*,#2463,.F.);
#3494=ORIENTED_EDGE('',*,*,#2462,.T.);
#3495=ORIENTED_EDGE('',*,*,#2464,.F.);
#3496=ORIENTED_EDGE('',*,*,#2465,.F.);
#3497=ORIENTED_EDGE('',*,*,#2466,.F.);
#3498=ORIENTED_EDGE('',*,*,#2465,.T.);
#3499=ORIENTED_EDGE('',*,*,#2467,.F.);
#3500=ORIENTED_EDGE('',*,*,#2468,.F.);
#3501=ORIENTED_EDGE('',*,*,#2469,.F.);
#3502=ORIENTED_EDGE('',*,*,#2468,.T.);
#3503=ORIENTED_EDGE('',*,*,#2470,.F.);
#3504=ORIENTED_EDGE('',*,*,#2471,.F.);
#3505=ORIENTED_EDGE('',*,*,#2472,.F.);
#3506=ORIENTED_EDGE('',*,*,#2471,.T.);
#3507=ORIENTED_EDGE('',*,*,#2473,.F.);
#3508=ORIENTED_EDGE('',*,*,#2474,.F.);
#3509=ORIENTED_EDGE('',*,*,#2475,.F.);
#3510=ORIENTED_EDGE('',*,*,#2474,.T.);
#3511=ORIENTED_EDGE('',*,*,#2476,.F.);
#3512=ORIENTED_EDGE('',*,*,#2477,.F.);
#3513=ORIENTED_EDGE('',*,*,#2478,.F.);
#3514=ORIENTED_EDGE('',*,*,#2477,.T.);
#3515=ORIENTED_EDGE('',*,*,#2479,.F.);
#3516=ORIENTED_EDGE('',*,*,#2480,.F.);
#3517=ORIENTED_EDGE('',*,*,#2481,.F.);
#3518=ORIENTED_EDGE('',*,*,#2480,.T.);
#3519=ORIENTED_EDGE('',*,*,#2482,.F.);
#3520=ORIENTED_EDGE('',*,*,#2483,.F.);
#3521=ORIENTED_EDGE('',*,*,#2484,.F.);
#3522=ORIENTED_EDGE('',*,*,#2483,.T.);
#3523=ORIENTED_EDGE('',*,*,#2485,.F.);
#3524=ORIENTED_EDGE('',*,*,#2486,.F.);
#3525=ORIENTED_EDGE('',*,*,#2487,.F.);
#3526=ORIENTED_EDGE('',*,*,#2486,.T.);
#3527=ORIENTED_EDGE('',*,*,#2488,.F.);
#3528=ORIENTED_EDGE('',*,*,#2489,.F.);
#3529=ORIENTED_EDGE('',*,*,#2490,.F.);
#3530=ORIENTED_EDGE('',*,*,#2489,.T.);
#3531=ORIENTED_EDGE('',*,*,#2491,.F.);
#3532=ORIENTED_EDGE('',*,*,#2492,.F.);
#3533=ORIENTED_EDGE('',*,*,#2493,.F.);
#3534=ORIENTED_EDGE('',*,*,#2492,.T.);
#3535=ORIENTED_EDGE('',*,*,#2494,.F.);
#3536=ORIENTED_EDGE('',*,*,#2495,.F.);
#3537=ORIENTED_EDGE('',*,*,#2496,.F.);
#3538=ORIENTED_EDGE('',*,*,#2495,.T.);
#3539=ORIENTED_EDGE('',*,*,#2497,.F.);
#3540=ORIENTED_EDGE('',*,*,#2498,.F.);
#3541=ORIENTED_EDGE('',*,*,#2499,.F.);
#3542=ORIENTED_EDGE('',*,*,#2498,.T.);
#3543=ORIENTED_EDGE('',*,*,#2500,.F.);
#3544=ORIENTED_EDGE('',*,*,#2501,.F.);
#3545=ORIENTED_EDGE('',*,*,#2502,.F.);
#3546=ORIENTED_EDGE('',*,*,#2501,.T.);
#3547=ORIENTED_EDGE('',*,*,#2503,.F.);
#3548=ORIENTED_EDGE('',*,*,#2504,.F.);
#3549=ORIENTED_EDGE('',*,*,#2505,.F.);
#3550=ORIENTED_EDGE('',*,*,#2504,.T.);
#3551=ORIENTED_EDGE('',*,*,#2506,.F.);
#3552=ORIENTED_EDGE('',*,*,#2442,.F.);
#3553=ORIENTED_EDGE('',*,*,#2506,.T.);
#3554=ORIENTED_EDGE('',*,*,#2503,.T.);
#3555=ORIENTED_EDGE('',*,*,#2500,.T.);
#3556=ORIENTED_EDGE('',*,*,#2497,.T.);
#3557=ORIENTED_EDGE('',*,*,#2494,.T.);
#3558=ORIENTED_EDGE('',*,*,#2491,.T.);
#3559=ORIENTED_EDGE('',*,*,#2488,.T.);
#3560=ORIENTED_EDGE('',*,*,#2485,.T.);
#3561=ORIENTED_EDGE('',*,*,#2482,.T.);
#3562=ORIENTED_EDGE('',*,*,#2479,.T.);
#3563=ORIENTED_EDGE('',*,*,#2476,.T.);
#3564=ORIENTED_EDGE('',*,*,#2473,.T.);
#3565=ORIENTED_EDGE('',*,*,#2470,.T.);
#3566=ORIENTED_EDGE('',*,*,#2467,.T.);
#3567=ORIENTED_EDGE('',*,*,#2464,.T.);
#3568=ORIENTED_EDGE('',*,*,#2461,.T.);
#3569=ORIENTED_EDGE('',*,*,#2458,.T.);
#3570=ORIENTED_EDGE('',*,*,#2455,.T.);
#3571=ORIENTED_EDGE('',*,*,#2452,.T.);
#3572=ORIENTED_EDGE('',*,*,#2449,.T.);
#3573=ORIENTED_EDGE('',*,*,#2446,.T.);
#3574=ORIENTED_EDGE('',*,*,#2443,.T.);
#3575=ORIENTED_EDGE('',*,*,#2505,.T.);
#3576=ORIENTED_EDGE('',*,*,#2441,.T.);
#3577=ORIENTED_EDGE('',*,*,#2445,.T.);
#3578=ORIENTED_EDGE('',*,*,#2448,.T.);
#3579=ORIENTED_EDGE('',*,*,#2451,.T.);
#3580=ORIENTED_EDGE('',*,*,#2454,.T.);
#3581=ORIENTED_EDGE('',*,*,#2457,.T.);
#3582=ORIENTED_EDGE('',*,*,#2460,.T.);
#3583=ORIENTED_EDGE('',*,*,#2463,.T.);
#3584=ORIENTED_EDGE('',*,*,#2466,.T.);
#3585=ORIENTED_EDGE('',*,*,#2469,.T.);
#3586=ORIENTED_EDGE('',*,*,#2472,.T.);
#3587=ORIENTED_EDGE('',*,*,#2475,.T.);
#3588=ORIENTED_EDGE('',*,*,#2478,.T.);
#3589=ORIENTED_EDGE('',*,*,#2481,.T.);
#3590=ORIENTED_EDGE('',*,*,#2484,.T.);
#3591=ORIENTED_EDGE('',*,*,#2487,.T.);
#3592=ORIENTED_EDGE('',*,*,#2490,.T.);
#3593=ORIENTED_EDGE('',*,*,#2493,.T.);
#3594=ORIENTED_EDGE('',*,*,#2496,.T.);
#3595=ORIENTED_EDGE('',*,*,#2499,.T.);
#3596=ORIENTED_EDGE('',*,*,#2502,.T.);
#3597=ORIENTED_EDGE('',*,*,#2507,.F.);
#3598=ORIENTED_EDGE('',*,*,#2508,.T.);
#3599=ORIENTED_EDGE('',*,*,#2509,.F.);
#3600=ORIENTED_EDGE('',*,*,#2510,.F.);
#3601=ORIENTED_EDGE('',*,*,#2511,.F.);
#3602=ORIENTED_EDGE('',*,*,#2510,.T.);
#3603=ORIENTED_EDGE('',*,*,#2512,.F.);
#3604=ORIENTED_EDGE('',*,*,#2513,.F.);
#3605=ORIENTED_EDGE('',*,*,#2514,.F.);
#3606=ORIENTED_EDGE('',*,*,#2513,.T.);
#3607=ORIENTED_EDGE('',*,*,#2515,.F.);
#3608=ORIENTED_EDGE('',*,*,#2516,.F.);
#3609=ORIENTED_EDGE('',*,*,#2517,.F.);
#3610=ORIENTED_EDGE('',*,*,#2516,.T.);
#3611=ORIENTED_EDGE('',*,*,#2518,.F.);
#3612=ORIENTED_EDGE('',*,*,#2519,.F.);
#3613=ORIENTED_EDGE('',*,*,#2520,.F.);
#3614=ORIENTED_EDGE('',*,*,#2519,.T.);
#3615=ORIENTED_EDGE('',*,*,#2521,.F.);
#3616=ORIENTED_EDGE('',*,*,#2522,.F.);
#3617=ORIENTED_EDGE('',*,*,#2523,.F.);
#3618=ORIENTED_EDGE('',*,*,#2522,.T.);
#3619=ORIENTED_EDGE('',*,*,#2524,.F.);
#3620=ORIENTED_EDGE('',*,*,#2525,.F.);
#3621=ORIENTED_EDGE('',*,*,#2526,.F.);
#3622=ORIENTED_EDGE('',*,*,#2525,.T.);
#3623=ORIENTED_EDGE('',*,*,#2527,.F.);
#3624=ORIENTED_EDGE('',*,*,#2528,.F.);
#3625=ORIENTED_EDGE('',*,*,#2529,.F.);
#3626=ORIENTED_EDGE('',*,*,#2528,.T.);
#3627=ORIENTED_EDGE('',*,*,#2530,.F.);
#3628=ORIENTED_EDGE('',*,*,#2531,.F.);
#3629=ORIENTED_EDGE('',*,*,#2532,.F.);
#3630=ORIENTED_EDGE('',*,*,#2531,.T.);
#3631=ORIENTED_EDGE('',*,*,#2533,.F.);
#3632=ORIENTED_EDGE('',*,*,#2508,.F.);
#3633=ORIENTED_EDGE('',*,*,#2534,.F.);
#3634=ORIENTED_EDGE('',*,*,#2535,.T.);
#3635=ORIENTED_EDGE('',*,*,#2536,.F.);
#3636=ORIENTED_EDGE('',*,*,#2537,.F.);
#3637=ORIENTED_EDGE('',*,*,#2538,.F.);
#3638=ORIENTED_EDGE('',*,*,#2537,.T.);
#3639=ORIENTED_EDGE('',*,*,#2539,.F.);
#3640=ORIENTED_EDGE('',*,*,#2540,.F.);
#3641=ORIENTED_EDGE('',*,*,#2541,.F.);
#3642=ORIENTED_EDGE('',*,*,#2540,.T.);
#3643=ORIENTED_EDGE('',*,*,#2542,.F.);
#3644=ORIENTED_EDGE('',*,*,#2543,.F.);
#3645=ORIENTED_EDGE('',*,*,#2544,.F.);
#3646=ORIENTED_EDGE('',*,*,#2543,.T.);
#3647=ORIENTED_EDGE('',*,*,#2545,.F.);
#3648=ORIENTED_EDGE('',*,*,#2546,.F.);
#3649=ORIENTED_EDGE('',*,*,#2547,.F.);
#3650=ORIENTED_EDGE('',*,*,#2546,.T.);
#3651=ORIENTED_EDGE('',*,*,#2548,.F.);
#3652=ORIENTED_EDGE('',*,*,#2549,.F.);
#3653=ORIENTED_EDGE('',*,*,#2550,.F.);
#3654=ORIENTED_EDGE('',*,*,#2549,.T.);
#3655=ORIENTED_EDGE('',*,*,#2551,.F.);
#3656=ORIENTED_EDGE('',*,*,#2552,.F.);
#3657=ORIENTED_EDGE('',*,*,#2553,.F.);
#3658=ORIENTED_EDGE('',*,*,#2552,.T.);
#3659=ORIENTED_EDGE('',*,*,#2554,.F.);
#3660=ORIENTED_EDGE('',*,*,#2555,.F.);
#3661=ORIENTED_EDGE('',*,*,#2556,.F.);
#3662=ORIENTED_EDGE('',*,*,#2555,.T.);
#3663=ORIENTED_EDGE('',*,*,#2557,.F.);
#3664=ORIENTED_EDGE('',*,*,#2558,.F.);
#3665=ORIENTED_EDGE('',*,*,#2559,.F.);
#3666=ORIENTED_EDGE('',*,*,#2558,.T.);
#3667=ORIENTED_EDGE('',*,*,#2560,.F.);
#3668=ORIENTED_EDGE('',*,*,#2561,.F.);
#3669=ORIENTED_EDGE('',*,*,#2562,.F.);
#3670=ORIENTED_EDGE('',*,*,#2561,.T.);
#3671=ORIENTED_EDGE('',*,*,#2563,.F.);
#3672=ORIENTED_EDGE('',*,*,#2564,.F.);
#3673=ORIENTED_EDGE('',*,*,#2565,.F.);
#3674=ORIENTED_EDGE('',*,*,#2564,.T.);
#3675=ORIENTED_EDGE('',*,*,#2566,.F.);
#3676=ORIENTED_EDGE('',*,*,#2567,.F.);
#3677=ORIENTED_EDGE('',*,*,#2568,.F.);
#3678=ORIENTED_EDGE('',*,*,#2567,.T.);
#3679=ORIENTED_EDGE('',*,*,#2569,.F.);
#3680=ORIENTED_EDGE('',*,*,#2570,.F.);
#3681=ORIENTED_EDGE('',*,*,#2571,.F.);
#3682=ORIENTED_EDGE('',*,*,#2570,.T.);
#3683=ORIENTED_EDGE('',*,*,#2572,.F.);
#3684=ORIENTED_EDGE('',*,*,#2573,.F.);
#3685=ORIENTED_EDGE('',*,*,#2574,.F.);
#3686=ORIENTED_EDGE('',*,*,#2573,.T.);
#3687=ORIENTED_EDGE('',*,*,#2575,.F.);
#3688=ORIENTED_EDGE('',*,*,#2576,.F.);
#3689=ORIENTED_EDGE('',*,*,#2577,.F.);
#3690=ORIENTED_EDGE('',*,*,#2576,.T.);
#3691=ORIENTED_EDGE('',*,*,#2578,.F.);
#3692=ORIENTED_EDGE('',*,*,#2579,.F.);
#3693=ORIENTED_EDGE('',*,*,#2580,.F.);
#3694=ORIENTED_EDGE('',*,*,#2579,.T.);
#3695=ORIENTED_EDGE('',*,*,#2581,.F.);
#3696=ORIENTED_EDGE('',*,*,#2582,.F.);
#3697=ORIENTED_EDGE('',*,*,#2583,.F.);
#3698=ORIENTED_EDGE('',*,*,#2582,.T.);
#3699=ORIENTED_EDGE('',*,*,#2584,.F.);
#3700=ORIENTED_EDGE('',*,*,#2585,.F.);
#3701=ORIENTED_EDGE('',*,*,#2586,.F.);
#3702=ORIENTED_EDGE('',*,*,#2585,.T.);
#3703=ORIENTED_EDGE('',*,*,#2587,.F.);
#3704=ORIENTED_EDGE('',*,*,#2588,.F.);
#3705=ORIENTED_EDGE('',*,*,#2589,.F.);
#3706=ORIENTED_EDGE('',*,*,#2588,.T.);
#3707=ORIENTED_EDGE('',*,*,#2590,.F.);
#3708=ORIENTED_EDGE('',*,*,#2535,.F.);
#3709=ORIENTED_EDGE('',*,*,#2590,.T.);
#3710=ORIENTED_EDGE('',*,*,#2587,.T.);
#3711=ORIENTED_EDGE('',*,*,#2584,.T.);
#3712=ORIENTED_EDGE('',*,*,#2581,.T.);
#3713=ORIENTED_EDGE('',*,*,#2578,.T.);
#3714=ORIENTED_EDGE('',*,*,#2575,.T.);
#3715=ORIENTED_EDGE('',*,*,#2572,.T.);
#3716=ORIENTED_EDGE('',*,*,#2569,.T.);
#3717=ORIENTED_EDGE('',*,*,#2566,.T.);
#3718=ORIENTED_EDGE('',*,*,#2563,.T.);
#3719=ORIENTED_EDGE('',*,*,#2560,.T.);
#3720=ORIENTED_EDGE('',*,*,#2557,.T.);
#3721=ORIENTED_EDGE('',*,*,#2554,.T.);
#3722=ORIENTED_EDGE('',*,*,#2551,.T.);
#3723=ORIENTED_EDGE('',*,*,#2548,.T.);
#3724=ORIENTED_EDGE('',*,*,#2545,.T.);
#3725=ORIENTED_EDGE('',*,*,#2542,.T.);
#3726=ORIENTED_EDGE('',*,*,#2539,.T.);
#3727=ORIENTED_EDGE('',*,*,#2536,.T.);
#3728=ORIENTED_EDGE('',*,*,#2533,.T.);
#3729=ORIENTED_EDGE('',*,*,#2530,.T.);
#3730=ORIENTED_EDGE('',*,*,#2527,.T.);
#3731=ORIENTED_EDGE('',*,*,#2524,.T.);
#3732=ORIENTED_EDGE('',*,*,#2521,.T.);
#3733=ORIENTED_EDGE('',*,*,#2518,.T.);
#3734=ORIENTED_EDGE('',*,*,#2515,.T.);
#3735=ORIENTED_EDGE('',*,*,#2512,.T.);
#3736=ORIENTED_EDGE('',*,*,#2509,.T.);
#3737=ORIENTED_EDGE('',*,*,#2589,.T.);
#3738=ORIENTED_EDGE('',*,*,#2534,.T.);
#3739=ORIENTED_EDGE('',*,*,#2538,.T.);
#3740=ORIENTED_EDGE('',*,*,#2541,.T.);
#3741=ORIENTED_EDGE('',*,*,#2544,.T.);
#3742=ORIENTED_EDGE('',*,*,#2547,.T.);
#3743=ORIENTED_EDGE('',*,*,#2550,.T.);
#3744=ORIENTED_EDGE('',*,*,#2553,.T.);
#3745=ORIENTED_EDGE('',*,*,#2556,.T.);
#3746=ORIENTED_EDGE('',*,*,#2559,.T.);
#3747=ORIENTED_EDGE('',*,*,#2562,.T.);
#3748=ORIENTED_EDGE('',*,*,#2565,.T.);
#3749=ORIENTED_EDGE('',*,*,#2568,.T.);
#3750=ORIENTED_EDGE('',*,*,#2571,.T.);
#3751=ORIENTED_EDGE('',*,*,#2574,.T.);
#3752=ORIENTED_EDGE('',*,*,#2577,.T.);
#3753=ORIENTED_EDGE('',*,*,#2580,.T.);
#3754=ORIENTED_EDGE('',*,*,#2583,.T.);
#3755=ORIENTED_EDGE('',*,*,#2586,.T.);
#3756=ORIENTED_EDGE('',*,*,#2532,.T.);
#3757=ORIENTED_EDGE('',*,*,#2507,.T.);
#3758=ORIENTED_EDGE('',*,*,#2511,.T.);
#3759=ORIENTED_EDGE('',*,*,#2514,.T.);
#3760=ORIENTED_EDGE('',*,*,#2517,.T.);
#3761=ORIENTED_EDGE('',*,*,#2520,.T.);
#3762=ORIENTED_EDGE('',*,*,#2523,.T.);
#3763=ORIENTED_EDGE('',*,*,#2526,.T.);
#3764=ORIENTED_EDGE('',*,*,#2529,.T.);
#3765=TOROIDAL_SURFACE('',#4033,2.3,0.7);
#3766=TOROIDAL_SURFACE('',#4055,2.3,0.7);
#3767=TOROIDAL_SURFACE('',#4067,2.3,0.7);
#3768=TOROIDAL_SURFACE('',#4073,2.3,0.7);
#3769=TOROIDAL_SURFACE('',#4091,2.3,0.7);
#3770=TOROIDAL_SURFACE('',#4110,2.3,0.7);
#3771=TOROIDAL_SURFACE('',#4122,2.3,0.7);
#3772=TOROIDAL_SURFACE('',#4134,2.3,0.7);
#3773=TOROIDAL_SURFACE('',#4149,0.95,0.2);
#3774=TOROIDAL_SURFACE('',#4155,2.44,0.36);
#3775=TOROIDAL_SURFACE('',#4163,2.415,0.36);
#3776=TOROIDAL_SURFACE('',#4174,0.95,0.2);
#3777=ADVANCED_FACE('',(#881),#3765,.T.);
#3778=ADVANCED_FACE('',(#882),#842,.T.);
#3779=ADVANCED_FACE('',(#883),#843,.T.);
#3780=ADVANCED_FACE('',(#884),#138,.T.);
#3781=ADVANCED_FACE('',(#885),#139,.T.);
#3782=ADVANCED_FACE('',(#886),#844,.T.);
#3783=ADVANCED_FACE('',(#887),#140,.T.);
#3784=ADVANCED_FACE('',(#888),#141,.T.);
#3785=ADVANCED_FACE('',(#889),#3766,.T.);
#3786=ADVANCED_FACE('',(#890),#845,.T.);
#3787=ADVANCED_FACE('',(#891),#846,.T.);
#3788=ADVANCED_FACE('',(#892),#142,.T.);
#3789=ADVANCED_FACE('',(#893),#847,.T.);
#3790=ADVANCED_FACE('',(#894),#143,.T.);
#3791=ADVANCED_FACE('',(#895),#3767,.T.);
#3792=ADVANCED_FACE('',(#896),#848,.T.);
#3793=ADVANCED_FACE('',(#897),#144,.T.);
#3794=ADVANCED_FACE('',(#898),#3768,.T.);
#3795=ADVANCED_FACE('',(#899),#849,.T.);
#3796=ADVANCED_FACE('',(#900),#850,.T.);
#3797=ADVANCED_FACE('',(#901),#851,.T.);
#3798=ADVANCED_FACE('',(#902),#145,.T.);
#3799=ADVANCED_FACE('',(#903),#852,.T.);
#3800=ADVANCED_FACE('',(#904),#853,.T.);
#3801=ADVANCED_FACE('',(#905),#146,.F.);
#3802=ADVANCED_FACE('',(#906),#147,.F.);
#3803=ADVANCED_FACE('',(#907),#148,.F.);
#3804=ADVANCED_FACE('',(#908),#149,.F.);
#3805=ADVANCED_FACE('',(#909),#150,.F.);
#3806=ADVANCED_FACE('',(#910),#151,.T.);
#3807=ADVANCED_FACE('',(#911),#3769,.T.);
#3808=ADVANCED_FACE('',(#912),#854,.T.);
#3809=ADVANCED_FACE('',(#913),#855,.T.);
#3810=ADVANCED_FACE('',(#914),#856,.T.);
#3811=ADVANCED_FACE('',(#915),#857,.T.);
#3812=ADVANCED_FACE('',(#916),#152,.T.);
#3813=ADVANCED_FACE('',(#917),#153,.T.);
#3814=ADVANCED_FACE('',(#918),#3770,.T.);
#3815=ADVANCED_FACE('',(#919),#858,.T.);
#3816=ADVANCED_FACE('',(#920),#154,.T.);
#3817=ADVANCED_FACE('',(#921),#155,.T.);
#3818=ADVANCED_FACE('',(#922),#156,.F.);
#3819=ADVANCED_FACE('',(#923),#3771,.T.);
#3820=ADVANCED_FACE('',(#924),#859,.T.);
#3821=ADVANCED_FACE('',(#925),#860,.T.);
#3822=ADVANCED_FACE('',(#926),#861,.T.);
#3823=ADVANCED_FACE('',(#927),#157,.T.);
#3824=ADVANCED_FACE('',(#928),#862,.T.);
#3825=ADVANCED_FACE('',(#929),#3772,.T.);
#3826=ADVANCED_FACE('',(#930),#863,.T.);
#3827=ADVANCED_FACE('',(#931),#864,.T.);
#3828=ADVANCED_FACE('',(#932),#158,.T.);
#3829=ADVANCED_FACE('',(#933),#159,.T.);
#3830=ADVANCED_FACE('',(#934),#865,.T.);
#3831=ADVANCED_FACE('',(#935),#160,.T.);
#3832=ADVANCED_FACE('',(#936),#161,.F.);
#3833=ADVANCED_FACE('',(#937),#162,.F.);
#3834=ADVANCED_FACE('',(#938),#163,.F.);
#3835=ADVANCED_FACE('',(#939),#164,.F.);
#3836=ADVANCED_FACE('',(#940),#165,.F.);
#3837=ADVANCED_FACE('',(#941),#3773,.T.);
#3838=ADVANCED_FACE('',(#942,#107),#166,.T.);
#3839=ADVANCED_FACE('',(#943),#3774,.T.);
#3840=ADVANCED_FACE('',(#944,#108),#167,.T.);
#3841=ADVANCED_FACE('',(#945),#866,.T.);
#3842=ADVANCED_FACE('',(#946),#3775,.T.);
#3843=ADVANCED_FACE('',(#947),#867,.F.);
#3844=ADVANCED_FACE('',(#948),#168,.T.);
#3845=ADVANCED_FACE('',(#949),#868,.T.);
#3846=ADVANCED_FACE('',(#950,#109),#169,.T.);
#3847=ADVANCED_FACE('',(#951),#170,.F.);
#3848=ADVANCED_FACE('',(#952),#3776,.T.);
#3849=ADVANCED_FACE('',(#953,#110),#171,.T.);
#3850=ADVANCED_FACE('',(#954),#172,.T.);
#3851=ADVANCED_FACE('',(#955),#173,.T.);
#3852=ADVANCED_FACE('',(#956),#174,.T.);
#3853=ADVANCED_FACE('',(#957),#175,.T.);
#3854=ADVANCED_FACE('',(#958),#176,.T.);
#3855=ADVANCED_FACE('',(#959),#177,.F.);
#3856=ADVANCED_FACE('',(#960),#178,.T.);
#3857=ADVANCED_FACE('',(#961),#179,.T.);
#3858=ADVANCED_FACE('',(#962),#869,.T.);
#3859=ADVANCED_FACE('',(#963),#870,.T.);
#3860=ADVANCED_FACE('',(#964),#871,.T.);
#3861=ADVANCED_FACE('',(#965),#872,.T.);
#3862=ADVANCED_FACE('',(#966),#873,.T.);
#3863=ADVANCED_FACE('',(#967),#874,.T.);
#3864=ADVANCED_FACE('',(#968,#111),#180,.T.);
#3865=ADVANCED_FACE('',(#969),#875,.T.);
#3866=ADVANCED_FACE('',(#970),#876,.T.);
#3867=ADVANCED_FACE('',(#971),#877,.T.);
#3868=ADVANCED_FACE('',(#972),#878,.T.);
#3869=ADVANCED_FACE('',(#973),#879,.T.);
#3870=ADVANCED_FACE('',(#974),#880,.T.);
#3871=ADVANCED_FACE('',(#975),#181,.T.);
#3872=ADVANCED_FACE('',(#976),#182,.T.);
#3873=ADVANCED_FACE('',(#977),#183,.T.);
#3874=ADVANCED_FACE('',(#978),#184,.T.);
#3875=ADVANCED_FACE('',(#979),#185,.T.);
#3876=ADVANCED_FACE('',(#980),#186,.T.);
#3877=ADVANCED_FACE('',(#981),#187,.T.);
#3878=ADVANCED_FACE('',(#982),#188,.T.);
#3879=ADVANCED_FACE('',(#983),#189,.T.);
#3880=ADVANCED_FACE('',(#984),#190,.T.);
#3881=ADVANCED_FACE('',(#985),#191,.T.);
#3882=ADVANCED_FACE('',(#986),#192,.T.);
#3883=ADVANCED_FACE('',(#987),#193,.T.);
#3884=ADVANCED_FACE('',(#988),#194,.T.);
#3885=ADVANCED_FACE('',(#989),#195,.T.);
#3886=ADVANCED_FACE('',(#990),#196,.T.);
#3887=ADVANCED_FACE('',(#991),#197,.T.);
#3888=ADVANCED_FACE('',(#992),#198,.F.);
#3889=ADVANCED_FACE('',(#993),#199,.T.);
#3890=ADVANCED_FACE('',(#994),#200,.T.);
#3891=ADVANCED_FACE('',(#995),#201,.T.);
#3892=ADVANCED_FACE('',(#996),#13,.T.);
#3893=ADVANCED_FACE('',(#997),#14,.T.);
#3894=ADVANCED_FACE('',(#998),#202,.T.);
#3895=ADVANCED_FACE('',(#999),#203,.T.);
#3896=ADVANCED_FACE('',(#1000),#204,.T.);
#3897=ADVANCED_FACE('',(#1001),#205,.T.);
#3898=ADVANCED_FACE('',(#1002),#206,.T.);
#3899=ADVANCED_FACE('',(#1003),#207,.F.);
#3900=ADVANCED_FACE('',(#1004),#15,.T.);
#3901=ADVANCED_FACE('',(#1005),#16,.T.);
#3902=ADVANCED_FACE('',(#1006),#17,.T.);
#3903=ADVANCED_FACE('',(#1007),#18,.T.);
#3904=ADVANCED_FACE('',(#1008),#19,.T.);
#3905=ADVANCED_FACE('',(#1009),#20,.T.);
#3906=ADVANCED_FACE('',(#1010),#21,.T.);
#3907=ADVANCED_FACE('',(#1011),#22,.T.);
#3908=ADVANCED_FACE('',(#1012),#208,.T.);
#3909=ADVANCED_FACE('',(#1013),#23,.T.);
#3910=ADVANCED_FACE('',(#1014),#24,.T.);
#3911=ADVANCED_FACE('',(#1015),#25,.T.);
#3912=ADVANCED_FACE('',(#1016),#26,.T.);
#3913=ADVANCED_FACE('',(#1017),#27,.T.);
#3914=ADVANCED_FACE('',(#1018),#28,.T.);
#3915=ADVANCED_FACE('',(#1019),#29,.T.);
#3916=ADVANCED_FACE('',(#1020),#30,.T.);
#3917=ADVANCED_FACE('',(#1021),#31,.T.);
#3918=ADVANCED_FACE('',(#1022),#32,.T.);
#3919=ADVANCED_FACE('',(#1023),#33,.T.);
#3920=ADVANCED_FACE('',(#1024),#34,.T.);
#3921=ADVANCED_FACE('',(#1025),#35,.T.);
#3922=ADVANCED_FACE('',(#1026),#36,.T.);
#3923=ADVANCED_FACE('',(#1027),#37,.T.);
#3924=ADVANCED_FACE('',(#1028),#38,.T.);
#3925=ADVANCED_FACE('',(#1029),#39,.T.);
#3926=ADVANCED_FACE('',(#1030),#40,.T.);
#3927=ADVANCED_FACE('',(#1031),#41,.T.);
#3928=ADVANCED_FACE('',(#1032),#42,.T.);
#3929=ADVANCED_FACE('',(#1033),#43,.T.);
#3930=ADVANCED_FACE('',(#1034,#112),#209,.T.);
#3931=ADVANCED_FACE('',(#1035,#113),#210,.F.);
#3932=ADVANCED_FACE('',(#1036),#211,.T.);
#3933=ADVANCED_FACE('',(#1037),#212,.T.);
#3934=ADVANCED_FACE('',(#1038),#44,.T.);
#3935=ADVANCED_FACE('',(#1039),#45,.T.);
#3936=ADVANCED_FACE('',(#1040),#46,.T.);
#3937=ADVANCED_FACE('',(#1041),#47,.T.);
#3938=ADVANCED_FACE('',(#1042),#48,.T.);
#3939=ADVANCED_FACE('',(#1043),#49,.T.);
#3940=ADVANCED_FACE('',(#1044),#50,.T.);
#3941=ADVANCED_FACE('',(#1045),#51,.T.);
#3942=ADVANCED_FACE('',(#1046),#52,.T.);
#3943=ADVANCED_FACE('',(#1047),#213,.T.);
#3944=ADVANCED_FACE('',(#1048),#53,.T.);
#3945=ADVANCED_FACE('',(#1049),#54,.T.);
#3946=ADVANCED_FACE('',(#1050),#55,.T.);
#3947=ADVANCED_FACE('',(#1051),#56,.T.);
#3948=ADVANCED_FACE('',(#1052),#57,.T.);
#3949=ADVANCED_FACE('',(#1053),#58,.T.);
#3950=ADVANCED_FACE('',(#1054),#59,.T.);
#3951=ADVANCED_FACE('',(#1055),#60,.T.);
#3952=ADVANCED_FACE('',(#1056),#61,.T.);
#3953=ADVANCED_FACE('',(#1057),#214,.T.);
#3954=ADVANCED_FACE('',(#1058),#215,.T.);
#3955=ADVANCED_FACE('',(#1059),#216,.F.);
#3956=ADVANCED_FACE('',(#1060),#217,.T.);
#3957=ADVANCED_FACE('',(#1061),#218,.T.);
#3958=ADVANCED_FACE('',(#1062),#62,.T.);
#3959=ADVANCED_FACE('',(#1063),#63,.T.);
#3960=ADVANCED_FACE('',(#1064),#64,.T.);
#3961=ADVANCED_FACE('',(#1065),#65,.T.);
#3962=ADVANCED_FACE('',(#1066),#66,.T.);
#3963=ADVANCED_FACE('',(#1067),#67,.T.);
#3964=ADVANCED_FACE('',(#1068),#68,.T.);
#3965=ADVANCED_FACE('',(#1069),#69,.T.);
#3966=ADVANCED_FACE('',(#1070),#70,.T.);
#3967=ADVANCED_FACE('',(#1071),#219,.T.);
#3968=ADVANCED_FACE('',(#1072),#71,.T.);
#3969=ADVANCED_FACE('',(#1073),#72,.T.);
#3970=ADVANCED_FACE('',(#1074),#73,.T.);
#3971=ADVANCED_FACE('',(#1075),#74,.T.);
#3972=ADVANCED_FACE('',(#1076),#75,.T.);
#3973=ADVANCED_FACE('',(#1077),#76,.T.);
#3974=ADVANCED_FACE('',(#1078),#77,.T.);
#3975=ADVANCED_FACE('',(#1079),#78,.T.);
#3976=ADVANCED_FACE('',(#1080),#79,.T.);
#3977=ADVANCED_FACE('',(#1081),#220,.T.);
#3978=ADVANCED_FACE('',(#1082),#221,.T.);
#3979=ADVANCED_FACE('',(#1083),#222,.F.);
#3980=ADVANCED_FACE('',(#1084),#80,.T.);
#3981=ADVANCED_FACE('',(#1085),#81,.T.);
#3982=ADVANCED_FACE('',(#1086),#82,.T.);
#3983=ADVANCED_FACE('',(#1087),#83,.T.);
#3984=ADVANCED_FACE('',(#1088),#84,.T.);
#3985=ADVANCED_FACE('',(#1089),#85,.T.);
#3986=ADVANCED_FACE('',(#1090),#86,.T.);
#3987=ADVANCED_FACE('',(#1091),#87,.T.);
#3988=ADVANCED_FACE('',(#1092),#88,.T.);
#3989=ADVANCED_FACE('',(#1093),#223,.T.);
#3990=ADVANCED_FACE('',(#1094),#89,.T.);
#3991=ADVANCED_FACE('',(#1095),#90,.T.);
#3992=ADVANCED_FACE('',(#1096),#91,.T.);
#3993=ADVANCED_FACE('',(#1097),#92,.T.);
#3994=ADVANCED_FACE('',(#1098),#93,.T.);
#3995=ADVANCED_FACE('',(#1099),#94,.T.);
#3996=ADVANCED_FACE('',(#1100),#95,.T.);
#3997=ADVANCED_FACE('',(#1101),#96,.T.);
#3998=ADVANCED_FACE('',(#1102),#97,.T.);
#3999=ADVANCED_FACE('',(#1103),#98,.T.);
#4000=ADVANCED_FACE('',(#1104),#99,.T.);
#4001=ADVANCED_FACE('',(#1105),#100,.T.);
#4002=ADVANCED_FACE('',(#1106),#101,.T.);
#4003=ADVANCED_FACE('',(#1107),#102,.T.);
#4004=ADVANCED_FACE('',(#1108),#103,.T.);
#4005=ADVANCED_FACE('',(#1109),#104,.T.);
#4006=ADVANCED_FACE('',(#1110),#105,.T.);
#4007=ADVANCED_FACE('',(#1111),#106,.T.);
#4008=ADVANCED_FACE('',(#1112,#114),#224,.T.);
#4009=ADVANCED_FACE('',(#1113,#115),#225,.F.);
#4010=CLOSED_SHELL('',(#3777,#3778,#3779,#3780,#3781,#3782,#3783,#3784,
#3785,#3786,#3787,#3788,#3789,#3790,#3791,#3792,#3793,#3794,#3795,#3796,
#3797,#3798,#3799,#3800,#3801,#3802,#3803,#3804,#3805,#3806));
#4011=CLOSED_SHELL('',(#3807,#3808,#3809,#3810,#3811,#3812,#3813,#3814,
#3815,#3816,#3817,#3818,#3819,#3820,#3821,#3822,#3823,#3824,#3825,#3826,
#3827,#3828,#3829,#3830,#3831,#3832,#3833,#3834,#3835,#3836));
#4012=CLOSED_SHELL('',(#3837,#3838,#3839,#3840,#3841,#3842,#3843,#3844,
#3845,#3846,#3847));
#4013=CLOSED_SHELL('',(#3848,#3849,#3850,#3851,#3852,#3853,#3854,#3855,
#3856,#3857,#3858,#3859,#3860,#3861,#3862,#3863,#3864,#3865,#3866,#3867,
#3868,#3869,#3870,#3871,#3872,#3873,#3874,#3875,#3876));
#4014=CLOSED_SHELL('',(#3877,#3878,#3879,#3880,#3881,#3882,#3883,#3884,
#3885,#3886,#3887,#3888));
#4015=CLOSED_SHELL('',(#3889,#3890,#3891,#3892,#3893,#3894,#3895,#3896,
#3897,#3898,#3899));
#4016=CLOSED_SHELL('',(#3900,#3901,#3902,#3903,#3904,#3905,#3906,#3907,
#3908,#3909,#3910,#3911,#3912,#3913,#3914,#3915,#3916,#3917,#3918,#3919,
#3920,#3921,#3922,#3923,#3924,#3925,#3926,#3927,#3928,#3929,#3930,#3931));
#4017=CLOSED_SHELL('',(#3932,#3933,#3934,#3935,#3936,#3937,#3938,#3939,
#3940,#3941,#3942,#3943,#3944,#3945,#3946,#3947,#3948,#3949,#3950,#3951,
#3952,#3953,#3954,#3955));
#4018=CLOSED_SHELL('',(#3956,#3957,#3958,#3959,#3960,#3961,#3962,#3963,
#3964,#3965,#3966,#3967,#3968,#3969,#3970,#3971,#3972,#3973,#3974,#3975,
#3976,#3977,#3978,#3979));
#4019=CLOSED_SHELL('',(#3980,#3981,#3982,#3983,#3984,#3985,#3986,#3987,
#3988,#3989,#3990,#3991,#3992,#3993,#3994,#3995,#3996,#3997,#3998,#3999,
#4000,#4001,#4002,#4003,#4004,#4005,#4006,#4007,#4008,#4009));
#4020=DERIVED_UNIT_ELEMENT(#4022,1.);
#4021=DERIVED_UNIT_ELEMENT(#7920,-3.);
#4022=(
MASS_UNIT()
NAMED_UNIT(*)
SI_UNIT(.KILO.,.GRAM.)
);
#4023=DERIVED_UNIT((#4020,#4021));
#4024=MEASURE_REPRESENTATION_ITEM('density measure',
POSITIVE_RATIO_MEASURE(7850.),#4023);
#4025=PROPERTY_DEFINITION_REPRESENTATION(#4030,#4027);
#4026=PROPERTY_DEFINITION_REPRESENTATION(#4031,#4028);
#4027=REPRESENTATION('material name',(#4029),#7917);
#4028=REPRESENTATION('density',(#4024),#7917);
#4029=DESCRIPTIVE_REPRESENTATION_ITEM('Steel','Steel');
#4030=PROPERTY_DEFINITION('material property','material name',#7927);
#4031=PROPERTY_DEFINITION('material property','density of part',#7927);
#4032=AXIS2_PLACEMENT_3D('',#5005,#4257,#4258);
#4033=AXIS2_PLACEMENT_3D('',#5006,#4259,#4260);
#4034=AXIS2_PLACEMENT_3D('',#5027,#4261,#4262);
#4035=AXIS2_PLACEMENT_3D('',#5029,#4263,#4264);
#4036=AXIS2_PLACEMENT_3D('',#5031,#4265,#4266);
#4037=AXIS2_PLACEMENT_3D('',#5033,#4267,#4268);
#4038=AXIS2_PLACEMENT_3D('',#5034,#4269,#4270);
#4039=AXIS2_PLACEMENT_3D('',#5035,#4271,#4272);
#4040=AXIS2_PLACEMENT_3D('',#5038,#4273,#4274);
#4041=AXIS2_PLACEMENT_3D('',#5041,#4277,#4278);
#4042=AXIS2_PLACEMENT_3D('',#5054,#4280,#4281);
#4043=AXIS2_PLACEMENT_3D('',#5057,#4283,#4284);
#4044=AXIS2_PLACEMENT_3D('',#5058,#4285,#4286);
#4045=AXIS2_PLACEMENT_3D('',#5062,#4288,#4289);
#4046=AXIS2_PLACEMENT_3D('',#5064,#4291,#4292);
#4047=AXIS2_PLACEMENT_3D('',#5067,#4294,#4295);
#4048=AXIS2_PLACEMENT_3D('',#5068,#4296,#4297);
#4049=AXIS2_PLACEMENT_3D('',#5071,#4299,#4300);
#4050=AXIS2_PLACEMENT_3D('',#5072,#4301,#4302);
#4051=AXIS2_PLACEMENT_3D('',#5076,#4305,#4306);
#4052=AXIS2_PLACEMENT_3D('',#5080,#4308,#4309);
#4053=AXIS2_PLACEMENT_3D('',#5084,#4311,#4312);
#4054=AXIS2_PLACEMENT_3D('',#5087,#4314,#4315);
#4055=AXIS2_PLACEMENT_3D('',#5088,#4316,#4317);
#4056=AXIS2_PLACEMENT_3D('',#5099,#4318,#4319);
#4057=AXIS2_PLACEMENT_3D('',#5101,#4320,#4321);
#4058=AXIS2_PLACEMENT_3D('',#5102,#4322,#4323);
#4059=AXIS2_PLACEMENT_3D('',#5103,#4324,#4325);
#4060=AXIS2_PLACEMENT_3D('',#5105,#4327,#4328);
#4061=AXIS2_PLACEMENT_3D('',#5118,#4330,#4331);
#4062=AXIS2_PLACEMENT_3D('',#5120,#4333,#4334);
#4063=AXIS2_PLACEMENT_3D('',#5123,#4336,#4337);
#4064=AXIS2_PLACEMENT_3D('',#5124,#4338,#4339);
#4065=AXIS2_PLACEMENT_3D('',#5127,#4341,#4342);
#4066=AXIS2_PLACEMENT_3D('',#5128,#4343,#4344);
#4067=AXIS2_PLACEMENT_3D('',#5130,#4346,#4347);
#4068=AXIS2_PLACEMENT_3D('',#5141,#4348,#4349);
#4069=AXIS2_PLACEMENT_3D('',#5143,#4350,#4351);
#4070=AXIS2_PLACEMENT_3D('',#5144,#4352,#4353);
#4071=AXIS2_PLACEMENT_3D('',#5145,#4354,#4355);
#4072=AXIS2_PLACEMENT_3D('',#5147,#4357,#4358);
#4073=AXIS2_PLACEMENT_3D('',#5151,#4361,#4362);
#4074=AXIS2_PLACEMENT_3D('',#5163,#4363,#4364);
#4075=AXIS2_PLACEMENT_3D('',#5164,#4365,#4366);
#4076=AXIS2_PLACEMENT_3D('',#5166,#4367,#4368);
#4077=AXIS2_PLACEMENT_3D('',#5167,#4369,#4370);
#4078=AXIS2_PLACEMENT_3D('',#5176,#4371,#4372);
#4079=AXIS2_PLACEMENT_3D('',#5178,#4374,#4375);
#4080=AXIS2_PLACEMENT_3D('',#5181,#4377,#4378);
#4081=AXIS2_PLACEMENT_3D('',#5183,#4380,#4381);
#4082=AXIS2_PLACEMENT_3D('',#5185,#4383,#4384);
#4083=AXIS2_PLACEMENT_3D('',#5187,#4386,#4387);
#4084=AXIS2_PLACEMENT_3D('',#5189,#4389,#4390);
#4085=AXIS2_PLACEMENT_3D('',#5190,#4391,#4392);
#4086=AXIS2_PLACEMENT_3D('',#5196,#4396,#4397);
#4087=AXIS2_PLACEMENT_3D('',#5200,#4400,#4401);
#4088=AXIS2_PLACEMENT_3D('',#5204,#4404,#4405);
#4089=AXIS2_PLACEMENT_3D('',#5206,#4407,#4408);
#4090=AXIS2_PLACEMENT_3D('',#5207,#4409,#4410);
#4091=AXIS2_PLACEMENT_3D('',#5208,#4411,#4412);
#4092=AXIS2_PLACEMENT_3D('',#5220,#4413,#4414);
#4093=AXIS2_PLACEMENT_3D('',#5222,#4415,#4416);
#4094=AXIS2_PLACEMENT_3D('',#5224,#4417,#4418);
#4095=AXIS2_PLACEMENT_3D('',#5226,#4419,#4420);
#4096=AXIS2_PLACEMENT_3D('',#5228,#4421,#4422);
#4097=AXIS2_PLACEMENT_3D('',#5237,#4423,#4424);
#4098=AXIS2_PLACEMENT_3D('',#5240,#4425,#4426);
#4099=AXIS2_PLACEMENT_3D('',#5243,#4429,#4430);
#4100=AXIS2_PLACEMENT_3D('',#5247,#4432,#4433);
#4101=AXIS2_PLACEMENT_3D('',#5249,#4435,#4436);
#4102=AXIS2_PLACEMENT_3D('',#5251,#4437,#4438);
#4103=AXIS2_PLACEMENT_3D('',#5255,#4440,#4441);
#4104=AXIS2_PLACEMENT_3D('',#5266,#4443,#4444);
#4105=AXIS2_PLACEMENT_3D('',#5279,#4446,#4447);
#4106=AXIS2_PLACEMENT_3D('',#5281,#4449,#4450);
#4107=AXIS2_PLACEMENT_3D('',#5284,#4452,#4453);
#4108=AXIS2_PLACEMENT_3D('',#5285,#4454,#4455);
#4109=AXIS2_PLACEMENT_3D('',#5286,#4456,#4457);
#4110=AXIS2_PLACEMENT_3D('',#5287,#4458,#4459);
#4111=AXIS2_PLACEMENT_3D('',#5298,#4460,#4461);
#4112=AXIS2_PLACEMENT_3D('',#5300,#4462,#4463);
#4113=AXIS2_PLACEMENT_3D('',#5301,#4464,#4465);
#4114=AXIS2_PLACEMENT_3D('',#5302,#4466,#4467);
#4115=AXIS2_PLACEMENT_3D('',#5305,#4468,#4469);
#4116=AXIS2_PLACEMENT_3D('',#5308,#4472,#4473);
#4117=AXIS2_PLACEMENT_3D('',#5312,#4475,#4476);
#4118=AXIS2_PLACEMENT_3D('',#5314,#4478,#4479);
#4119=AXIS2_PLACEMENT_3D('',#5316,#4481,#4482);
#4120=AXIS2_PLACEMENT_3D('',#5320,#4484,#4485);
#4121=AXIS2_PLACEMENT_3D('',#5324,#4487,#4488);
#4122=AXIS2_PLACEMENT_3D('',#5326,#4490,#4491);
#4123=AXIS2_PLACEMENT_3D('',#5338,#4492,#4493);
#4124=AXIS2_PLACEMENT_3D('',#5340,#4494,#4495);
#4125=AXIS2_PLACEMENT_3D('',#5342,#4496,#4497);
#4126=AXIS2_PLACEMENT_3D('',#5343,#4498,#4499);
#4127=AXIS2_PLACEMENT_3D('',#5352,#4500,#4501);
#4128=AXIS2_PLACEMENT_3D('',#5355,#4504,#4505);
#4129=AXIS2_PLACEMENT_3D('',#5357,#4506,#4507);
#4130=AXIS2_PLACEMENT_3D('',#5369,#4510,#4511);
#4131=AXIS2_PLACEMENT_3D('',#5371,#4513,#4514);
#4132=AXIS2_PLACEMENT_3D('',#5373,#4515,#4516);
#4133=AXIS2_PLACEMENT_3D('',#5375,#4518,#4519);
#4134=AXIS2_PLACEMENT_3D('',#5377,#4521,#4522);
#4135=AXIS2_PLACEMENT_3D('',#5379,#4523,#4524);
#4136=AXIS2_PLACEMENT_3D('',#5381,#4525,#4526);
#4137=AXIS2_PLACEMENT_3D('',#5382,#4527,#4528);
#4138=AXIS2_PLACEMENT_3D('',#5383,#4529,#4530);
#4139=AXIS2_PLACEMENT_3D('',#5386,#4533,#4534);
#4140=AXIS2_PLACEMENT_3D('',#5388,#4536,#4537);
#4141=AXIS2_PLACEMENT_3D('',#5389,#4538,#4539);
#4142=AXIS2_PLACEMENT_3D('',#5391,#4541,#4542);
#4143=AXIS2_PLACEMENT_3D('',#5392,#4543,#4544);
#4144=AXIS2_PLACEMENT_3D('',#5393,#4545,#4546);
#4145=AXIS2_PLACEMENT_3D('',#5399,#4550,#4551);
#4146=AXIS2_PLACEMENT_3D('',#5403,#4554,#4555);
#4147=AXIS2_PLACEMENT_3D('',#5407,#4558,#4559);
#4148=AXIS2_PLACEMENT_3D('',#5409,#4561,#4562);
#4149=AXIS2_PLACEMENT_3D('',#5410,#4563,#4564);
#4150=AXIS2_PLACEMENT_3D('',#5412,#4565,#4566);
#4151=AXIS2_PLACEMENT_3D('',#5414,#4567,#4568);
#4152=AXIS2_PLACEMENT_3D('',#5415,#4569,#4570);
#4153=AXIS2_PLACEMENT_3D('',#5416,#4571,#4572);
#4154=AXIS2_PLACEMENT_3D('',#5418,#4573,#4574);
#4155=AXIS2_PLACEMENT_3D('',#5419,#4575,#4576);
#4156=AXIS2_PLACEMENT_3D('',#5421,#4577,#4578);
#4157=AXIS2_PLACEMENT_3D('',#5423,#4579,#4580);
#4158=AXIS2_PLACEMENT_3D('',#5424,#4581,#4582);
#4159=AXIS2_PLACEMENT_3D('',#5425,#4583,#4584);
#4160=AXIS2_PLACEMENT_3D('',#5427,#4585,#4586);
#4161=AXIS2_PLACEMENT_3D('',#5428,#4587,#4588);
#4162=AXIS2_PLACEMENT_3D('',#5431,#4590,#4591);
#4163=AXIS2_PLACEMENT_3D('',#5432,#4592,#4593);
#4164=AXIS2_PLACEMENT_3D('',#5434,#4594,#4595);
#4165=AXIS2_PLACEMENT_3D('',#5436,#4596,#4597);
#4166=AXIS2_PLACEMENT_3D('',#5437,#4598,#4599);
#4167=AXIS2_PLACEMENT_3D('',#5438,#4600,#4601);
#4168=AXIS2_PLACEMENT_3D('',#5440,#4603,#4604);
#4169=AXIS2_PLACEMENT_3D('',#5441,#4605,#4606);
#4170=AXIS2_PLACEMENT_3D('',#5443,#4607,#4608);
#4171=AXIS2_PLACEMENT_3D('',#5446,#4610,#4611);
#4172=AXIS2_PLACEMENT_3D('',#5447,#4612,#4613);
#4173=AXIS2_PLACEMENT_3D('',#5448,#4614,#4615);
#4174=AXIS2_PLACEMENT_3D('',#5449,#4616,#4617);
#4175=AXIS2_PLACEMENT_3D('',#5451,#4618,#4619);
#4176=AXIS2_PLACEMENT_3D('',#5453,#4620,#4621);
#4177=AXIS2_PLACEMENT_3D('',#5454,#4622,#4623);
#4178=AXIS2_PLACEMENT_3D('',#5455,#4624,#4625);
#4179=AXIS2_PLACEMENT_3D('',#5468,#4632,#4633);
#4180=AXIS2_PLACEMENT_3D('',#5469,#4634,#4635);
#4181=AXIS2_PLACEMENT_3D('',#5478,#4640,#4641);
#4182=AXIS2_PLACEMENT_3D('',#5484,#4645,#4646);
#4183=AXIS2_PLACEMENT_3D('',#5490,#4650,#4651);
#4184=AXIS2_PLACEMENT_3D('',#5494,#4654,#4655);
#4185=AXIS2_PLACEMENT_3D('',#5502,#4660,#4661);
#4186=AXIS2_PLACEMENT_3D('',#5506,#4664,#4665);
#4187=AXIS2_PLACEMENT_3D('',#5510,#4668,#4669);
#4188=AXIS2_PLACEMENT_3D('',#5514,#4671,#4672);
#4189=AXIS2_PLACEMENT_3D('',#5515,#4673,#4674);
#4190=AXIS2_PLACEMENT_3D('',#5516,#4675,#4676);
#4191=AXIS2_PLACEMENT_3D('',#5520,#4678,#4679);
#4192=AXIS2_PLACEMENT_3D('',#5522,#4681,#4682);
#4193=AXIS2_PLACEMENT_3D('',#5526,#4684,#4685);
#4194=AXIS2_PLACEMENT_3D('',#5528,#4687,#4688);
#4195=AXIS2_PLACEMENT_3D('',#5531,#4690,#4691);
#4196=AXIS2_PLACEMENT_3D('',#5533,#4693,#4694);
#4197=AXIS2_PLACEMENT_3D('',#5536,#4696,#4697);
#4198=AXIS2_PLACEMENT_3D('',#5537,#4698,#4699);
#4199=AXIS2_PLACEMENT_3D('',#5539,#4701,#4702);
#4200=AXIS2_PLACEMENT_3D('',#5552,#4709,#4710);
#4201=AXIS2_PLACEMENT_3D('',#5554,#4711,#4712);
#4202=AXIS2_PLACEMENT_3D('',#5556,#4714,#4715);
#4203=AXIS2_PLACEMENT_3D('',#5557,#4716,#4717);
#4204=AXIS2_PLACEMENT_3D('',#5559,#4718,#4719);
#4205=AXIS2_PLACEMENT_3D('',#5561,#4721,#4722);
#4206=AXIS2_PLACEMENT_3D('',#5562,#4723,#4724);
#4207=AXIS2_PLACEMENT_3D('',#5564,#4726,#4727);
#4208=AXIS2_PLACEMENT_3D('',#5565,#4728,#4729);
#4209=AXIS2_PLACEMENT_3D('',#5566,#4730,#4731);
#4210=AXIS2_PLACEMENT_3D('',#5567,#4732,#4733);
#4211=AXIS2_PLACEMENT_3D('',#5568,#4734,#4735);
#4212=AXIS2_PLACEMENT_3D('',#5569,#4736,#4737);
#4213=AXIS2_PLACEMENT_3D('',#5571,#4739,#4740);
#4214=AXIS2_PLACEMENT_3D('',#5573,#4742,#4743);
#4215=AXIS2_PLACEMENT_3D('',#5574,#4744,#4745);
#4216=AXIS2_PLACEMENT_3D('',#5576,#4747,#4748);
#4217=AXIS2_PLACEMENT_3D('',#5578,#4750,#4751);
#4218=AXIS2_PLACEMENT_3D('',#5579,#4752,#4753);
#4219=AXIS2_PLACEMENT_3D('',#5588,#4758,#4759);
#4220=AXIS2_PLACEMENT_3D('',#5594,#4763,#4764);
#4221=AXIS2_PLACEMENT_3D('',#5600,#4768,#4769);
#4222=AXIS2_PLACEMENT_3D('',#5606,#4773,#4774);
#4223=AXIS2_PLACEMENT_3D('',#5612,#4778,#4779);
#4224=AXIS2_PLACEMENT_3D('',#5618,#4783,#4784);
#4225=AXIS2_PLACEMENT_3D('',#5624,#4788,#4789);
#4226=AXIS2_PLACEMENT_3D('',#5630,#4793,#4794);
#4227=AXIS2_PLACEMENT_3D('',#5636,#4798,#4799);
#4228=AXIS2_PLACEMENT_3D('',#5639,#4802,#4803);
#4229=AXIS2_PLACEMENT_3D('',#5640,#4804,#4805);
#4230=AXIS2_PLACEMENT_3D('',#5641,#4806,#4807);
#4231=AXIS2_PLACEMENT_3D('',#5650,#4812,#4813);
#4232=AXIS2_PLACEMENT_3D('',#5656,#4817,#4818);
#4233=AXIS2_PLACEMENT_3D('',#5708,#4824,#4825);
#4234=AXIS2_PLACEMENT_3D('',#5714,#4829,#4830);
#4235=AXIS2_PLACEMENT_3D('',#5720,#4834,#4835);
#4236=AXIS2_PLACEMENT_3D('',#5726,#4839,#4840);
#4237=AXIS2_PLACEMENT_3D('',#5729,#4843,#4844);
#4238=AXIS2_PLACEMENT_3D('',#5730,#4845,#4846);
#4239=AXIS2_PLACEMENT_3D('',#5915,#4855,#4856);
#4240=AXIS2_PLACEMENT_3D('',#6404,#4881,#4882);
#4241=AXIS2_PLACEMENT_3D('',#6405,#4883,#4884);
#4242=AXIS2_PLACEMENT_3D('',#6406,#4885,#4886);
#4243=AXIS2_PLACEMENT_3D('',#6415,#4891,#4892);
#4244=AXIS2_PLACEMENT_3D('',#6628,#4905,#4906);
#4245=AXIS2_PLACEMENT_3D('',#6841,#4919,#4920);
#4246=AXIS2_PLACEMENT_3D('',#6844,#4923,#4924);
#4247=AXIS2_PLACEMENT_3D('',#6845,#4925,#4926);
#4248=AXIS2_PLACEMENT_3D('',#6846,#4927,#4928);
#4249=AXIS2_PLACEMENT_3D('',#6855,#4933,#4934);
#4250=AXIS2_PLACEMENT_3D('',#7068,#4947,#4948);
#4251=AXIS2_PLACEMENT_3D('',#7281,#4961,#4962);
#4252=AXIS2_PLACEMENT_3D('',#7284,#4965,#4966);
#4253=AXIS2_PLACEMENT_3D('',#7285,#4967,#4968);
#4254=AXIS2_PLACEMENT_3D('',#7493,#4978,#4979);
#4255=AXIS2_PLACEMENT_3D('',#7913,#5001,#5002);
#4256=AXIS2_PLACEMENT_3D('',#7914,#5003,#5004);
#4257=DIRECTION('axis',(0.,0.,1.));
#4258=DIRECTION('refdir',(1.,0.,0.));
#4259=DIRECTION('center_axis',(0.,0.,-1.));
#4260=DIRECTION('ref_axis',(-1.,0.,0.));
#4261=DIRECTION('center_axis',(0.,0.,-1.));
#4262=DIRECTION('ref_axis',(0.707106781186547,0.707106781186547,0.));
#4263=DIRECTION('center_axis',(1.58603289232165E-15,1.,0.));
#4264=DIRECTION('ref_axis',(0.,0.,1.));
#4265=DIRECTION('center_axis',(0.,0.,1.));
#4266=DIRECTION('ref_axis',(0.707106781186548,0.707106781186548,0.));
#4267=DIRECTION('center_axis',(1.,1.58603289232165E-15,2.51550033552619E-30));
#4268=DIRECTION('ref_axis',(-1.58603289232165E-15,1.,0.));
#4269=DIRECTION('center_axis',(0.,0.,-1.));
#4270=DIRECTION('ref_axis',(0.707106781186547,0.707106781186547,0.));
#4271=DIRECTION('center_axis',(0.,0.,-1.));
#4272=DIRECTION('ref_axis',(0.707106781186548,0.707106781186548,0.));
#4273=DIRECTION('center_axis',(0.,0.,1.));
#4274=DIRECTION('ref_axis',(0.707106781186548,0.707106781186548,0.));
#4275=DIRECTION('',(0.,0.,1.));
#4276=DIRECTION('',(0.,0.,-1.));
#4277=DIRECTION('center_axis',(1.,0.,0.));
#4278=DIRECTION('ref_axis',(0.,-0.707106781186547,0.707106781186548));
#4279=DIRECTION('',(-1.,0.,0.));
#4280=DIRECTION('center_axis',(-0.707106781186547,-0.707106781186548,0.));
#4281=DIRECTION('ref_axis',(0.707106781186548,-0.707106781186547,0.));
#4282=DIRECTION('',(1.,0.,0.));
#4283=DIRECTION('center_axis',(0.707106781186547,-0.707106781186548,0.));
#4284=DIRECTION('ref_axis',(0.707106781186548,0.707106781186547,0.));
#4285=DIRECTION('center_axis',(0.,0.,1.));
#4286=DIRECTION('ref_axis',(1.,0.,0.));
#4287=DIRECTION('',(0.,1.,0.));
#4288=DIRECTION('center_axis',(0.,0.,-1.));
#4289=DIRECTION('ref_axis',(0.707106781186547,-0.707106781186547,0.));
#4290=DIRECTION('',(0.,-1.,0.));
#4291=DIRECTION('center_axis',(0.,0.,1.));
#4292=DIRECTION('ref_axis',(1.,0.,0.));
#4293=DIRECTION('',(1.,0.,0.));
#4294=DIRECTION('center_axis',(0.,0.,-1.));
#4295=DIRECTION('ref_axis',(-0.707106781186547,0.707106781186547,0.));
#4296=DIRECTION('center_axis',(1.,0.,0.));
#4297=DIRECTION('ref_axis',(0.,0.707106781186547,0.707106781186548));
#4298=DIRECTION('',(-1.,0.,0.));
#4299=DIRECTION('center_axis',(-1.,1.58603289232165E-15,2.51550033552619E-30));
#4300=DIRECTION('ref_axis',(0.,-1.58603289232165E-15,1.));
#4301=DIRECTION('center_axis',(0.,1.,0.));
#4302=DIRECTION('ref_axis',(1.,0.,0.));
#4303=DIRECTION('',(1.,0.,0.));
#4304=DIRECTION('',(0.,0.,-1.));
#4305=DIRECTION('center_axis',(0.,0.,-1.));
#4306=DIRECTION('ref_axis',(-1.,0.,0.));
#4307=DIRECTION('',(0.,-1.,0.));
#4308=DIRECTION('center_axis',(0.,0.,1.));
#4309=DIRECTION('ref_axis',(0.707106781186548,-0.707106781186548,0.));
#4310=DIRECTION('',(-1.,0.,0.));
#4311=DIRECTION('center_axis',(0.,0.,1.));
#4312=DIRECTION('ref_axis',(-0.707106781186548,-0.707106781186548,0.));
#4313=DIRECTION('',(0.,1.,0.));
#4314=DIRECTION('center_axis',(0.,0.,1.));
#4315=DIRECTION('ref_axis',(-0.707106781186548,0.707106781186548,0.));
#4316=DIRECTION('center_axis',(0.,0.,-1.));
#4317=DIRECTION('ref_axis',(-1.,0.,0.));
#4318=DIRECTION('center_axis',(0.,0.,1.));
#4319=DIRECTION('ref_axis',(-0.707106781186548,0.707106781186548,0.));
#4320=DIRECTION('center_axis',(-1.58603289232165E-15,1.,0.));
#4321=DIRECTION('ref_axis',(-1.,-1.58603289232165E-15,0.));
#4322=DIRECTION('center_axis',(0.,0.,-1.));
#4323=DIRECTION('ref_axis',(-0.707106781186547,0.707106781186547,0.));
#4324=DIRECTION('center_axis',(0.,0.,-1.));
#4325=DIRECTION('ref_axis',(-0.707106781186548,0.707106781186548,0.));
#4326=DIRECTION('',(0.,0.,1.));
#4327=DIRECTION('center_axis',(0.,1.,0.));
#4328=DIRECTION('ref_axis',(0.707106781186549,0.,0.707106781186546));
#4329=DIRECTION('',(0.,-1.,0.));
#4330=DIRECTION('center_axis',(-0.707106781186547,0.707106781186548,0.));
#4331=DIRECTION('ref_axis',(-0.707106781186548,-0.707106781186547,0.));
#4332=DIRECTION('',(0.,1.,0.));
#4333=DIRECTION('center_axis',(0.,0.,1.));
#4334=DIRECTION('ref_axis',(1.,0.,0.));
#4335=DIRECTION('',(0.,1.,0.));
#4336=DIRECTION('center_axis',(0.,0.,-1.));
#4337=DIRECTION('ref_axis',(-0.707106781186547,-0.707106781186547,0.));
#4338=DIRECTION('center_axis',(0.,1.,0.));
#4339=DIRECTION('ref_axis',(-0.707106781186549,0.,0.707106781186546));
#4340=DIRECTION('',(0.,-1.,0.));
#4341=DIRECTION('center_axis',(-1.58603289232165E-15,-1.,0.));
#4342=DIRECTION('ref_axis',(0.,0.,1.));
#4343=DIRECTION('center_axis',(-1.,0.,0.));
#4344=DIRECTION('ref_axis',(0.,1.,0.));
#4345=DIRECTION('',(0.,0.,-1.));
#4346=DIRECTION('center_axis',(0.,0.,-1.));
#4347=DIRECTION('ref_axis',(-1.,0.,0.));
#4348=DIRECTION('center_axis',(0.,0.,1.));
#4349=DIRECTION('ref_axis',(-0.707106781186548,-0.707106781186548,0.));
#4350=DIRECTION('center_axis',(-1.,-1.58603289232165E-15,2.51550033552619E-30));
#4351=DIRECTION('ref_axis',(1.58603289232165E-15,-1.,0.));
#4352=DIRECTION('center_axis',(0.,0.,-1.));
#4353=DIRECTION('ref_axis',(-0.707106781186547,-0.707106781186547,0.));
#4354=DIRECTION('center_axis',(0.,0.,-1.));
#4355=DIRECTION('ref_axis',(-0.707106781186548,-0.707106781186548,0.));
#4356=DIRECTION('',(0.,0.,1.));
#4357=DIRECTION('center_axis',(0.,-1.,0.));
#4358=DIRECTION('ref_axis',(-1.,0.,0.));
#4359=DIRECTION('',(0.,0.,-1.));
#4360=DIRECTION('',(1.,0.,0.));
#4361=DIRECTION('center_axis',(0.,0.,-1.));
#4362=DIRECTION('ref_axis',(-1.,0.,0.));
#4363=DIRECTION('center_axis',(0.,0.,-1.));
#4364=DIRECTION('ref_axis',(0.707106781186547,-0.707106781186547,0.));
#4365=DIRECTION('center_axis',(1.,-1.58603289232165E-15,2.51550033552619E-30));
#4366=DIRECTION('ref_axis',(0.,1.58603289232165E-15,1.));
#4367=DIRECTION('center_axis',(0.,0.,1.));
#4368=DIRECTION('ref_axis',(0.707106781186548,-0.707106781186548,0.));
#4369=DIRECTION('center_axis',(1.58603289232165E-15,-1.,0.));
#4370=DIRECTION('ref_axis',(1.,1.58603289232165E-15,0.));
#4371=DIRECTION('center_axis',(0.,0.,-1.));
#4372=DIRECTION('ref_axis',(0.707106781186548,-0.707106781186548,0.));
#4373=DIRECTION('',(0.,0.,1.));
#4374=DIRECTION('center_axis',(-1.,0.,0.));
#4375=DIRECTION('ref_axis',(0.,0.707106781186547,0.707106781186548));
#4376=DIRECTION('',(1.,0.,0.));
#4377=DIRECTION('center_axis',(-0.707106781186547,-0.707106781186548,0.));
#4378=DIRECTION('ref_axis',(0.707106781186548,-0.707106781186547,0.));
#4379=DIRECTION('',(-1.,0.,0.));
#4380=DIRECTION('center_axis',(0.,-1.,0.));
#4381=DIRECTION('ref_axis',(-0.707106781186549,0.,0.707106781186546));
#4382=DIRECTION('',(0.,-1.,0.));
#4383=DIRECTION('center_axis',(0.,0.,1.));
#4384=DIRECTION('ref_axis',(1.,0.,0.));
#4385=DIRECTION('',(-1.,0.,0.));
#4386=DIRECTION('center_axis',(0.,-1.,0.));
#4387=DIRECTION('ref_axis',(0.707106781186549,0.,0.707106781186546));
#4388=DIRECTION('',(0.,1.,0.));
#4389=DIRECTION('center_axis',(-1.,0.,0.));
#4390=DIRECTION('ref_axis',(0.,-0.707106781186547,0.707106781186548));
#4391=DIRECTION('center_axis',(0.,1.,0.));
#4392=DIRECTION('ref_axis',(1.,0.,0.));
#4393=DIRECTION('',(0.,0.,-1.));
#4394=DIRECTION('',(1.,0.,0.));
#4395=DIRECTION('',(0.,0.,-1.));
#4396=DIRECTION('center_axis',(-1.,0.,0.));
#4397=DIRECTION('ref_axis',(0.,1.,0.));
#4398=DIRECTION('',(0.,0.,-1.));
#4399=DIRECTION('',(0.,1.,0.));
#4400=DIRECTION('center_axis',(0.,-1.,0.));
#4401=DIRECTION('ref_axis',(-1.,0.,0.));
#4402=DIRECTION('',(0.,0.,-1.));
#4403=DIRECTION('',(-1.,0.,0.));
#4404=DIRECTION('center_axis',(1.,0.,0.));
#4405=DIRECTION('ref_axis',(0.,-1.,0.));
#4406=DIRECTION('',(0.,-1.,0.));
#4407=DIRECTION('center_axis',(0.,0.,-1.));
#4408=DIRECTION('ref_axis',(-1.,0.,0.));
#4409=DIRECTION('center_axis',(1.,0.,0.));
#4410=DIRECTION('ref_axis',(0.,-1.,0.));
#4411=DIRECTION('center_axis',(0.,0.,-1.));
#4412=DIRECTION('ref_axis',(-1.,0.,0.));
#4413=DIRECTION('center_axis',(0.,0.,1.));
#4414=DIRECTION('ref_axis',(0.707106781186547,0.707106781186547,0.));
#4415=DIRECTION('center_axis',(1.,1.58603289232165E-15,-2.51550033552618E-30));
#4416=DIRECTION('ref_axis',(0.,-1.58603289232165E-15,-1.));
#4417=DIRECTION('center_axis',(0.,0.,-1.));
#4418=DIRECTION('ref_axis',(0.707106781186548,0.707106781186548,0.));
#4419=DIRECTION('center_axis',(1.58603289232165E-15,1.,0.));
#4420=DIRECTION('ref_axis',(1.,-1.58603289232165E-15,0.));
#4421=DIRECTION('center_axis',(0.,0.,1.));
#4422=DIRECTION('ref_axis',(0.707106781186547,0.707106781186547,0.));
#4423=DIRECTION('center_axis',(0.,0.,-1.));
#4424=DIRECTION('ref_axis',(0.707106781186548,0.707106781186548,0.));
#4425=DIRECTION('center_axis',(0.,0.,-1.));
#4426=DIRECTION('ref_axis',(0.707106781186548,0.707106781186548,0.));
#4427=DIRECTION('',(0.,0.,-1.));
#4428=DIRECTION('',(0.,0.,1.));
#4429=DIRECTION('center_axis',(1.,0.,0.));
#4430=DIRECTION('ref_axis',(0.,0.707106781186545,-0.70710678118655));
#4431=DIRECTION('',(-1.,0.,0.));
#4432=DIRECTION('center_axis',(-1.,1.58603289232165E-15,-2.51550033552618E-30));
#4433=DIRECTION('ref_axis',(1.58603289232165E-15,1.,0.));
#4434=DIRECTION('',(1.,0.,0.));
#4435=DIRECTION('center_axis',(-1.,0.,0.));
#4436=DIRECTION('ref_axis',(0.,-0.707106781186545,-0.70710678118655));
#4437=DIRECTION('center_axis',(0.707106781186547,-0.707106781186548,0.));
#4438=DIRECTION('ref_axis',(-0.707106781186548,-0.707106781186547,0.));
#4439=DIRECTION('',(-1.,0.,0.));
#4440=DIRECTION('center_axis',(-0.707106781186547,-0.707106781186548,0.));
#4441=DIRECTION('ref_axis',(-0.707106781186548,0.707106781186547,0.));
#4442=DIRECTION('',(1.,0.,0.));
#4443=DIRECTION('center_axis',(0.,1.,0.));
#4444=DIRECTION('ref_axis',(-0.707106781186548,0.,-0.707106781186548));
#4445=DIRECTION('',(0.,-1.,0.));
#4446=DIRECTION('center_axis',(-0.707106781186547,-0.707106781186548,0.));
#4447=DIRECTION('ref_axis',(-0.707106781186548,0.707106781186547,0.));
#4448=DIRECTION('',(0.,1.,0.));
#4449=DIRECTION('center_axis',(0.,0.,-1.));
#4450=DIRECTION('ref_axis',(-1.,0.,0.));
#4451=DIRECTION('',(0.,1.,0.));
#4452=DIRECTION('center_axis',(0.,0.,1.));
#4453=DIRECTION('ref_axis',(0.707106781186547,-0.707106781186547,0.));
#4454=DIRECTION('center_axis',(0.,0.,-1.));
#4455=DIRECTION('ref_axis',(-1.,0.,0.));
#4456=DIRECTION('center_axis',(0.,0.,1.));
#4457=DIRECTION('ref_axis',(-0.707106781186547,0.707106781186547,0.));
#4458=DIRECTION('center_axis',(0.,0.,-1.));
#4459=DIRECTION('ref_axis',(-1.,0.,0.));
#4460=DIRECTION('center_axis',(0.,0.,1.));
#4461=DIRECTION('ref_axis',(-0.707106781186547,0.707106781186547,0.));
#4462=DIRECTION('center_axis',(-1.58603289232165E-15,1.,0.));
#4463=DIRECTION('ref_axis',(0.,0.,-1.));
#4464=DIRECTION('center_axis',(0.,0.,-1.));
#4465=DIRECTION('ref_axis',(-0.707106781186548,0.707106781186548,0.));
#4466=DIRECTION('center_axis',(0.,0.,-1.));
#4467=DIRECTION('ref_axis',(-0.707106781186548,0.707106781186548,0.));
#4468=DIRECTION('center_axis',(0.,0.,-1.));
#4469=DIRECTION('ref_axis',(-0.707106781186548,0.707106781186548,0.));
#4470=DIRECTION('',(0.,0.,-1.));
#4471=DIRECTION('',(0.,0.,1.));
#4472=DIRECTION('center_axis',(0.,0.,-1.));
#4473=DIRECTION('ref_axis',(-1.,0.,0.));
#4474=DIRECTION('',(0.,1.,0.));
#4475=DIRECTION('center_axis',(0.,0.,1.));
#4476=DIRECTION('ref_axis',(-0.707106781186547,-0.707106781186547,0.));
#4477=DIRECTION('',(0.,-1.,0.));
#4478=DIRECTION('center_axis',(0.,1.,0.));
#4479=DIRECTION('ref_axis',(1.,0.,0.));
#4480=DIRECTION('',(1.,0.,0.));
#4481=DIRECTION('center_axis',(0.,0.,-1.));
#4482=DIRECTION('ref_axis',(-1.,0.,0.));
#4483=DIRECTION('',(0.,1.,0.));
#4484=DIRECTION('center_axis',(0.,0.,-1.));
#4485=DIRECTION('ref_axis',(-0.707106781186548,-0.707106781186548,0.));
#4486=DIRECTION('',(-1.,0.,0.));
#4487=DIRECTION('center_axis',(0.,0.,-1.));
#4488=DIRECTION('ref_axis',(0.707106781186548,-0.707106781186548,0.));
#4489=DIRECTION('',(0.,-1.,0.));
#4490=DIRECTION('center_axis',(0.,0.,-1.));
#4491=DIRECTION('ref_axis',(-1.,0.,0.));
#4492=DIRECTION('center_axis',(0.,0.,1.));
#4493=DIRECTION('ref_axis',(-0.707106781186547,-0.707106781186547,0.));
#4494=DIRECTION('center_axis',(-1.,-1.58603289232165E-15,-2.51550033552618E-30));
#4495=DIRECTION('ref_axis',(0.,1.58603289232165E-15,-1.));
#4496=DIRECTION('center_axis',(0.,0.,-1.));
#4497=DIRECTION('ref_axis',(-0.707106781186548,-0.707106781186548,0.));
#4498=DIRECTION('center_axis',(-1.58603289232165E-15,-1.,0.));
#4499=DIRECTION('ref_axis',(-1.,1.58603289232165E-15,0.));
#4500=DIRECTION('center_axis',(0.,0.,-1.));
#4501=DIRECTION('ref_axis',(-0.707106781186548,-0.707106781186548,0.));
#4502=DIRECTION('',(0.,0.,-1.));
#4503=DIRECTION('',(0.,0.,1.));
#4504=DIRECTION('center_axis',(1.,0.,0.));
#4505=DIRECTION('ref_axis',(0.,0.707106781186545,-0.70710678118655));
#4506=DIRECTION('center_axis',(-0.707106781186547,0.707106781186548,0.));
#4507=DIRECTION('ref_axis',(0.707106781186548,0.707106781186547,0.));
#4508=DIRECTION('',(1.,0.,0.));
#4509=DIRECTION('',(-1.,0.,0.));
#4510=DIRECTION('center_axis',(0.,-1.,0.));
#4511=DIRECTION('ref_axis',(0.707106781186548,0.,-0.707106781186548));
#4512=DIRECTION('',(0.,-1.,0.));
#4513=DIRECTION('center_axis',(0.,0.,-1.));
#4514=DIRECTION('ref_axis',(-1.,0.,0.));
#4515=DIRECTION('center_axis',(0.,0.,1.));
#4516=DIRECTION('ref_axis',(0.707106781186547,-0.707106781186547,0.));
#4517=DIRECTION('',(1.,0.,0.));
#4518=DIRECTION('center_axis',(0.,1.,0.));
#4519=DIRECTION('ref_axis',(-0.707106781186548,0.,-0.707106781186548));
#4520=DIRECTION('',(0.,1.,0.));
#4521=DIRECTION('center_axis',(0.,0.,-1.));
#4522=DIRECTION('ref_axis',(-1.,0.,0.));
#4523=DIRECTION('center_axis',(1.58603289232165E-15,-1.,0.));
#4524=DIRECTION('ref_axis',(0.,0.,-1.));
#4525=DIRECTION('center_axis',(0.,0.,-1.));
#4526=DIRECTION('ref_axis',(0.707106781186548,-0.707106781186548,0.));
#4527=DIRECTION('center_axis',(1.,-1.58603289232165E-15,-2.51550033552618E-30));
#4528=DIRECTION('ref_axis',(-1.58603289232165E-15,-1.,0.));
#4529=DIRECTION('center_axis',(0.,0.,-1.));
#4530=DIRECTION('ref_axis',(0.707106781186548,-0.707106781186548,0.));
#4531=DIRECTION('',(0.,0.,-1.));
#4532=DIRECTION('',(0.,0.,1.));
#4533=DIRECTION('center_axis',(-1.,0.,0.));
#4534=DIRECTION('ref_axis',(0.,-0.707106781186545,-0.70710678118655));
#4535=DIRECTION('',(-1.,0.,0.));
#4536=DIRECTION('center_axis',(0.,-1.,0.));
#4537=DIRECTION('ref_axis',(-1.,0.,0.));
#4538=DIRECTION('center_axis',(1.,0.,0.));
#4539=DIRECTION('ref_axis',(0.,-1.,0.));
#4540=DIRECTION('',(0.,-1.,0.));
#4541=DIRECTION('center_axis',(0.,-1.,0.));
#4542=DIRECTION('ref_axis',(0.707106781186548,0.,-0.707106781186548));
#4543=DIRECTION('center_axis',(-1.,0.,0.));
#4544=DIRECTION('ref_axis',(0.,1.,0.));
#4545=DIRECTION('center_axis',(0.,-1.,0.));
#4546=DIRECTION('ref_axis',(-1.,0.,0.));
#4547=DIRECTION('',(0.,0.,-1.));
#4548=DIRECTION('',(-1.,0.,0.));
#4549=DIRECTION('',(0.,0.,-1.));
#4550=DIRECTION('center_axis',(-1.,0.,0.));
#4551=DIRECTION('ref_axis',(0.,1.,0.));
#4552=DIRECTION('',(0.,0.,-1.));
#4553=DIRECTION('',(0.,1.,0.));
#4554=DIRECTION('center_axis',(1.,0.,0.));
#4555=DIRECTION('ref_axis',(0.,-1.,0.));
#4556=DIRECTION('',(0.,-1.,0.));
#4557=DIRECTION('',(0.,0.,-1.));
#4558=DIRECTION('center_axis',(0.,1.,0.));
#4559=DIRECTION('ref_axis',(1.,0.,0.));
#4560=DIRECTION('',(1.,0.,0.));
#4561=DIRECTION('center_axis',(0.,0.,1.));
#4562=DIRECTION('ref_axis',(1.,0.,0.));
#4563=DIRECTION('center_axis',(0.,0.,-1.));
#4564=DIRECTION('ref_axis',(-1.,0.,0.));
#4565=DIRECTION('center_axis',(0.,0.,-1.));
#4566=DIRECTION('ref_axis',(1.,0.,0.));
#4567=DIRECTION('center_axis',(1.22464679914735E-16,-1.,0.));
#4568=DIRECTION('ref_axis',(1.,1.22464679914735E-16,0.));
#4569=DIRECTION('center_axis',(0.,0.,1.));
#4570=DIRECTION('ref_axis',(1.,0.,0.));
#4571=DIRECTION('center_axis',(0.,0.,1.));
#4572=DIRECTION('ref_axis',(1.,0.,0.));
#4573=DIRECTION('center_axis',(0.,0.,-1.));
#4574=DIRECTION('ref_axis',(1.,0.,0.));
#4575=DIRECTION('center_axis',(0.,0.,1.));
#4576=DIRECTION('ref_axis',(1.,0.,0.));
#4577=DIRECTION('center_axis',(0.,0.,-1.));
#4578=DIRECTION('ref_axis',(1.,0.,0.));
#4579=DIRECTION('center_axis',(1.22464679914735E-16,-1.,0.));
#4580=DIRECTION('ref_axis',(-1.,-1.22464679914735E-16,0.));
#4581=DIRECTION('center_axis',(0.,0.,1.));
#4582=DIRECTION('ref_axis',(1.,0.,0.));
#4583=DIRECTION('center_axis',(0.,0.,1.));
#4584=DIRECTION('ref_axis',(1.,0.,0.));
#4585=DIRECTION('center_axis',(0.,0.,1.));
#4586=DIRECTION('ref_axis',(1.,0.,0.));
#4587=DIRECTION('center_axis',(0.,0.,1.));
#4588=DIRECTION('ref_axis',(1.,0.,0.));
#4589=DIRECTION('',(0.,0.,-1.));
#4590=DIRECTION('center_axis',(0.,0.,1.));
#4591=DIRECTION('ref_axis',(1.,0.,0.));
#4592=DIRECTION('center_axis',(0.,0.,-1.));
#4593=DIRECTION('ref_axis',(-1.,0.,0.));
#4594=DIRECTION('center_axis',(-1.22464679914735E-16,-1.,0.));
#4595=DIRECTION('ref_axis',(1.,-1.22464679914735E-16,0.));
#4596=DIRECTION('center_axis',(0.,0.,-1.));
#4597=DIRECTION('ref_axis',(1.,0.,0.));
#4598=DIRECTION('center_axis',(0.,0.,-1.));
#4599=DIRECTION('ref_axis',(1.,0.,0.));
#4600=DIRECTION('center_axis',(0.,0.,1.));
#4601=DIRECTION('ref_axis',(1.,0.,0.));
#4602=DIRECTION('',(0.,0.,-1.));
#4603=DIRECTION('center_axis',(0.,0.,1.));
#4604=DIRECTION('ref_axis',(1.,0.,0.));
#4605=DIRECTION('center_axis',(0.,0.,1.));
#4606=DIRECTION('ref_axis',(1.,0.,0.));
#4607=DIRECTION('center_axis',(0.,0.,1.));
#4608=DIRECTION('ref_axis',(1.,0.,0.));
#4609=DIRECTION('',(0.,0.,-1.));
#4610=DIRECTION('center_axis',(0.,0.,1.));
#4611=DIRECTION('ref_axis',(1.,0.,0.));
#4612=DIRECTION('center_axis',(0.,0.,1.));
#4613=DIRECTION('ref_axis',(1.,0.,0.));
#4614=DIRECTION('center_axis',(0.,0.,1.));
#4615=DIRECTION('ref_axis',(1.,0.,0.));
#4616=DIRECTION('center_axis',(0.,0.,-1.));
#4617=DIRECTION('ref_axis',(-1.,0.,0.));
#4618=DIRECTION('center_axis',(0.,0.,-1.));
#4619=DIRECTION('ref_axis',(1.,0.,0.));
#4620=DIRECTION('center_axis',(1.22464679914735E-16,-1.,0.));
#4621=DIRECTION('ref_axis',(1.,1.22464679914735E-16,0.));
#4622=DIRECTION('center_axis',(0.,0.,1.));
#4623=DIRECTION('ref_axis',(1.,0.,0.));
#4624=DIRECTION('center_axis',(0.,0.,1.));
#4625=DIRECTION('ref_axis',(1.,0.,0.));
#4626=DIRECTION('',(0.866025403784439,-0.5,0.));
#4627=DIRECTION('',(0.866025403784439,0.5,0.));
#4628=DIRECTION('',(1.58603289232165E-16,1.,0.));
#4629=DIRECTION('',(-0.866025403784439,0.5,0.));
#4630=DIRECTION('',(-0.866025403784439,-0.5,0.));
#4631=DIRECTION('',(-6.34413156928661E-16,-1.,0.));
#4632=DIRECTION('center_axis',(0.,0.,1.));
#4633=DIRECTION('ref_axis',(1.,0.,0.));
#4634=DIRECTION('center_axis',(-0.5,-0.866025403784438,0.));
#4635=DIRECTION('ref_axis',(0.866025403784438,-0.5,0.));
#4636=DIRECTION('',(0.866025403784438,-0.5,0.));
#4637=DIRECTION('',(0.,0.,1.));
#4638=DIRECTION('',(0.866025403784438,-0.5,0.));
#4639=DIRECTION('',(0.,0.,1.));
#4640=DIRECTION('center_axis',(0.5,-0.866025403784439,0.));
#4641=DIRECTION('ref_axis',(0.866025403784439,0.499999999999999,0.));
#4642=DIRECTION('',(0.866025403784439,0.499999999999999,0.));
#4643=DIRECTION('',(0.,0.,1.));
#4644=DIRECTION('',(0.866025403784439,0.499999999999999,0.));
#4645=DIRECTION('center_axis',(1.,-1.58603289232165E-16,0.));
#4646=DIRECTION('ref_axis',(1.58603289232165E-16,1.,0.));
#4647=DIRECTION('',(0.,0.,1.));
#4648=DIRECTION('',(1.58603289232165E-16,1.,0.));
#4649=DIRECTION('',(0.,0.,1.));
#4650=DIRECTION('center_axis',(0.5,-0.866025403784439,0.));
#4651=DIRECTION('ref_axis',(0.866025403784439,0.5,0.));
#4652=DIRECTION('',(0.,0.,1.));
#4653=DIRECTION('',(0.866025403784439,0.5,0.));
#4654=DIRECTION('center_axis',(0.,0.,1.));
#4655=DIRECTION('ref_axis',(1.,0.,0.));
#4656=DIRECTION('',(-2.77555756156289E-16,-1.,0.));
#4657=DIRECTION('',(-0.866025403784439,-0.5,0.));
#4658=DIRECTION('',(-0.866025403784438,0.5,0.));
#4659=DIRECTION('',(5.55111512312578E-16,1.,0.));
#4660=DIRECTION('center_axis',(1.,-5.55111512312578E-16,0.));
#4661=DIRECTION('ref_axis',(5.55111512312578E-16,1.,0.));
#4662=DIRECTION('',(0.,0.,1.));
#4663=DIRECTION('',(5.55111512312578E-16,1.,0.));
#4664=DIRECTION('center_axis',(-0.5,-0.866025403784439,0.));
#4665=DIRECTION('ref_axis',(0.866025403784439,-0.5,0.));
#4666=DIRECTION('',(0.,0.,1.));
#4667=DIRECTION('',(0.866025403784439,-0.5,0.));
#4668=DIRECTION('center_axis',(0.866025403784438,-0.5,0.));
#4669=DIRECTION('ref_axis',(-0.353553390593276,-0.612372435695793,0.707106781186548));
#4670=DIRECTION('',(-0.866025403784438,0.5,0.));
#4671=DIRECTION('center_axis',(0.499999999999999,-0.866025403784439,-1.32169407693471E-15));
#4672=DIRECTION('ref_axis',(-0.866025403784439,-0.499999999999999,-2.28924129331375E-15));
#4673=DIRECTION('center_axis',(1.,0.,0.));
#4674=DIRECTION('ref_axis',(0.,-1.,0.));
#4675=DIRECTION('center_axis',(-2.77555756156289E-16,-1.,0.));
#4676=DIRECTION('ref_axis',(-0.707106781186548,0.,0.707106781186548));
#4677=DIRECTION('',(2.77555756156289E-16,1.,0.));
#4678=DIRECTION('center_axis',(-0.499999999999998,-0.86602540378444,0.));
#4679=DIRECTION('ref_axis',(-0.86602540378444,0.499999999999998,0.));
#4680=DIRECTION('',(-2.77555756156289E-16,-1.,0.));
#4681=DIRECTION('center_axis',(-0.866025403784439,-0.5,0.));
#4682=DIRECTION('ref_axis',(-0.353553390593272,0.612372435695794,0.707106781186549));
#4683=DIRECTION('',(0.866025403784439,0.5,0.));
#4684=DIRECTION('center_axis',(-1.,0.,0.));
#4685=DIRECTION('ref_axis',(0.,1.,0.));
#4686=DIRECTION('',(-0.866025403784439,-0.5,0.));
#4687=DIRECTION('center_axis',(-0.866025403784438,0.5,0.));
#4688=DIRECTION('ref_axis',(0.353553390593273,0.612372435695793,0.707106781186549));
#4689=DIRECTION('',(0.866025403784438,-0.5,0.));
#4690=DIRECTION('center_axis',(-0.499999999999998,0.86602540378444,-1.14462064665688E-15));
#4691=DIRECTION('ref_axis',(0.86602540378444,0.499999999999998,-1.98254111540206E-15));
#4692=DIRECTION('',(-0.866025403784438,0.5,0.));
#4693=DIRECTION('center_axis',(5.55111512312578E-16,1.,0.));
#4694=DIRECTION('ref_axis',(0.707106781186546,-9.3457884445463E-16,0.707106781186549));
#4695=DIRECTION('',(-5.55111512312578E-16,-1.,0.));
#4696=DIRECTION('center_axis',(0.500000000000003,0.866025403784437,-1.14462064665688E-15));
#4697=DIRECTION('ref_axis',(0.866025403784437,-0.500000000000003,-1.98254111540205E-15));
#4698=DIRECTION('center_axis',(0.866025403784439,0.5,0.));
#4699=DIRECTION('ref_axis',(0.353553390593272,-0.612372435695797,0.707106781186547));
#4700=DIRECTION('',(-0.866025403784439,-0.499999999999999,0.));
#4701=DIRECTION('center_axis',(0.,0.,1.));
#4702=DIRECTION('ref_axis',(1.,0.,0.));
#4703=DIRECTION('',(0.866025403784439,-0.5,0.));
#4704=DIRECTION('',(-1.58603289232165E-16,-1.,0.));
#4705=DIRECTION('',(-0.866025403784439,-0.5,0.));
#4706=DIRECTION('',(-0.866025403784439,0.5,0.));
#4707=DIRECTION('',(6.34413156928661E-16,1.,0.));
#4708=DIRECTION('',(0.866025403784439,0.5,0.));
#4709=DIRECTION('center_axis',(-0.866025403784439,0.5,0.));
#4710=DIRECTION('ref_axis',(0.353553390593272,0.612372435695794,0.707106781186549));
#4711=DIRECTION('center_axis',(-1.,0.,0.));
#4712=DIRECTION('ref_axis',(0.,-1.,0.));
#4713=DIRECTION('',(-0.866025403784439,0.5,0.));
#4714=DIRECTION('center_axis',(-0.499999999999998,0.86602540378444,-1.3216940769347E-15));
#4715=DIRECTION('ref_axis',(-0.86602540378444,-0.499999999999998,-2.28924129331377E-15));
#4716=DIRECTION('center_axis',(-0.866025403784439,-0.5,0.));
#4717=DIRECTION('ref_axis',(-0.353553390593272,0.612372435695794,0.707106781186549));
#4718=DIRECTION('center_axis',(-0.500000000000002,-0.866025403784438,0.));
#4719=DIRECTION('ref_axis',(0.866025403784438,-0.500000000000002,0.));
#4720=DIRECTION('',(-0.866025403784439,-0.5,0.));
#4721=DIRECTION('center_axis',(-6.34413156928661E-16,-1.,0.));
#4722=DIRECTION('ref_axis',(-0.707106781186546,9.3457884445463E-16,0.707106781186549));
#4723=DIRECTION('center_axis',(0.499999999999999,-0.866025403784439,-1.14462064665688E-15));
#4724=DIRECTION('ref_axis',(0.866025403784439,0.499999999999999,-1.98254111540207E-15));
#4725=DIRECTION('',(-6.34413156928661E-16,-1.,0.));
#4726=DIRECTION('center_axis',(0.866025403784439,-0.5,0.));
#4727=DIRECTION('ref_axis',(-0.353553390593272,-0.612372435695794,0.707106781186549));
#4728=DIRECTION('center_axis',(1.,0.,0.));
#4729=DIRECTION('ref_axis',(0.,1.,0.));
#4730=DIRECTION('center_axis',(0.866025403784439,0.5,0.));
#4731=DIRECTION('ref_axis',(0.353553390593272,-0.612372435695795,0.707106781186548));
#4732=DIRECTION('center_axis',(0.500000000000001,0.866025403784438,0.));
#4733=DIRECTION('ref_axis',(-0.866025403784438,0.500000000000001,0.));
#4734=DIRECTION('center_axis',(1.58603289232165E-16,1.,0.));
#4735=DIRECTION('ref_axis',(0.707106781186548,0.,0.707106781186548));
#4736=DIRECTION('center_axis',(0.5,0.866025403784439,0.));
#4737=DIRECTION('ref_axis',(-0.866025403784439,0.5,0.));
#4738=DIRECTION('',(0.,0.,1.));
#4739=DIRECTION('center_axis',(-0.5,0.866025403784439,0.));
#4740=DIRECTION('ref_axis',(-0.866025403784439,-0.5,0.));
#4741=DIRECTION('',(0.,0.,1.));
#4742=DIRECTION('center_axis',(-1.,6.34413156928661E-16,0.));
#4743=DIRECTION('ref_axis',(-6.34413156928661E-16,-1.,0.));
#4744=DIRECTION('center_axis',(-1.,2.77555756156289E-16,0.));
#4745=DIRECTION('ref_axis',(-2.77555756156289E-16,-1.,0.));
#4746=DIRECTION('',(0.,0.,1.));
#4747=DIRECTION('center_axis',(-0.5,0.866025403784439,0.));
#4748=DIRECTION('ref_axis',(-0.866025403784439,-0.5,0.));
#4749=DIRECTION('',(0.,0.,1.));
#4750=DIRECTION('center_axis',(0.5,0.866025403784438,0.));
#4751=DIRECTION('ref_axis',(-0.866025403784438,0.5,0.));
#4752=DIRECTION('center_axis',(-1.,0.,0.));
#4753=DIRECTION('ref_axis',(0.,0.,-1.));
#4754=DIRECTION('',(0.,0.,1.));
#4755=DIRECTION('',(0.,-1.,0.));
#4756=DIRECTION('',(0.,0.,-1.));
#4757=DIRECTION('',(0.,-1.,0.));
#4758=DIRECTION('center_axis',(0.,0.,1.));
#4759=DIRECTION('ref_axis',(-1.,0.,0.));
#4760=DIRECTION('',(1.,0.,0.));
#4761=DIRECTION('',(-1.,0.,0.));
#4762=DIRECTION('',(0.,-1.,0.));
#4763=DIRECTION('center_axis',(1.,0.,0.));
#4764=DIRECTION('ref_axis',(0.,0.,1.));
#4765=DIRECTION('',(0.,0.,-1.));
#4766=DIRECTION('',(0.,0.,1.));
#4767=DIRECTION('',(0.,-1.,0.));
#4768=DIRECTION('center_axis',(0.,0.,-1.));
#4769=DIRECTION('ref_axis',(1.,0.,0.));
#4770=DIRECTION('',(-1.,0.,0.));
#4771=DIRECTION('',(1.,0.,0.));
#4772=DIRECTION('',(0.,-1.,0.));
#4773=DIRECTION('center_axis',(1.,0.,0.));
#4774=DIRECTION('ref_axis',(0.,0.,1.));
#4775=DIRECTION('',(0.,0.,-1.));
#4776=DIRECTION('',(0.,0.,1.));
#4777=DIRECTION('',(0.,-1.,0.));
#4778=DIRECTION('center_axis',(0.,0.,1.));
#4779=DIRECTION('ref_axis',(-1.,0.,0.));
#4780=DIRECTION('',(1.,0.,0.));
#4781=DIRECTION('',(-1.,0.,0.));
#4782=DIRECTION('',(0.,-1.,0.));
#4783=DIRECTION('center_axis',(1.,0.,0.));
#4784=DIRECTION('ref_axis',(0.,0.,1.));
#4785=DIRECTION('',(0.,0.,-1.));
#4786=DIRECTION('',(0.,0.,1.));
#4787=DIRECTION('',(0.,-1.,0.));
#4788=DIRECTION('center_axis',(0.,0.,-1.));
#4789=DIRECTION('ref_axis',(1.,0.,0.));
#4790=DIRECTION('',(-1.,0.,0.));
#4791=DIRECTION('',(1.,0.,0.));
#4792=DIRECTION('',(0.,-1.,0.));
#4793=DIRECTION('center_axis',(1.,0.,0.));
#4794=DIRECTION('ref_axis',(0.,0.,1.));
#4795=DIRECTION('',(0.,0.,-1.));
#4796=DIRECTION('',(0.,0.,1.));
#4797=DIRECTION('',(0.,-1.,0.));
#4798=DIRECTION('center_axis',(0.,0.,-1.));
#4799=DIRECTION('ref_axis',(1.,0.,0.));
#4800=DIRECTION('',(-1.,0.,0.));
#4801=DIRECTION('',(1.,0.,0.));
#4802=DIRECTION('center_axis',(0.,-1.,0.));
#4803=DIRECTION('ref_axis',(0.,0.,-1.));
#4804=DIRECTION('center_axis',(0.,-1.,0.));
#4805=DIRECTION('ref_axis',(1.,0.,0.));
#4806=DIRECTION('center_axis',(-0.932457556914056,0.,-0.361279537967307));
#4807=DIRECTION('ref_axis',(0.361279537967307,0.,-0.932457556914056));
#4808=DIRECTION('',(-0.361279537967307,0.,0.932457556914056));
#4809=DIRECTION('',(0.,-1.,0.));
#4810=DIRECTION('',(0.361279537967307,0.,-0.932457556914056));
#4811=DIRECTION('',(0.,-1.,0.));
#4812=DIRECTION('center_axis',(0.,0.,1.));
#4813=DIRECTION('ref_axis',(-1.,0.,0.));
#4814=DIRECTION('',(1.,0.,0.));
#4815=DIRECTION('',(-1.,0.,0.));
#4816=DIRECTION('',(0.,-1.,0.));
#4817=DIRECTION('center_axis',(0.94156177703043,0.,0.336840347991893));
#4818=DIRECTION('ref_axis',(-0.336840347991893,0.,0.94156177703043));
#4819=DIRECTION('',(0.336840347991893,0.,-0.94156177703043));
#4820=DIRECTION('',(-0.336840347991893,0.,0.94156177703043));
#4821=DIRECTION('',(0.,-1.,0.));
#4822=DIRECTION('',(0.,-1.,0.));
#4823=DIRECTION('',(0.,-1.,0.));
#4824=DIRECTION('center_axis',(-0.93730220385037,0.,0.348517687725084));
#4825=DIRECTION('ref_axis',(-0.348517687725084,0.,-0.93730220385037));
#4826=DIRECTION('',(0.348517687725084,0.,0.93730220385037));
#4827=DIRECTION('',(-0.348517687725084,0.,-0.93730220385037));
#4828=DIRECTION('',(0.,-1.,0.));
#4829=DIRECTION('center_axis',(0.,0.,1.));
#4830=DIRECTION('ref_axis',(-1.,0.,0.));
#4831=DIRECTION('',(1.,0.,0.));
#4832=DIRECTION('',(-1.,0.,0.));
#4833=DIRECTION('',(0.,-1.,0.));
#4834=DIRECTION('center_axis',(0.931167783280104,0.,-0.364590948024246));
#4835=DIRECTION('ref_axis',(0.364590948024246,0.,0.931167783280104));
#4836=DIRECTION('',(-0.364590948024246,0.,-0.931167783280104));
#4837=DIRECTION('',(0.364590948024246,0.,0.931167783280104));
#4838=DIRECTION('',(0.,-1.,0.));
#4839=DIRECTION('center_axis',(0.,0.,-1.));
#4840=DIRECTION('ref_axis',(1.,0.,0.));
#4841=DIRECTION('',(-1.,0.,0.));
#4842=DIRECTION('',(1.,0.,0.));
#4843=DIRECTION('center_axis',(0.,-1.,0.));
#4844=DIRECTION('ref_axis',(1.,0.,0.));
#4845=DIRECTION('center_axis',(0.,-1.,0.));
#4846=DIRECTION('ref_axis',(1.,0.,0.));
#4847=DIRECTION('',(0.,-1.,0.));
#4848=DIRECTION('',(0.,-1.,0.));
#4849=DIRECTION('',(0.,-1.,0.));
#4850=DIRECTION('',(0.,-1.,0.));
#4851=DIRECTION('',(0.,-1.,0.));
#4852=DIRECTION('',(0.,-1.,0.));
#4853=DIRECTION('',(0.,-1.,0.));
#4854=DIRECTION('',(0.,-1.,0.));
#4855=DIRECTION('center_axis',(-0.0920922584889942,0.,0.995750478747762));
#4856=DIRECTION('ref_axis',(-0.995750478747762,0.,-0.0920922584889942));
#4857=DIRECTION('',(0.995750478747762,0.,0.0920922584889942));
#4858=DIRECTION('',(0.,-1.,0.));
#4859=DIRECTION('',(-0.995750478747762,0.,-0.0920922584889942));
#4860=DIRECTION('',(0.,-1.,0.));
#4861=DIRECTION('',(0.,-1.,0.));
#4862=DIRECTION('',(0.,-1.,0.));
#4863=DIRECTION('',(0.,-1.,0.));
#4864=DIRECTION('',(0.,-1.,0.));
#4865=DIRECTION('',(0.,-1.,0.));
#4866=DIRECTION('',(0.,-1.,0.));
#4867=DIRECTION('',(0.,-1.,0.));
#4868=DIRECTION('',(0.,-1.,0.));
#4869=DIRECTION('',(0.,-1.,0.));
#4870=DIRECTION('',(0.,-1.,0.));
#4871=DIRECTION('',(0.,-1.,0.));
#4872=DIRECTION('',(0.,-1.,0.));
#4873=DIRECTION('',(0.,-1.,0.));
#4874=DIRECTION('',(0.,-1.,0.));
#4875=DIRECTION('',(0.,-1.,0.));
#4876=DIRECTION('',(0.,-1.,0.));
#4877=DIRECTION('',(0.,-1.,0.));
#4878=DIRECTION('',(0.,-1.,0.));
#4879=DIRECTION('',(0.,-1.,0.));
#4880=DIRECTION('',(0.,-1.,0.));
#4881=DIRECTION('center_axis',(0.,-1.,0.));
#4882=DIRECTION('ref_axis',(1.,0.,0.));
#4883=DIRECTION('center_axis',(0.,-1.,0.));
#4884=DIRECTION('ref_axis',(1.,0.,0.));
#4885=DIRECTION('center_axis',(1.,0.,0.));
#4886=DIRECTION('ref_axis',(0.,0.,1.));
#4887=DIRECTION('',(0.,0.,-1.));
#4888=DIRECTION('',(0.,-1.,0.));
#4889=DIRECTION('',(0.,0.,1.));
#4890=DIRECTION('',(0.,-1.,0.));
#4891=DIRECTION('center_axis',(0.,0.,-1.));
#4892=DIRECTION('ref_axis',(1.,0.,0.));
#4893=DIRECTION('',(-1.,0.,0.));
#4894=DIRECTION('',(1.,0.,0.));
#4895=DIRECTION('',(0.,-1.,0.));
#4896=DIRECTION('',(0.,-1.,0.));
#4897=DIRECTION('',(0.,-1.,0.));
#4898=DIRECTION('',(0.,-1.,0.));
#4899=DIRECTION('',(0.,-1.,0.));
#4900=DIRECTION('',(0.,-1.,0.));
#4901=DIRECTION('',(0.,-1.,0.));
#4902=DIRECTION('',(0.,-1.,0.));
#4903=DIRECTION('',(0.,-1.,0.));
#4904=DIRECTION('',(0.,-1.,0.));
#4905=DIRECTION('center_axis',(-0.102165572261339,0.,-0.994767407912278));
#4906=DIRECTION('ref_axis',(0.994767407912278,0.,-0.102165572261339));
#4907=DIRECTION('',(-0.994767407912278,0.,0.102165572261339));
#4908=DIRECTION('',(0.994767407912278,0.,-0.102165572261339));
#4909=DIRECTION('',(0.,-1.,0.));
#4910=DIRECTION('',(0.,-1.,0.));
#4911=DIRECTION('',(0.,-1.,0.));
#4912=DIRECTION('',(0.,-1.,0.));
#4913=DIRECTION('',(0.,-1.,0.));
#4914=DIRECTION('',(0.,-1.,0.));
#4915=DIRECTION('',(0.,-1.,0.));
#4916=DIRECTION('',(0.,-1.,0.));
#4917=DIRECTION('',(0.,-1.,0.));
#4918=DIRECTION('',(0.,-1.,0.));
#4919=DIRECTION('center_axis',(0.,0.,1.));
#4920=DIRECTION('ref_axis',(-1.,0.,0.));
#4921=DIRECTION('',(1.,0.,0.));
#4922=DIRECTION('',(-1.,0.,0.));
#4923=DIRECTION('center_axis',(0.,-1.,0.));
#4924=DIRECTION('ref_axis',(1.,0.,0.));
#4925=DIRECTION('center_axis',(0.,-1.,0.));
#4926=DIRECTION('ref_axis',(1.,0.,0.));
#4927=DIRECTION('center_axis',(1.,0.,0.));
#4928=DIRECTION('ref_axis',(0.,0.,1.));
#4929=DIRECTION('',(0.,0.,-1.));
#4930=DIRECTION('',(0.,-1.,0.));
#4931=DIRECTION('',(0.,0.,1.));
#4932=DIRECTION('',(0.,-1.,0.));
#4933=DIRECTION('center_axis',(0.,0.,-1.));
#4934=DIRECTION('ref_axis',(1.,0.,0.));
#4935=DIRECTION('',(-1.,0.,0.));
#4936=DIRECTION('',(1.,0.,0.));
#4937=DIRECTION('',(0.,-1.,0.));
#4938=DIRECTION('',(0.,-1.,0.));
#4939=DIRECTION('',(0.,-1.,0.));
#4940=DIRECTION('',(0.,-1.,0.));
#4941=DIRECTION('',(0.,-1.,0.));
#4942=DIRECTION('',(0.,-1.,0.));
#4943=DIRECTION('',(0.,-1.,0.));
#4944=DIRECTION('',(0.,-1.,0.));
#4945=DIRECTION('',(0.,-1.,0.));
#4946=DIRECTION('',(0.,-1.,0.));
#4947=DIRECTION('center_axis',(-0.102165253915889,0.,-0.994767440607252));
#4948=DIRECTION('ref_axis',(0.994767440607252,0.,-0.102165253915889));
#4949=DIRECTION('',(-0.994767440607252,0.,0.102165253915888));
#4950=DIRECTION('',(0.994767440607252,0.,-0.102165253915888));
#4951=DIRECTION('',(0.,-1.,0.));
#4952=DIRECTION('',(0.,-1.,0.));
#4953=DIRECTION('',(0.,-1.,0.));
#4954=DIRECTION('',(0.,-1.,0.));
#4955=DIRECTION('',(0.,-1.,0.));
#4956=DIRECTION('',(0.,-1.,0.));
#4957=DIRECTION('',(0.,-1.,0.));
#4958=DIRECTION('',(0.,-1.,0.));
#4959=DIRECTION('',(0.,-1.,0.));
#4960=DIRECTION('',(0.,-1.,0.));
#4961=DIRECTION('center_axis',(0.,0.,1.));
#4962=DIRECTION('ref_axis',(-1.,0.,0.));
#4963=DIRECTION('',(1.,0.,0.));
#4964=DIRECTION('',(-1.,0.,0.));
#4965=DIRECTION('center_axis',(0.,-1.,0.));
#4966=DIRECTION('ref_axis',(1.,0.,0.));
#4967=DIRECTION('center_axis',(0.,-1.,0.));
#4968=DIRECTION('ref_axis',(1.,0.,0.));
#4969=DIRECTION('',(0.,-1.,0.));
#4970=DIRECTION('',(0.,-1.,0.));
#4971=DIRECTION('',(0.,-1.,0.));
#4972=DIRECTION('',(0.,-1.,0.));
#4973=DIRECTION('',(0.,-1.,0.));
#4974=DIRECTION('',(0.,-1.,0.));
#4975=DIRECTION('',(0.,-1.,0.));
#4976=DIRECTION('',(0.,-1.,0.));
#4977=DIRECTION('',(0.,-1.,0.));
#4978=DIRECTION('center_axis',(0.077973073869304,0.,-0.996955465279855));
#4979=DIRECTION('ref_axis',(0.996955465279855,0.,0.077973073869304));
#4980=DIRECTION('',(-0.996955465279855,0.,-0.077973073869304));
#4981=DIRECTION('',(0.,-1.,0.));
#4982=DIRECTION('',(0.996955465279855,0.,0.077973073869304));
#4983=DIRECTION('',(0.,-1.,0.));
#4984=DIRECTION('',(0.,-1.,0.));
#4985=DIRECTION('',(0.,-1.,0.));
#4986=DIRECTION('',(0.,-1.,0.));
#4987=DIRECTION('',(0.,-1.,0.));
#4988=DIRECTION('',(0.,-1.,0.));
#4989=DIRECTION('',(0.,-1.,0.));
#4990=DIRECTION('',(0.,-1.,0.));
#4991=DIRECTION('',(0.,-1.,0.));
#4992=DIRECTION('',(0.,-1.,0.));
#4993=DIRECTION('',(0.,-1.,0.));
#4994=DIRECTION('',(0.,-1.,0.));
#4995=DIRECTION('',(0.,-1.,0.));
#4996=DIRECTION('',(0.,-1.,0.));
#4997=DIRECTION('',(0.,-1.,0.));
#4998=DIRECTION('',(0.,-1.,0.));
#4999=DIRECTION('',(0.,-1.,0.));
#5000=DIRECTION('',(0.,-1.,0.));
#5001=DIRECTION('center_axis',(0.,-1.,0.));
#5002=DIRECTION('ref_axis',(1.,0.,0.));
#5003=DIRECTION('center_axis',(0.,-1.,0.));
#5004=DIRECTION('ref_axis',(1.,0.,0.));
#5005=CARTESIAN_POINT('',(0.,0.,0.));
#5006=CARTESIAN_POINT('Origin',(9.7,5.45,44.3));
#5007=CARTESIAN_POINT('',(10.462299153876,7.62,45.));
#5008=CARTESIAN_POINT('',(11.5515346238077,7.30153462380774,44.9233616961016));
#5009=CARTESIAN_POINT('Ctrl Pts',(10.462299153876,7.62,45.));
#5010=CARTESIAN_POINT('Ctrl Pts',(10.4644625264938,7.61963106552213,45.));
#5011=CARTESIAN_POINT('Ctrl Pts',(10.4666256387488,7.61926060491425,44.9999997083344));
#5012=CARTESIAN_POINT('Ctrl Pts',(10.783644216629,7.56473706276469,44.9999131419476));
#5013=CARTESIAN_POINT('Ctrl Pts',(11.0720666137766,7.48194472362589,44.9935501107326));
#5014=CARTESIAN_POINT('Ctrl Pts',(11.4092126440371,7.35889790828933,44.9501787850165));
#5015=CARTESIAN_POINT('Ctrl Pts',(11.4825568886877,7.33010613719622,44.9379584187052));
#5016=CARTESIAN_POINT('Ctrl Pts',(11.5515346238077,7.30153462380774,44.9233616961016));
#5017=CARTESIAN_POINT('',(11.87,6.21229915387596,45.));
#5018=CARTESIAN_POINT('Ctrl Pts',(11.5515346238077,7.30153462380774,44.9233616961016));
#5019=CARTESIAN_POINT('Ctrl Pts',(11.5801061371962,7.23255688868772,44.9379584187052));
#5020=CARTESIAN_POINT('Ctrl Pts',(11.6088979082893,7.15921264403707,44.9501787850165));
#5021=CARTESIAN_POINT('Ctrl Pts',(11.7319447236568,6.82206661369186,44.9935501107435));
#5022=CARTESIAN_POINT('Ctrl Pts',(11.8147370627861,6.53364421650466,44.9999131419476));
#5023=CARTESIAN_POINT('Ctrl Pts',(11.8692606049141,6.21662563874951,44.9999997083344));
#5024=CARTESIAN_POINT('Ctrl Pts',(11.8696310655222,6.21446252649307,45.));
#5025=CARTESIAN_POINT('Ctrl Pts',(11.87,6.21229915387596,45.));
#5026=CARTESIAN_POINT('',(12.,5.45,45.));
#5027=CARTESIAN_POINT('Origin',(9.7,5.45,45.));
#5028=CARTESIAN_POINT('',(12.7,5.45,44.3));
#5029=CARTESIAN_POINT('Origin',(12.,5.45,44.3));
#5030=CARTESIAN_POINT('',(9.7,8.45,44.3));
#5031=CARTESIAN_POINT('Origin',(9.7,5.45,44.3));
#5032=CARTESIAN_POINT('',(9.7,7.75,45.));
#5033=CARTESIAN_POINT('Origin',(9.7,7.75,44.3));
#5034=CARTESIAN_POINT('Origin',(9.7,5.45,45.));
#5035=CARTESIAN_POINT('Origin',(9.7,5.45,45.));
#5036=CARTESIAN_POINT('',(12.7,5.45,27.));
#5037=CARTESIAN_POINT('',(9.7,8.45,27.));
#5038=CARTESIAN_POINT('Origin',(9.7,5.45,27.));
#5039=CARTESIAN_POINT('',(9.7,8.45,45.));
#5040=CARTESIAN_POINT('',(12.7,5.45,45.));
#5041=CARTESIAN_POINT('Origin',(-5.585,7.62,44.3));
#5042=CARTESIAN_POINT('',(-10.462299153876,7.62,45.));
#5043=CARTESIAN_POINT('',(-5.585,7.62,45.));
#5044=CARTESIAN_POINT('',(-11.5515346238077,7.30153462380774,44.9233616961016));
#5045=CARTESIAN_POINT('Ctrl Pts',(-11.5515346238077,7.30153462380774,44.9233616961016));
#5046=CARTESIAN_POINT('Ctrl Pts',(-11.4825568886877,7.33010613719623,44.9379584187052));
#5047=CARTESIAN_POINT('Ctrl Pts',(-11.4092126440371,7.35889790828933,44.9501787850165));
#5048=CARTESIAN_POINT('Ctrl Pts',(-11.0720666137561,7.48194472363335,44.9935501107352));
#5049=CARTESIAN_POINT('Ctrl Pts',(-10.7836442165989,7.56473706276985,44.9999131419476));
#5050=CARTESIAN_POINT('Ctrl Pts',(-10.466625638749,7.61926060491421,44.9999997083344));
#5051=CARTESIAN_POINT('Ctrl Pts',(-10.4644625264936,7.61963106552216,45.));
#5052=CARTESIAN_POINT('Ctrl Pts',(-10.462299153876,7.62,45.));
#5053=CARTESIAN_POINT('',(-11.17,6.92,44.3));
#5054=CARTESIAN_POINT('Origin',(-11.87,7.62,44.3));
#5055=CARTESIAN_POINT('',(11.17,6.92,44.3));
#5056=CARTESIAN_POINT('',(-5.585,6.92,44.3));
#5057=CARTESIAN_POINT('Origin',(11.87,7.62,44.3));
#5058=CARTESIAN_POINT('Origin',(0.,0.,45.));
#5059=CARTESIAN_POINT('',(11.87,-6.21229915387596,45.));
#5060=CARTESIAN_POINT('',(11.87,3.46,45.));
#5061=CARTESIAN_POINT('',(12.,-5.45,45.));
#5062=CARTESIAN_POINT('Origin',(9.7,-5.45,45.));
#5063=CARTESIAN_POINT('',(12.,4.225,45.));
#5064=CARTESIAN_POINT('Origin',(0.,0.,45.));
#5065=CARTESIAN_POINT('',(-9.7,7.75,45.));
#5066=CARTESIAN_POINT('',(-6.35,7.75,45.));
#5067=CARTESIAN_POINT('Origin',(-9.7,5.45,45.));
#5068=CARTESIAN_POINT('Origin',(-6.35,7.75,44.3));
#5069=CARTESIAN_POINT('',(-9.7,8.45,44.3));
#5070=CARTESIAN_POINT('',(-6.35,8.45,44.3));
#5071=CARTESIAN_POINT('Origin',(-9.7,7.75,44.3));
#5072=CARTESIAN_POINT('Origin',(-12.7,8.45,45.));
#5073=CARTESIAN_POINT('',(-9.7,8.45,27.));
#5074=CARTESIAN_POINT('',(-12.7,8.45,27.));
#5075=CARTESIAN_POINT('',(-9.7,8.45,45.));
#5076=CARTESIAN_POINT('Origin',(0.,0.,27.));
#5077=CARTESIAN_POINT('',(12.7,-5.45,27.));
#5078=CARTESIAN_POINT('',(12.7,8.45,27.));
#5079=CARTESIAN_POINT('',(9.7,-8.45,27.));
#5080=CARTESIAN_POINT('Origin',(9.7,-5.45,27.));
#5081=CARTESIAN_POINT('',(-9.7,-8.45,27.));
#5082=CARTESIAN_POINT('',(12.7,-8.45,27.));
#5083=CARTESIAN_POINT('',(-12.7,-5.45,27.));
#5084=CARTESIAN_POINT('Origin',(-9.7,-5.45,27.));
#5085=CARTESIAN_POINT('',(-12.7,5.45,27.));
#5086=CARTESIAN_POINT('',(-12.7,-8.45,27.));
#5087=CARTESIAN_POINT('Origin',(-9.7,5.45,27.));
#5088=CARTESIAN_POINT('Origin',(-9.7,5.45,44.3));
#5089=CARTESIAN_POINT('',(-11.87,6.21229915387596,45.));
#5090=CARTESIAN_POINT('Ctrl Pts',(-11.87,6.21229915387596,45.));
#5091=CARTESIAN_POINT('Ctrl Pts',(-11.869631065522,6.21446252649452,45.));
#5092=CARTESIAN_POINT('Ctrl Pts',(-11.8692606049144,6.21662563874806,44.9999997083344));
#5093=CARTESIAN_POINT('Ctrl Pts',(-11.8147370627415,6.53364421676378,44.9999131419475));
#5094=CARTESIAN_POINT('Ctrl Pts',(-11.7319447235924,6.82206661386843,44.9935501107208));
#5095=CARTESIAN_POINT('Ctrl Pts',(-11.6088979082893,7.15921264403707,44.9501787850165));
#5096=CARTESIAN_POINT('Ctrl Pts',(-11.5801061371962,7.23255688868772,44.9379584187052));
#5097=CARTESIAN_POINT('Ctrl Pts',(-11.5515346238077,7.30153462380774,44.9233616961016));
#5098=CARTESIAN_POINT('',(-12.7,5.45,44.3));
#5099=CARTESIAN_POINT('Origin',(-9.7,5.45,44.3));
#5100=CARTESIAN_POINT('',(-12.,5.45,45.));
#5101=CARTESIAN_POINT('Origin',(-12.,5.45,44.3));
#5102=CARTESIAN_POINT('Origin',(-9.7,5.45,45.));
#5103=CARTESIAN_POINT('Origin',(-9.7,5.45,45.));
#5104=CARTESIAN_POINT('',(-12.7,5.45,45.));
#5105=CARTESIAN_POINT('Origin',(-11.87,-3.46,44.3));
#5106=CARTESIAN_POINT('',(-11.87,-6.21229915387596,45.));
#5107=CARTESIAN_POINT('',(-11.87,-3.46,45.));
#5108=CARTESIAN_POINT('',(-11.5515346238077,-7.30153462380774,44.9233616961016));
#5109=CARTESIAN_POINT('Ctrl Pts',(-11.5515346238077,-7.30153462380774,44.9233616961016));
#5110=CARTESIAN_POINT('Ctrl Pts',(-11.5801061371962,-7.23255688868772,44.9379584187052));
#5111=CARTESIAN_POINT('Ctrl Pts',(-11.6088979082893,-7.15921264403706,44.9501787850165));
#5112=CARTESIAN_POINT('Ctrl Pts',(-11.7319447235923,-6.82206661386849,44.9935501107208));
#5113=CARTESIAN_POINT('Ctrl Pts',(-11.8147370627415,-6.53364421676386,44.9999131419475));
#5114=CARTESIAN_POINT('Ctrl Pts',(-11.8692606049144,-6.21662563874806,44.9999997083344));
#5115=CARTESIAN_POINT('Ctrl Pts',(-11.869631065522,-6.21446252649452,45.));
#5116=CARTESIAN_POINT('Ctrl Pts',(-11.87,-6.21229915387596,45.));
#5117=CARTESIAN_POINT('',(-11.17,-6.92,44.3));
#5118=CARTESIAN_POINT('Origin',(-11.87,-7.62,44.3));
#5119=CARTESIAN_POINT('',(-11.17,-3.46,44.3));
#5120=CARTESIAN_POINT('Origin',(0.,0.,45.));
#5121=CARTESIAN_POINT('',(-12.,-5.45,45.));
#5122=CARTESIAN_POINT('',(-12.,-4.225,45.));
#5123=CARTESIAN_POINT('Origin',(-9.7,-5.45,45.));
#5124=CARTESIAN_POINT('Origin',(-12.,-4.225,44.3));
#5125=CARTESIAN_POINT('',(-12.7,-5.45,44.3));
#5126=CARTESIAN_POINT('',(-12.7,-4.225,44.3));
#5127=CARTESIAN_POINT('Origin',(-12.,-5.45,44.3));
#5128=CARTESIAN_POINT('Origin',(-12.7,-8.45,45.));
#5129=CARTESIAN_POINT('',(-12.7,-5.45,45.));
#5130=CARTESIAN_POINT('Origin',(-9.7,-5.45,44.3));
#5131=CARTESIAN_POINT('',(-10.462299153876,-7.62,45.));
#5132=CARTESIAN_POINT('Ctrl Pts',(-10.462299153876,-7.61999999999867,45.));
#5133=CARTESIAN_POINT('Ctrl Pts',(-10.4644625269103,-7.61963106544976,45.));
#5134=CARTESIAN_POINT('Ctrl Pts',(-10.4666256383324,-7.61926060498581,44.9999997083346));
#5135=CARTESIAN_POINT('Ctrl Pts',(-10.7836442122697,-7.5647370635163,44.9999131419488));
#5136=CARTESIAN_POINT('Ctrl Pts',(-11.0720666108079,-7.48194472470933,44.9935501111145));
#5137=CARTESIAN_POINT('Ctrl Pts',(-11.4092126440371,-7.35889790828933,44.9501787850165));
#5138=CARTESIAN_POINT('Ctrl Pts',(-11.4825568886877,-7.33010613719622,44.9379584187052));
#5139=CARTESIAN_POINT('Ctrl Pts',(-11.5515346238077,-7.30153462380774,44.9233616961016));
#5140=CARTESIAN_POINT('',(-9.7,-8.45,44.3));
#5141=CARTESIAN_POINT('Origin',(-9.7,-5.45,44.3));
#5142=CARTESIAN_POINT('',(-9.7,-7.75,45.));
#5143=CARTESIAN_POINT('Origin',(-9.7,-7.75,44.3));
#5144=CARTESIAN_POINT('Origin',(-9.7,-5.45,45.));
#5145=CARTESIAN_POINT('Origin',(-9.7,-5.45,45.));
#5146=CARTESIAN_POINT('',(-9.7,-8.45,45.));
#5147=CARTESIAN_POINT('Origin',(12.7,-8.45,45.));
#5148=CARTESIAN_POINT('',(9.7,-8.45,44.3));
#5149=CARTESIAN_POINT('',(9.7,-8.45,45.));
#5150=CARTESIAN_POINT('',(6.35,-8.45,44.3));
#5151=CARTESIAN_POINT('Origin',(9.7,-5.45,44.3));
#5152=CARTESIAN_POINT('',(11.5515346238077,-7.30153462380773,44.9233616961016));
#5153=CARTESIAN_POINT('',(10.462299153876,-7.62,45.));
#5154=CARTESIAN_POINT('Ctrl Pts',(11.5515346238077,-7.30153462380773,44.9233616961016));
#5155=CARTESIAN_POINT('Ctrl Pts',(11.4825568886877,-7.33010613719622,44.9379584187052));
#5156=CARTESIAN_POINT('Ctrl Pts',(11.4092126440371,-7.35889790828932,44.9501787850165));
#5157=CARTESIAN_POINT('Ctrl Pts',(11.0720666138496,-7.48194472359922,44.9935501107232));
#5158=CARTESIAN_POINT('Ctrl Pts',(10.7836442167363,-7.56473706274619,44.9999131419475));
#5159=CARTESIAN_POINT('Ctrl Pts',(10.4666256387233,-7.61926060491863,44.9999997083345));
#5160=CARTESIAN_POINT('Ctrl Pts',(10.4644625265197,-7.61963106551763,45.));
#5161=CARTESIAN_POINT('Ctrl Pts',(10.4622991538764,-7.61999999999985,45.));
#5162=CARTESIAN_POINT('',(9.7,-7.75,45.));
#5163=CARTESIAN_POINT('Origin',(9.7,-5.45,45.));
#5164=CARTESIAN_POINT('Origin',(9.7,-7.75,44.3));
#5165=CARTESIAN_POINT('',(12.7,-5.45,44.3));
#5166=CARTESIAN_POINT('Origin',(9.7,-5.45,44.3));
#5167=CARTESIAN_POINT('Origin',(12.,-5.45,44.3));
#5168=CARTESIAN_POINT('Ctrl Pts',(11.87,-6.21229915387596,45.));
#5169=CARTESIAN_POINT('Ctrl Pts',(11.8696310655222,-6.21446252649307,45.));
#5170=CARTESIAN_POINT('Ctrl Pts',(11.8692606049141,-6.21662563874951,44.9999997083344));
#5171=CARTESIAN_POINT('Ctrl Pts',(11.8147370627861,-6.53364421650472,44.9999131419476));
#5172=CARTESIAN_POINT('Ctrl Pts',(11.7319447236568,-6.82206661369191,44.9935501107435));
#5173=CARTESIAN_POINT('Ctrl Pts',(11.6088979082893,-7.15921264403706,44.9501787850165));
#5174=CARTESIAN_POINT('Ctrl Pts',(11.5801061371962,-7.23255688868772,44.9379584187052));
#5175=CARTESIAN_POINT('Ctrl Pts',(11.5515346238077,-7.30153462380773,44.9233616961016));
#5176=CARTESIAN_POINT('Origin',(9.7,-5.45,45.));
#5177=CARTESIAN_POINT('',(12.7,-5.45,45.));
#5178=CARTESIAN_POINT('Origin',(5.585,-7.62,44.3));
#5179=CARTESIAN_POINT('',(5.585,-7.62,45.));
#5180=CARTESIAN_POINT('',(11.17,-6.92,44.3));
#5181=CARTESIAN_POINT('Origin',(11.87,-7.62,44.3));
#5182=CARTESIAN_POINT('',(5.585,-6.92,44.3));
#5183=CARTESIAN_POINT('Origin',(11.87,3.46,44.3));
#5184=CARTESIAN_POINT('',(11.17,3.46,44.3));
#5185=CARTESIAN_POINT('Origin',(0.,0.,45.));
#5186=CARTESIAN_POINT('',(6.35,-7.75,45.));
#5187=CARTESIAN_POINT('Origin',(12.,4.225,44.3));
#5188=CARTESIAN_POINT('',(12.7,4.225,44.3));
#5189=CARTESIAN_POINT('Origin',(6.35,-7.75,44.3));
#5190=CARTESIAN_POINT('Origin',(-11.17,6.92,45.));
#5191=CARTESIAN_POINT('',(-11.17,6.92,44.2));
#5192=CARTESIAN_POINT('',(-11.17,6.92,45.));
#5193=CARTESIAN_POINT('',(11.17,6.92,44.2));
#5194=CARTESIAN_POINT('',(-11.17,6.92,44.2));
#5195=CARTESIAN_POINT('',(11.17,6.92,45.));
#5196=CARTESIAN_POINT('Origin',(-11.17,-6.92,45.));
#5197=CARTESIAN_POINT('',(-11.17,-6.92,44.2));
#5198=CARTESIAN_POINT('',(-11.17,-6.92,45.));
#5199=CARTESIAN_POINT('',(-11.17,-6.92,44.2));
#5200=CARTESIAN_POINT('Origin',(11.17,-6.92,45.));
#5201=CARTESIAN_POINT('',(11.17,-6.92,44.2));
#5202=CARTESIAN_POINT('',(11.17,-6.92,45.));
#5203=CARTESIAN_POINT('',(11.17,-6.92,44.2));
#5204=CARTESIAN_POINT('Origin',(11.17,6.92,45.));
#5205=CARTESIAN_POINT('',(11.17,6.92,44.2));
#5206=CARTESIAN_POINT('Origin',(0.,1.11022302462516E-15,44.2));
#5207=CARTESIAN_POINT('Origin',(12.7,8.45,45.));
#5208=CARTESIAN_POINT('Origin',(9.7,5.45,0.899999999999999));
#5209=CARTESIAN_POINT('',(11.5515346238077,7.30153462380773,0.276638303898356));
#5210=CARTESIAN_POINT('',(10.462299153876,7.62,0.199999999999996));
#5211=CARTESIAN_POINT('Ctrl Pts',(11.5515346238077,7.30153462380774,0.276638303898354));
#5212=CARTESIAN_POINT('Ctrl Pts',(11.4825568886878,7.33010613719621,0.262041581294855));
#5213=CARTESIAN_POINT('Ctrl Pts',(11.4092126440371,7.35889790828932,0.249821214983497));
#5214=CARTESIAN_POINT('Ctrl Pts',(11.0720667872344,7.48194466031969,0.206449911581448));
#5215=CARTESIAN_POINT('Ctrl Pts',(10.7836444713415,7.56473701884759,0.200086858122006));
#5216=CARTESIAN_POINT('Ctrl Pts',(10.4666256372231,7.61926060517971,0.200000291665141));
#5217=CARTESIAN_POINT('Ctrl Pts',(10.4644625280204,7.61963106526179,0.199999999999996));
#5218=CARTESIAN_POINT('Ctrl Pts',(10.462299153876,7.62,0.199999999999996));
#5219=CARTESIAN_POINT('',(9.7,7.75,0.199999999999996));
#5220=CARTESIAN_POINT('Origin',(9.7,5.45,0.199999999999996));
#5221=CARTESIAN_POINT('',(9.7,8.45,0.899999999999999));
#5222=CARTESIAN_POINT('Origin',(9.7,7.75,0.899999999999999));
#5223=CARTESIAN_POINT('',(12.7,5.45,0.899999999999999));
#5224=CARTESIAN_POINT('Origin',(9.7,5.45,0.899999999999999));
#5225=CARTESIAN_POINT('',(12.,5.45,0.199999999999996));
#5226=CARTESIAN_POINT('Origin',(12.,5.45,0.899999999999999));
#5227=CARTESIAN_POINT('',(11.87,6.21229915387596,0.199999999999996));
#5228=CARTESIAN_POINT('Origin',(9.7,5.45,0.199999999999996));
#5229=CARTESIAN_POINT('Ctrl Pts',(11.87,6.21229915387596,0.199999999999996));
#5230=CARTESIAN_POINT('Ctrl Pts',(11.8696310652617,6.21446252802117,0.199999999999996));
#5231=CARTESIAN_POINT('Ctrl Pts',(11.8692606051798,6.21662563722227,0.200000291665141));
#5232=CARTESIAN_POINT('Ctrl Pts',(11.8147370188237,6.53364447148025,0.200086858122042));
#5233=CARTESIAN_POINT('Ctrl Pts',(11.7319446602852,6.82206678732897,0.206449911593607));
#5234=CARTESIAN_POINT('Ctrl Pts',(11.6088979082893,7.15921264403705,0.249821214983488));
#5235=CARTESIAN_POINT('Ctrl Pts',(11.5801061371962,7.2325568886877,0.262041581294844));
#5236=CARTESIAN_POINT('Ctrl Pts',(11.5515346238077,7.30153462380774,0.276638303898355));
#5237=CARTESIAN_POINT('Origin',(9.7,5.45,27.));
#5238=CARTESIAN_POINT('',(9.7,8.45,27.));
#5239=CARTESIAN_POINT('',(12.7,5.45,27.));
#5240=CARTESIAN_POINT('Origin',(9.7,5.45,27.));
#5241=CARTESIAN_POINT('',(12.7,5.45,27.));
#5242=CARTESIAN_POINT('',(9.7,8.45,27.));
#5243=CARTESIAN_POINT('Origin',(-6.35,7.75,0.899999999999999));
#5244=CARTESIAN_POINT('',(-9.7,7.75,0.199999999999996));
#5245=CARTESIAN_POINT('',(-6.35,7.75,0.199999999999996));
#5246=CARTESIAN_POINT('',(-9.7,8.45,0.899999999999999));
#5247=CARTESIAN_POINT('Origin',(-9.7,7.75,0.899999999999999));
#5248=CARTESIAN_POINT('',(-6.35,8.45,0.899999999999999));
#5249=CARTESIAN_POINT('Origin',(-5.585,7.62,0.899999999999999));
#5250=CARTESIAN_POINT('',(11.17,6.92,0.899999999999999));
#5251=CARTESIAN_POINT('Origin',(11.87,7.62,0.899999999999999));
#5252=CARTESIAN_POINT('',(-11.17,6.92,0.899999999999999));
#5253=CARTESIAN_POINT('',(-5.585,6.92,0.899999999999999));
#5254=CARTESIAN_POINT('',(-11.5515346238077,7.30153462380773,0.276638303898356));
#5255=CARTESIAN_POINT('Origin',(-11.87,7.62,0.899999999999999));
#5256=CARTESIAN_POINT('',(-10.462299153876,7.62,0.199999999999996));
#5257=CARTESIAN_POINT('Ctrl Pts',(-10.462299153876,7.62,0.199999999999996));
#5258=CARTESIAN_POINT('Ctrl Pts',(-10.4644625280202,7.61963106526182,0.199999999999996));
#5259=CARTESIAN_POINT('Ctrl Pts',(-10.4666256372232,7.61926060517968,0.200000291665141));
#5260=CARTESIAN_POINT('Ctrl Pts',(-10.7836444713275,7.56473701885,0.200086858121997));
#5261=CARTESIAN_POINT('Ctrl Pts',(-11.0720667872249,7.48194466032317,0.206449911580213));
#5262=CARTESIAN_POINT('Ctrl Pts',(-11.4092126440371,7.35889790828932,0.249821214983497));
#5263=CARTESIAN_POINT('Ctrl Pts',(-11.4825568886878,7.33010613719621,0.262041581294855));
#5264=CARTESIAN_POINT('Ctrl Pts',(-11.5515346238077,7.30153462380774,0.276638303898354));
#5265=CARTESIAN_POINT('',(-5.585,7.62,0.199999999999996));
#5266=CARTESIAN_POINT('Origin',(11.87,3.46,0.899999999999999));
#5267=CARTESIAN_POINT('',(11.87,-6.21229915387596,0.199999999999996));
#5268=CARTESIAN_POINT('',(11.87,3.46,0.199999999999996));
#5269=CARTESIAN_POINT('',(11.5515346238077,-7.30153462380773,0.276638303898356));
#5270=CARTESIAN_POINT('Ctrl Pts',(11.5515346238077,-7.30153462380773,0.276638303898354));
#5271=CARTESIAN_POINT('Ctrl Pts',(11.5801061371962,-7.23255688868776,0.262041581294855));
#5272=CARTESIAN_POINT('Ctrl Pts',(11.6088979082893,-7.15921264403711,0.249821214983488));
#5273=CARTESIAN_POINT('Ctrl Pts',(11.7319446602852,-6.82206678732892,0.206449911593598));
#5274=CARTESIAN_POINT('Ctrl Pts',(11.8147370188237,-6.53364447148017,0.200086858122042));
#5275=CARTESIAN_POINT('Ctrl Pts',(11.8692606051798,-6.21662563722227,0.200000291665141));
#5276=CARTESIAN_POINT('Ctrl Pts',(11.8696310652617,-6.21446252802117,0.199999999999996));
#5277=CARTESIAN_POINT('Ctrl Pts',(11.87,-6.21229915387596,0.199999999999996));
#5278=CARTESIAN_POINT('',(11.17,-6.92,0.899999999999999));
#5279=CARTESIAN_POINT('Origin',(11.87,-7.62,0.899999999999999));
#5280=CARTESIAN_POINT('',(11.17,3.46,0.899999999999999));
#5281=CARTESIAN_POINT('Origin',(0.,0.,0.199999999999996));
#5282=CARTESIAN_POINT('',(12.,-5.45,0.199999999999996));
#5283=CARTESIAN_POINT('',(12.,4.225,0.199999999999996));
#5284=CARTESIAN_POINT('Origin',(9.7,-5.45,0.199999999999996));
#5285=CARTESIAN_POINT('Origin',(0.,0.,0.199999999999996));
#5286=CARTESIAN_POINT('Origin',(-9.7,5.45,0.199999999999996));
#5287=CARTESIAN_POINT('Origin',(-9.7,5.45,0.899999999999999));
#5288=CARTESIAN_POINT('',(-11.87,6.21229915387596,0.199999999999996));
#5289=CARTESIAN_POINT('Ctrl Pts',(-11.5515346238077,7.30153462380774,0.276638303898355));
#5290=CARTESIAN_POINT('Ctrl Pts',(-11.5801061371962,7.23255688868769,0.262041581294842));
#5291=CARTESIAN_POINT('Ctrl Pts',(-11.6088979082893,7.15921264403704,0.249821214983488));
#5292=CARTESIAN_POINT('Ctrl Pts',(-11.7319446602811,6.82206678734011,0.206449911595046));
#5293=CARTESIAN_POINT('Ctrl Pts',(-11.8147370188209,6.53364447149656,0.200086858122042));
#5294=CARTESIAN_POINT('Ctrl Pts',(-11.8692606051798,6.21662563722229,0.200000291665141));
#5295=CARTESIAN_POINT('Ctrl Pts',(-11.8696310652617,6.21446252802115,0.199999999999996));
#5296=CARTESIAN_POINT('Ctrl Pts',(-11.87,6.21229915387596,0.199999999999996));
#5297=CARTESIAN_POINT('',(-12.,5.45,0.199999999999996));
#5298=CARTESIAN_POINT('Origin',(-9.7,5.45,0.199999999999996));
#5299=CARTESIAN_POINT('',(-12.7,5.45,0.899999999999999));
#5300=CARTESIAN_POINT('Origin',(-12.,5.45,0.899999999999999));
#5301=CARTESIAN_POINT('Origin',(-9.7,5.45,0.899999999999999));
#5302=CARTESIAN_POINT('Origin',(-9.7,5.45,27.));
#5303=CARTESIAN_POINT('',(-12.7,5.45,27.));
#5304=CARTESIAN_POINT('',(-9.7,8.45,27.));
#5305=CARTESIAN_POINT('Origin',(-9.7,5.45,27.));
#5306=CARTESIAN_POINT('',(-9.7,8.45,27.));
#5307=CARTESIAN_POINT('',(-12.7,5.45,27.));
#5308=CARTESIAN_POINT('Origin',(0.,0.,0.199999999999996));
#5309=CARTESIAN_POINT('',(-11.87,-6.21229915387596,0.199999999999996));
#5310=CARTESIAN_POINT('',(-11.87,-3.46,0.199999999999996));
#5311=CARTESIAN_POINT('',(-12.,-5.45,0.199999999999996));
#5312=CARTESIAN_POINT('Origin',(-9.7,-5.45,0.199999999999996));
#5313=CARTESIAN_POINT('',(-12.,-4.225,0.199999999999996));
#5314=CARTESIAN_POINT('Origin',(-12.7,8.45,27.));
#5315=CARTESIAN_POINT('',(-12.7,8.45,27.));
#5316=CARTESIAN_POINT('Origin',(0.,0.,27.));
#5317=CARTESIAN_POINT('',(-12.7,-5.45,27.));
#5318=CARTESIAN_POINT('',(-12.7,-8.45,27.));
#5319=CARTESIAN_POINT('',(-9.7,-8.45,27.));
#5320=CARTESIAN_POINT('Origin',(-9.7,-5.45,27.));
#5321=CARTESIAN_POINT('',(9.7,-8.45,27.));
#5322=CARTESIAN_POINT('',(12.7,-8.45,27.));
#5323=CARTESIAN_POINT('',(12.7,-5.45,27.));
#5324=CARTESIAN_POINT('Origin',(9.7,-5.45,27.));
#5325=CARTESIAN_POINT('',(12.7,8.45,27.));
#5326=CARTESIAN_POINT('Origin',(-9.7,-5.45,0.899999999999999));
#5327=CARTESIAN_POINT('',(-11.5515346238077,-7.30153462380773,0.276638303898356));
#5328=CARTESIAN_POINT('',(-10.462299153876,-7.62,0.199999999999996));
#5329=CARTESIAN_POINT('Ctrl Pts',(-11.5515346238077,-7.30153462380773,0.276638303898354));
#5330=CARTESIAN_POINT('Ctrl Pts',(-11.4825568886877,-7.33010613719623,0.262041581294842));
#5331=CARTESIAN_POINT('Ctrl Pts',(-11.409212644037,-7.35889790828934,0.249821214983479));
#5332=CARTESIAN_POINT('Ctrl Pts',(-11.0720667877229,-7.48194466014142,0.206449911644278));
#5333=CARTESIAN_POINT('Ctrl Pts',(-10.7836444720587,-7.56473701872394,0.200086858122202));
#5334=CARTESIAN_POINT('Ctrl Pts',(-10.4666256367763,-7.61926060525656,0.200000291665026));
#5335=CARTESIAN_POINT('Ctrl Pts',(-10.4644625284672,-7.61963106518425,0.199999999999996));
#5336=CARTESIAN_POINT('Ctrl Pts',(-10.462299153876,-7.61999999999867,0.199999999999996));
#5337=CARTESIAN_POINT('',(-9.7,-7.75,0.199999999999996));
#5338=CARTESIAN_POINT('Origin',(-9.7,-5.45,0.199999999999996));
#5339=CARTESIAN_POINT('',(-9.7,-8.45,0.899999999999999));
#5340=CARTESIAN_POINT('Origin',(-9.7,-7.75,0.899999999999999));
#5341=CARTESIAN_POINT('',(-12.7,-5.45,0.899999999999999));
#5342=CARTESIAN_POINT('Origin',(-9.7,-5.45,0.899999999999999));
#5343=CARTESIAN_POINT('Origin',(-12.,-5.45,0.899999999999999));
#5344=CARTESIAN_POINT('Ctrl Pts',(-11.87,-6.21229915387596,0.199999999999996));
#5345=CARTESIAN_POINT('Ctrl Pts',(-11.8696310652617,-6.21446252802115,0.199999999999996));
#5346=CARTESIAN_POINT('Ctrl Pts',(-11.8692606051798,-6.21662563722229,0.200000291665141));
#5347=CARTESIAN_POINT('Ctrl Pts',(-11.8147370188209,-6.53364447149635,0.200086858122042));
#5348=CARTESIAN_POINT('Ctrl Pts',(-11.7319446602812,-6.82206678733995,0.206449911595019));
#5349=CARTESIAN_POINT('Ctrl Pts',(-11.6088979082893,-7.15921264403711,0.249821214983497));
#5350=CARTESIAN_POINT('Ctrl Pts',(-11.5801061371962,-7.23255688868776,0.262041581294855));
#5351=CARTESIAN_POINT('Ctrl Pts',(-11.5515346238077,-7.30153462380773,0.276638303898354));
#5352=CARTESIAN_POINT('Origin',(-9.7,-5.45,27.));
#5353=CARTESIAN_POINT('',(-12.7,-5.45,27.));
#5354=CARTESIAN_POINT('',(-9.7,-8.45,27.));
#5355=CARTESIAN_POINT('Origin',(5.585,-7.62,0.899999999999999));
#5356=CARTESIAN_POINT('',(-11.17,-6.92,0.899999999999999));
#5357=CARTESIAN_POINT('Origin',(-11.87,-7.62,0.899999999999999));
#5358=CARTESIAN_POINT('',(5.585,-6.92,0.899999999999999));
#5359=CARTESIAN_POINT('',(10.462299153876,-7.62,0.199999999999996));
#5360=CARTESIAN_POINT('Ctrl Pts',(10.4622991538764,-7.61999999999985,0.199999999999996));
#5361=CARTESIAN_POINT('Ctrl Pts',(10.4644625280464,-7.61963106525728,0.199999999999996));
#5362=CARTESIAN_POINT('Ctrl Pts',(10.4666256371975,-7.61926060518411,0.200000291665141));
#5363=CARTESIAN_POINT('Ctrl Pts',(10.783644471465,-7.5647370188263,0.200086858122033));
#5364=CARTESIAN_POINT('Ctrl Pts',(11.0720667873185,-7.48194466028899,0.206449911592266));
#5365=CARTESIAN_POINT('Ctrl Pts',(11.409212644037,-7.35889790828934,0.249821214983488));
#5366=CARTESIAN_POINT('Ctrl Pts',(11.4825568886877,-7.33010613719623,0.262041581294842));
#5367=CARTESIAN_POINT('Ctrl Pts',(11.5515346238077,-7.30153462380774,0.276638303898353));
#5368=CARTESIAN_POINT('',(5.585,-7.62,0.199999999999996));
#5369=CARTESIAN_POINT('Origin',(-11.87,-3.46,0.899999999999999));
#5370=CARTESIAN_POINT('',(-11.17,-3.46,0.899999999999999));
#5371=CARTESIAN_POINT('Origin',(0.,0.,0.199999999999996));
#5372=CARTESIAN_POINT('',(9.7,-7.75,0.199999999999996));
#5373=CARTESIAN_POINT('Origin',(9.7,-5.45,0.199999999999996));
#5374=CARTESIAN_POINT('',(6.35,-7.75,0.199999999999996));
#5375=CARTESIAN_POINT('Origin',(-12.,-4.225,0.899999999999999));
#5376=CARTESIAN_POINT('',(-12.7,-4.225,0.899999999999999));
#5377=CARTESIAN_POINT('Origin',(9.7,-5.45,0.899999999999999));
#5378=CARTESIAN_POINT('',(12.7,-5.45,0.899999999999999));
#5379=CARTESIAN_POINT('Origin',(12.,-5.45,0.899999999999999));
#5380=CARTESIAN_POINT('',(9.7,-8.45,0.899999999999999));
#5381=CARTESIAN_POINT('Origin',(9.7,-5.45,0.899999999999999));
#5382=CARTESIAN_POINT('Origin',(9.7,-7.75,0.899999999999999));
#5383=CARTESIAN_POINT('Origin',(9.7,-5.45,27.));
#5384=CARTESIAN_POINT('',(9.7,-8.45,27.));
#5385=CARTESIAN_POINT('',(12.7,-5.45,27.));
#5386=CARTESIAN_POINT('Origin',(6.35,-7.75,0.899999999999999));
#5387=CARTESIAN_POINT('',(6.35,-8.45,0.899999999999999));
#5388=CARTESIAN_POINT('Origin',(12.7,-8.45,27.));
#5389=CARTESIAN_POINT('Origin',(12.7,8.45,27.));
#5390=CARTESIAN_POINT('',(12.7,4.225,0.899999999999999));
#5391=CARTESIAN_POINT('Origin',(12.,4.225,0.899999999999999));
#5392=CARTESIAN_POINT('Origin',(-12.7,-8.45,27.));
#5393=CARTESIAN_POINT('Origin',(11.17,-6.92,0.999999999999996));
#5394=CARTESIAN_POINT('',(-11.17,-6.92,0.999999999999996));
#5395=CARTESIAN_POINT('',(-11.17,-6.92,0.999999999999996));
#5396=CARTESIAN_POINT('',(11.17,-6.92,0.999999999999996));
#5397=CARTESIAN_POINT('',(11.17,-6.92,0.999999999999996));
#5398=CARTESIAN_POINT('',(11.17,-6.92,0.999999999999996));
#5399=CARTESIAN_POINT('Origin',(-11.17,-6.92,0.999999999999996));
#5400=CARTESIAN_POINT('',(-11.17,6.92,0.999999999999996));
#5401=CARTESIAN_POINT('',(-11.17,6.92,0.999999999999996));
#5402=CARTESIAN_POINT('',(-11.17,-6.92,0.999999999999996));
#5403=CARTESIAN_POINT('Origin',(11.17,6.92,0.999999999999996));
#5404=CARTESIAN_POINT('',(11.17,6.92,0.999999999999996));
#5405=CARTESIAN_POINT('',(11.17,6.92,0.999999999999996));
#5406=CARTESIAN_POINT('',(11.17,6.92,0.999999999999996));
#5407=CARTESIAN_POINT('Origin',(-11.17,6.92,0.999999999999996));
#5408=CARTESIAN_POINT('',(-11.17,6.92,0.999999999999996));
#5409=CARTESIAN_POINT('Origin',(0.,1.11022302462516E-15,0.999999999999996));
#5410=CARTESIAN_POINT('Origin',(-6.7,0.,45.1267949192431));
#5411=CARTESIAN_POINT('',(-5.65,1.28587913910472E-16,45.3));
#5412=CARTESIAN_POINT('Origin',(-6.7,0.,45.3));
#5413=CARTESIAN_POINT('',(-5.85,1.04094977927525E-16,45.3));
#5414=CARTESIAN_POINT('Origin',(-5.75,1.16341445918998E-16,45.1267949192431));
#5415=CARTESIAN_POINT('Origin',(-6.7,0.,45.3));
#5416=CARTESIAN_POINT('Origin',(-6.7,0.,45.3));
#5417=CARTESIAN_POINT('',(-8.755,-2.51664917224781E-16,45.3));
#5418=CARTESIAN_POINT('Origin',(-6.7,0.,45.3));
#5419=CARTESIAN_POINT('Origin',(-6.7,0.,48.14));
#5420=CARTESIAN_POINT('',(-9.14,2.98813818991954E-16,48.5));
#5421=CARTESIAN_POINT('Origin',(-6.7,0.,48.5));
#5422=CARTESIAN_POINT('',(-9.5,-3.42901103761259E-16,48.14));
#5423=CARTESIAN_POINT('Origin',(-9.14,-2.98813818991954E-16,48.14));
#5424=CARTESIAN_POINT('Origin',(-6.7,0.,48.14));
#5425=CARTESIAN_POINT('Origin',(-6.7,0.,48.5));
#5426=CARTESIAN_POINT('',(-4.285,-2.95752201994086E-16,48.5));
#5427=CARTESIAN_POINT('Origin',(-6.7,0.,48.5));
#5428=CARTESIAN_POINT('Origin',(-6.7,0.,45.));
#5429=CARTESIAN_POINT('',(-9.5,-3.42901103761259E-16,45.3));
#5430=CARTESIAN_POINT('',(-9.5,-3.42901103761259E-16,45.));
#5431=CARTESIAN_POINT('Origin',(-6.7,0.,45.3));
#5432=CARTESIAN_POINT('Origin',(-6.7,0.,48.14));
#5433=CARTESIAN_POINT('',(-4.645,-2.51664917224781E-16,48.14));
#5434=CARTESIAN_POINT('Origin',(-4.285,-2.95752201994086E-16,48.14));
#5435=CARTESIAN_POINT('',(-8.755,2.51664917224781E-16,48.14));
#5436=CARTESIAN_POINT('Origin',(-6.7,0.,48.14));
#5437=CARTESIAN_POINT('Origin',(-6.7,0.,48.14));
#5438=CARTESIAN_POINT('Origin',(-6.7,0.,45.));
#5439=CARTESIAN_POINT('',(-8.755,-2.51664917224781E-16,45.));
#5440=CARTESIAN_POINT('Origin',(-6.7,0.,45.3));
#5441=CARTESIAN_POINT('Origin',(-6.7,0.,45.));
#5442=CARTESIAN_POINT('',(-10.4,-4.53119315684521E-16,45.3));
#5443=CARTESIAN_POINT('Origin',(-6.7,0.,45.3));
#5444=CARTESIAN_POINT('',(-10.4,-4.53119315684521E-16,45.));
#5445=CARTESIAN_POINT('',(-10.4,-4.53119315684521E-16,45.));
#5446=CARTESIAN_POINT('Origin',(-6.7,0.,45.));
#5447=CARTESIAN_POINT('Origin',(-6.7,0.,45.3));
#5448=CARTESIAN_POINT('Origin',(-6.7,0.,45.));
#5449=CARTESIAN_POINT('Origin',(6.7,0.,45.1267949192431));
#5450=CARTESIAN_POINT('',(7.75,1.28587913910472E-16,45.3));
#5451=CARTESIAN_POINT('Origin',(6.7,0.,45.3));
#5452=CARTESIAN_POINT('',(7.55,1.04094977927525E-16,45.3));
#5453=CARTESIAN_POINT('Origin',(7.65,1.16341445918998E-16,45.1267949192431));
#5454=CARTESIAN_POINT('Origin',(6.7,0.,45.3));
#5455=CARTESIAN_POINT('Origin',(6.7,0.,45.3));
#5456=CARTESIAN_POINT('',(6.69999999999999,3.5,45.3));
#5457=CARTESIAN_POINT('',(9.73108891324553,1.74999999999999,45.3));
#5458=CARTESIAN_POINT('',(7.45777222831138,3.0625,45.3));
#5459=CARTESIAN_POINT('',(3.66891108675446,1.75,45.3));
#5460=CARTESIAN_POINT('',(4.42668331506585,2.1875,45.3));
#5461=CARTESIAN_POINT('',(3.66891108675446,-1.75,45.3));
#5462=CARTESIAN_POINT('',(3.66891108675446,-0.875,45.3));
#5463=CARTESIAN_POINT('',(6.69999999999999,-3.5,45.3));
#5464=CARTESIAN_POINT('',(5.94222777168861,-3.0625,45.3));
#5465=CARTESIAN_POINT('',(9.73108891324553,-1.75,45.3));
#5466=CARTESIAN_POINT('',(8.97331668493415,-2.1875,45.3));
#5467=CARTESIAN_POINT('',(9.73108891324553,0.874999999999998,45.3));
#5468=CARTESIAN_POINT('Origin',(6.7,0.,45.3));
#5469=CARTESIAN_POINT('Origin',(3.23589838486224,-2.,45.));
#5470=CARTESIAN_POINT('',(3.23589838486224,-2.,45.));
#5471=CARTESIAN_POINT('',(6.69999999999999,-4.,45.));
#5472=CARTESIAN_POINT('',(3.23589838486224,-2.,45.));
#5473=CARTESIAN_POINT('',(6.69999999999999,-4.,48.29));
#5474=CARTESIAN_POINT('',(6.69999999999999,-4.,45.));
#5475=CARTESIAN_POINT('',(3.23589838486224,-2.,48.29));
#5476=CARTESIAN_POINT('',(4.10192378864668,-2.5,48.29));
#5477=CARTESIAN_POINT('',(3.23589838486224,-2.,45.));
#5478=CARTESIAN_POINT('Origin',(6.69999999999999,-4.,45.));
#5479=CARTESIAN_POINT('',(10.1641016151378,-2.,45.));
#5480=CARTESIAN_POINT('',(6.69999999999999,-4.,45.));
#5481=CARTESIAN_POINT('',(10.1641016151378,-2.,48.29));
#5482=CARTESIAN_POINT('',(10.1641016151378,-2.,45.));
#5483=CARTESIAN_POINT('',(7.56602540378443,-3.5,48.29));
#5484=CARTESIAN_POINT('Origin',(3.66891108675446,-1.75,45.));
#5485=CARTESIAN_POINT('',(3.66891108675446,1.75,48.29));
#5486=CARTESIAN_POINT('',(3.66891108675446,1.75,45.));
#5487=CARTESIAN_POINT('',(3.66891108675446,-1.75,48.29));
#5488=CARTESIAN_POINT('',(3.66891108675446,-0.875,48.29));
#5489=CARTESIAN_POINT('',(3.66891108675446,-1.75,45.));
#5490=CARTESIAN_POINT('Origin',(3.66891108675446,1.75,45.));
#5491=CARTESIAN_POINT('',(6.7,3.5,48.29));
#5492=CARTESIAN_POINT('',(6.7,3.5,45.));
#5493=CARTESIAN_POINT('',(4.42668331506585,2.1875,48.29));
#5494=CARTESIAN_POINT('Origin',(6.7,-5.55111512312578E-16,45.));
#5495=CARTESIAN_POINT('',(3.23589838486224,2.,45.));
#5496=CARTESIAN_POINT('',(3.23589838486224,2.,45.));
#5497=CARTESIAN_POINT('',(6.7,4.,45.));
#5498=CARTESIAN_POINT('',(6.7,4.,45.));
#5499=CARTESIAN_POINT('',(10.1641016151378,2.,45.));
#5500=CARTESIAN_POINT('',(10.1641016151378,2.,45.));
#5501=CARTESIAN_POINT('',(10.1641016151378,-2.,45.));
#5502=CARTESIAN_POINT('Origin',(10.1641016151378,-2.,45.));
#5503=CARTESIAN_POINT('',(10.1641016151378,2.,48.29));
#5504=CARTESIAN_POINT('',(10.1641016151378,2.,45.));
#5505=CARTESIAN_POINT('',(10.1641016151378,-1.,48.29));
#5506=CARTESIAN_POINT('Origin',(6.7,3.5,45.));
#5507=CARTESIAN_POINT('',(9.73108891324553,1.75,48.29));
#5508=CARTESIAN_POINT('',(9.73108891324553,1.75,45.));
#5509=CARTESIAN_POINT('',(7.45777222831138,3.0625,48.29));
#5510=CARTESIAN_POINT('Origin',(4.20692378864668,-2.31813466520527,48.29));
#5511=CARTESIAN_POINT('',(6.7,-3.75751288694036,48.5));
#5512=CARTESIAN_POINT('',(3.44589838486224,-1.87875644347018,48.5));
#5513=CARTESIAN_POINT('',(4.20692378864668,-2.31813466520527,48.5));
#5514=CARTESIAN_POINT('Origin',(3.44589838486224,-1.87875644347018,48.29));
#5515=CARTESIAN_POINT('Origin',(6.69999999999999,-3.75751288694036,48.29));
#5516=CARTESIAN_POINT('Origin',(3.44589838486224,1.,48.29));
#5517=CARTESIAN_POINT('',(3.44589838486224,1.87875644347018,48.5));
#5518=CARTESIAN_POINT('',(3.44589838486224,1.,48.5));
#5519=CARTESIAN_POINT('',(3.23589838486224,2.,48.29));
#5520=CARTESIAN_POINT('Origin',(3.44589838486224,1.87875644347018,48.29));
#5521=CARTESIAN_POINT('',(3.23589838486224,1.,48.29));
#5522=CARTESIAN_POINT('Origin',(5.93897459621556,3.31813466520527,48.29));
#5523=CARTESIAN_POINT('',(6.7,3.75751288694036,48.5));
#5524=CARTESIAN_POINT('',(5.93897459621556,3.31813466520527,48.5));
#5525=CARTESIAN_POINT('',(6.7,4.,48.29));
#5526=CARTESIAN_POINT('Origin',(6.7,3.75751288694036,48.29));
#5527=CARTESIAN_POINT('',(5.83397459621556,3.5,48.29));
#5528=CARTESIAN_POINT('Origin',(9.19307621135331,2.31813466520527,48.29));
#5529=CARTESIAN_POINT('',(9.95410161513775,1.87875644347018,48.5));
#5530=CARTESIAN_POINT('',(9.19307621135331,2.31813466520527,48.5));
#5531=CARTESIAN_POINT('Origin',(9.95410161513775,1.87875644347018,48.29));
#5532=CARTESIAN_POINT('',(9.29807621135332,2.5,48.29));
#5533=CARTESIAN_POINT('Origin',(9.95410161513775,-1.,48.29));
#5534=CARTESIAN_POINT('',(9.95410161513775,-1.87875644347018,48.5));
#5535=CARTESIAN_POINT('',(9.95410161513775,-1.,48.5));
#5536=CARTESIAN_POINT('Origin',(9.95410161513775,-1.87875644347018,48.29));
#5537=CARTESIAN_POINT('Origin',(7.46102540378443,-3.31813466520527,48.29));
#5538=CARTESIAN_POINT('',(7.46102540378443,-3.31813466520527,48.5));
#5539=CARTESIAN_POINT('Origin',(6.7,-5.55111512312578E-16,48.5));
#5540=CARTESIAN_POINT('',(3.45891108675446,-1.87124355652982,48.5));
#5541=CARTESIAN_POINT('',(6.7,-3.74248711305964,48.5));
#5542=CARTESIAN_POINT('',(5.83722777168861,-3.24436533479473,48.5));
#5543=CARTESIAN_POINT('',(3.45891108675446,1.87124355652982,48.5));
#5544=CARTESIAN_POINT('',(3.45891108675446,-0.875,48.5));
#5545=CARTESIAN_POINT('',(6.7,3.74248711305964,48.5));
#5546=CARTESIAN_POINT('',(4.32168331506585,2.36936533479473,48.5));
#5547=CARTESIAN_POINT('',(9.94108891324553,1.87124355652982,48.5));
#5548=CARTESIAN_POINT('',(7.56277222831138,3.24436533479473,48.5));
#5549=CARTESIAN_POINT('',(9.94108891324553,-1.87124355652982,48.5));
#5550=CARTESIAN_POINT('',(9.94108891324553,0.874999999999998,48.5));
#5551=CARTESIAN_POINT('',(9.07831668493415,-2.36936533479473,48.5));
#5552=CARTESIAN_POINT('Origin',(5.83722777168861,-3.24436533479473,48.29));
#5553=CARTESIAN_POINT('',(6.7,-3.5,48.29));
#5554=CARTESIAN_POINT('Origin',(6.7,-3.74248711305964,48.29));
#5555=CARTESIAN_POINT('',(5.94222777168861,-3.0625,48.29));
#5556=CARTESIAN_POINT('Origin',(3.45891108675446,-1.87124355652982,48.29));
#5557=CARTESIAN_POINT('Origin',(9.07831668493415,-2.36936533479473,48.29));
#5558=CARTESIAN_POINT('',(9.73108891324553,-1.75,48.29));
#5559=CARTESIAN_POINT('Origin',(9.94108891324553,-1.87124355652982,48.29));
#5560=CARTESIAN_POINT('',(8.97331668493415,-2.1875,48.29));
#5561=CARTESIAN_POINT('Origin',(9.94108891324553,0.874999999999998,48.29));
#5562=CARTESIAN_POINT('Origin',(9.94108891324553,1.87124355652982,48.29));
#5563=CARTESIAN_POINT('',(9.73108891324553,0.874999999999998,48.29));
#5564=CARTESIAN_POINT('Origin',(7.56277222831138,3.24436533479473,48.29));
#5565=CARTESIAN_POINT('Origin',(6.7,3.74248711305964,48.29));
#5566=CARTESIAN_POINT('Origin',(4.32168331506585,2.36936533479473,48.29));
#5567=CARTESIAN_POINT('Origin',(3.45891108675446,1.87124355652982,48.29));
#5568=CARTESIAN_POINT('Origin',(3.45891108675446,-0.875,48.29));
#5569=CARTESIAN_POINT('Origin',(6.7,-3.5,45.));
#5570=CARTESIAN_POINT('',(6.7,-3.5,45.));
#5571=CARTESIAN_POINT('Origin',(9.73108891324553,-1.75,45.));
#5572=CARTESIAN_POINT('',(9.73108891324553,-1.75,45.));
#5573=CARTESIAN_POINT('Origin',(9.73108891324553,1.75,45.));
#5574=CARTESIAN_POINT('Origin',(3.23589838486224,2.,45.));
#5575=CARTESIAN_POINT('',(3.23589838486224,2.,45.));
#5576=CARTESIAN_POINT('Origin',(6.7,4.,45.));
#5577=CARTESIAN_POINT('',(6.7,4.,45.));
#5578=CARTESIAN_POINT('Origin',(10.1641016151378,2.,45.));
#5579=CARTESIAN_POINT('Origin',(-2.06991841346025,-8.45,39.4910647749901));
#5580=CARTESIAN_POINT('',(-2.06991841346025,-8.45,36.4910646557808));
#5581=CARTESIAN_POINT('',(-2.06991841346025,-8.45,39.4910647749901));
#5582=CARTESIAN_POINT('',(-2.06991841346025,-8.45,36.4910646557808));
#5583=CARTESIAN_POINT('',(-2.06991841346025,-8.4501,36.4910646557808));
#5584=CARTESIAN_POINT('',(-2.06991841346025,-8.45,36.4910646557808));
#5585=CARTESIAN_POINT('',(-2.06991841346025,-8.4501,39.4910647749901));
#5586=CARTESIAN_POINT('',(-2.06991841346025,-8.4501,36.4910646557808));
#5587=CARTESIAN_POINT('',(-2.06991841346025,-8.45,39.4910647749901));
#5588=CARTESIAN_POINT('Origin',(-0.0460438922047568,-8.45,39.4910647749901));
#5589=CARTESIAN_POINT('',(-0.0460438922047568,-8.45,39.4910647749901));
#5590=CARTESIAN_POINT('',(-2.06991841346025,-8.45,39.4910647749901));
#5591=CARTESIAN_POINT('',(-0.0460438922047568,-8.4501,39.4910647749901));
#5592=CARTESIAN_POINT('',(-2.06991841346025,-8.4501,39.4910647749901));
#5593=CARTESIAN_POINT('',(-0.0460438922047568,-8.45,39.4910647749901));
#5594=CARTESIAN_POINT('Origin',(-0.0460438922047568,-8.45,39.1370400071144));
#5595=CARTESIAN_POINT('',(-0.0460438922047568,-8.45,39.1370400071144));
#5596=CARTESIAN_POINT('',(-0.0460438922047568,-8.45,39.4910647749901));
#5597=CARTESIAN_POINT('',(-0.0460438922047568,-8.4501,39.1370400071144));
#5598=CARTESIAN_POINT('',(-0.0460438922047568,-8.4501,39.4910647749901));
#5599=CARTESIAN_POINT('',(-0.0460438922047568,-8.45,39.1370400071144));
#5600=CARTESIAN_POINT('Origin',(-1.67291988879442,-8.45,39.1370400071144));
#5601=CARTESIAN_POINT('',(-1.67291988879442,-8.45,39.1370400071144));
#5602=CARTESIAN_POINT('',(-0.0460438922047568,-8.45,39.1370400071144));
#5603=CARTESIAN_POINT('',(-1.67291988879442,-8.4501,39.1370400071144));
#5604=CARTESIAN_POINT('',(-0.0460438922047568,-8.4501,39.1370400071144));
#5605=CARTESIAN_POINT('',(-1.67291988879442,-8.45,39.1370400071144));
#5606=CARTESIAN_POINT('Origin',(-1.67291988879442,-8.45,38.2079812169075));
#5607=CARTESIAN_POINT('',(-1.67291988879442,-8.45,38.2079812169075));
#5608=CARTESIAN_POINT('',(-1.67291988879442,-8.45,39.1370400071144));
#5609=CARTESIAN_POINT('',(-1.67291988879442,-8.4501,38.2079812169075));
#5610=CARTESIAN_POINT('',(-1.67291988879442,-8.4501,39.1370400071144));
#5611=CARTESIAN_POINT('',(-1.67291988879442,-8.45,38.2079812169075));
#5612=CARTESIAN_POINT('Origin',(-0.265006919205184,-8.45,38.2079812169075));
#5613=CARTESIAN_POINT('',(-0.265006919205184,-8.45,38.2079812169075));
#5614=CARTESIAN_POINT('',(-1.67291988879442,-8.45,38.2079812169075));
#5615=CARTESIAN_POINT('',(-0.265006919205184,-8.4501,38.2079812169075));
#5616=CARTESIAN_POINT('',(-1.67291988879442,-8.4501,38.2079812169075));
#5617=CARTESIAN_POINT('',(-0.265006919205184,-8.45,38.2079812169075));
#5618=CARTESIAN_POINT('Origin',(-0.265006919205184,-8.45,37.8539570450783));
#5619=CARTESIAN_POINT('',(-0.265006919205184,-8.45,37.8539570450783));
#5620=CARTESIAN_POINT('',(-0.265006919205184,-8.45,38.2079812169075));
#5621=CARTESIAN_POINT('',(-0.265006919205184,-8.4501,37.8539570450783));
#5622=CARTESIAN_POINT('',(-0.265006919205184,-8.4501,38.2079812169075));
#5623=CARTESIAN_POINT('',(-0.265006919205184,-8.45,37.8539570450783));
#5624=CARTESIAN_POINT('Origin',(-1.67291988879442,-8.45,37.8539570450783));
#5625=CARTESIAN_POINT('',(-1.67291988879442,-8.45,37.8539570450783));
#5626=CARTESIAN_POINT('',(-0.265006919205184,-8.45,37.8539570450783));
#5627=CARTESIAN_POINT('',(-1.67291988879442,-8.4501,37.8539570450783));
#5628=CARTESIAN_POINT('',(-0.265006919205184,-8.4501,37.8539570450783));
#5629=CARTESIAN_POINT('',(-1.67291988879442,-8.45,37.8539570450783));
#5630=CARTESIAN_POINT('Origin',(-1.67291988879442,-8.45,36.4910646557808));
#5631=CARTESIAN_POINT('',(-1.67291988879442,-8.45,36.4910646557808));
#5632=CARTESIAN_POINT('',(-1.67291988879442,-8.45,37.8539570450783));
#5633=CARTESIAN_POINT('',(-1.67291988879442,-8.4501,36.4910646557808));
#5634=CARTESIAN_POINT('',(-1.67291988879442,-8.4501,37.8539570450783));
#5635=CARTESIAN_POINT('',(-1.67291988879442,-8.45,36.4910646557808));
#5636=CARTESIAN_POINT('Origin',(-2.06991841346025,-8.45,36.4910646557808));
#5637=CARTESIAN_POINT('',(-1.67291988879442,-8.45,36.4910646557808));
#5638=CARTESIAN_POINT('',(-1.67291988879442,-8.4501,36.4910646557808));
#5639=CARTESIAN_POINT('Origin',(-7.94231886924734E-7,-8.4501,35.6305595517158));
#5640=CARTESIAN_POINT('Origin',(-7.94231886924734E-7,-8.45,35.6305595517158));
#5641=CARTESIAN_POINT('Origin',(-0.182128448784347,-8.45,34.8089369416237));
#5642=CARTESIAN_POINT('',(0.980218152701859,-8.45,31.8089362263679));
#5643=CARTESIAN_POINT('',(-0.182128448784347,-8.45,34.8089369416237));
#5644=CARTESIAN_POINT('',(0.980218152701859,-8.45,31.8089362263679));
#5645=CARTESIAN_POINT('',(0.980218152701859,-8.4501,31.8089362263679));
#5646=CARTESIAN_POINT('',(0.980218152701859,-8.45,31.8089362263679));
#5647=CARTESIAN_POINT('',(-0.182128448784347,-8.4501,34.8089369416237));
#5648=CARTESIAN_POINT('',(0.980218152701859,-8.4501,31.8089362263679));
#5649=CARTESIAN_POINT('',(-0.182128448784347,-8.45,34.8089369416237));
#5650=CARTESIAN_POINT('Origin',(0.247612695395951,-8.45,34.8089369416237));
#5651=CARTESIAN_POINT('',(0.247612695395951,-8.45,34.8089369416237));
#5652=CARTESIAN_POINT('',(-0.182128448784347,-8.45,34.8089369416237));
#5653=CARTESIAN_POINT('',(0.247612695395951,-8.4501,34.8089369416237));
#5654=CARTESIAN_POINT('',(-0.182128448784347,-8.4501,34.8089369416237));
#5655=CARTESIAN_POINT('',(0.247612695395951,-8.45,34.8089369416237));
#5656=CARTESIAN_POINT('Origin',(1.02728555649519,-8.45,32.6295360207558));
#5657=CARTESIAN_POINT('',(1.02728555649519,-8.45,32.6295360207558));
#5658=CARTESIAN_POINT('',(0.247612695395951,-8.45,34.8089369416237));
#5659=CARTESIAN_POINT('',(1.02728555649519,-8.4501,32.6295360207558));
#5660=CARTESIAN_POINT('',(0.247612695395951,-8.4501,34.8089369416237));
#5661=CARTESIAN_POINT('',(1.02728555649519,-8.45,32.6295360207558));
#5662=CARTESIAN_POINT('Ctrl Pts',(1.18485639542342,-8.45,32.1384044766426));
#5663=CARTESIAN_POINT('Ctrl Pts',(1.18485639542342,-8.4501,32.1384044766426));
#5664=CARTESIAN_POINT('Ctrl Pts',(1.16185762137147,-8.45,32.2177569120827));
#5665=CARTESIAN_POINT('Ctrl Pts',(1.16185762137147,-8.4501,32.2177569120827));
#5666=CARTESIAN_POINT('Ctrl Pts',(1.11397849548324,-8.45,32.3829537715933));
#5667=CARTESIAN_POINT('Ctrl Pts',(1.11397849548324,-8.4501,32.3829537715933));
#5668=CARTESIAN_POINT('Ctrl Pts',(1.05693050298465,-8.45,32.5452163787296));
#5669=CARTESIAN_POINT('Ctrl Pts',(1.05693050298465,-8.4501,32.5452163787296));
#5670=CARTESIAN_POINT('Ctrl Pts',(1.02728555649519,-8.45,32.6295360207558));
#5671=CARTESIAN_POINT('Ctrl Pts',(1.02728555649519,-8.4501,32.6295360207558));
#5672=CARTESIAN_POINT('',(1.18485639542342,-8.45,32.1384044766426));
#5673=CARTESIAN_POINT('Ctrl Pts',(1.02728555649519,-8.45,32.6295360207558));
#5674=CARTESIAN_POINT('Ctrl Pts',(1.05693050298465,-8.45,32.5452163787296));
#5675=CARTESIAN_POINT('Ctrl Pts',(1.11397849548324,-8.45,32.3829537715933));
#5676=CARTESIAN_POINT('Ctrl Pts',(1.16185762137147,-8.45,32.2177569120827));
#5677=CARTESIAN_POINT('Ctrl Pts',(1.18485639542342,-8.45,32.1384044766426));
#5678=CARTESIAN_POINT('',(1.18485639542342,-8.4501,32.1384044766426));
#5679=CARTESIAN_POINT('Ctrl Pts',(1.18485639542342,-8.4501,32.1384044766426));
#5680=CARTESIAN_POINT('Ctrl Pts',(1.16185762137147,-8.4501,32.2177569120827));
#5681=CARTESIAN_POINT('Ctrl Pts',(1.11397849548324,-8.4501,32.3829537715933));
#5682=CARTESIAN_POINT('Ctrl Pts',(1.05693050298465,-8.4501,32.5452163787296));
#5683=CARTESIAN_POINT('Ctrl Pts',(1.02728555649519,-8.4501,32.6295360207558));
#5684=CARTESIAN_POINT('',(1.18485639542342,-8.45,32.1384044766426));
#5685=CARTESIAN_POINT('Ctrl Pts',(1.34652088135481,-8.45,32.6295360207558));
#5686=CARTESIAN_POINT('Ctrl Pts',(1.34652088135481,-8.4501,32.6295360207558));
#5687=CARTESIAN_POINT('Ctrl Pts',(1.31684290075063,-8.45,32.5479632351276));
#5688=CARTESIAN_POINT('Ctrl Pts',(1.31684290075063,-8.4501,32.5479632351276));
#5689=CARTESIAN_POINT('Ctrl Pts',(1.25788790858262,-8.45,32.3859197658644));
#5690=CARTESIAN_POINT('Ctrl Pts',(1.25788790858262,-8.4501,32.3859197658644));
#5691=CARTESIAN_POINT('Ctrl Pts',(1.20908960293147,-8.45,32.2205346298554));
#5692=CARTESIAN_POINT('Ctrl Pts',(1.20908960293147,-8.4501,32.2205346298554));
#5693=CARTESIAN_POINT('Ctrl Pts',(1.18485639542342,-8.45,32.1384044766426));
#5694=CARTESIAN_POINT('Ctrl Pts',(1.18485639542342,-8.4501,32.1384044766426));
#5695=CARTESIAN_POINT('',(1.34652088135481,-8.45,32.6295360207558));
#5696=CARTESIAN_POINT('Ctrl Pts',(1.18485639542342,-8.45,32.1384044766426));
#5697=CARTESIAN_POINT('Ctrl Pts',(1.20908960293147,-8.45,32.2205346298554));
#5698=CARTESIAN_POINT('Ctrl Pts',(1.25788790858262,-8.45,32.3859197658644));
#5699=CARTESIAN_POINT('Ctrl Pts',(1.31684290075063,-8.45,32.5479632351276));
#5700=CARTESIAN_POINT('Ctrl Pts',(1.34652088135481,-8.45,32.6295360207558));
#5701=CARTESIAN_POINT('',(1.34652088135481,-8.4501,32.6295360207558));
#5702=CARTESIAN_POINT('Ctrl Pts',(1.34652088135481,-8.4501,32.6295360207558));
#5703=CARTESIAN_POINT('Ctrl Pts',(1.31684290075063,-8.4501,32.5479632351276));
#5704=CARTESIAN_POINT('Ctrl Pts',(1.25788790858262,-8.4501,32.3859197658644));
#5705=CARTESIAN_POINT('Ctrl Pts',(1.20908960293147,-8.4501,32.2205346298554));
#5706=CARTESIAN_POINT('Ctrl Pts',(1.18485639542342,-8.4501,32.1384044766426));
#5707=CARTESIAN_POINT('',(1.34652088135481,-8.45,32.6295360207558));
#5708=CARTESIAN_POINT('Origin',(2.15688894242049,-8.45,34.8089369416237));
#5709=CARTESIAN_POINT('',(2.15688894242049,-8.45,34.8089369416237));
#5710=CARTESIAN_POINT('',(1.34652088135481,-8.45,32.6295360207558));
#5711=CARTESIAN_POINT('',(2.15688894242049,-8.4501,34.8089369416237));
#5712=CARTESIAN_POINT('',(1.34652088135481,-8.4501,32.6295360207558));
#5713=CARTESIAN_POINT('',(2.15688894242049,-8.45,34.8089369416237));
#5714=CARTESIAN_POINT('Origin',(2.56207416504622,-8.45,34.8089369416237));
#5715=CARTESIAN_POINT('',(2.56207416504622,-8.45,34.8089369416237));
#5716=CARTESIAN_POINT('',(2.15688894242049,-8.45,34.8089369416237));
#5717=CARTESIAN_POINT('',(2.56207416504622,-8.4501,34.8089369416237));
#5718=CARTESIAN_POINT('',(2.15688894242049,-8.4501,34.8089369416237));
#5719=CARTESIAN_POINT('',(2.56207416504622,-8.45,34.8089369416237));
#5720=CARTESIAN_POINT('Origin',(1.38744900673628,-8.45,31.8089362263679));
#5721=CARTESIAN_POINT('',(1.38744900673628,-8.45,31.8089362263679));
#5722=CARTESIAN_POINT('',(2.56207416504622,-8.45,34.8089369416237));
#5723=CARTESIAN_POINT('',(1.38744900673628,-8.4501,31.8089362263679));
#5724=CARTESIAN_POINT('',(2.56207416504622,-8.4501,34.8089369416237));
#5725=CARTESIAN_POINT('',(1.38744900673628,-8.45,31.8089362263679));
#5726=CARTESIAN_POINT('Origin',(0.980218152701859,-8.45,31.8089362263679));
#5727=CARTESIAN_POINT('',(1.38744900673628,-8.45,31.8089362263679));
#5728=CARTESIAN_POINT('',(1.38744900673628,-8.4501,31.8089362263679));
#5729=CARTESIAN_POINT('Origin',(-7.94231886924734E-7,-8.4501,35.6305595517158));
#5730=CARTESIAN_POINT('Origin',(-7.94231886924734E-7,-8.45,35.6305595517158));
#5731=CARTESIAN_POINT('Ctrl Pts',(-0.962824125587936,-8.45,34.3300827622414));
#5732=CARTESIAN_POINT('Ctrl Pts',(-0.962824125587936,-8.4501,34.3300827622414));
#5733=CARTESIAN_POINT('Ctrl Pts',(-0.913637009188547,-8.45,34.2595311074025));
#5734=CARTESIAN_POINT('Ctrl Pts',(-0.913637009188547,-8.4501,34.2595311074025));
#5735=CARTESIAN_POINT('Ctrl Pts',(-0.808529795949902,-8.45,34.1087703315668));
#5736=CARTESIAN_POINT('Ctrl Pts',(-0.808529795949902,-8.4501,34.1087703315668));
#5737=CARTESIAN_POINT('Ctrl Pts',(-0.799044173033532,-8.45,33.9246361914287));
#5738=CARTESIAN_POINT('Ctrl Pts',(-0.799044173033532,-8.4501,33.9246361914287));
#5739=CARTESIAN_POINT('Ctrl Pts',(-0.793997545540328,-8.45,33.8266714692116));
#5740=CARTESIAN_POINT('Ctrl Pts',(-0.793997545540328,-8.4501,33.8266714692116));
#5741=CARTESIAN_POINT('',(-0.793997545540328,-8.45,33.8266714692116));
#5742=CARTESIAN_POINT('',(-0.962824125587936,-8.45,34.3300827622414));
#5743=CARTESIAN_POINT('Ctrl Pts',(-0.793997545540328,-8.45,33.8266714692116));
#5744=CARTESIAN_POINT('Ctrl Pts',(-0.799044173033532,-8.45,33.9246361914287));
#5745=CARTESIAN_POINT('Ctrl Pts',(-0.808529795949902,-8.45,34.1087703315668));
#5746=CARTESIAN_POINT('Ctrl Pts',(-0.913637009188547,-8.45,34.2595311074025));
#5747=CARTESIAN_POINT('Ctrl Pts',(-0.962824125587936,-8.45,34.3300827622414));
#5748=CARTESIAN_POINT('',(-0.793997545540328,-8.4501,33.8266714692116));
#5749=CARTESIAN_POINT('',(-0.793997545540328,-8.45,33.8266714692116));
#5750=CARTESIAN_POINT('',(-0.962824125587936,-8.4501,34.3300827622414));
#5751=CARTESIAN_POINT('Ctrl Pts',(-0.962824125587936,-8.4501,34.3300827622414));
#5752=CARTESIAN_POINT('Ctrl Pts',(-0.913637009188547,-8.4501,34.2595311074025));
#5753=CARTESIAN_POINT('Ctrl Pts',(-0.808529795949902,-8.4501,34.1087703315668));
#5754=CARTESIAN_POINT('Ctrl Pts',(-0.799044173033532,-8.4501,33.9246361914287));
#5755=CARTESIAN_POINT('Ctrl Pts',(-0.793997545540328,-8.4501,33.8266714692116));
#5756=CARTESIAN_POINT('',(-0.962824125587936,-8.45,34.3300827622414));
#5757=CARTESIAN_POINT('Ctrl Pts',(-1.36903156787157,-8.45,34.5163031697273));
#5758=CARTESIAN_POINT('Ctrl Pts',(-1.36903156787157,-8.4501,34.5163031697273));
#5759=CARTESIAN_POINT('Ctrl Pts',(-1.2923185211335,-8.45,34.5080502307166));
#5760=CARTESIAN_POINT('Ctrl Pts',(-1.2923185211335,-8.4501,34.5080502307166));
#5761=CARTESIAN_POINT('Ctrl Pts',(-1.13634920508079,-8.45,34.4912707478559));
#5762=CARTESIAN_POINT('Ctrl Pts',(-1.13634920508079,-8.4501,34.4912707478559));
#5763=CARTESIAN_POINT('Ctrl Pts',(-1.0212911941751,-8.45,34.3843930039534));
#5764=CARTESIAN_POINT('Ctrl Pts',(-1.0212911941751,-8.4501,34.3843930039534));
#5765=CARTESIAN_POINT('Ctrl Pts',(-0.962824125587936,-8.45,34.3300827622414));
#5766=CARTESIAN_POINT('Ctrl Pts',(-0.962824125587936,-8.4501,34.3300827622414));
#5767=CARTESIAN_POINT('',(-1.36903156787157,-8.45,34.5163031697273));
#5768=CARTESIAN_POINT('Ctrl Pts',(-0.962824125587936,-8.45,34.3300827622414));
#5769=CARTESIAN_POINT('Ctrl Pts',(-1.0212911941751,-8.45,34.3843930039534));
#5770=CARTESIAN_POINT('Ctrl Pts',(-1.13634920508079,-8.45,34.4912707478559));
#5771=CARTESIAN_POINT('Ctrl Pts',(-1.2923185211335,-8.45,34.5080502307166));
#5772=CARTESIAN_POINT('Ctrl Pts',(-1.36903156787157,-8.45,34.5163031697273));
#5773=CARTESIAN_POINT('',(-1.36903156787157,-8.4501,34.5163031697273));
#5774=CARTESIAN_POINT('Ctrl Pts',(-1.36903156787157,-8.4501,34.5163031697273));
#5775=CARTESIAN_POINT('Ctrl Pts',(-1.2923185211335,-8.4501,34.5080502307166));
#5776=CARTESIAN_POINT('Ctrl Pts',(-1.13634920508079,-8.4501,34.4912707478559));
#5777=CARTESIAN_POINT('Ctrl Pts',(-1.0212911941751,-8.4501,34.3843930039534));
#5778=CARTESIAN_POINT('Ctrl Pts',(-0.962824125587936,-8.4501,34.3300827622414));
#5779=CARTESIAN_POINT('',(-1.36903156787157,-8.45,34.5163031697273));
#5780=CARTESIAN_POINT('Ctrl Pts',(-1.79672588855028,-8.45,34.315757381916));
#5781=CARTESIAN_POINT('Ctrl Pts',(-1.79672588855028,-8.4501,34.315757381916));
#5782=CARTESIAN_POINT('Ctrl Pts',(-1.73457918102243,-8.45,34.374236159815));
#5783=CARTESIAN_POINT('Ctrl Pts',(-1.73457918102243,-8.4501,34.374236159815));
#5784=CARTESIAN_POINT('Ctrl Pts',(-1.61366637509863,-8.45,34.4880126317156));
#5785=CARTESIAN_POINT('Ctrl Pts',(-1.61366637509863,-8.4501,34.4880126317156));
#5786=CARTESIAN_POINT('Ctrl Pts',(-1.44904225809148,-8.45,34.5070504166188));
#5787=CARTESIAN_POINT('Ctrl Pts',(-1.44904225809148,-8.4501,34.5070504166188));
#5788=CARTESIAN_POINT('Ctrl Pts',(-1.36903156787157,-8.45,34.5163031697273));
#5789=CARTESIAN_POINT('Ctrl Pts',(-1.36903156787157,-8.4501,34.5163031697273));
#5790=CARTESIAN_POINT('',(-1.79672588855028,-8.45,34.315757381916));
#5791=CARTESIAN_POINT('Ctrl Pts',(-1.36903156787157,-8.45,34.5163031697273));
#5792=CARTESIAN_POINT('Ctrl Pts',(-1.44904225809148,-8.45,34.5070504166188));
#5793=CARTESIAN_POINT('Ctrl Pts',(-1.61366637509863,-8.45,34.4880126317156));
#5794=CARTESIAN_POINT('Ctrl Pts',(-1.73457918102243,-8.45,34.374236159815));
#5795=CARTESIAN_POINT('Ctrl Pts',(-1.79672588855028,-8.45,34.315757381916));
#5796=CARTESIAN_POINT('',(-1.79672588855028,-8.4501,34.315757381916));
#5797=CARTESIAN_POINT('Ctrl Pts',(-1.79672588855028,-8.4501,34.315757381916));
#5798=CARTESIAN_POINT('Ctrl Pts',(-1.73457918102243,-8.4501,34.374236159815));
#5799=CARTESIAN_POINT('Ctrl Pts',(-1.61366637509863,-8.4501,34.4880126317156));
#5800=CARTESIAN_POINT('Ctrl Pts',(-1.44904225809148,-8.4501,34.5070504166188));
#5801=CARTESIAN_POINT('Ctrl Pts',(-1.36903156787157,-8.4501,34.5163031697273));
#5802=CARTESIAN_POINT('',(-1.79672588855028,-8.45,34.315757381916));
#5803=CARTESIAN_POINT('Ctrl Pts',(-1.97885443717241,-8.45,33.7959762692451));
#5804=CARTESIAN_POINT('Ctrl Pts',(-1.97885443717241,-8.4501,33.7959762692451));
#5805=CARTESIAN_POINT('Ctrl Pts',(-1.97274025490506,-8.45,33.8957618260073));
#5806=CARTESIAN_POINT('Ctrl Pts',(-1.97274025490506,-8.4501,33.8957618260073));
#5807=CARTESIAN_POINT('Ctrl Pts',(-1.96104230858729,-8.45,34.0866763318647));
#5808=CARTESIAN_POINT('Ctrl Pts',(-1.96104230858729,-8.4501,34.0866763318647));
#5809=CARTESIAN_POINT('Ctrl Pts',(-1.84981693680587,-8.45,34.2417407189436));
#5810=CARTESIAN_POINT('Ctrl Pts',(-1.84981693680587,-8.4501,34.2417407189436));
#5811=CARTESIAN_POINT('Ctrl Pts',(-1.79672588855028,-8.45,34.315757381916));
#5812=CARTESIAN_POINT('Ctrl Pts',(-1.79672588855028,-8.4501,34.315757381916));
#5813=CARTESIAN_POINT('',(-1.97885443717241,-8.45,33.7959762692451));
#5814=CARTESIAN_POINT('Ctrl Pts',(-1.79672588855028,-8.45,34.315757381916));
#5815=CARTESIAN_POINT('Ctrl Pts',(-1.84981693680587,-8.45,34.2417407189436));
#5816=CARTESIAN_POINT('Ctrl Pts',(-1.96104230858729,-8.45,34.0866763318647));
#5817=CARTESIAN_POINT('Ctrl Pts',(-1.97274025490506,-8.45,33.8957618260073));
#5818=CARTESIAN_POINT('Ctrl Pts',(-1.97885443717241,-8.45,33.7959762692451));
#5819=CARTESIAN_POINT('',(-1.97885443717241,-8.4501,33.7959762692451));
#5820=CARTESIAN_POINT('Ctrl Pts',(-1.97885443717241,-8.4501,33.7959762692451));
#5821=CARTESIAN_POINT('Ctrl Pts',(-1.97274025490506,-8.4501,33.8957618260073));
#5822=CARTESIAN_POINT('Ctrl Pts',(-1.96104230858729,-8.4501,34.0866763318647));
#5823=CARTESIAN_POINT('Ctrl Pts',(-1.84981693680587,-8.4501,34.2417407189436));
#5824=CARTESIAN_POINT('Ctrl Pts',(-1.79672588855028,-8.4501,34.315757381916));
#5825=CARTESIAN_POINT('',(-1.97885443717241,-8.45,33.7959762692451));
#5826=CARTESIAN_POINT('Ctrl Pts',(-1.80593480616807,-8.45,33.3304234623909));
#5827=CARTESIAN_POINT('Ctrl Pts',(-1.80593480616807,-8.4501,33.3304234623909));
#5828=CARTESIAN_POINT('Ctrl Pts',(-1.85634861358692,-8.45,33.3963296793198));
#5829=CARTESIAN_POINT('Ctrl Pts',(-1.85634861358692,-8.4501,33.3963296793198));
#5830=CARTESIAN_POINT('Ctrl Pts',(-1.96128943437554,-8.45,33.5335193274283));
#5831=CARTESIAN_POINT('Ctrl Pts',(-1.96128943437554,-8.4501,33.5335193274283));
#5832=CARTESIAN_POINT('Ctrl Pts',(-1.97284841628801,-8.45,33.7062340760877));
#5833=CARTESIAN_POINT('Ctrl Pts',(-1.97284841628801,-8.4501,33.7062340760877));
#5834=CARTESIAN_POINT('Ctrl Pts',(-1.97885443717241,-8.45,33.7959762692451));
#5835=CARTESIAN_POINT('Ctrl Pts',(-1.97885443717241,-8.4501,33.7959762692451));
#5836=CARTESIAN_POINT('',(-1.80593480616807,-8.45,33.3304234623909));
#5837=CARTESIAN_POINT('Ctrl Pts',(-1.97885443717241,-8.45,33.7959762692451));
#5838=CARTESIAN_POINT('Ctrl Pts',(-1.97284841628801,-8.45,33.7062340760877));
#5839=CARTESIAN_POINT('Ctrl Pts',(-1.96128943437554,-8.45,33.5335193274283));
#5840=CARTESIAN_POINT('Ctrl Pts',(-1.85634861358692,-8.45,33.3963296793198));
#5841=CARTESIAN_POINT('Ctrl Pts',(-1.80593480616807,-8.45,33.3304234623909));
#5842=CARTESIAN_POINT('',(-1.80593480616807,-8.4501,33.3304234623909));
#5843=CARTESIAN_POINT('Ctrl Pts',(-1.80593480616807,-8.4501,33.3304234623909));
#5844=CARTESIAN_POINT('Ctrl Pts',(-1.85634861358692,-8.4501,33.3963296793198));
#5845=CARTESIAN_POINT('Ctrl Pts',(-1.96128943437554,-8.4501,33.5335193274283));
#5846=CARTESIAN_POINT('Ctrl Pts',(-1.97284841628801,-8.4501,33.7062340760877));
#5847=CARTESIAN_POINT('Ctrl Pts',(-1.97885443717241,-8.4501,33.7959762692451));
#5848=CARTESIAN_POINT('',(-1.80593480616807,-8.45,33.3304234623909));
#5849=CARTESIAN_POINT('Ctrl Pts',(-1.37926389724016,-8.45,33.1513651490211));
#5850=CARTESIAN_POINT('Ctrl Pts',(-1.37926389724016,-8.4501,33.1513651490211));
#5851=CARTESIAN_POINT('Ctrl Pts',(-1.460321504892,-8.45,33.1586631498503));
#5852=CARTESIAN_POINT('Ctrl Pts',(-1.460321504892,-8.4501,33.1586631498503));
#5853=CARTESIAN_POINT('Ctrl Pts',(-1.62156205562223,-8.45,33.173180401309));
#5854=CARTESIAN_POINT('Ctrl Pts',(-1.62156205562223,-8.4501,33.173180401309));
#5855=CARTESIAN_POINT('Ctrl Pts',(-1.74469988023356,-8.45,33.2781990031334));
#5856=CARTESIAN_POINT('Ctrl Pts',(-1.74469988023356,-8.4501,33.2781990031334));
#5857=CARTESIAN_POINT('Ctrl Pts',(-1.80593480616807,-8.45,33.3304234623909));
#5858=CARTESIAN_POINT('Ctrl Pts',(-1.80593480616807,-8.4501,33.3304234623909));
#5859=CARTESIAN_POINT('',(-1.37926389724016,-8.45,33.1513651490211));
#5860=CARTESIAN_POINT('Ctrl Pts',(-1.80593480616807,-8.45,33.3304234623909));
#5861=CARTESIAN_POINT('Ctrl Pts',(-1.74469988023356,-8.45,33.2781990031334));
#5862=CARTESIAN_POINT('Ctrl Pts',(-1.62156205562223,-8.45,33.173180401309));
#5863=CARTESIAN_POINT('Ctrl Pts',(-1.460321504892,-8.45,33.1586631498503));
#5864=CARTESIAN_POINT('Ctrl Pts',(-1.37926389724016,-8.45,33.1513651490211));
#5865=CARTESIAN_POINT('',(-1.37926389724016,-8.4501,33.1513651490211));
#5866=CARTESIAN_POINT('Ctrl Pts',(-1.37926389724016,-8.4501,33.1513651490211));
#5867=CARTESIAN_POINT('Ctrl Pts',(-1.460321504892,-8.4501,33.1586631498503));
#5868=CARTESIAN_POINT('Ctrl Pts',(-1.62156205562223,-8.4501,33.173180401309));
#5869=CARTESIAN_POINT('Ctrl Pts',(-1.74469988023356,-8.4501,33.2781990031334));
#5870=CARTESIAN_POINT('Ctrl Pts',(-1.80593480616807,-8.4501,33.3304234623909));
#5871=CARTESIAN_POINT('',(-1.37926389724016,-8.45,33.1513651490211));
#5872=CARTESIAN_POINT('Ctrl Pts',(-0.958731670677657,-8.45,33.3304234623909));
#5873=CARTESIAN_POINT('Ctrl Pts',(-0.958731670677657,-8.4501,33.3304234623909));
#5874=CARTESIAN_POINT('Ctrl Pts',(-1.01802870602508,-8.45,33.2782009542163));
#5875=CARTESIAN_POINT('Ctrl Pts',(-1.01802870602508,-8.4501,33.2782009542163));
#5876=CARTESIAN_POINT('Ctrl Pts',(-1.13833523978995,-8.45,33.1722477829291));
#5877=CARTESIAN_POINT('Ctrl Pts',(-1.13833523978995,-8.4501,33.1722477829291));
#5878=CARTESIAN_POINT('Ctrl Pts',(-1.29819585064488,-8.45,33.1583917699163));
#5879=CARTESIAN_POINT('Ctrl Pts',(-1.29819585064488,-8.4501,33.1583917699163));
#5880=CARTESIAN_POINT('Ctrl Pts',(-1.37926389724016,-8.45,33.1513651490211));
#5881=CARTESIAN_POINT('Ctrl Pts',(-1.37926389724016,-8.4501,33.1513651490211));
#5882=CARTESIAN_POINT('',(-0.958731670677657,-8.45,33.3304234623909));
#5883=CARTESIAN_POINT('Ctrl Pts',(-1.37926389724016,-8.45,33.1513651490211));
#5884=CARTESIAN_POINT('Ctrl Pts',(-1.29819585064488,-8.45,33.1583917699163));
#5885=CARTESIAN_POINT('Ctrl Pts',(-1.13833523978995,-8.45,33.1722477829291));
#5886=CARTESIAN_POINT('Ctrl Pts',(-1.01802870602508,-8.45,33.2782009542163));
#5887=CARTESIAN_POINT('Ctrl Pts',(-0.958731670677657,-8.45,33.3304234623909));
#5888=CARTESIAN_POINT('',(-0.958731670677657,-8.4501,33.3304234623909));
#5889=CARTESIAN_POINT('Ctrl Pts',(-0.958731670677657,-8.4501,33.3304234623909));
#5890=CARTESIAN_POINT('Ctrl Pts',(-1.01802870602508,-8.4501,33.2782009542163));
#5891=CARTESIAN_POINT('Ctrl Pts',(-1.13833523978995,-8.4501,33.1722477829291));
#5892=CARTESIAN_POINT('Ctrl Pts',(-1.29819585064488,-8.4501,33.1583917699163));
#5893=CARTESIAN_POINT('Ctrl Pts',(-1.37926389724016,-8.4501,33.1513651490211));
#5894=CARTESIAN_POINT('',(-0.958731670677657,-8.45,33.3304234623909));
#5895=CARTESIAN_POINT('Ctrl Pts',(-0.793997545540328,-8.45,33.8266714692116));
#5896=CARTESIAN_POINT('Ctrl Pts',(-0.793997545540328,-8.4501,33.8266714692116));
#5897=CARTESIAN_POINT('Ctrl Pts',(-0.798618604739517,-8.45,33.7292867705048));
#5898=CARTESIAN_POINT('Ctrl Pts',(-0.798618604739517,-8.4501,33.7292867705048));
#5899=CARTESIAN_POINT('Ctrl Pts',(-0.807231552144198,-8.45,33.5477765902999));
#5900=CARTESIAN_POINT('Ctrl Pts',(-0.807231552144198,-8.4501,33.5477765902999));
#5901=CARTESIAN_POINT('Ctrl Pts',(-0.910752343139549,-8.45,33.3992581076461));
#5902=CARTESIAN_POINT('Ctrl Pts',(-0.910752343139549,-8.4501,33.3992581076461));
#5903=CARTESIAN_POINT('Ctrl Pts',(-0.958731670677657,-8.45,33.3304234623909));
#5904=CARTESIAN_POINT('Ctrl Pts',(-0.958731670677657,-8.4501,33.3304234623909));
#5905=CARTESIAN_POINT('Ctrl Pts',(-0.958731670677657,-8.45,33.3304234623909));
#5906=CARTESIAN_POINT('Ctrl Pts',(-0.910752343139549,-8.45,33.3992581076461));
#5907=CARTESIAN_POINT('Ctrl Pts',(-0.807231552144198,-8.45,33.5477765902999));
#5908=CARTESIAN_POINT('Ctrl Pts',(-0.798618604739517,-8.45,33.7292867705048));
#5909=CARTESIAN_POINT('Ctrl Pts',(-0.793997545540328,-8.45,33.8266714692116));
#5910=CARTESIAN_POINT('Ctrl Pts',(-0.793997545540328,-8.4501,33.8266714692116));
#5911=CARTESIAN_POINT('Ctrl Pts',(-0.798618604739517,-8.4501,33.7292867705048));
#5912=CARTESIAN_POINT('Ctrl Pts',(-0.807231552144198,-8.4501,33.5477765902999));
#5913=CARTESIAN_POINT('Ctrl Pts',(-0.910752343139549,-8.4501,33.3992581076461));
#5914=CARTESIAN_POINT('Ctrl Pts',(-0.958731670677657,-8.4501,33.3304234623909));
#5915=CARTESIAN_POINT('Origin',(-1.94815864115953,-8.45,32.535402405262));
#5916=CARTESIAN_POINT('',(-2.30218281298875,-8.45,32.502660381794));
#5917=CARTESIAN_POINT('',(-1.94815864115953,-8.45,32.535402405262));
#5918=CARTESIAN_POINT('',(-2.30218281298875,-8.45,32.502660381794));
#5919=CARTESIAN_POINT('',(-2.30218281298875,-8.4501,32.502660381794));
#5920=CARTESIAN_POINT('',(-2.30218281298875,-8.45,32.502660381794));
#5921=CARTESIAN_POINT('',(-1.94815864115953,-8.4501,32.535402405262));
#5922=CARTESIAN_POINT('',(-2.30218281298875,-8.4501,32.502660381794));
#5923=CARTESIAN_POINT('',(-1.94815864115953,-8.45,32.535402405262));
#5924=CARTESIAN_POINT('Ctrl Pts',(-1.77626242190599,-8.45,32.1731921315193));
#5925=CARTESIAN_POINT('Ctrl Pts',(-1.77626242190599,-8.4501,32.1731921315193));
#5926=CARTESIAN_POINT('Ctrl Pts',(-1.81572314290903,-8.45,32.2201524591522));
#5927=CARTESIAN_POINT('Ctrl Pts',(-1.81572314290903,-8.4501,32.2201524591522));
#5928=CARTESIAN_POINT('Ctrl Pts',(-1.90417212334751,-8.45,32.3254113848537));
#5929=CARTESIAN_POINT('Ctrl Pts',(-1.90417212334751,-8.4501,32.3254113848537));
#5930=CARTESIAN_POINT('Ctrl Pts',(-1.93248004525486,-8.45,32.4605530078475));
#5931=CARTESIAN_POINT('Ctrl Pts',(-1.93248004525486,-8.4501,32.4605530078475));
#5932=CARTESIAN_POINT('Ctrl Pts',(-1.94815864115953,-8.45,32.535402405262));
#5933=CARTESIAN_POINT('Ctrl Pts',(-1.94815864115953,-8.4501,32.535402405262));
#5934=CARTESIAN_POINT('',(-1.77626242190599,-8.45,32.1731921315193));
#5935=CARTESIAN_POINT('Ctrl Pts',(-1.94815864115953,-8.45,32.535402405262));
#5936=CARTESIAN_POINT('Ctrl Pts',(-1.93248004525486,-8.45,32.4605530078475));
#5937=CARTESIAN_POINT('Ctrl Pts',(-1.90417212334751,-8.45,32.3254113848537));
#5938=CARTESIAN_POINT('Ctrl Pts',(-1.81572314290903,-8.45,32.2201524591522));
#5939=CARTESIAN_POINT('Ctrl Pts',(-1.77626242190599,-8.45,32.1731921315193));
#5940=CARTESIAN_POINT('',(-1.77626242190599,-8.4501,32.1731921315193));
#5941=CARTESIAN_POINT('Ctrl Pts',(-1.77626242190599,-8.4501,32.1731921315193));
#5942=CARTESIAN_POINT('Ctrl Pts',(-1.81572314290903,-8.4501,32.2201524591522));
#5943=CARTESIAN_POINT('Ctrl Pts',(-1.90417212334751,-8.4501,32.3254113848537));
#5944=CARTESIAN_POINT('Ctrl Pts',(-1.93248004525486,-8.4501,32.4605530078475));
#5945=CARTESIAN_POINT('Ctrl Pts',(-1.94815864115953,-8.4501,32.535402405262));
#5946=CARTESIAN_POINT('',(-1.77626242190599,-8.45,32.1731921315193));
#5947=CARTESIAN_POINT('Ctrl Pts',(-1.45088722258806,-8.45,32.0606418728828));
#5948=CARTESIAN_POINT('Ctrl Pts',(-1.45088722258806,-8.4501,32.0606418728828));
#5949=CARTESIAN_POINT('Ctrl Pts',(-1.51305840066774,-8.45,32.064463292621));
#5950=CARTESIAN_POINT('Ctrl Pts',(-1.51305840066774,-8.4501,32.064463292621));
#5951=CARTESIAN_POINT('Ctrl Pts',(-1.63223758077136,-8.45,32.0717887718107));
#5952=CARTESIAN_POINT('Ctrl Pts',(-1.63223758077136,-8.4501,32.0717887718107));
#5953=CARTESIAN_POINT('Ctrl Pts',(-1.72966102709535,-8.45,32.1403815554848));
#5954=CARTESIAN_POINT('Ctrl Pts',(-1.72966102709535,-8.4501,32.1403815554848));
#5955=CARTESIAN_POINT('Ctrl Pts',(-1.77626242190599,-8.45,32.1731921315193));
#5956=CARTESIAN_POINT('Ctrl Pts',(-1.77626242190599,-8.4501,32.1731921315193));
#5957=CARTESIAN_POINT('',(-1.45088722258806,-8.45,32.0606418728828));
#5958=CARTESIAN_POINT('Ctrl Pts',(-1.77626242190599,-8.45,32.1731921315193));
#5959=CARTESIAN_POINT('Ctrl Pts',(-1.72966102709535,-8.45,32.1403815554848));
#5960=CARTESIAN_POINT('Ctrl Pts',(-1.63223758077136,-8.45,32.0717887718107));
#5961=CARTESIAN_POINT('Ctrl Pts',(-1.51305840066774,-8.45,32.064463292621));
#5962=CARTESIAN_POINT('Ctrl Pts',(-1.45088722258806,-8.45,32.0606418728828));
#5963=CARTESIAN_POINT('',(-1.45088722258806,-8.4501,32.0606418728828));
#5964=CARTESIAN_POINT('Ctrl Pts',(-1.45088722258806,-8.4501,32.0606418728828));
#5965=CARTESIAN_POINT('Ctrl Pts',(-1.51305840066774,-8.4501,32.064463292621));
#5966=CARTESIAN_POINT('Ctrl Pts',(-1.63223758077136,-8.4501,32.0717887718107));
#5967=CARTESIAN_POINT('Ctrl Pts',(-1.72966102709535,-8.4501,32.1403815554848));
#5968=CARTESIAN_POINT('Ctrl Pts',(-1.77626242190599,-8.4501,32.1731921315193));
#5969=CARTESIAN_POINT('',(-1.45088722258806,-8.45,32.0606418728828));
#5970=CARTESIAN_POINT('Ctrl Pts',(-1.15313818007707,-8.45,32.1384044766426));
#5971=CARTESIAN_POINT('Ctrl Pts',(-1.15313818007707,-8.4501,32.1384044766426));
#5972=CARTESIAN_POINT('Ctrl Pts',(-1.19840650663032,-8.45,32.1157307018195));
#5973=CARTESIAN_POINT('Ctrl Pts',(-1.19840650663032,-8.4501,32.1157307018195));
#5974=CARTESIAN_POINT('Ctrl Pts',(-1.29206902868037,-8.45,32.0688174824445));
#5975=CARTESIAN_POINT('Ctrl Pts',(-1.29206902868037,-8.4501,32.0688174824445));
#5976=CARTESIAN_POINT('Ctrl Pts',(-1.39678292638058,-8.45,32.0634270424564));
#5977=CARTESIAN_POINT('Ctrl Pts',(-1.39678292638058,-8.4501,32.0634270424564));
#5978=CARTESIAN_POINT('Ctrl Pts',(-1.45088722258806,-8.45,32.0606418728828));
#5979=CARTESIAN_POINT('Ctrl Pts',(-1.45088722258806,-8.4501,32.0606418728828));
#5980=CARTESIAN_POINT('',(-1.15313818007707,-8.45,32.1384044766426));
#5981=CARTESIAN_POINT('Ctrl Pts',(-1.45088722258806,-8.45,32.0606418728828));
#5982=CARTESIAN_POINT('Ctrl Pts',(-1.39678292638058,-8.45,32.0634270424564));
#5983=CARTESIAN_POINT('Ctrl Pts',(-1.29206902868037,-8.45,32.0688174824445));
#5984=CARTESIAN_POINT('Ctrl Pts',(-1.19840650663032,-8.45,32.1157307018195));
#5985=CARTESIAN_POINT('Ctrl Pts',(-1.15313818007707,-8.45,32.1384044766426));
#5986=CARTESIAN_POINT('',(-1.15313818007707,-8.4501,32.1384044766426));
#5987=CARTESIAN_POINT('Ctrl Pts',(-1.15313818007707,-8.4501,32.1384044766426));
#5988=CARTESIAN_POINT('Ctrl Pts',(-1.19840650663032,-8.4501,32.1157307018195));
#5989=CARTESIAN_POINT('Ctrl Pts',(-1.29206902868037,-8.4501,32.0688174824445));
#5990=CARTESIAN_POINT('Ctrl Pts',(-1.39678292638058,-8.4501,32.0634270424564));
#5991=CARTESIAN_POINT('Ctrl Pts',(-1.45088722258806,-8.4501,32.0606418728828));
#5992=CARTESIAN_POINT('',(-1.15313818007707,-8.45,32.1384044766426));
#5993=CARTESIAN_POINT('Ctrl Pts',(-0.943383474647994,-8.45,32.3461123585701));
#5994=CARTESIAN_POINT('Ctrl Pts',(-0.943383474647994,-8.4501,32.3461123585701));
#5995=CARTESIAN_POINT('Ctrl Pts',(-0.972442776945198,-8.45,32.3050597508236));
#5996=CARTESIAN_POINT('Ctrl Pts',(-0.972442776945198,-8.4501,32.3050597508236));
#5997=CARTESIAN_POINT('Ctrl Pts',(-1.03017584538559,-8.45,32.2234991893055));
#5998=CARTESIAN_POINT('Ctrl Pts',(-1.03017584538559,-8.4501,32.2234991893055));
#5999=CARTESIAN_POINT('Ctrl Pts',(-1.11233361587384,-8.45,32.1666428203185));
#6000=CARTESIAN_POINT('Ctrl Pts',(-1.11233361587384,-8.4501,32.1666428203185));
#6001=CARTESIAN_POINT('Ctrl Pts',(-1.15313818007707,-8.45,32.1384044766426));
#6002=CARTESIAN_POINT('Ctrl Pts',(-1.15313818007707,-8.4501,32.1384044766426));
#6003=CARTESIAN_POINT('',(-0.943383474647994,-8.45,32.3461123585701));
#6004=CARTESIAN_POINT('Ctrl Pts',(-1.15313818007707,-8.45,32.1384044766426));
#6005=CARTESIAN_POINT('Ctrl Pts',(-1.11233361587384,-8.45,32.1666428203185));
#6006=CARTESIAN_POINT('Ctrl Pts',(-1.03017584538559,-8.45,32.2234991893055));
#6007=CARTESIAN_POINT('Ctrl Pts',(-0.972442776945198,-8.45,32.3050597508236));
#6008=CARTESIAN_POINT('Ctrl Pts',(-0.943383474647994,-8.45,32.3461123585701));
#6009=CARTESIAN_POINT('',(-0.943383474647994,-8.4501,32.3461123585701));
#6010=CARTESIAN_POINT('Ctrl Pts',(-0.943383474647994,-8.4501,32.3461123585701));
#6011=CARTESIAN_POINT('Ctrl Pts',(-0.972442776945198,-8.4501,32.3050597508236));
#6012=CARTESIAN_POINT('Ctrl Pts',(-1.03017584538559,-8.4501,32.2234991893055));
#6013=CARTESIAN_POINT('Ctrl Pts',(-1.11233361587384,-8.4501,32.1666428203185));
#6014=CARTESIAN_POINT('Ctrl Pts',(-1.15313818007707,-8.4501,32.1384044766426));
#6015=CARTESIAN_POINT('',(-0.943383474647994,-8.45,32.3461123585701));
#6016=CARTESIAN_POINT('Ctrl Pts',(-0.806276102364059,-8.45,32.6970668911934));
#6017=CARTESIAN_POINT('Ctrl Pts',(-0.806276102364059,-8.4501,32.6970668911934));
#6018=CARTESIAN_POINT('Ctrl Pts',(-0.824176275360885,-8.45,32.6298931299902));
#6019=CARTESIAN_POINT('Ctrl Pts',(-0.824176275360885,-8.4501,32.6298931299902));
#6020=CARTESIAN_POINT('Ctrl Pts',(-0.856747979705734,-8.45,32.5076616917784));
#6021=CARTESIAN_POINT('Ctrl Pts',(-0.856747979705734,-8.4501,32.5076616917784));
#6022=CARTESIAN_POINT('Ctrl Pts',(-0.916478556700375,-8.45,32.3962819981313));
#6023=CARTESIAN_POINT('Ctrl Pts',(-0.916478556700375,-8.4501,32.3962819981313));
#6024=CARTESIAN_POINT('Ctrl Pts',(-0.943383474647994,-8.45,32.3461123585701));
#6025=CARTESIAN_POINT('Ctrl Pts',(-0.943383474647994,-8.4501,32.3461123585701));
#6026=CARTESIAN_POINT('',(-0.806276102364059,-8.45,32.6970668911934));
#6027=CARTESIAN_POINT('Ctrl Pts',(-0.943383474647994,-8.45,32.3461123585701));
#6028=CARTESIAN_POINT('Ctrl Pts',(-0.916478556700375,-8.45,32.3962819981313));
#6029=CARTESIAN_POINT('Ctrl Pts',(-0.856747979705734,-8.45,32.5076616917784));
#6030=CARTESIAN_POINT('Ctrl Pts',(-0.824176275360885,-8.45,32.6298931299902));
#6031=CARTESIAN_POINT('Ctrl Pts',(-0.806276102364059,-8.45,32.6970668911934));
#6032=CARTESIAN_POINT('',(-0.806276102364059,-8.4501,32.6970668911934));
#6033=CARTESIAN_POINT('Ctrl Pts',(-0.806276102364059,-8.4501,32.6970668911934));
#6034=CARTESIAN_POINT('Ctrl Pts',(-0.824176275360885,-8.4501,32.6298931299902));
#6035=CARTESIAN_POINT('Ctrl Pts',(-0.856747979705734,-8.4501,32.5076616917784));
#6036=CARTESIAN_POINT('Ctrl Pts',(-0.916478556700375,-8.4501,32.3962819981313));
#6037=CARTESIAN_POINT('Ctrl Pts',(-0.943383474647994,-8.4501,32.3461123585701));
#6038=CARTESIAN_POINT('',(-0.806276102364059,-8.45,32.6970668911934));
#6039=CARTESIAN_POINT('Ctrl Pts',(-0.751023192703719,-8.45,33.147271502018));
#6040=CARTESIAN_POINT('Ctrl Pts',(-0.751023192703719,-8.4501,33.147271502018));
#6041=CARTESIAN_POINT('Ctrl Pts',(-0.753311347907876,-8.45,33.0712708266088));
#6042=CARTESIAN_POINT('Ctrl Pts',(-0.753311347907876,-8.4501,33.0712708266088));
#6043=CARTESIAN_POINT('Ctrl Pts',(-0.757880666236714,-8.45,32.919501716489));
#6044=CARTESIAN_POINT('Ctrl Pts',(-0.757880666236714,-8.4501,32.919501716489));
#6045=CARTESIAN_POINT('Ctrl Pts',(-0.790160755574849,-8.45,32.7711361554563));
#6046=CARTESIAN_POINT('Ctrl Pts',(-0.790160755574849,-8.4501,32.7711361554563));
#6047=CARTESIAN_POINT('Ctrl Pts',(-0.806276102364059,-8.45,32.6970668911934));
#6048=CARTESIAN_POINT('Ctrl Pts',(-0.806276102364059,-8.4501,32.6970668911934));
#6049=CARTESIAN_POINT('',(-0.751023192703719,-8.45,33.147271502018));
#6050=CARTESIAN_POINT('Ctrl Pts',(-0.806276102364059,-8.45,32.6970668911934));
#6051=CARTESIAN_POINT('Ctrl Pts',(-0.790160755574849,-8.45,32.7711361554563));
#6052=CARTESIAN_POINT('Ctrl Pts',(-0.757880666236714,-8.45,32.919501716489));
#6053=CARTESIAN_POINT('Ctrl Pts',(-0.753311347907876,-8.45,33.0712708266088));
#6054=CARTESIAN_POINT('Ctrl Pts',(-0.751023192703719,-8.45,33.147271502018));
#6055=CARTESIAN_POINT('',(-0.751023192703719,-8.4501,33.147271502018));
#6056=CARTESIAN_POINT('Ctrl Pts',(-0.751023192703719,-8.4501,33.147271502018));
#6057=CARTESIAN_POINT('Ctrl Pts',(-0.753311347907876,-8.4501,33.0712708266088));
#6058=CARTESIAN_POINT('Ctrl Pts',(-0.757880666236714,-8.4501,32.919501716489));
#6059=CARTESIAN_POINT('Ctrl Pts',(-0.790160755574849,-8.4501,32.7711361554563));
#6060=CARTESIAN_POINT('Ctrl Pts',(-0.806276102364059,-8.4501,32.6970668911934));
#6061=CARTESIAN_POINT('',(-0.751023192703719,-8.45,33.147271502018));
#6062=CARTESIAN_POINT('Ctrl Pts',(-0.753069420158858,-8.45,33.2209416508675));
#6063=CARTESIAN_POINT('Ctrl Pts',(-0.753069420158858,-8.4501,33.2209416508675));
#6064=CARTESIAN_POINT('Ctrl Pts',(-0.752478220515491,-8.45,33.206619149445));
#6065=CARTESIAN_POINT('Ctrl Pts',(-0.752478220515491,-8.4501,33.206619149445));
#6066=CARTESIAN_POINT('Ctrl Pts',(-0.751464934212656,-8.45,33.1820711060275));
#6067=CARTESIAN_POINT('Ctrl Pts',(-0.751464934212656,-8.4501,33.1820711060275));
#6068=CARTESIAN_POINT('Ctrl Pts',(-0.75115309148456,-8.45,33.1575046950576));
#6069=CARTESIAN_POINT('Ctrl Pts',(-0.75115309148456,-8.4501,33.1575046950576));
#6070=CARTESIAN_POINT('Ctrl Pts',(-0.751023192703719,-8.45,33.147271502018));
#6071=CARTESIAN_POINT('Ctrl Pts',(-0.751023192703719,-8.4501,33.147271502018));
#6072=CARTESIAN_POINT('',(-0.753069420158858,-8.45,33.2209416508675));
#6073=CARTESIAN_POINT('Ctrl Pts',(-0.751023192703719,-8.45,33.147271502018));
#6074=CARTESIAN_POINT('Ctrl Pts',(-0.75115309148456,-8.45,33.1575046950576));
#6075=CARTESIAN_POINT('Ctrl Pts',(-0.751464934212656,-8.45,33.1820711060275));
#6076=CARTESIAN_POINT('Ctrl Pts',(-0.752478220515491,-8.45,33.206619149445));
#6077=CARTESIAN_POINT('Ctrl Pts',(-0.753069420158858,-8.45,33.2209416508675));
#6078=CARTESIAN_POINT('',(-0.753069420158858,-8.4501,33.2209416508675));
#6079=CARTESIAN_POINT('Ctrl Pts',(-0.753069420158858,-8.4501,33.2209416508675));
#6080=CARTESIAN_POINT('Ctrl Pts',(-0.752478220515491,-8.4501,33.206619149445));
#6081=CARTESIAN_POINT('Ctrl Pts',(-0.751464934212656,-8.4501,33.1820711060275));
#6082=CARTESIAN_POINT('Ctrl Pts',(-0.75115309148456,-8.4501,33.1575046950576));
#6083=CARTESIAN_POINT('Ctrl Pts',(-0.751023192703719,-8.4501,33.147271502018));
#6084=CARTESIAN_POINT('',(-0.753069420158858,-8.45,33.2209416508675));
#6085=CARTESIAN_POINT('Ctrl Pts',(-1.05491151362657,-8.45,32.9354711651802));
#6086=CARTESIAN_POINT('Ctrl Pts',(-1.05491151362657,-8.4501,32.9354711651802));
#6087=CARTESIAN_POINT('Ctrl Pts',(-0.994795581867304,-8.45,32.9742703419498));
#6088=CARTESIAN_POINT('Ctrl Pts',(-0.994795581867304,-8.4501,32.9742703419498));
#6089=CARTESIAN_POINT('Ctrl Pts',(-0.876391265517842,-8.45,33.0506891857718));
#6090=CARTESIAN_POINT('Ctrl Pts',(-0.876391265517842,-8.4501,33.0506891857718));
#6091=CARTESIAN_POINT('Ctrl Pts',(-0.793751525941551,-8.45,33.1647778075952));
#6092=CARTESIAN_POINT('Ctrl Pts',(-0.793751525941551,-8.4501,33.1647778075952));
#6093=CARTESIAN_POINT('Ctrl Pts',(-0.753069420158858,-8.45,33.2209416508675));
#6094=CARTESIAN_POINT('Ctrl Pts',(-0.753069420158858,-8.4501,33.2209416508675));
#6095=CARTESIAN_POINT('',(-1.05491151362657,-8.45,32.9354711651802));
#6096=CARTESIAN_POINT('Ctrl Pts',(-0.753069420158858,-8.45,33.2209416508675));
#6097=CARTESIAN_POINT('Ctrl Pts',(-0.793751525941551,-8.45,33.1647778075952));
#6098=CARTESIAN_POINT('Ctrl Pts',(-0.876391265517842,-8.45,33.0506891857718));
#6099=CARTESIAN_POINT('Ctrl Pts',(-0.994795581867304,-8.45,32.9742703419498));
#6100=CARTESIAN_POINT('Ctrl Pts',(-1.05491151362657,-8.45,32.9354711651802));
#6101=CARTESIAN_POINT('',(-1.05491151362657,-8.4501,32.9354711651802));
#6102=CARTESIAN_POINT('Ctrl Pts',(-1.05491151362657,-8.4501,32.9354711651802));
#6103=CARTESIAN_POINT('Ctrl Pts',(-0.994795581867304,-8.4501,32.9742703419498));
#6104=CARTESIAN_POINT('Ctrl Pts',(-0.876391265517842,-8.4501,33.0506891857718));
#6105=CARTESIAN_POINT('Ctrl Pts',(-0.793751525941551,-8.4501,33.1647778075952));
#6106=CARTESIAN_POINT('Ctrl Pts',(-0.753069420158858,-8.4501,33.2209416508675));
#6107=CARTESIAN_POINT('',(-1.05491151362657,-8.45,32.9354711651802));
#6108=CARTESIAN_POINT('Ctrl Pts',(-1.46930446177721,-8.45,32.8259893536568));
#6109=CARTESIAN_POINT('Ctrl Pts',(-1.46930446177721,-8.4501,32.8259893536568));
#6110=CARTESIAN_POINT('Ctrl Pts',(-1.39637346636915,-8.45,32.8304943238033));
#6111=CARTESIAN_POINT('Ctrl Pts',(-1.39637346636915,-8.4501,32.8304943238033));
#6112=CARTESIAN_POINT('Ctrl Pts',(-1.25096179813376,-8.45,32.8394764475313));
#6113=CARTESIAN_POINT('Ctrl Pts',(-1.25096179813376,-8.4501,32.8394764475313));
#6114=CARTESIAN_POINT('Ctrl Pts',(-1.12012654807784,-8.45,32.9035390573827));
#6115=CARTESIAN_POINT('Ctrl Pts',(-1.12012654807784,-8.4501,32.9035390573827));
#6116=CARTESIAN_POINT('Ctrl Pts',(-1.05491151362657,-8.45,32.9354711651802));
#6117=CARTESIAN_POINT('Ctrl Pts',(-1.05491151362657,-8.4501,32.9354711651802));
#6118=CARTESIAN_POINT('',(-1.46930446177721,-8.45,32.8259893536568));
#6119=CARTESIAN_POINT('Ctrl Pts',(-1.05491151362657,-8.45,32.9354711651802));
#6120=CARTESIAN_POINT('Ctrl Pts',(-1.12012654807784,-8.45,32.9035390573827));
#6121=CARTESIAN_POINT('Ctrl Pts',(-1.25096179813376,-8.45,32.8394764475313));
#6122=CARTESIAN_POINT('Ctrl Pts',(-1.39637346636915,-8.45,32.8304943238033));
#6123=CARTESIAN_POINT('Ctrl Pts',(-1.46930446177721,-8.45,32.8259893536568));
#6124=CARTESIAN_POINT('',(-1.46930446177721,-8.4501,32.8259893536568));
#6125=CARTESIAN_POINT('Ctrl Pts',(-1.46930446177721,-8.4501,32.8259893536568));
#6126=CARTESIAN_POINT('Ctrl Pts',(-1.39637346636915,-8.4501,32.8304943238033));
#6127=CARTESIAN_POINT('Ctrl Pts',(-1.25096179813376,-8.4501,32.8394764475313));
#6128=CARTESIAN_POINT('Ctrl Pts',(-1.12012654807784,-8.4501,32.9035390573827));
#6129=CARTESIAN_POINT('Ctrl Pts',(-1.05491151362657,-8.4501,32.9354711651802));
#6130=CARTESIAN_POINT('',(-1.46930446177721,-8.45,32.8259893536568));
#6131=CARTESIAN_POINT('Ctrl Pts',(-2.09959079772233,-8.45,33.0961116433144));
#6132=CARTESIAN_POINT('Ctrl Pts',(-2.09959079772233,-8.4501,33.0961116433144));
#6133=CARTESIAN_POINT('Ctrl Pts',(-2.00891427484595,-8.45,33.0173261372252));
#6134=CARTESIAN_POINT('Ctrl Pts',(-2.00891427484595,-8.4501,33.0173261372252));
#6135=CARTESIAN_POINT('Ctrl Pts',(-1.82769698133125,-8.45,32.8598730751891));
#6136=CARTESIAN_POINT('Ctrl Pts',(-1.82769698133125,-8.4501,32.8598730751891));
#6137=CARTESIAN_POINT('Ctrl Pts',(-1.58870895861363,-8.45,32.8372782854837));
#6138=CARTESIAN_POINT('Ctrl Pts',(-1.58870895861363,-8.4501,32.8372782854837));
#6139=CARTESIAN_POINT('Ctrl Pts',(-1.46930446177721,-8.45,32.8259893536568));
#6140=CARTESIAN_POINT('Ctrl Pts',(-1.46930446177721,-8.4501,32.8259893536568));
#6141=CARTESIAN_POINT('',(-2.09959079772233,-8.45,33.0961116433144));
#6142=CARTESIAN_POINT('Ctrl Pts',(-1.46930446177721,-8.45,32.8259893536568));
#6143=CARTESIAN_POINT('Ctrl Pts',(-1.58870895861363,-8.45,32.8372782854837));
#6144=CARTESIAN_POINT('Ctrl Pts',(-1.82769698133125,-8.45,32.8598730751891));
#6145=CARTESIAN_POINT('Ctrl Pts',(-2.00891427484595,-8.45,33.0173261372252));
#6146=CARTESIAN_POINT('Ctrl Pts',(-2.09959079772233,-8.45,33.0961116433144));
#6147=CARTESIAN_POINT('',(-2.09959079772233,-8.4501,33.0961116433144));
#6148=CARTESIAN_POINT('Ctrl Pts',(-2.09959079772233,-8.4501,33.0961116433144));
#6149=CARTESIAN_POINT('Ctrl Pts',(-2.00891427484595,-8.4501,33.0173261372252));
#6150=CARTESIAN_POINT('Ctrl Pts',(-1.82769698133125,-8.4501,32.8598730751891));
#6151=CARTESIAN_POINT('Ctrl Pts',(-1.58870895861363,-8.4501,32.8372782854837));
#6152=CARTESIAN_POINT('Ctrl Pts',(-1.46930446177721,-8.4501,32.8259893536568));
#6153=CARTESIAN_POINT('',(-2.09959079772233,-8.45,33.0961116433144));
#6154=CARTESIAN_POINT('Ctrl Pts',(-2.35743572264909,-8.45,33.808253633976));
#6155=CARTESIAN_POINT('Ctrl Pts',(-2.35743572264909,-8.4501,33.808253633976));
#6156=CARTESIAN_POINT('Ctrl Pts',(-2.34885619846127,-8.45,33.670428479627));
#6157=CARTESIAN_POINT('Ctrl Pts',(-2.34885619846127,-8.4501,33.670428479627));
#6158=CARTESIAN_POINT('Ctrl Pts',(-2.33246578108136,-8.45,33.4071257887347));
#6159=CARTESIAN_POINT('Ctrl Pts',(-2.33246578108136,-8.4501,33.4071257887347));
#6160=CARTESIAN_POINT('Ctrl Pts',(-2.17475043078083,-8.45,33.1964904332927));
#6161=CARTESIAN_POINT('Ctrl Pts',(-2.17475043078083,-8.4501,33.1964904332927));
#6162=CARTESIAN_POINT('Ctrl Pts',(-2.09959079772233,-8.45,33.0961116433144));
#6163=CARTESIAN_POINT('Ctrl Pts',(-2.09959079772233,-8.4501,33.0961116433144));
#6164=CARTESIAN_POINT('',(-2.35743572264909,-8.45,33.808253633976));
#6165=CARTESIAN_POINT('Ctrl Pts',(-2.09959079772233,-8.45,33.0961116433144));
#6166=CARTESIAN_POINT('Ctrl Pts',(-2.17475043078083,-8.45,33.1964904332927));
#6167=CARTESIAN_POINT('Ctrl Pts',(-2.33246578108136,-8.45,33.4071257887347));
#6168=CARTESIAN_POINT('Ctrl Pts',(-2.34885619846127,-8.45,33.670428479627));
#6169=CARTESIAN_POINT('Ctrl Pts',(-2.35743572264909,-8.45,33.808253633976));
#6170=CARTESIAN_POINT('',(-2.35743572264909,-8.4501,33.808253633976));
#6171=CARTESIAN_POINT('Ctrl Pts',(-2.35743572264909,-8.4501,33.808253633976));
#6172=CARTESIAN_POINT('Ctrl Pts',(-2.34885619846127,-8.4501,33.670428479627));
#6173=CARTESIAN_POINT('Ctrl Pts',(-2.33246578108136,-8.4501,33.4071257887347));
#6174=CARTESIAN_POINT('Ctrl Pts',(-2.17475043078083,-8.4501,33.1964904332927));
#6175=CARTESIAN_POINT('Ctrl Pts',(-2.09959079772233,-8.4501,33.0961116433144));
#6176=CARTESIAN_POINT('',(-2.35743572264909,-8.45,33.808253633976));
#6177=CARTESIAN_POINT('Ctrl Pts',(-2.0883356526494,-8.45,34.5429059147835));
#6178=CARTESIAN_POINT('Ctrl Pts',(-2.0883356526494,-8.4501,34.5429059147835));
#6179=CARTESIAN_POINT('Ctrl Pts',(-2.16677804648713,-8.45,34.4395081640372));
#6180=CARTESIAN_POINT('Ctrl Pts',(-2.16677804648713,-8.4501,34.4395081640372));
#6181=CARTESIAN_POINT('Ctrl Pts',(-2.33119974035245,-8.45,34.2227779944463));
#6182=CARTESIAN_POINT('Ctrl Pts',(-2.33119974035245,-8.4501,34.2227779944463));
#6183=CARTESIAN_POINT('Ctrl Pts',(-2.34842716657936,-8.45,33.9505873915363));
#6184=CARTESIAN_POINT('Ctrl Pts',(-2.34842716657936,-8.4501,33.9505873915363));
#6185=CARTESIAN_POINT('Ctrl Pts',(-2.35743572264909,-8.45,33.808253633976));
#6186=CARTESIAN_POINT('Ctrl Pts',(-2.35743572264909,-8.4501,33.808253633976));
#6187=CARTESIAN_POINT('',(-2.0883356526494,-8.45,34.5429059147835));
#6188=CARTESIAN_POINT('Ctrl Pts',(-2.35743572264909,-8.45,33.808253633976));
#6189=CARTESIAN_POINT('Ctrl Pts',(-2.34842716657936,-8.45,33.9505873915363));
#6190=CARTESIAN_POINT('Ctrl Pts',(-2.33119974035245,-8.45,34.2227779944463));
#6191=CARTESIAN_POINT('Ctrl Pts',(-2.16677804648713,-8.45,34.4395081640372));
#6192=CARTESIAN_POINT('Ctrl Pts',(-2.0883356526494,-8.45,34.5429059147835));
#6193=CARTESIAN_POINT('',(-2.0883356526494,-8.4501,34.5429059147835));
#6194=CARTESIAN_POINT('Ctrl Pts',(-2.0883356526494,-8.4501,34.5429059147835));
#6195=CARTESIAN_POINT('Ctrl Pts',(-2.16677804648713,-8.4501,34.4395081640372));
#6196=CARTESIAN_POINT('Ctrl Pts',(-2.33119974035245,-8.4501,34.2227779944463));
#6197=CARTESIAN_POINT('Ctrl Pts',(-2.34842716657936,-8.4501,33.9505873915363));
#6198=CARTESIAN_POINT('Ctrl Pts',(-2.35743572264909,-8.4501,33.808253633976));
#6199=CARTESIAN_POINT('',(-2.0883356526494,-8.45,34.5429059147835));
#6200=CARTESIAN_POINT('Ctrl Pts',(-1.41405214816331,-8.45,34.8212143063545));
#6201=CARTESIAN_POINT('Ctrl Pts',(-1.41405214816331,-8.4501,34.8212143063545));
#6202=CARTESIAN_POINT('Ctrl Pts',(-1.54284943486825,-8.45,34.8102261588764));
#6203=CARTESIAN_POINT('Ctrl Pts',(-1.54284943486825,-8.4501,34.8102261588764));
#6204=CARTESIAN_POINT('Ctrl Pts',(-1.79717250659362,-8.45,34.7885289671833));
#6205=CARTESIAN_POINT('Ctrl Pts',(-1.79717250659362,-8.4501,34.7885289671833));
#6206=CARTESIAN_POINT('Ctrl Pts',(-1.99211716514154,-8.45,34.6240751112258));
#6207=CARTESIAN_POINT('Ctrl Pts',(-1.99211716514154,-8.4501,34.6240751112258));
#6208=CARTESIAN_POINT('Ctrl Pts',(-2.0883356526494,-8.45,34.5429059147835));
#6209=CARTESIAN_POINT('Ctrl Pts',(-2.0883356526494,-8.4501,34.5429059147835));
#6210=CARTESIAN_POINT('',(-1.41405214816331,-8.45,34.8212143063545));
#6211=CARTESIAN_POINT('Ctrl Pts',(-2.0883356526494,-8.45,34.5429059147835));
#6212=CARTESIAN_POINT('Ctrl Pts',(-1.99211716514154,-8.45,34.6240751112258));
#6213=CARTESIAN_POINT('Ctrl Pts',(-1.79717250659362,-8.45,34.7885289671833));
#6214=CARTESIAN_POINT('Ctrl Pts',(-1.54284943486825,-8.45,34.8102261588764));
#6215=CARTESIAN_POINT('Ctrl Pts',(-1.41405214816331,-8.45,34.8212143063545));
#6216=CARTESIAN_POINT('',(-1.41405214816331,-8.4501,34.8212143063545));
#6217=CARTESIAN_POINT('Ctrl Pts',(-1.41405214816331,-8.4501,34.8212143063545));
#6218=CARTESIAN_POINT('Ctrl Pts',(-1.54284943486825,-8.4501,34.8102261588764));
#6219=CARTESIAN_POINT('Ctrl Pts',(-1.79717250659362,-8.4501,34.7885289671833));
#6220=CARTESIAN_POINT('Ctrl Pts',(-1.99211716514154,-8.4501,34.6240751112258));
#6221=CARTESIAN_POINT('Ctrl Pts',(-2.0883356526494,-8.4501,34.5429059147835));
#6222=CARTESIAN_POINT('',(-1.41405214816331,-8.45,34.8212143063545));
#6223=CARTESIAN_POINT('Ctrl Pts',(-0.878922243416305,-8.45,34.6636434674263));
#6224=CARTESIAN_POINT('Ctrl Pts',(-0.878922243416305,-8.4501,34.6636434674263));
#6225=CARTESIAN_POINT('Ctrl Pts',(-0.96199586524093,-8.45,34.7096014991126));
#6226=CARTESIAN_POINT('Ctrl Pts',(-0.96199586524093,-8.4501,34.7096014991126));
#6227=CARTESIAN_POINT('Ctrl Pts',(-1.12866769066324,-8.45,34.801807771883));
#6228=CARTESIAN_POINT('Ctrl Pts',(-1.12866769066324,-8.4501,34.801807771883));
#6229=CARTESIAN_POINT('Ctrl Pts',(-1.31872460105299,-8.45,34.8147319024237));
#6230=CARTESIAN_POINT('Ctrl Pts',(-1.31872460105299,-8.4501,34.8147319024237));
#6231=CARTESIAN_POINT('Ctrl Pts',(-1.41405214816331,-8.45,34.8212143063545));
#6232=CARTESIAN_POINT('Ctrl Pts',(-1.41405214816331,-8.4501,34.8212143063545));
#6233=CARTESIAN_POINT('',(-0.878922243416305,-8.45,34.6636434674263));
#6234=CARTESIAN_POINT('Ctrl Pts',(-1.41405214816331,-8.45,34.8212143063545));
#6235=CARTESIAN_POINT('Ctrl Pts',(-1.31872460105299,-8.45,34.8147319024237));
#6236=CARTESIAN_POINT('Ctrl Pts',(-1.12866769066324,-8.45,34.801807771883));
#6237=CARTESIAN_POINT('Ctrl Pts',(-0.96199586524093,-8.45,34.7096014991126));
#6238=CARTESIAN_POINT('Ctrl Pts',(-0.878922243416305,-8.45,34.6636434674263));
#6239=CARTESIAN_POINT('',(-0.878922243416305,-8.4501,34.6636434674263));
#6240=CARTESIAN_POINT('Ctrl Pts',(-0.878922243416305,-8.4501,34.6636434674263));
#6241=CARTESIAN_POINT('Ctrl Pts',(-0.96199586524093,-8.4501,34.7096014991126));
#6242=CARTESIAN_POINT('Ctrl Pts',(-1.12866769066324,-8.4501,34.801807771883));
#6243=CARTESIAN_POINT('Ctrl Pts',(-1.31872460105299,-8.4501,34.8147319024237));
#6244=CARTESIAN_POINT('Ctrl Pts',(-1.41405214816331,-8.4501,34.8212143063545));
#6245=CARTESIAN_POINT('',(-0.878922243416305,-8.45,34.6636434674263));
#6246=CARTESIAN_POINT('Ctrl Pts',(-0.510573287308211,-8.45,34.2144616723061));
#6247=CARTESIAN_POINT('Ctrl Pts',(-0.510573287308211,-8.4501,34.2144616723061));
#6248=CARTESIAN_POINT('Ctrl Pts',(-0.556329389008264,-8.45,34.3053831151615));
#6249=CARTESIAN_POINT('Ctrl Pts',(-0.556329389008264,-8.4501,34.3053831151615));
#6250=CARTESIAN_POINT('Ctrl Pts',(-0.645611427878183,-8.45,34.4827944656375));
#6251=CARTESIAN_POINT('Ctrl Pts',(-0.645611427878183,-8.4501,34.4827944656375));
#6252=CARTESIAN_POINT('Ctrl Pts',(-0.802457921009042,-8.45,34.6043727630317));
#6253=CARTESIAN_POINT('Ctrl Pts',(-0.802457921009042,-8.4501,34.6043727630317));
#6254=CARTESIAN_POINT('Ctrl Pts',(-0.878922243416305,-8.45,34.6636434674263));
#6255=CARTESIAN_POINT('Ctrl Pts',(-0.878922243416305,-8.4501,34.6636434674263));
#6256=CARTESIAN_POINT('',(-0.510573287308211,-8.45,34.2144616723061));
#6257=CARTESIAN_POINT('Ctrl Pts',(-0.878922243416305,-8.45,34.6636434674263));
#6258=CARTESIAN_POINT('Ctrl Pts',(-0.802457921009042,-8.45,34.6043727630317));
#6259=CARTESIAN_POINT('Ctrl Pts',(-0.645611427878183,-8.45,34.4827944656375));
#6260=CARTESIAN_POINT('Ctrl Pts',(-0.556329389008264,-8.45,34.3053831151615));
#6261=CARTESIAN_POINT('Ctrl Pts',(-0.510573287308211,-8.45,34.2144616723061));
#6262=CARTESIAN_POINT('',(-0.510573287308211,-8.4501,34.2144616723061));
#6263=CARTESIAN_POINT('Ctrl Pts',(-0.510573287308211,-8.4501,34.2144616723061));
#6264=CARTESIAN_POINT('Ctrl Pts',(-0.556329389008264,-8.4501,34.3053831151615));
#6265=CARTESIAN_POINT('Ctrl Pts',(-0.645611427878183,-8.4501,34.4827944656375));
#6266=CARTESIAN_POINT('Ctrl Pts',(-0.802457921009042,-8.4501,34.6043727630317));
#6267=CARTESIAN_POINT('Ctrl Pts',(-0.878922243416305,-8.4501,34.6636434674263));
#6268=CARTESIAN_POINT('',(-0.510573287308211,-8.45,34.2144616723061));
#6269=CARTESIAN_POINT('Ctrl Pts',(-0.384720464050765,-8.45,33.3703275799751));
#6270=CARTESIAN_POINT('Ctrl Pts',(-0.384720464050765,-8.4501,33.3703275799751));
#6271=CARTESIAN_POINT('Ctrl Pts',(-0.386341904932672,-8.45,33.5342041715829));
#6272=CARTESIAN_POINT('Ctrl Pts',(-0.386341904932672,-8.4501,33.5342041715829));
#6273=CARTESIAN_POINT('Ctrl Pts',(-0.389188986174573,-8.45,33.8219543912547));
#6274=CARTESIAN_POINT('Ctrl Pts',(-0.389188986174573,-8.4501,33.8219543912547));
#6275=CARTESIAN_POINT('Ctrl Pts',(-0.47404402921456,-8.45,34.096340962797));
#6276=CARTESIAN_POINT('Ctrl Pts',(-0.47404402921456,-8.4501,34.096340962797));
#6277=CARTESIAN_POINT('Ctrl Pts',(-0.510573287308211,-8.45,34.2144616723061));
#6278=CARTESIAN_POINT('Ctrl Pts',(-0.510573287308211,-8.4501,34.2144616723061));
#6279=CARTESIAN_POINT('',(-0.384720464050765,-8.45,33.3703275799751));
#6280=CARTESIAN_POINT('Ctrl Pts',(-0.510573287308211,-8.45,34.2144616723061));
#6281=CARTESIAN_POINT('Ctrl Pts',(-0.47404402921456,-8.45,34.096340962797));
#6282=CARTESIAN_POINT('Ctrl Pts',(-0.389188986174573,-8.45,33.8219543912547));
#6283=CARTESIAN_POINT('Ctrl Pts',(-0.386341904932672,-8.45,33.5342041715829));
#6284=CARTESIAN_POINT('Ctrl Pts',(-0.384720464050765,-8.45,33.3703275799751));
#6285=CARTESIAN_POINT('',(-0.384720464050765,-8.4501,33.3703275799751));
#6286=CARTESIAN_POINT('Ctrl Pts',(-0.384720464050765,-8.4501,33.3703275799751));
#6287=CARTESIAN_POINT('Ctrl Pts',(-0.386341904932672,-8.4501,33.5342041715829));
#6288=CARTESIAN_POINT('Ctrl Pts',(-0.389188986174573,-8.4501,33.8219543912547));
#6289=CARTESIAN_POINT('Ctrl Pts',(-0.47404402921456,-8.4501,34.096340962797));
#6290=CARTESIAN_POINT('Ctrl Pts',(-0.510573287308211,-8.4501,34.2144616723061));
#6291=CARTESIAN_POINT('',(-0.384720464050765,-8.45,33.3703275799751));
#6292=CARTESIAN_POINT('Ctrl Pts',(-0.509549875557418,-8.45,32.4545701622963));
#6293=CARTESIAN_POINT('Ctrl Pts',(-0.509549875557418,-8.4501,32.4545701622963));
#6294=CARTESIAN_POINT('Ctrl Pts',(-0.473265937049078,-8.45,32.5869275084947));
#6295=CARTESIAN_POINT('Ctrl Pts',(-0.473265937049078,-8.4501,32.5869275084947));
#6296=CARTESIAN_POINT('Ctrl Pts',(-0.391208073558738,-8.45,32.8862599815611));
#6297=CARTESIAN_POINT('Ctrl Pts',(-0.391208073558738,-8.4501,32.8862599815611));
#6298=CARTESIAN_POINT('Ctrl Pts',(-0.387043543110202,-8.45,33.196992964221));
#6299=CARTESIAN_POINT('Ctrl Pts',(-0.387043543110202,-8.4501,33.196992964221));
#6300=CARTESIAN_POINT('Ctrl Pts',(-0.384720464050765,-8.45,33.3703275799751));
#6301=CARTESIAN_POINT('Ctrl Pts',(-0.384720464050765,-8.4501,33.3703275799751));
#6302=CARTESIAN_POINT('',(-0.509549875557418,-8.45,32.4545701622963));
#6303=CARTESIAN_POINT('Ctrl Pts',(-0.384720464050765,-8.45,33.3703275799751));
#6304=CARTESIAN_POINT('Ctrl Pts',(-0.387043543110202,-8.45,33.196992964221));
#6305=CARTESIAN_POINT('Ctrl Pts',(-0.391208073558738,-8.45,32.8862599815611));
#6306=CARTESIAN_POINT('Ctrl Pts',(-0.473265937049078,-8.45,32.5869275084947));
#6307=CARTESIAN_POINT('Ctrl Pts',(-0.509549875557418,-8.45,32.4545701622963));
#6308=CARTESIAN_POINT('',(-0.509549875557418,-8.4501,32.4545701622963));
#6309=CARTESIAN_POINT('Ctrl Pts',(-0.509549875557418,-8.4501,32.4545701622963));
#6310=CARTESIAN_POINT('Ctrl Pts',(-0.473265937049078,-8.4501,32.5869275084947));
#6311=CARTESIAN_POINT('Ctrl Pts',(-0.391208073558738,-8.4501,32.8862599815611));
#6312=CARTESIAN_POINT('Ctrl Pts',(-0.387043543110202,-8.4501,33.196992964221));
#6313=CARTESIAN_POINT('Ctrl Pts',(-0.384720464050765,-8.4501,33.3703275799751));
#6314=CARTESIAN_POINT('',(-0.509549875557418,-8.45,32.4545701622963));
#6315=CARTESIAN_POINT('Ctrl Pts',(-0.880969066917892,-8.45,31.9358118653297));
#6316=CARTESIAN_POINT('Ctrl Pts',(-0.880969066917892,-8.4501,31.9358118653297));
#6317=CARTESIAN_POINT('Ctrl Pts',(-0.802976729239877,-8.45,32.0043950039278));
#6318=CARTESIAN_POINT('Ctrl Pts',(-0.802976729239877,-8.4501,32.0043950039278));
#6319=CARTESIAN_POINT('Ctrl Pts',(-0.639294346606639,-8.45,32.1483303169138));
#6320=CARTESIAN_POINT('Ctrl Pts',(-0.639294346606639,-8.4501,32.1483303169138));
#6321=CARTESIAN_POINT('Ctrl Pts',(-0.554133030417052,-8.45,32.3493391775733));
#6322=CARTESIAN_POINT('Ctrl Pts',(-0.554133030417052,-8.4501,32.3493391775733));
#6323=CARTESIAN_POINT('Ctrl Pts',(-0.509549875557418,-8.45,32.4545701622963));
#6324=CARTESIAN_POINT('Ctrl Pts',(-0.509549875557418,-8.4501,32.4545701622963));
#6325=CARTESIAN_POINT('',(-0.880969066917892,-8.45,31.9358118653297));
#6326=CARTESIAN_POINT('Ctrl Pts',(-0.509549875557418,-8.45,32.4545701622963));
#6327=CARTESIAN_POINT('Ctrl Pts',(-0.554133030417052,-8.45,32.3493391775733));
#6328=CARTESIAN_POINT('Ctrl Pts',(-0.639294346606639,-8.45,32.1483303169138));
#6329=CARTESIAN_POINT('Ctrl Pts',(-0.802976729239877,-8.45,32.0043950039278));
#6330=CARTESIAN_POINT('Ctrl Pts',(-0.880969066917892,-8.45,31.9358118653297));
#6331=CARTESIAN_POINT('',(-0.880969066917892,-8.4501,31.9358118653297));
#6332=CARTESIAN_POINT('Ctrl Pts',(-0.880969066917892,-8.4501,31.9358118653297));
#6333=CARTESIAN_POINT('Ctrl Pts',(-0.802976729239877,-8.4501,32.0043950039278));
#6334=CARTESIAN_POINT('Ctrl Pts',(-0.639294346606639,-8.4501,32.1483303169138));
#6335=CARTESIAN_POINT('Ctrl Pts',(-0.554133030417052,-8.4501,32.3493391775733));
#6336=CARTESIAN_POINT('Ctrl Pts',(-0.509549875557418,-8.4501,32.4545701622963));
#6337=CARTESIAN_POINT('',(-0.880969066917892,-8.45,31.9358118653297));
#6338=CARTESIAN_POINT('Ctrl Pts',(-1.45907272845506,-8.45,31.7577763676643));
#6339=CARTESIAN_POINT('Ctrl Pts',(-1.45907272845506,-8.4501,31.7577763676643));
#6340=CARTESIAN_POINT('Ctrl Pts',(-1.35310782815263,-8.45,31.7644825923088));
#6341=CARTESIAN_POINT('Ctrl Pts',(-1.35310782815263,-8.4501,31.7644825923088));
#6342=CARTESIAN_POINT('Ctrl Pts',(-1.14597786309853,-8.45,31.7775912733181));
#6343=CARTESIAN_POINT('Ctrl Pts',(-1.14597786309853,-8.4501,31.7775912733181));
#6344=CARTESIAN_POINT('Ctrl Pts',(-0.967930027794446,-8.45,31.8838927784538));
#6345=CARTESIAN_POINT('Ctrl Pts',(-0.967930027794446,-8.4501,31.8838927784538));
#6346=CARTESIAN_POINT('Ctrl Pts',(-0.880969066917892,-8.45,31.9358118653297));
#6347=CARTESIAN_POINT('Ctrl Pts',(-0.880969066917892,-8.4501,31.9358118653297));
#6348=CARTESIAN_POINT('',(-1.45907272845506,-8.45,31.7577763676643));
#6349=CARTESIAN_POINT('Ctrl Pts',(-0.880969066917892,-8.45,31.9358118653297));
#6350=CARTESIAN_POINT('Ctrl Pts',(-0.967930027794446,-8.45,31.8838927784538));
#6351=CARTESIAN_POINT('Ctrl Pts',(-1.14597786309853,-8.45,31.7775912733181));
#6352=CARTESIAN_POINT('Ctrl Pts',(-1.35310782815263,-8.45,31.7644825923088));
#6353=CARTESIAN_POINT('Ctrl Pts',(-1.45907272845506,-8.45,31.7577763676643));
#6354=CARTESIAN_POINT('',(-1.45907272845506,-8.4501,31.7577763676643));
#6355=CARTESIAN_POINT('Ctrl Pts',(-1.45907272845506,-8.4501,31.7577763676643));
#6356=CARTESIAN_POINT('Ctrl Pts',(-1.35310782815263,-8.4501,31.7644825923088));
#6357=CARTESIAN_POINT('Ctrl Pts',(-1.14597786309853,-8.4501,31.7775912733181));
#6358=CARTESIAN_POINT('Ctrl Pts',(-0.967930027794446,-8.4501,31.8838927784538));
#6359=CARTESIAN_POINT('Ctrl Pts',(-0.880969066917892,-8.4501,31.9358118653297));
#6360=CARTESIAN_POINT('',(-1.45907272845506,-8.45,31.7577763676643));
#6361=CARTESIAN_POINT('Ctrl Pts',(-2.0341067507863,-8.45,31.953206884861));
#6362=CARTESIAN_POINT('Ctrl Pts',(-2.0341067507863,-8.4501,31.953206884861));
#6363=CARTESIAN_POINT('Ctrl Pts',(-1.95184673816552,-8.45,31.8962409350535));
#6364=CARTESIAN_POINT('Ctrl Pts',(-1.95184673816552,-8.4501,31.8962409350535));
#6365=CARTESIAN_POINT('Ctrl Pts',(-1.7791986621148,-8.45,31.7766802722073));
#6366=CARTESIAN_POINT('Ctrl Pts',(-1.7791986621148,-8.4501,31.7766802722073));
#6367=CARTESIAN_POINT('Ctrl Pts',(-1.5690787650945,-8.45,31.7642723850036));
#6368=CARTESIAN_POINT('Ctrl Pts',(-1.5690787650945,-8.4501,31.7642723850036));
#6369=CARTESIAN_POINT('Ctrl Pts',(-1.45907272845506,-8.45,31.7577763676643));
#6370=CARTESIAN_POINT('Ctrl Pts',(-1.45907272845506,-8.4501,31.7577763676643));
#6371=CARTESIAN_POINT('',(-2.0341067507863,-8.45,31.953206884861));
#6372=CARTESIAN_POINT('Ctrl Pts',(-1.45907272845506,-8.45,31.7577763676643));
#6373=CARTESIAN_POINT('Ctrl Pts',(-1.5690787650945,-8.45,31.7642723850036));
#6374=CARTESIAN_POINT('Ctrl Pts',(-1.7791986621148,-8.45,31.7766802722073));
#6375=CARTESIAN_POINT('Ctrl Pts',(-1.95184673816552,-8.45,31.8962409350535));
#6376=CARTESIAN_POINT('Ctrl Pts',(-2.0341067507863,-8.45,31.953206884861));
#6377=CARTESIAN_POINT('',(-2.0341067507863,-8.4501,31.953206884861));
#6378=CARTESIAN_POINT('Ctrl Pts',(-2.0341067507863,-8.4501,31.953206884861));
#6379=CARTESIAN_POINT('Ctrl Pts',(-1.95184673816552,-8.4501,31.8962409350535));
#6380=CARTESIAN_POINT('Ctrl Pts',(-1.7791986621148,-8.4501,31.7766802722073));
#6381=CARTESIAN_POINT('Ctrl Pts',(-1.5690787650945,-8.4501,31.7642723850036));
#6382=CARTESIAN_POINT('Ctrl Pts',(-1.45907272845506,-8.4501,31.7577763676643));
#6383=CARTESIAN_POINT('',(-2.0341067507863,-8.45,31.953206884861));
#6384=CARTESIAN_POINT('Ctrl Pts',(-2.30218281298875,-8.45,32.502660381794));
#6385=CARTESIAN_POINT('Ctrl Pts',(-2.30218281298875,-8.4501,32.502660381794));
#6386=CARTESIAN_POINT('Ctrl Pts',(-2.2818136985626,-8.45,32.3931334018104));
#6387=CARTESIAN_POINT('Ctrl Pts',(-2.2818136985626,-8.4501,32.3931334018104));
#6388=CARTESIAN_POINT('Ctrl Pts',(-2.24304951716506,-8.45,32.1846941132296));
#6389=CARTESIAN_POINT('Ctrl Pts',(-2.24304951716506,-8.4501,32.1846941132296));
#6390=CARTESIAN_POINT('Ctrl Pts',(-2.10134899574931,-8.45,32.0277044192124));
#6391=CARTESIAN_POINT('Ctrl Pts',(-2.10134899574931,-8.4501,32.0277044192124));
#6392=CARTESIAN_POINT('Ctrl Pts',(-2.0341067507863,-8.45,31.953206884861));
#6393=CARTESIAN_POINT('Ctrl Pts',(-2.0341067507863,-8.4501,31.953206884861));
#6394=CARTESIAN_POINT('Ctrl Pts',(-2.0341067507863,-8.45,31.953206884861));
#6395=CARTESIAN_POINT('Ctrl Pts',(-2.10134899574931,-8.45,32.0277044192124));
#6396=CARTESIAN_POINT('Ctrl Pts',(-2.24304951716506,-8.45,32.1846941132296));
#6397=CARTESIAN_POINT('Ctrl Pts',(-2.2818136985626,-8.45,32.3931334018104));
#6398=CARTESIAN_POINT('Ctrl Pts',(-2.30218281298875,-8.45,32.502660381794));
#6399=CARTESIAN_POINT('Ctrl Pts',(-2.30218281298875,-8.4501,32.502660381794));
#6400=CARTESIAN_POINT('Ctrl Pts',(-2.2818136985626,-8.4501,32.3931334018104));
#6401=CARTESIAN_POINT('Ctrl Pts',(-2.24304951716506,-8.4501,32.1846941132296));
#6402=CARTESIAN_POINT('Ctrl Pts',(-2.10134899574931,-8.4501,32.0277044192124));
#6403=CARTESIAN_POINT('Ctrl Pts',(-2.0341067507863,-8.4501,31.953206884861));
#6404=CARTESIAN_POINT('Origin',(-7.94231886924734E-7,-8.4501,35.6305595517158));
#6405=CARTESIAN_POINT('Origin',(-7.94231886924734E-7,-8.45,35.6305595517158));
#6406=CARTESIAN_POINT('Origin',(4.58697030991316,-8.45,36.4910646557808));
#6407=CARTESIAN_POINT('',(4.58697030991316,-8.45,36.8450894236565));
#6408=CARTESIAN_POINT('',(4.58697030991316,-8.45,36.4910646557808));
#6409=CARTESIAN_POINT('',(4.58697030991316,-8.45,36.8450894236565));
#6410=CARTESIAN_POINT('',(4.58697030991316,-8.4501,36.8450894236565));
#6411=CARTESIAN_POINT('',(4.58697030991316,-8.45,36.8450894236565));
#6412=CARTESIAN_POINT('',(4.58697030991316,-8.4501,36.4910646557808));
#6413=CARTESIAN_POINT('',(4.58697030991316,-8.4501,36.8450894236565));
#6414=CARTESIAN_POINT('',(4.58697030991316,-8.45,36.4910646557808));
#6415=CARTESIAN_POINT('Origin',(2.60402391403914,-8.45,36.4910646557808));
#6416=CARTESIAN_POINT('',(2.60402391403914,-8.45,36.4910646557808));
#6417=CARTESIAN_POINT('',(4.58697030991316,-8.45,36.4910646557808));
#6418=CARTESIAN_POINT('',(2.60402391403914,-8.4501,36.4910646557808));
#6419=CARTESIAN_POINT('',(4.58697030991316,-8.4501,36.4910646557808));
#6420=CARTESIAN_POINT('',(2.60402391403914,-8.45,36.4910646557808));
#6421=CARTESIAN_POINT('Ctrl Pts',(2.6469988629222,-8.45,36.746862757206));
#6422=CARTESIAN_POINT('Ctrl Pts',(2.6469988629222,-8.4501,36.746862757206));
#6423=CARTESIAN_POINT('Ctrl Pts',(2.63344351593037,-8.45,36.7054407318743));
#6424=CARTESIAN_POINT('Ctrl Pts',(2.63344351593037,-8.4501,36.7054407318743));
#6425=CARTESIAN_POINT('Ctrl Pts',(2.60624911702073,-8.45,36.6223408981928));
#6426=CARTESIAN_POINT('Ctrl Pts',(2.60624911702073,-8.4501,36.6223408981928));
#6427=CARTESIAN_POINT('Ctrl Pts',(2.60476716885544,-8.45,36.5349131047742));
#6428=CARTESIAN_POINT('Ctrl Pts',(2.60476716885544,-8.4501,36.5349131047742));
#6429=CARTESIAN_POINT('Ctrl Pts',(2.60402391403914,-8.45,36.4910646557808));
#6430=CARTESIAN_POINT('Ctrl Pts',(2.60402391403914,-8.4501,36.4910646557808));
#6431=CARTESIAN_POINT('',(2.6469988629222,-8.45,36.746862757206));
#6432=CARTESIAN_POINT('Ctrl Pts',(2.60402391403914,-8.45,36.4910646557808));
#6433=CARTESIAN_POINT('Ctrl Pts',(2.60476716885544,-8.45,36.5349131047742));
#6434=CARTESIAN_POINT('Ctrl Pts',(2.60624911702073,-8.45,36.6223408981928));
#6435=CARTESIAN_POINT('Ctrl Pts',(2.63344351593037,-8.45,36.7054407318743));
#6436=CARTESIAN_POINT('Ctrl Pts',(2.6469988629222,-8.45,36.746862757206));
#6437=CARTESIAN_POINT('',(2.6469988629222,-8.4501,36.746862757206));
#6438=CARTESIAN_POINT('Ctrl Pts',(2.6469988629222,-8.4501,36.746862757206));
#6439=CARTESIAN_POINT('Ctrl Pts',(2.63344351593037,-8.4501,36.7054407318743));
#6440=CARTESIAN_POINT('Ctrl Pts',(2.60624911702073,-8.4501,36.6223408981928));
#6441=CARTESIAN_POINT('Ctrl Pts',(2.60476716885544,-8.4501,36.5349131047742));
#6442=CARTESIAN_POINT('Ctrl Pts',(2.60402391403914,-8.4501,36.4910646557808));
#6443=CARTESIAN_POINT('',(2.6469988629222,-8.45,36.746862757206));
#6444=CARTESIAN_POINT('Ctrl Pts',(2.8894943997264,-8.45,37.1459075093269));
#6445=CARTESIAN_POINT('Ctrl Pts',(2.8894943997264,-8.4501,37.1459075093269));
#6446=CARTESIAN_POINT('Ctrl Pts',(2.83832768344711,-8.45,37.0818163538669));
#6447=CARTESIAN_POINT('Ctrl Pts',(2.83832768344711,-8.4501,37.0818163538669));
#6448=CARTESIAN_POINT('Ctrl Pts',(2.74037144878951,-8.45,36.959116897653));
#6449=CARTESIAN_POINT('Ctrl Pts',(2.74037144878951,-8.4501,36.959116897653));
#6450=CARTESIAN_POINT('Ctrl Pts',(2.67718184398269,-8.45,36.8154745734218));
#6451=CARTESIAN_POINT('Ctrl Pts',(2.67718184398269,-8.4501,36.8154745734218));
#6452=CARTESIAN_POINT('Ctrl Pts',(2.6469988629222,-8.45,36.746862757206));
#6453=CARTESIAN_POINT('Ctrl Pts',(2.6469988629222,-8.4501,36.746862757206));
#6454=CARTESIAN_POINT('',(2.8894943997264,-8.45,37.1459075093269));
#6455=CARTESIAN_POINT('Ctrl Pts',(2.6469988629222,-8.45,36.746862757206));
#6456=CARTESIAN_POINT('Ctrl Pts',(2.67718184398269,-8.45,36.8154745734218));
#6457=CARTESIAN_POINT('Ctrl Pts',(2.74037144878951,-8.45,36.959116897653));
#6458=CARTESIAN_POINT('Ctrl Pts',(2.83832768344711,-8.45,37.0818163538669));
#6459=CARTESIAN_POINT('Ctrl Pts',(2.8894943997264,-8.45,37.1459075093269));
#6460=CARTESIAN_POINT('',(2.8894943997264,-8.4501,37.1459075093269));
#6461=CARTESIAN_POINT('Ctrl Pts',(2.8894943997264,-8.4501,37.1459075093269));
#6462=CARTESIAN_POINT('Ctrl Pts',(2.83832768344711,-8.4501,37.0818163538669));
#6463=CARTESIAN_POINT('Ctrl Pts',(2.74037144878951,-8.4501,36.959116897653));
#6464=CARTESIAN_POINT('Ctrl Pts',(2.67718184398269,-8.4501,36.8154745734218));
#6465=CARTESIAN_POINT('Ctrl Pts',(2.6469988629222,-8.4501,36.746862757206));
#6466=CARTESIAN_POINT('',(2.8894943997264,-8.45,37.1459075093269));
#6467=CARTESIAN_POINT('Ctrl Pts',(3.37141821831465,-8.45,37.6002051711082));
#6468=CARTESIAN_POINT('Ctrl Pts',(3.37141821831465,-8.4501,37.6002051711082));
#6469=CARTESIAN_POINT('Ctrl Pts',(3.27667546570086,-8.45,37.5215355499671));
#6470=CARTESIAN_POINT('Ctrl Pts',(3.27667546570086,-8.4501,37.5215355499671));
#6471=CARTESIAN_POINT('Ctrl Pts',(3.10643994161411,-8.45,37.380180524752));
#6472=CARTESIAN_POINT('Ctrl Pts',(3.10643994161411,-8.4501,37.380180524752));
#6473=CARTESIAN_POINT('Ctrl Pts',(2.95614451903196,-8.45,37.2178809838325));
#6474=CARTESIAN_POINT('Ctrl Pts',(2.95614451903196,-8.4501,37.2178809838325));
#6475=CARTESIAN_POINT('Ctrl Pts',(2.8894943997264,-8.45,37.1459075093269));
#6476=CARTESIAN_POINT('Ctrl Pts',(2.8894943997264,-8.4501,37.1459075093269));
#6477=CARTESIAN_POINT('',(3.37141821831465,-8.45,37.6002051711082));
#6478=CARTESIAN_POINT('Ctrl Pts',(2.8894943997264,-8.45,37.1459075093269));
#6479=CARTESIAN_POINT('Ctrl Pts',(2.95614451903196,-8.45,37.2178809838325));
#6480=CARTESIAN_POINT('Ctrl Pts',(3.10643994161411,-8.45,37.380180524752));
#6481=CARTESIAN_POINT('Ctrl Pts',(3.27667546570086,-8.45,37.5215355499671));
#6482=CARTESIAN_POINT('Ctrl Pts',(3.37141821831465,-8.45,37.6002051711082));
#6483=CARTESIAN_POINT('',(3.37141821831465,-8.4501,37.6002051711082));
#6484=CARTESIAN_POINT('Ctrl Pts',(3.37141821831465,-8.4501,37.6002051711082));
#6485=CARTESIAN_POINT('Ctrl Pts',(3.27667546570086,-8.4501,37.5215355499671));
#6486=CARTESIAN_POINT('Ctrl Pts',(3.10643994161411,-8.4501,37.380180524752));
#6487=CARTESIAN_POINT('Ctrl Pts',(2.95614451903196,-8.4501,37.2178809838325));
#6488=CARTESIAN_POINT('Ctrl Pts',(2.8894943997264,-8.4501,37.1459075093269));
#6489=CARTESIAN_POINT('',(3.37141821831465,-8.45,37.6002051711082));
#6490=CARTESIAN_POINT('Ctrl Pts',(4.03240154236556,-8.45,38.2356079697609));
#6491=CARTESIAN_POINT('Ctrl Pts',(4.03240154236556,-8.4501,38.2356079697609));
#6492=CARTESIAN_POINT('Ctrl Pts',(3.95066012254262,-8.45,38.1415784768972));
#6493=CARTESIAN_POINT('Ctrl Pts',(3.95066012254262,-8.4501,38.1415784768972));
#6494=CARTESIAN_POINT('Ctrl Pts',(3.74953496434804,-8.45,37.910218455648));
#6495=CARTESIAN_POINT('Ctrl Pts',(3.74953496434804,-8.4501,37.910218455648));
#6496=CARTESIAN_POINT('Ctrl Pts',(3.51225983352722,-8.45,37.7156794847692));
#6497=CARTESIAN_POINT('Ctrl Pts',(3.51225983352722,-8.4501,37.7156794847692));
#6498=CARTESIAN_POINT('Ctrl Pts',(3.37141821831465,-8.45,37.6002051711082));
#6499=CARTESIAN_POINT('Ctrl Pts',(3.37141821831465,-8.4501,37.6002051711082));
#6500=CARTESIAN_POINT('',(4.03240154236556,-8.45,38.2356079697609));
#6501=CARTESIAN_POINT('Ctrl Pts',(3.37141821831465,-8.45,37.6002051711082));
#6502=CARTESIAN_POINT('Ctrl Pts',(3.51225983352722,-8.45,37.7156794847692));
#6503=CARTESIAN_POINT('Ctrl Pts',(3.74953496434804,-8.45,37.910218455648));
#6504=CARTESIAN_POINT('Ctrl Pts',(3.95066012254262,-8.45,38.1415784768972));
#6505=CARTESIAN_POINT('Ctrl Pts',(4.03240154236556,-8.45,38.2356079697609));
#6506=CARTESIAN_POINT('',(4.03240154236556,-8.4501,38.2356079697609));
#6507=CARTESIAN_POINT('Ctrl Pts',(4.03240154236556,-8.4501,38.2356079697609));
#6508=CARTESIAN_POINT('Ctrl Pts',(3.95066012254262,-8.4501,38.1415784768972));
#6509=CARTESIAN_POINT('Ctrl Pts',(3.74953496434804,-8.4501,37.910218455648));
#6510=CARTESIAN_POINT('Ctrl Pts',(3.51225983352722,-8.4501,37.7156794847692));
#6511=CARTESIAN_POINT('Ctrl Pts',(3.37141821831465,-8.4501,37.6002051711082));
#6512=CARTESIAN_POINT('',(4.03240154236556,-8.45,38.2356079697609));
#6513=CARTESIAN_POINT('Ctrl Pts',(4.2042965695262,-8.45,38.6786498904228));
#6514=CARTESIAN_POINT('Ctrl Pts',(4.2042965695262,-8.4501,38.6786498904228));
#6515=CARTESIAN_POINT('Ctrl Pts',(4.19491375334041,-8.45,38.6051038698739));
#6516=CARTESIAN_POINT('Ctrl Pts',(4.19491375334041,-8.4501,38.6051038698739));
#6517=CARTESIAN_POINT('Ctrl Pts',(4.17433141099002,-8.45,38.4437717768784));
#6518=CARTESIAN_POINT('Ctrl Pts',(4.17433141099002,-8.4501,38.4437717768784));
#6519=CARTESIAN_POINT('Ctrl Pts',(4.08241582256584,-8.45,38.3089622473181));
#6520=CARTESIAN_POINT('Ctrl Pts',(4.08241582256584,-8.4501,38.3089622473181));
#6521=CARTESIAN_POINT('Ctrl Pts',(4.03240154236556,-8.45,38.2356079697609));
#6522=CARTESIAN_POINT('Ctrl Pts',(4.03240154236556,-8.4501,38.2356079697609));
#6523=CARTESIAN_POINT('',(4.2042965695262,-8.45,38.6786498904228));
#6524=CARTESIAN_POINT('Ctrl Pts',(4.03240154236556,-8.45,38.2356079697609));
#6525=CARTESIAN_POINT('Ctrl Pts',(4.08241582256584,-8.45,38.3089622473181));
#6526=CARTESIAN_POINT('Ctrl Pts',(4.17433141099002,-8.45,38.4437717768784));
#6527=CARTESIAN_POINT('Ctrl Pts',(4.19491375334041,-8.45,38.6051038698739));
#6528=CARTESIAN_POINT('Ctrl Pts',(4.2042965695262,-8.45,38.6786498904228));
#6529=CARTESIAN_POINT('',(4.2042965695262,-8.4501,38.6786498904228));
#6530=CARTESIAN_POINT('Ctrl Pts',(4.2042965695262,-8.4501,38.6786498904228));
#6531=CARTESIAN_POINT('Ctrl Pts',(4.19491375334041,-8.4501,38.6051038698739));
#6532=CARTESIAN_POINT('Ctrl Pts',(4.17433141099002,-8.4501,38.4437717768784));
#6533=CARTESIAN_POINT('Ctrl Pts',(4.08241582256584,-8.4501,38.3089622473181));
#6534=CARTESIAN_POINT('Ctrl Pts',(4.03240154236556,-8.4501,38.2356079697609));
#6535=CARTESIAN_POINT('',(4.2042965695262,-8.45,38.6786498904228));
#6536=CARTESIAN_POINT('Ctrl Pts',(4.04774854630232,-8.45,39.0480228543282));
#6537=CARTESIAN_POINT('Ctrl Pts',(4.04774854630232,-8.4501,39.0480228543282));
#6538=CARTESIAN_POINT('Ctrl Pts',(4.09340801268946,-8.45,38.9949417077764));
#6539=CARTESIAN_POINT('Ctrl Pts',(4.09340801268946,-8.4501,38.9949417077764));
#6540=CARTESIAN_POINT('Ctrl Pts',(4.18494841491332,-8.45,38.8885219466551));
#6541=CARTESIAN_POINT('Ctrl Pts',(4.18494841491332,-8.4501,38.8885219466551));
#6542=CARTESIAN_POINT('Ctrl Pts',(4.19783679076927,-8.45,38.7487199863905));
#6543=CARTESIAN_POINT('Ctrl Pts',(4.19783679076927,-8.4501,38.7487199863905));
#6544=CARTESIAN_POINT('Ctrl Pts',(4.2042965695262,-8.45,38.6786498904228));
#6545=CARTESIAN_POINT('Ctrl Pts',(4.2042965695262,-8.4501,38.6786498904228));
#6546=CARTESIAN_POINT('',(4.04774854630232,-8.45,39.0480228543282));
#6547=CARTESIAN_POINT('Ctrl Pts',(4.2042965695262,-8.45,38.6786498904228));
#6548=CARTESIAN_POINT('Ctrl Pts',(4.19783679076927,-8.45,38.7487199863905));
#6549=CARTESIAN_POINT('Ctrl Pts',(4.18494841491332,-8.45,38.8885219466551));
#6550=CARTESIAN_POINT('Ctrl Pts',(4.09340801268946,-8.45,38.9949417077764));
#6551=CARTESIAN_POINT('Ctrl Pts',(4.04774854630232,-8.45,39.0480228543282));
#6552=CARTESIAN_POINT('',(4.04774854630232,-8.4501,39.0480228543282));
#6553=CARTESIAN_POINT('Ctrl Pts',(4.04774854630232,-8.4501,39.0480228543282));
#6554=CARTESIAN_POINT('Ctrl Pts',(4.09340801268946,-8.4501,38.9949417077764));
#6555=CARTESIAN_POINT('Ctrl Pts',(4.18494841491332,-8.4501,38.8885219466551));
#6556=CARTESIAN_POINT('Ctrl Pts',(4.19783679076927,-8.4501,38.7487199863905));
#6557=CARTESIAN_POINT('Ctrl Pts',(4.2042965695262,-8.4501,38.6786498904228));
#6558=CARTESIAN_POINT('',(4.04774854630232,-8.45,39.0480228543282));
#6559=CARTESIAN_POINT('Ctrl Pts',(3.63949487656355,-8.45,39.1984315991402));
#6560=CARTESIAN_POINT('Ctrl Pts',(3.63949487656355,-8.4501,39.1984315991402));
#6561=CARTESIAN_POINT('Ctrl Pts',(3.71825024730139,-8.45,39.1932641488727));
#6562=CARTESIAN_POINT('Ctrl Pts',(3.71825024730139,-8.4501,39.1932641488727));
#6563=CARTESIAN_POINT('Ctrl Pts',(3.86952728741117,-8.45,39.1833382660527));
#6564=CARTESIAN_POINT('Ctrl Pts',(3.86952728741117,-8.4501,39.1833382660527));
#6565=CARTESIAN_POINT('Ctrl Pts',(3.98999618820211,-8.45,39.0918716306359));
#6566=CARTESIAN_POINT('Ctrl Pts',(3.98999618820211,-8.4501,39.0918716306359));
#6567=CARTESIAN_POINT('Ctrl Pts',(4.04774854630232,-8.45,39.0480228543282));
#6568=CARTESIAN_POINT('Ctrl Pts',(4.04774854630232,-8.4501,39.0480228543282));
#6569=CARTESIAN_POINT('',(3.63949487656355,-8.45,39.1984315991402));
#6570=CARTESIAN_POINT('Ctrl Pts',(4.04774854630232,-8.45,39.0480228543282));
#6571=CARTESIAN_POINT('Ctrl Pts',(3.98999618820211,-8.45,39.0918716306359));
#6572=CARTESIAN_POINT('Ctrl Pts',(3.86952728741117,-8.45,39.1833382660527));
#6573=CARTESIAN_POINT('Ctrl Pts',(3.71825024730139,-8.45,39.1932641488727));
#6574=CARTESIAN_POINT('Ctrl Pts',(3.63949487656355,-8.45,39.1984315991402));
#6575=CARTESIAN_POINT('',(3.63949487656355,-8.4501,39.1984315991402));
#6576=CARTESIAN_POINT('Ctrl Pts',(3.63949487656355,-8.4501,39.1984315991402));
#6577=CARTESIAN_POINT('Ctrl Pts',(3.71825024730139,-8.4501,39.1932641488727));
#6578=CARTESIAN_POINT('Ctrl Pts',(3.86952728741117,-8.4501,39.1833382660527));
#6579=CARTESIAN_POINT('Ctrl Pts',(3.98999618820211,-8.4501,39.0918716306359));
#6580=CARTESIAN_POINT('Ctrl Pts',(4.04774854630232,-8.4501,39.0480228543282));
#6581=CARTESIAN_POINT('',(3.63949487656355,-8.45,39.1984315991402));
#6582=CARTESIAN_POINT('Ctrl Pts',(3.21384618729353,-8.45,39.0388139367104));
#6583=CARTESIAN_POINT('Ctrl Pts',(3.21384618729353,-8.4501,39.0388139367104));
#6584=CARTESIAN_POINT('Ctrl Pts',(3.27336428673722,-8.45,39.0853423274748));
#6585=CARTESIAN_POINT('Ctrl Pts',(3.27336428673722,-8.4501,39.0853423274748));
#6586=CARTESIAN_POINT('Ctrl Pts',(3.39813986569798,-8.45,39.1828858806127));
#6587=CARTESIAN_POINT('Ctrl Pts',(3.39813986569798,-8.4501,39.1828858806127));
#6588=CARTESIAN_POINT('Ctrl Pts',(3.55661340423415,-8.45,39.1930931889893));
#6589=CARTESIAN_POINT('Ctrl Pts',(3.55661340423415,-8.4501,39.1930931889893));
#6590=CARTESIAN_POINT('Ctrl Pts',(3.63949487656355,-8.45,39.1984315991402));
#6591=CARTESIAN_POINT('Ctrl Pts',(3.63949487656355,-8.4501,39.1984315991402));
#6592=CARTESIAN_POINT('',(3.21384618729353,-8.45,39.0388139367104));
#6593=CARTESIAN_POINT('Ctrl Pts',(3.63949487656355,-8.45,39.1984315991402));
#6594=CARTESIAN_POINT('Ctrl Pts',(3.55661340423415,-8.45,39.1930931889893));
#6595=CARTESIAN_POINT('Ctrl Pts',(3.39813986569798,-8.45,39.1828858806127));
#6596=CARTESIAN_POINT('Ctrl Pts',(3.27336428673722,-8.45,39.0853423274748));
#6597=CARTESIAN_POINT('Ctrl Pts',(3.21384618729353,-8.45,39.0388139367104));
#6598=CARTESIAN_POINT('',(3.21384618729353,-8.4501,39.0388139367104));
#6599=CARTESIAN_POINT('Ctrl Pts',(3.21384618729353,-8.4501,39.0388139367104));
#6600=CARTESIAN_POINT('Ctrl Pts',(3.27336428673722,-8.4501,39.0853423274748));
#6601=CARTESIAN_POINT('Ctrl Pts',(3.39813986569798,-8.4501,39.1828858806127));
#6602=CARTESIAN_POINT('Ctrl Pts',(3.55661340423415,-8.4501,39.1930931889893));
#6603=CARTESIAN_POINT('Ctrl Pts',(3.63949487656355,-8.4501,39.1984315991402));
#6604=CARTESIAN_POINT('',(3.21384618729353,-8.45,39.0388139367104));
#6605=CARTESIAN_POINT('Ctrl Pts',(3.05218170136214,-8.45,38.5967942357063));
#6606=CARTESIAN_POINT('Ctrl Pts',(3.05218170136214,-8.4501,38.5967942357063));
#6607=CARTESIAN_POINT('Ctrl Pts',(3.05760152211329,-8.45,38.6838870023856));
#6608=CARTESIAN_POINT('Ctrl Pts',(3.05760152211329,-8.4501,38.6838870023856));
#6609=CARTESIAN_POINT('Ctrl Pts',(3.06780406309145,-8.45,38.8478347714622));
#6610=CARTESIAN_POINT('Ctrl Pts',(3.06780406309145,-8.4501,38.8478347714622));
#6611=CARTESIAN_POINT('Ctrl Pts',(3.1672351464946,-8.45,38.9778607171392));
#6612=CARTESIAN_POINT('Ctrl Pts',(3.1672351464946,-8.4501,38.9778607171392));
#6613=CARTESIAN_POINT('Ctrl Pts',(3.21384618729353,-8.45,39.0388139367104));
#6614=CARTESIAN_POINT('Ctrl Pts',(3.21384618729353,-8.4501,39.0388139367104));
#6615=CARTESIAN_POINT('',(3.05218170136214,-8.45,38.5967942357063));
#6616=CARTESIAN_POINT('Ctrl Pts',(3.21384618729353,-8.45,39.0388139367104));
#6617=CARTESIAN_POINT('Ctrl Pts',(3.1672351464946,-8.45,38.9778607171392));
#6618=CARTESIAN_POINT('Ctrl Pts',(3.06780406309145,-8.45,38.8478347714622));
#6619=CARTESIAN_POINT('Ctrl Pts',(3.05760152211329,-8.45,38.6838870023856));
#6620=CARTESIAN_POINT('Ctrl Pts',(3.05218170136214,-8.45,38.5967942357063));
#6621=CARTESIAN_POINT('',(3.05218170136214,-8.4501,38.5967942357063));
#6622=CARTESIAN_POINT('Ctrl Pts',(3.05218170136214,-8.4501,38.5967942357063));
#6623=CARTESIAN_POINT('Ctrl Pts',(3.05760152211329,-8.4501,38.6838870023856));
#6624=CARTESIAN_POINT('Ctrl Pts',(3.06780406309145,-8.4501,38.8478347714622));
#6625=CARTESIAN_POINT('Ctrl Pts',(3.1672351464946,-8.4501,38.9778607171392));
#6626=CARTESIAN_POINT('Ctrl Pts',(3.21384618729353,-8.4501,39.0388139367104));
#6627=CARTESIAN_POINT('',(3.05218170136214,-8.45,38.5967942357063));
#6628=CARTESIAN_POINT('Origin',(2.67360160797835,-8.45,38.6356755375862));
#6629=CARTESIAN_POINT('',(2.67360160797835,-8.45,38.6356755375862));
#6630=CARTESIAN_POINT('',(3.05218170136214,-8.45,38.5967942357063));
#6631=CARTESIAN_POINT('',(2.67360160797835,-8.4501,38.6356755375862));
#6632=CARTESIAN_POINT('',(3.05218170136214,-8.4501,38.5967942357063));
#6633=CARTESIAN_POINT('',(2.67360160797835,-8.45,38.6356755375862));
#6634=CARTESIAN_POINT('Ctrl Pts',(2.96623418778182,-8.45,39.2813106656074));
#6635=CARTESIAN_POINT('Ctrl Pts',(2.96623418778182,-8.4501,39.2813106656074));
#6636=CARTESIAN_POINT('Ctrl Pts',(2.89030649725468,-8.45,39.1948374820848));
#6637=CARTESIAN_POINT('Ctrl Pts',(2.89030649725468,-8.4501,39.1948374820848));
#6638=CARTESIAN_POINT('Ctrl Pts',(2.7279939172785,-8.45,39.0099815300747));
#6639=CARTESIAN_POINT('Ctrl Pts',(2.7279939172785,-8.4501,39.0099815300747));
#6640=CARTESIAN_POINT('Ctrl Pts',(2.69249473799946,-8.45,38.765690458349));
#6641=CARTESIAN_POINT('Ctrl Pts',(2.69249473799946,-8.4501,38.765690458349));
#6642=CARTESIAN_POINT('Ctrl Pts',(2.67360160797835,-8.45,38.6356755375862));
#6643=CARTESIAN_POINT('Ctrl Pts',(2.67360160797835,-8.4501,38.6356755375862));
#6644=CARTESIAN_POINT('',(2.96623418778182,-8.45,39.2813106656074));
#6645=CARTESIAN_POINT('Ctrl Pts',(2.67360160797835,-8.45,38.6356755375862));
#6646=CARTESIAN_POINT('Ctrl Pts',(2.69249473799946,-8.45,38.765690458349));
#6647=CARTESIAN_POINT('Ctrl Pts',(2.7279939172785,-8.45,39.0099815300747));
#6648=CARTESIAN_POINT('Ctrl Pts',(2.89030649725468,-8.45,39.1948374820848));
#6649=CARTESIAN_POINT('Ctrl Pts',(2.96623418778182,-8.45,39.2813106656074));
#6650=CARTESIAN_POINT('',(2.96623418778182,-8.4501,39.2813106656074));
#6651=CARTESIAN_POINT('Ctrl Pts',(2.96623418778182,-8.4501,39.2813106656074));
#6652=CARTESIAN_POINT('Ctrl Pts',(2.89030649725468,-8.4501,39.1948374820848));
#6653=CARTESIAN_POINT('Ctrl Pts',(2.7279939172785,-8.4501,39.0099815300747));
#6654=CARTESIAN_POINT('Ctrl Pts',(2.69249473799946,-8.4501,38.765690458349));
#6655=CARTESIAN_POINT('Ctrl Pts',(2.67360160797835,-8.4501,38.6356755375862));
#6656=CARTESIAN_POINT('',(2.96623418778182,-8.45,39.2813106656074));
#6657=CARTESIAN_POINT('Ctrl Pts',(3.64767978638411,-8.45,39.5033427357674));
#6658=CARTESIAN_POINT('Ctrl Pts',(3.64767978638411,-8.4501,39.5033427357674));
#6659=CARTESIAN_POINT('Ctrl Pts',(3.51556790863516,-8.45,39.4967546515404));
#6660=CARTESIAN_POINT('Ctrl Pts',(3.51556790863516,-8.4501,39.4967546515404));
#6661=CARTESIAN_POINT('Ctrl Pts',(3.26750712819124,-8.45,39.4843844896531));
#6662=CARTESIAN_POINT('Ctrl Pts',(3.26750712819124,-8.4501,39.4843844896531));
#6663=CARTESIAN_POINT('Ctrl Pts',(3.06219940098971,-8.45,39.3459962719384));
#6664=CARTESIAN_POINT('Ctrl Pts',(3.06219940098971,-8.4501,39.3459962719384));
#6665=CARTESIAN_POINT('Ctrl Pts',(2.96623418778182,-8.45,39.2813106656074));
#6666=CARTESIAN_POINT('Ctrl Pts',(2.96623418778182,-8.4501,39.2813106656074));
#6667=CARTESIAN_POINT('',(3.64767978638411,-8.45,39.5033427357674));
#6668=CARTESIAN_POINT('Ctrl Pts',(2.96623418778182,-8.45,39.2813106656074));
#6669=CARTESIAN_POINT('Ctrl Pts',(3.06219940098971,-8.45,39.3459962719384));
#6670=CARTESIAN_POINT('Ctrl Pts',(3.26750712819124,-8.45,39.4843844896531));
#6671=CARTESIAN_POINT('Ctrl Pts',(3.51556790863516,-8.45,39.4967546515404));
#6672=CARTESIAN_POINT('Ctrl Pts',(3.64767978638411,-8.45,39.5033427357674));
#6673=CARTESIAN_POINT('',(3.64767978638411,-8.4501,39.5033427357674));
#6674=CARTESIAN_POINT('Ctrl Pts',(3.64767978638411,-8.4501,39.5033427357674));
#6675=CARTESIAN_POINT('Ctrl Pts',(3.51556790863516,-8.4501,39.4967546515404));
#6676=CARTESIAN_POINT('Ctrl Pts',(3.26750712819124,-8.4501,39.4843844896531));
#6677=CARTESIAN_POINT('Ctrl Pts',(3.06219940098971,-8.4501,39.3459962719384));
#6678=CARTESIAN_POINT('Ctrl Pts',(2.96623418778182,-8.4501,39.2813106656074));
#6679=CARTESIAN_POINT('',(3.64767978638411,-8.45,39.5033427357674));
#6680=CARTESIAN_POINT('Ctrl Pts',(4.33117340058089,-8.45,39.2639156460762));
#6681=CARTESIAN_POINT('Ctrl Pts',(4.33117340058089,-8.4501,39.2639156460762));
#6682=CARTESIAN_POINT('Ctrl Pts',(4.23586863810117,-8.45,39.3336800448267));
#6683=CARTESIAN_POINT('Ctrl Pts',(4.23586863810117,-8.4501,39.3336800448267));
#6684=CARTESIAN_POINT('Ctrl Pts',(4.03301997402225,-8.45,39.4821680607305));
#6685=CARTESIAN_POINT('Ctrl Pts',(4.03301997402225,-8.4501,39.4821680607305));
#6686=CARTESIAN_POINT('Ctrl Pts',(3.78119131921042,-8.45,39.4960061967508));
#6687=CARTESIAN_POINT('Ctrl Pts',(3.78119131921042,-8.4501,39.4960061967508));
#6688=CARTESIAN_POINT('Ctrl Pts',(3.64767978638411,-8.45,39.5033427357674));
#6689=CARTESIAN_POINT('Ctrl Pts',(3.64767978638411,-8.4501,39.5033427357674));
#6690=CARTESIAN_POINT('',(4.33117340058089,-8.45,39.2639156460762));
#6691=CARTESIAN_POINT('Ctrl Pts',(3.64767978638411,-8.45,39.5033427357674));
#6692=CARTESIAN_POINT('Ctrl Pts',(3.78119131921042,-8.45,39.4960061967508));
#6693=CARTESIAN_POINT('Ctrl Pts',(4.03301997402225,-8.45,39.4821680607305));
#6694=CARTESIAN_POINT('Ctrl Pts',(4.23586863810117,-8.45,39.3336800448267));
#6695=CARTESIAN_POINT('Ctrl Pts',(4.33117340058089,-8.45,39.2639156460762));
#6696=CARTESIAN_POINT('',(4.33117340058089,-8.4501,39.2639156460762));
#6697=CARTESIAN_POINT('Ctrl Pts',(4.33117340058089,-8.4501,39.2639156460762));
#6698=CARTESIAN_POINT('Ctrl Pts',(4.23586863810117,-8.4501,39.3336800448267));
#6699=CARTESIAN_POINT('Ctrl Pts',(4.03301997402225,-8.4501,39.4821680607305));
#6700=CARTESIAN_POINT('Ctrl Pts',(3.78119131921042,-8.4501,39.4960061967508));
#6701=CARTESIAN_POINT('Ctrl Pts',(3.64767978638411,-8.4501,39.5033427357674));
#6702=CARTESIAN_POINT('',(4.33117340058089,-8.45,39.2639156460762));
#6703=CARTESIAN_POINT('Ctrl Pts',(4.58287904709578,-8.45,38.6704643845558));
#6704=CARTESIAN_POINT('Ctrl Pts',(4.58287904709578,-8.4501,38.6704643845558));
#6705=CARTESIAN_POINT('Ctrl Pts',(4.5726178586681,-8.45,38.7834813538377));
#6706=CARTESIAN_POINT('Ctrl Pts',(4.5726178586681,-8.4501,38.7834813538377));
#6707=CARTESIAN_POINT('Ctrl Pts',(4.5522046919759,-8.45,39.0083124491109));
#6708=CARTESIAN_POINT('Ctrl Pts',(4.5522046919759,-8.4501,39.0083124491109));
#6709=CARTESIAN_POINT('Ctrl Pts',(4.40458724727452,-8.45,39.1790190063381));
#6710=CARTESIAN_POINT('Ctrl Pts',(4.40458724727452,-8.4501,39.1790190063381));
#6711=CARTESIAN_POINT('Ctrl Pts',(4.33117340058089,-8.45,39.2639156460762));
#6712=CARTESIAN_POINT('Ctrl Pts',(4.33117340058089,-8.4501,39.2639156460762));
#6713=CARTESIAN_POINT('',(4.58287904709578,-8.45,38.6704643845558));
#6714=CARTESIAN_POINT('Ctrl Pts',(4.33117340058089,-8.45,39.2639156460762));
#6715=CARTESIAN_POINT('Ctrl Pts',(4.40458724727452,-8.45,39.1790190063381));
#6716=CARTESIAN_POINT('Ctrl Pts',(4.5522046919759,-8.45,39.0083124491109));
#6717=CARTESIAN_POINT('Ctrl Pts',(4.5726178586681,-8.45,38.7834813538377));
#6718=CARTESIAN_POINT('Ctrl Pts',(4.58287904709578,-8.45,38.6704643845558));
#6719=CARTESIAN_POINT('',(4.58287904709578,-8.4501,38.6704643845558));
#6720=CARTESIAN_POINT('Ctrl Pts',(4.58287904709578,-8.4501,38.6704643845558));
#6721=CARTESIAN_POINT('Ctrl Pts',(4.5726178586681,-8.4501,38.7834813538377));
#6722=CARTESIAN_POINT('Ctrl Pts',(4.5522046919759,-8.4501,39.0083124491109));
#6723=CARTESIAN_POINT('Ctrl Pts',(4.40458724727452,-8.4501,39.1790190063381));
#6724=CARTESIAN_POINT('Ctrl Pts',(4.33117340058089,-8.4501,39.2639156460762));
#6725=CARTESIAN_POINT('',(4.58287904709578,-8.45,38.6704643845558));
#6726=CARTESIAN_POINT('Ctrl Pts',(4.5092077061534,-8.45,38.3164402127266));
#6727=CARTESIAN_POINT('Ctrl Pts',(4.5092077061534,-8.4501,38.3164402127266));
#6728=CARTESIAN_POINT('Ctrl Pts',(4.53069423777794,-8.45,38.3742980486824));
#6729=CARTESIAN_POINT('Ctrl Pts',(4.53069423777794,-8.4501,38.3742980486824));
#6730=CARTESIAN_POINT('Ctrl Pts',(4.57314449045763,-8.45,38.4886059229706));
#6731=CARTESIAN_POINT('Ctrl Pts',(4.57314449045763,-8.4501,38.4886059229706));
#6732=CARTESIAN_POINT('Ctrl Pts',(4.57966094676333,-8.45,38.6103446690475));
#6733=CARTESIAN_POINT('Ctrl Pts',(4.57966094676333,-8.4501,38.6103446690475));
#6734=CARTESIAN_POINT('Ctrl Pts',(4.58287904709578,-8.45,38.6704643845558));
#6735=CARTESIAN_POINT('Ctrl Pts',(4.58287904709578,-8.4501,38.6704643845558));
#6736=CARTESIAN_POINT('',(4.5092077061534,-8.45,38.3164402127266));
#6737=CARTESIAN_POINT('Ctrl Pts',(4.58287904709578,-8.45,38.6704643845558));
#6738=CARTESIAN_POINT('Ctrl Pts',(4.57966094676333,-8.45,38.6103446690475));
#6739=CARTESIAN_POINT('Ctrl Pts',(4.57314449045763,-8.45,38.4886059229706));
#6740=CARTESIAN_POINT('Ctrl Pts',(4.53069423777794,-8.45,38.3742980486824));
#6741=CARTESIAN_POINT('Ctrl Pts',(4.5092077061534,-8.45,38.3164402127266));
#6742=CARTESIAN_POINT('',(4.5092077061534,-8.4501,38.3164402127266));
#6743=CARTESIAN_POINT('Ctrl Pts',(4.5092077061534,-8.4501,38.3164402127266));
#6744=CARTESIAN_POINT('Ctrl Pts',(4.53069423777794,-8.4501,38.3742980486824));
#6745=CARTESIAN_POINT('Ctrl Pts',(4.57314449045763,-8.4501,38.4886059229706));
#6746=CARTESIAN_POINT('Ctrl Pts',(4.57966094676333,-8.4501,38.6103446690475));
#6747=CARTESIAN_POINT('Ctrl Pts',(4.58287904709578,-8.4501,38.6704643845558));
#6748=CARTESIAN_POINT('',(4.5092077061534,-8.45,38.3164402127266));
#6749=CARTESIAN_POINT('Ctrl Pts',(4.26466534584761,-8.45,37.9501368880272));
#6750=CARTESIAN_POINT('Ctrl Pts',(4.26466534584761,-8.4501,37.9501368880272));
#6751=CARTESIAN_POINT('Ctrl Pts',(4.31639709308126,-8.45,38.0108296344597));
#6752=CARTESIAN_POINT('Ctrl Pts',(4.31639709308126,-8.4501,38.0108296344597));
#6753=CARTESIAN_POINT('Ctrl Pts',(4.41236035927545,-8.45,38.1234157057488));
#6754=CARTESIAN_POINT('Ctrl Pts',(4.41236035927545,-8.4501,38.1234157057488));
#6755=CARTESIAN_POINT('Ctrl Pts',(4.47865232383314,-8.45,38.2555408923217));
#6756=CARTESIAN_POINT('Ctrl Pts',(4.47865232383314,-8.4501,38.2555408923217));
#6757=CARTESIAN_POINT('Ctrl Pts',(4.5092077061534,-8.45,38.3164402127266));
#6758=CARTESIAN_POINT('Ctrl Pts',(4.5092077061534,-8.4501,38.3164402127266));
#6759=CARTESIAN_POINT('',(4.26466534584761,-8.45,37.9501368880272));
#6760=CARTESIAN_POINT('Ctrl Pts',(4.5092077061534,-8.45,38.3164402127266));
#6761=CARTESIAN_POINT('Ctrl Pts',(4.47865232383314,-8.45,38.2555408923217));
#6762=CARTESIAN_POINT('Ctrl Pts',(4.41236035927545,-8.45,38.1234157057488));
#6763=CARTESIAN_POINT('Ctrl Pts',(4.31639709308126,-8.45,38.0108296344597));
#6764=CARTESIAN_POINT('Ctrl Pts',(4.26466534584761,-8.45,37.9501368880272));
#6765=CARTESIAN_POINT('',(4.26466534584761,-8.4501,37.9501368880272));
#6766=CARTESIAN_POINT('Ctrl Pts',(4.26466534584761,-8.4501,37.9501368880272));
#6767=CARTESIAN_POINT('Ctrl Pts',(4.31639709308126,-8.4501,38.0108296344597));
#6768=CARTESIAN_POINT('Ctrl Pts',(4.41236035927545,-8.4501,38.1234157057488));
#6769=CARTESIAN_POINT('Ctrl Pts',(4.47865232383314,-8.4501,38.2555408923217));
#6770=CARTESIAN_POINT('Ctrl Pts',(4.5092077061534,-8.4501,38.3164402127266));
#6771=CARTESIAN_POINT('',(4.26466534584761,-8.45,37.9501368880272));
#6772=CARTESIAN_POINT('Ctrl Pts',(3.69679401367903,-8.45,37.4221696734428));
#6773=CARTESIAN_POINT('Ctrl Pts',(3.69679401367903,-8.4501,37.4221696734428));
#6774=CARTESIAN_POINT('Ctrl Pts',(3.81225454007325,-8.45,37.5200040567998));
#6775=CARTESIAN_POINT('Ctrl Pts',(3.81225454007325,-8.4501,37.5200040567998));
#6776=CARTESIAN_POINT('Ctrl Pts',(4.00970559736786,-8.45,37.6873123398718));
#6777=CARTESIAN_POINT('Ctrl Pts',(4.00970559736786,-8.4501,37.6873123398718));
#6778=CARTESIAN_POINT('Ctrl Pts',(4.18985799426079,-8.45,37.8730219375429));
#6779=CARTESIAN_POINT('Ctrl Pts',(4.18985799426079,-8.4501,37.8730219375429));
#6780=CARTESIAN_POINT('Ctrl Pts',(4.26466534584761,-8.45,37.9501368880272));
#6781=CARTESIAN_POINT('Ctrl Pts',(4.26466534584761,-8.4501,37.9501368880272));
#6782=CARTESIAN_POINT('',(3.69679401367903,-8.45,37.4221696734428));
#6783=CARTESIAN_POINT('Ctrl Pts',(4.26466534584761,-8.45,37.9501368880272));
#6784=CARTESIAN_POINT('Ctrl Pts',(4.18985799426079,-8.45,37.8730219375429));
#6785=CARTESIAN_POINT('Ctrl Pts',(4.00970559736786,-8.45,37.6873123398718));
#6786=CARTESIAN_POINT('Ctrl Pts',(3.81225454007325,-8.45,37.5200040567998));
#6787=CARTESIAN_POINT('Ctrl Pts',(3.69679401367903,-8.45,37.4221696734428));
#6788=CARTESIAN_POINT('',(3.69679401367903,-8.4501,37.4221696734428));
#6789=CARTESIAN_POINT('Ctrl Pts',(3.69679401367903,-8.4501,37.4221696734428));
#6790=CARTESIAN_POINT('Ctrl Pts',(3.81225454007325,-8.4501,37.5200040567998));
#6791=CARTESIAN_POINT('Ctrl Pts',(4.00970559736786,-8.4501,37.6873123398718));
#6792=CARTESIAN_POINT('Ctrl Pts',(4.18985799426079,-8.4501,37.8730219375429));
#6793=CARTESIAN_POINT('Ctrl Pts',(4.26466534584761,-8.4501,37.9501368880272));
#6794=CARTESIAN_POINT('',(3.69679401367903,-8.45,37.4221696734428));
#6795=CARTESIAN_POINT('Ctrl Pts',(3.27114532440901,-8.45,37.0446117997169));
#6796=CARTESIAN_POINT('Ctrl Pts',(3.27114532440901,-8.4501,37.0446117997169));
#6797=CARTESIAN_POINT('Ctrl Pts',(3.3219203039487,-8.45,37.0930454656194));
#6798=CARTESIAN_POINT('Ctrl Pts',(3.3219203039487,-8.4501,37.0930454656194));
#6799=CARTESIAN_POINT('Ctrl Pts',(3.4592157441023,-8.45,37.2240099985174));
#6800=CARTESIAN_POINT('Ctrl Pts',(3.4592157441023,-8.4501,37.2240099985174));
#6801=CARTESIAN_POINT('Ctrl Pts',(3.60495343736097,-8.45,37.3455671340752));
#6802=CARTESIAN_POINT('Ctrl Pts',(3.60495343736097,-8.4501,37.3455671340752));
#6803=CARTESIAN_POINT('Ctrl Pts',(3.69679401367903,-8.45,37.4221696734428));
#6804=CARTESIAN_POINT('Ctrl Pts',(3.69679401367903,-8.4501,37.4221696734428));
#6805=CARTESIAN_POINT('',(3.27114532440901,-8.45,37.0446117997169));
#6806=CARTESIAN_POINT('Ctrl Pts',(3.69679401367903,-8.45,37.4221696734428));
#6807=CARTESIAN_POINT('Ctrl Pts',(3.60495343736097,-8.45,37.3455671340752));
#6808=CARTESIAN_POINT('Ctrl Pts',(3.4592157441023,-8.45,37.2240099985174));
#6809=CARTESIAN_POINT('Ctrl Pts',(3.3219203039487,-8.45,37.0930454656194));
#6810=CARTESIAN_POINT('Ctrl Pts',(3.27114532440901,-8.45,37.0446117997169));
#6811=CARTESIAN_POINT('',(3.27114532440901,-8.4501,37.0446117997169));
#6812=CARTESIAN_POINT('Ctrl Pts',(3.27114532440901,-8.4501,37.0446117997169));
#6813=CARTESIAN_POINT('Ctrl Pts',(3.3219203039487,-8.4501,37.0930454656194));
#6814=CARTESIAN_POINT('Ctrl Pts',(3.4592157441023,-8.4501,37.2240099985174));
#6815=CARTESIAN_POINT('Ctrl Pts',(3.60495343736097,-8.4501,37.3455671340752));
#6816=CARTESIAN_POINT('Ctrl Pts',(3.69679401367903,-8.4501,37.4221696734428));
#6817=CARTESIAN_POINT('',(3.27114532440901,-8.45,37.0446117997169));
#6818=CARTESIAN_POINT('Ctrl Pts',(3.11562011688948,-8.45,36.8450894236565));
#6819=CARTESIAN_POINT('Ctrl Pts',(3.11562011688948,-8.4501,36.8450894236565));
#6820=CARTESIAN_POINT('Ctrl Pts',(3.13800600416451,-8.45,36.879054501601));
#6821=CARTESIAN_POINT('Ctrl Pts',(3.13800600416451,-8.4501,36.879054501601));
#6822=CARTESIAN_POINT('Ctrl Pts',(3.18455041879668,-8.45,36.9496742028192));
#6823=CARTESIAN_POINT('Ctrl Pts',(3.18455041879668,-8.4501,36.9496742028192));
#6824=CARTESIAN_POINT('Ctrl Pts',(3.24155666321099,-8.45,37.0121725197189));
#6825=CARTESIAN_POINT('Ctrl Pts',(3.24155666321099,-8.4501,37.0121725197189));
#6826=CARTESIAN_POINT('Ctrl Pts',(3.27114532440901,-8.45,37.0446117997169));
#6827=CARTESIAN_POINT('Ctrl Pts',(3.27114532440901,-8.4501,37.0446117997169));
#6828=CARTESIAN_POINT('',(3.11562011688948,-8.45,36.8450894236565));
#6829=CARTESIAN_POINT('Ctrl Pts',(3.27114532440901,-8.45,37.0446117997169));
#6830=CARTESIAN_POINT('Ctrl Pts',(3.24155666321099,-8.45,37.0121725197189));
#6831=CARTESIAN_POINT('Ctrl Pts',(3.18455041879668,-8.45,36.9496742028192));
#6832=CARTESIAN_POINT('Ctrl Pts',(3.13800600416451,-8.45,36.879054501601));
#6833=CARTESIAN_POINT('Ctrl Pts',(3.11562011688948,-8.45,36.8450894236565));
#6834=CARTESIAN_POINT('',(3.11562011688948,-8.4501,36.8450894236565));
#6835=CARTESIAN_POINT('Ctrl Pts',(3.11562011688948,-8.4501,36.8450894236565));
#6836=CARTESIAN_POINT('Ctrl Pts',(3.13800600416451,-8.4501,36.879054501601));
#6837=CARTESIAN_POINT('Ctrl Pts',(3.18455041879668,-8.4501,36.9496742028192));
#6838=CARTESIAN_POINT('Ctrl Pts',(3.24155666321099,-8.4501,37.0121725197189));
#6839=CARTESIAN_POINT('Ctrl Pts',(3.27114532440901,-8.4501,37.0446117997169));
#6840=CARTESIAN_POINT('',(3.11562011688948,-8.45,36.8450894236565));
#6841=CARTESIAN_POINT('Origin',(4.58697030991316,-8.45,36.8450894236565));
#6842=CARTESIAN_POINT('',(3.11562011688948,-8.45,36.8450894236565));
#6843=CARTESIAN_POINT('',(3.11562011688948,-8.4501,36.8450894236565));
#6844=CARTESIAN_POINT('Origin',(-7.94231886924734E-7,-8.4501,35.6305595517158));
#6845=CARTESIAN_POINT('Origin',(-7.94231886924734E-7,-8.45,35.6305595517158));
#6846=CARTESIAN_POINT('Origin',(2.25613902062178,-8.45,36.4910646557808));
#6847=CARTESIAN_POINT('',(2.25613902062178,-8.45,36.8450894236565));
#6848=CARTESIAN_POINT('',(2.25613902062178,-8.45,36.4910646557808));
#6849=CARTESIAN_POINT('',(2.25613902062178,-8.45,36.8450894236565));
#6850=CARTESIAN_POINT('',(2.25613902062178,-8.4501,36.8450894236565));
#6851=CARTESIAN_POINT('',(2.25613902062178,-8.45,36.8450894236565));
#6852=CARTESIAN_POINT('',(2.25613902062178,-8.4501,36.4910646557808));
#6853=CARTESIAN_POINT('',(2.25613902062178,-8.4501,36.8450894236565));
#6854=CARTESIAN_POINT('',(2.25613902062178,-8.45,36.4910646557808));
#6855=CARTESIAN_POINT('Origin',(0.273192624747758,-8.45,36.4910646557808));
#6856=CARTESIAN_POINT('',(0.273192624747758,-8.45,36.4910646557808));
#6857=CARTESIAN_POINT('',(2.25613902062178,-8.45,36.4910646557808));
#6858=CARTESIAN_POINT('',(0.273192624747758,-8.4501,36.4910646557808));
#6859=CARTESIAN_POINT('',(2.25613902062178,-8.4501,36.4910646557808));
#6860=CARTESIAN_POINT('',(0.273192624747758,-8.45,36.4910646557808));
#6861=CARTESIAN_POINT('Ctrl Pts',(0.316166381537919,-8.45,36.746862757206));
#6862=CARTESIAN_POINT('Ctrl Pts',(0.316166381537919,-8.4501,36.746862757206));
#6863=CARTESIAN_POINT('Ctrl Pts',(0.302610935906278,-8.45,36.705440738516));
#6864=CARTESIAN_POINT('Ctrl Pts',(0.302610935906278,-8.4501,36.705440738516));
#6865=CARTESIAN_POINT('Ctrl Pts',(0.275416347379782,-8.45,36.6223409434357));
#6866=CARTESIAN_POINT('Ctrl Pts',(0.275416347379782,-8.4501,36.6223409434357));
#6867=CARTESIAN_POINT('Ctrl Pts',(0.273935384953132,-8.45,36.534913111058));
#6868=CARTESIAN_POINT('Ctrl Pts',(0.273935384953132,-8.4501,36.534913111058));
#6869=CARTESIAN_POINT('Ctrl Pts',(0.273192624747758,-8.45,36.4910646557808));
#6870=CARTESIAN_POINT('Ctrl Pts',(0.273192624747758,-8.4501,36.4910646557808));
#6871=CARTESIAN_POINT('',(0.316166381537919,-8.45,36.746862757206));
#6872=CARTESIAN_POINT('Ctrl Pts',(0.273192624747758,-8.45,36.4910646557808));
#6873=CARTESIAN_POINT('Ctrl Pts',(0.273935384953132,-8.45,36.534913111058));
#6874=CARTESIAN_POINT('Ctrl Pts',(0.275416347379782,-8.45,36.6223409434357));
#6875=CARTESIAN_POINT('Ctrl Pts',(0.302610935906278,-8.45,36.705440738516));
#6876=CARTESIAN_POINT('Ctrl Pts',(0.316166381537919,-8.45,36.746862757206));
#6877=CARTESIAN_POINT('',(0.316166381537919,-8.4501,36.746862757206));
#6878=CARTESIAN_POINT('Ctrl Pts',(0.316166381537919,-8.4501,36.746862757206));
#6879=CARTESIAN_POINT('Ctrl Pts',(0.302610935906278,-8.4501,36.705440738516));
#6880=CARTESIAN_POINT('Ctrl Pts',(0.275416347379782,-8.4501,36.6223409434357));
#6881=CARTESIAN_POINT('Ctrl Pts',(0.273935384953132,-8.4501,36.534913111058));
#6882=CARTESIAN_POINT('Ctrl Pts',(0.273192624747758,-8.4501,36.4910646557808));
#6883=CARTESIAN_POINT('',(0.316166381537919,-8.45,36.746862757206));
#6884=CARTESIAN_POINT('Ctrl Pts',(0.558663110435014,-8.45,37.1459075093269));
#6885=CARTESIAN_POINT('Ctrl Pts',(0.558663110435014,-8.4501,37.1459075093269));
#6886=CARTESIAN_POINT('Ctrl Pts',(0.507496489221997,-8.45,37.0818163069034));
#6887=CARTESIAN_POINT('Ctrl Pts',(0.507496489221997,-8.4501,37.0818163069034));
#6888=CARTESIAN_POINT('Ctrl Pts',(0.4095403269719,-8.45,36.9591166235049));
#6889=CARTESIAN_POINT('Ctrl Pts',(0.4095403269719,-8.4501,36.9591166235049));
#6890=CARTESIAN_POINT('Ctrl Pts',(0.346349827073495,-8.45,36.8154745416108));
#6891=CARTESIAN_POINT('Ctrl Pts',(0.346349827073495,-8.4501,36.8154745416108));
#6892=CARTESIAN_POINT('Ctrl Pts',(0.316166381537919,-8.45,36.746862757206));
#6893=CARTESIAN_POINT('Ctrl Pts',(0.316166381537919,-8.4501,36.746862757206));
#6894=CARTESIAN_POINT('',(0.558663110435014,-8.45,37.1459075093269));
#6895=CARTESIAN_POINT('Ctrl Pts',(0.316166381537919,-8.45,36.746862757206));
#6896=CARTESIAN_POINT('Ctrl Pts',(0.346349827073495,-8.45,36.8154745416108));
#6897=CARTESIAN_POINT('Ctrl Pts',(0.4095403269719,-8.45,36.9591166235049));
#6898=CARTESIAN_POINT('Ctrl Pts',(0.507496489221997,-8.45,37.0818163069034));
#6899=CARTESIAN_POINT('Ctrl Pts',(0.558663110435014,-8.45,37.1459075093269));
#6900=CARTESIAN_POINT('',(0.558663110435014,-8.4501,37.1459075093269));
#6901=CARTESIAN_POINT('Ctrl Pts',(0.558663110435014,-8.4501,37.1459075093269));
#6902=CARTESIAN_POINT('Ctrl Pts',(0.507496489221997,-8.4501,37.0818163069034));
#6903=CARTESIAN_POINT('Ctrl Pts',(0.4095403269719,-8.4501,36.9591166235049));
#6904=CARTESIAN_POINT('Ctrl Pts',(0.346349827073495,-8.4501,36.8154745416108));
#6905=CARTESIAN_POINT('Ctrl Pts',(0.316166381537919,-8.4501,36.746862757206));
#6906=CARTESIAN_POINT('',(0.558663110435014,-8.45,37.1459075093269));
#6907=CARTESIAN_POINT('Ctrl Pts',(1.04058692902327,-8.45,37.6002051711082));
#6908=CARTESIAN_POINT('Ctrl Pts',(1.04058692902327,-8.4501,37.6002051711082));
#6909=CARTESIAN_POINT('Ctrl Pts',(0.945843649439837,-8.45,37.5215356843735));
#6910=CARTESIAN_POINT('Ctrl Pts',(0.945843649439837,-8.4501,37.5215356843735));
#6911=CARTESIAN_POINT('Ctrl Pts',(0.775607574615631,-8.45,37.3801812295876));
#6912=CARTESIAN_POINT('Ctrl Pts',(0.775607574615631,-8.4501,37.3801812295876));
#6913=CARTESIAN_POINT('Ctrl Pts',(0.625312763805721,-8.45,37.2178810547604));
#6914=CARTESIAN_POINT('Ctrl Pts',(0.625312763805721,-8.4501,37.2178810547604));
#6915=CARTESIAN_POINT('Ctrl Pts',(0.558663110435014,-8.45,37.1459075093269));
#6916=CARTESIAN_POINT('Ctrl Pts',(0.558663110435014,-8.4501,37.1459075093269));
#6917=CARTESIAN_POINT('',(1.04058692902327,-8.45,37.6002051711082));
#6918=CARTESIAN_POINT('Ctrl Pts',(0.558663110435014,-8.45,37.1459075093269));
#6919=CARTESIAN_POINT('Ctrl Pts',(0.625312763805721,-8.45,37.2178810547604));
#6920=CARTESIAN_POINT('Ctrl Pts',(0.775607574615631,-8.45,37.3801812295876));
#6921=CARTESIAN_POINT('Ctrl Pts',(0.945843649439837,-8.45,37.5215356843735));
#6922=CARTESIAN_POINT('Ctrl Pts',(1.04058692902327,-8.45,37.6002051711082));
#6923=CARTESIAN_POINT('',(1.04058692902327,-8.4501,37.6002051711082));
#6924=CARTESIAN_POINT('Ctrl Pts',(1.04058692902327,-8.4501,37.6002051711082));
#6925=CARTESIAN_POINT('Ctrl Pts',(0.945843649439837,-8.4501,37.5215356843735));
#6926=CARTESIAN_POINT('Ctrl Pts',(0.775607574615631,-8.4501,37.3801812295876));
#6927=CARTESIAN_POINT('Ctrl Pts',(0.625312763805721,-8.4501,37.2178810547604));
#6928=CARTESIAN_POINT('Ctrl Pts',(0.558663110435014,-8.4501,37.1459075093269));
#6929=CARTESIAN_POINT('',(1.04058692902327,-8.45,37.6002051711082));
#6930=CARTESIAN_POINT('Ctrl Pts',(1.70156906098128,-8.45,38.2356079697609));
#6931=CARTESIAN_POINT('Ctrl Pts',(1.70156906098128,-8.4501,38.2356079697609));
#6932=CARTESIAN_POINT('Ctrl Pts',(1.61982853267459,-8.45,38.1415783849692));
#6933=CARTESIAN_POINT('Ctrl Pts',(1.61982853267459,-8.4501,38.1415783849692));
#6934=CARTESIAN_POINT('Ctrl Pts',(1.41870485841595,-8.45,37.9102173211973));
#6935=CARTESIAN_POINT('Ctrl Pts',(1.41870485841595,-8.4501,37.9102173211973));
#6936=CARTESIAN_POINT('Ctrl Pts',(1.18142919853278,-8.45,37.7156792372659));
#6937=CARTESIAN_POINT('Ctrl Pts',(1.18142919853278,-8.4501,37.7156792372659));
#6938=CARTESIAN_POINT('Ctrl Pts',(1.04058692902327,-8.45,37.6002051711082));
#6939=CARTESIAN_POINT('Ctrl Pts',(1.04058692902327,-8.4501,37.6002051711082));
#6940=CARTESIAN_POINT('',(1.70156906098128,-8.45,38.2356079697609));
#6941=CARTESIAN_POINT('Ctrl Pts',(1.04058692902327,-8.45,37.6002051711082));
#6942=CARTESIAN_POINT('Ctrl Pts',(1.18142919853278,-8.45,37.7156792372659));
#6943=CARTESIAN_POINT('Ctrl Pts',(1.41870485841595,-8.45,37.9102173211973));
#6944=CARTESIAN_POINT('Ctrl Pts',(1.61982853267459,-8.45,38.1415783849692));
#6945=CARTESIAN_POINT('Ctrl Pts',(1.70156906098128,-8.45,38.2356079697609));
#6946=CARTESIAN_POINT('',(1.70156906098128,-8.4501,38.2356079697609));
#6947=CARTESIAN_POINT('Ctrl Pts',(1.70156906098128,-8.4501,38.2356079697609));
#6948=CARTESIAN_POINT('Ctrl Pts',(1.61982853267459,-8.4501,38.1415783849692));
#6949=CARTESIAN_POINT('Ctrl Pts',(1.41870485841595,-8.4501,37.9102173211973));
#6950=CARTESIAN_POINT('Ctrl Pts',(1.18142919853278,-8.4501,37.7156792372659));
#6951=CARTESIAN_POINT('Ctrl Pts',(1.04058692902327,-8.4501,37.6002051711082));
#6952=CARTESIAN_POINT('',(1.70156906098128,-8.45,38.2356079697609));
#6953=CARTESIAN_POINT('Ctrl Pts',(1.87346528023482,-8.45,38.6786498904228));
#6954=CARTESIAN_POINT('Ctrl Pts',(1.87346528023482,-8.4501,38.6786498904228));
#6955=CARTESIAN_POINT('Ctrl Pts',(1.86408198770934,-8.45,38.6051038842524));
#6956=CARTESIAN_POINT('Ctrl Pts',(1.86408198770934,-8.4501,38.6051038842524));
#6957=CARTESIAN_POINT('Ctrl Pts',(1.84349861237224,-8.45,38.4437719162423));
#6958=CARTESIAN_POINT('Ctrl Pts',(1.84349861237224,-8.4501,38.4437719162423));
#6959=CARTESIAN_POINT('Ctrl Pts',(1.75158321367533,-8.45,38.3089622733762));
#6960=CARTESIAN_POINT('Ctrl Pts',(1.75158321367533,-8.4501,38.3089622733762));
#6961=CARTESIAN_POINT('Ctrl Pts',(1.70156906098128,-8.45,38.2356079697609));
#6962=CARTESIAN_POINT('Ctrl Pts',(1.70156906098128,-8.4501,38.2356079697609));
#6963=CARTESIAN_POINT('',(1.87346528023482,-8.45,38.6786498904228));
#6964=CARTESIAN_POINT('Ctrl Pts',(1.70156906098128,-8.45,38.2356079697609));
#6965=CARTESIAN_POINT('Ctrl Pts',(1.75158321367533,-8.45,38.3089622733762));
#6966=CARTESIAN_POINT('Ctrl Pts',(1.84349861237224,-8.45,38.4437719162423));
#6967=CARTESIAN_POINT('Ctrl Pts',(1.86408198770934,-8.45,38.6051038842524));
#6968=CARTESIAN_POINT('Ctrl Pts',(1.87346528023482,-8.45,38.6786498904228));
#6969=CARTESIAN_POINT('',(1.87346528023482,-8.4501,38.6786498904228));
#6970=CARTESIAN_POINT('Ctrl Pts',(1.87346528023482,-8.4501,38.6786498904228));
#6971=CARTESIAN_POINT('Ctrl Pts',(1.86408198770934,-8.4501,38.6051038842524));
#6972=CARTESIAN_POINT('Ctrl Pts',(1.84349861237224,-8.4501,38.4437719162423));
#6973=CARTESIAN_POINT('Ctrl Pts',(1.75158321367533,-8.4501,38.3089622733762));
#6974=CARTESIAN_POINT('Ctrl Pts',(1.70156906098128,-8.4501,38.2356079697609));
#6975=CARTESIAN_POINT('',(1.87346528023482,-8.45,38.6786498904228));
#6976=CARTESIAN_POINT('Ctrl Pts',(1.71691606491805,-8.45,39.0480228543282));
#6977=CARTESIAN_POINT('Ctrl Pts',(1.71691606491805,-8.4501,39.0480228543282));
#6978=CARTESIAN_POINT('Ctrl Pts',(1.76257602787516,-8.45,38.994941768248));
#6979=CARTESIAN_POINT('Ctrl Pts',(1.76257602787516,-8.4501,38.994941768248));
#6980=CARTESIAN_POINT('Ctrl Pts',(1.85411727222908,-8.45,38.8885223067167));
#6981=CARTESIAN_POINT('Ctrl Pts',(1.85411727222908,-8.4501,38.8885223067167));
#6982=CARTESIAN_POINT('Ctrl Pts',(1.86700555760252,-8.45,38.7487200287557));
#6983=CARTESIAN_POINT('Ctrl Pts',(1.86700555760252,-8.4501,38.7487200287557));
#6984=CARTESIAN_POINT('Ctrl Pts',(1.87346528023482,-8.45,38.6786498904228));
#6985=CARTESIAN_POINT('Ctrl Pts',(1.87346528023482,-8.4501,38.6786498904228));
#6986=CARTESIAN_POINT('',(1.71691606491805,-8.45,39.0480228543282));
#6987=CARTESIAN_POINT('Ctrl Pts',(1.87346528023482,-8.45,38.6786498904228));
#6988=CARTESIAN_POINT('Ctrl Pts',(1.86700555760252,-8.45,38.7487200287557));
#6989=CARTESIAN_POINT('Ctrl Pts',(1.85411727222908,-8.45,38.8885223067167));
#6990=CARTESIAN_POINT('Ctrl Pts',(1.76257602787516,-8.45,38.994941768248));
#6991=CARTESIAN_POINT('Ctrl Pts',(1.71691606491805,-8.45,39.0480228543282));
#6992=CARTESIAN_POINT('',(1.71691606491805,-8.4501,39.0480228543282));
#6993=CARTESIAN_POINT('Ctrl Pts',(1.71691606491805,-8.4501,39.0480228543282));
#6994=CARTESIAN_POINT('Ctrl Pts',(1.76257602787516,-8.4501,38.994941768248));
#6995=CARTESIAN_POINT('Ctrl Pts',(1.85411727222908,-8.4501,38.8885223067167));
#6996=CARTESIAN_POINT('Ctrl Pts',(1.86700555760252,-8.4501,38.7487200287557));
#6997=CARTESIAN_POINT('Ctrl Pts',(1.87346528023482,-8.4501,38.6786498904228));
#6998=CARTESIAN_POINT('',(1.71691606491805,-8.45,39.0480228543282));
#6999=CARTESIAN_POINT('Ctrl Pts',(1.30866239517928,-8.45,39.1984315991402));
#7000=CARTESIAN_POINT('Ctrl Pts',(1.30866239517928,-8.4501,39.1984315991402));
#7001=CARTESIAN_POINT('Ctrl Pts',(1.38741776591712,-8.45,39.1932641488727));
#7002=CARTESIAN_POINT('Ctrl Pts',(1.38741776591712,-8.4501,39.1932641488727));
#7003=CARTESIAN_POINT('Ctrl Pts',(1.53869480602689,-8.45,39.1833382660527));
#7004=CARTESIAN_POINT('Ctrl Pts',(1.53869480602689,-8.4501,39.1833382660527));
#7005=CARTESIAN_POINT('Ctrl Pts',(1.65916370681783,-8.45,39.0918716306359));
#7006=CARTESIAN_POINT('Ctrl Pts',(1.65916370681783,-8.4501,39.0918716306359));
#7007=CARTESIAN_POINT('Ctrl Pts',(1.71691606491805,-8.45,39.0480228543282));
#7008=CARTESIAN_POINT('Ctrl Pts',(1.71691606491805,-8.4501,39.0480228543282));
#7009=CARTESIAN_POINT('',(1.30866239517928,-8.45,39.1984315991402));
#7010=CARTESIAN_POINT('Ctrl Pts',(1.71691606491805,-8.45,39.0480228543282));
#7011=CARTESIAN_POINT('Ctrl Pts',(1.65916370681783,-8.45,39.0918716306359));
#7012=CARTESIAN_POINT('Ctrl Pts',(1.53869480602689,-8.45,39.1833382660527));
#7013=CARTESIAN_POINT('Ctrl Pts',(1.38741776591712,-8.45,39.1932641488727));
#7014=CARTESIAN_POINT('Ctrl Pts',(1.30866239517928,-8.45,39.1984315991402));
#7015=CARTESIAN_POINT('',(1.30866239517928,-8.4501,39.1984315991402));
#7016=CARTESIAN_POINT('Ctrl Pts',(1.30866239517928,-8.4501,39.1984315991402));
#7017=CARTESIAN_POINT('Ctrl Pts',(1.38741776591712,-8.4501,39.1932641488727));
#7018=CARTESIAN_POINT('Ctrl Pts',(1.53869480602689,-8.4501,39.1833382660527));
#7019=CARTESIAN_POINT('Ctrl Pts',(1.65916370681783,-8.4501,39.0918716306359));
#7020=CARTESIAN_POINT('Ctrl Pts',(1.71691606491805,-8.4501,39.0480228543282));
#7021=CARTESIAN_POINT('',(1.30866239517928,-8.45,39.1984315991402));
#7022=CARTESIAN_POINT('Ctrl Pts',(0.883014898002152,-8.45,39.0388139367104));
#7023=CARTESIAN_POINT('Ctrl Pts',(0.883014898002152,-8.4501,39.0388139367104));
#7024=CARTESIAN_POINT('Ctrl Pts',(0.942532589999665,-8.45,39.0853423248888));
#7025=CARTESIAN_POINT('Ctrl Pts',(0.942532589999665,-8.4501,39.0853423248888));
#7026=CARTESIAN_POINT('Ctrl Pts',(1.06730761036512,-8.45,39.1828861036829));
#7027=CARTESIAN_POINT('Ctrl Pts',(1.06730761036512,-8.4501,39.1828861036829));
#7028=CARTESIAN_POINT('Ctrl Pts',(1.22578088289587,-8.45,39.1930932580185));
#7029=CARTESIAN_POINT('Ctrl Pts',(1.22578088289587,-8.4501,39.1930932580185));
#7030=CARTESIAN_POINT('Ctrl Pts',(1.30866239517928,-8.45,39.1984315991402));
#7031=CARTESIAN_POINT('Ctrl Pts',(1.30866239517928,-8.4501,39.1984315991402));
#7032=CARTESIAN_POINT('',(0.883014898002152,-8.45,39.0388139367104));
#7033=CARTESIAN_POINT('Ctrl Pts',(1.30866239517928,-8.45,39.1984315991402));
#7034=CARTESIAN_POINT('Ctrl Pts',(1.22578088289587,-8.45,39.1930932580185));
#7035=CARTESIAN_POINT('Ctrl Pts',(1.06730761036512,-8.45,39.1828861036829));
#7036=CARTESIAN_POINT('Ctrl Pts',(0.942532589999665,-8.45,39.0853423248888));
#7037=CARTESIAN_POINT('Ctrl Pts',(0.883014898002152,-8.45,39.0388139367104));
#7038=CARTESIAN_POINT('',(0.883014898002152,-8.4501,39.0388139367104));
#7039=CARTESIAN_POINT('Ctrl Pts',(0.883014898002152,-8.4501,39.0388139367104));
#7040=CARTESIAN_POINT('Ctrl Pts',(0.942532589999665,-8.4501,39.0853423248888));
#7041=CARTESIAN_POINT('Ctrl Pts',(1.06730761036512,-8.4501,39.1828861036829));
#7042=CARTESIAN_POINT('Ctrl Pts',(1.22578088289587,-8.4501,39.1930932580185));
#7043=CARTESIAN_POINT('Ctrl Pts',(1.30866239517928,-8.4501,39.1984315991402));
#7044=CARTESIAN_POINT('',(0.883014898002152,-8.45,39.0388139367104));
#7045=CARTESIAN_POINT('Ctrl Pts',(0.721350412070756,-8.45,38.5967942357063));
#7046=CARTESIAN_POINT('Ctrl Pts',(0.721350412070756,-8.4501,38.5967942357063));
#7047=CARTESIAN_POINT('Ctrl Pts',(0.726770232821907,-8.45,38.6838870023856));
#7048=CARTESIAN_POINT('Ctrl Pts',(0.726770232821907,-8.4501,38.6838870023856));
#7049=CARTESIAN_POINT('Ctrl Pts',(0.736972773800064,-8.45,38.8478347714622));
#7050=CARTESIAN_POINT('Ctrl Pts',(0.736972773800064,-8.4501,38.8478347714622));
#7051=CARTESIAN_POINT('Ctrl Pts',(0.836403857203218,-8.45,38.9778607171392));
#7052=CARTESIAN_POINT('Ctrl Pts',(0.836403857203218,-8.4501,38.9778607171392));
#7053=CARTESIAN_POINT('Ctrl Pts',(0.883014898002152,-8.45,39.0388139367104));
#7054=CARTESIAN_POINT('Ctrl Pts',(0.883014898002152,-8.4501,39.0388139367104));
#7055=CARTESIAN_POINT('',(0.721350412070756,-8.45,38.5967942357063));
#7056=CARTESIAN_POINT('Ctrl Pts',(0.883014898002152,-8.45,39.0388139367104));
#7057=CARTESIAN_POINT('Ctrl Pts',(0.836403857203218,-8.45,38.9778607171392));
#7058=CARTESIAN_POINT('Ctrl Pts',(0.736972773800064,-8.45,38.8478347714622));
#7059=CARTESIAN_POINT('Ctrl Pts',(0.726770232821907,-8.45,38.6838870023856));
#7060=CARTESIAN_POINT('Ctrl Pts',(0.721350412070756,-8.45,38.5967942357063));
#7061=CARTESIAN_POINT('',(0.721350412070756,-8.4501,38.5967942357063));
#7062=CARTESIAN_POINT('Ctrl Pts',(0.721350412070756,-8.4501,38.5967942357063));
#7063=CARTESIAN_POINT('Ctrl Pts',(0.726770232821907,-8.4501,38.6838870023856));
#7064=CARTESIAN_POINT('Ctrl Pts',(0.736972773800064,-8.4501,38.8478347714622));
#7065=CARTESIAN_POINT('Ctrl Pts',(0.836403857203218,-8.4501,38.9778607171392));
#7066=CARTESIAN_POINT('Ctrl Pts',(0.883014898002152,-8.4501,39.0388139367104));
#7067=CARTESIAN_POINT('',(0.721350412070756,-8.45,38.5967942357063));
#7068=CARTESIAN_POINT('Origin',(0.342769126594071,-8.45,38.6356755375862));
#7069=CARTESIAN_POINT('',(0.342769126594071,-8.45,38.6356755375862));
#7070=CARTESIAN_POINT('',(0.721350412070756,-8.45,38.5967942357063));
#7071=CARTESIAN_POINT('',(0.342769126594071,-8.4501,38.6356755375862));
#7072=CARTESIAN_POINT('',(0.721350412070756,-8.4501,38.5967942357063));
#7073=CARTESIAN_POINT('',(0.342769126594071,-8.45,38.6356755375862));
#7074=CARTESIAN_POINT('Ctrl Pts',(0.635401706397538,-8.45,39.2813106656074));
#7075=CARTESIAN_POINT('Ctrl Pts',(0.635401706397538,-8.4501,39.2813106656074));
#7076=CARTESIAN_POINT('Ctrl Pts',(0.559474015870407,-8.45,39.1948374820848));
#7077=CARTESIAN_POINT('Ctrl Pts',(0.559474015870407,-8.4501,39.1948374820848));
#7078=CARTESIAN_POINT('Ctrl Pts',(0.397161435894224,-8.45,39.0099815300747));
#7079=CARTESIAN_POINT('Ctrl Pts',(0.397161435894224,-8.4501,39.0099815300747));
#7080=CARTESIAN_POINT('Ctrl Pts',(0.361662256615183,-8.45,38.765690458349));
#7081=CARTESIAN_POINT('Ctrl Pts',(0.361662256615183,-8.4501,38.765690458349));
#7082=CARTESIAN_POINT('Ctrl Pts',(0.342769126594071,-8.45,38.6356755375862));
#7083=CARTESIAN_POINT('Ctrl Pts',(0.342769126594071,-8.4501,38.6356755375862));
#7084=CARTESIAN_POINT('',(0.635401706397538,-8.45,39.2813106656074));
#7085=CARTESIAN_POINT('Ctrl Pts',(0.342769126594071,-8.45,38.6356755375862));
#7086=CARTESIAN_POINT('Ctrl Pts',(0.361662256615183,-8.45,38.765690458349));
#7087=CARTESIAN_POINT('Ctrl Pts',(0.397161435894224,-8.45,39.0099815300747));
#7088=CARTESIAN_POINT('Ctrl Pts',(0.559474015870407,-8.45,39.1948374820848));
#7089=CARTESIAN_POINT('Ctrl Pts',(0.635401706397538,-8.45,39.2813106656074));
#7090=CARTESIAN_POINT('',(0.635401706397538,-8.4501,39.2813106656074));
#7091=CARTESIAN_POINT('Ctrl Pts',(0.635401706397538,-8.4501,39.2813106656074));
#7092=CARTESIAN_POINT('Ctrl Pts',(0.559474015870407,-8.4501,39.1948374820848));
#7093=CARTESIAN_POINT('Ctrl Pts',(0.397161435894224,-8.4501,39.0099815300747));
#7094=CARTESIAN_POINT('Ctrl Pts',(0.361662256615183,-8.4501,38.765690458349));
#7095=CARTESIAN_POINT('Ctrl Pts',(0.342769126594071,-8.4501,38.6356755375862));
#7096=CARTESIAN_POINT('',(0.635401706397538,-8.45,39.2813106656074));
#7097=CARTESIAN_POINT('Ctrl Pts',(1.31684849709273,-8.45,39.5033427357674));
#7098=CARTESIAN_POINT('Ctrl Pts',(1.31684849709273,-8.4501,39.5033427357674));
#7099=CARTESIAN_POINT('Ctrl Pts',(1.18473665391248,-8.45,39.4967545831317));
#7100=CARTESIAN_POINT('Ctrl Pts',(1.18473665391248,-8.4501,39.4967545831317));
#7101=CARTESIAN_POINT('Ctrl Pts',(0.936675584442637,-8.45,39.4843842751464));
#7102=CARTESIAN_POINT('Ctrl Pts',(0.936675584442637,-8.4501,39.4843842751464));
#7103=CARTESIAN_POINT('Ctrl Pts',(0.731367324588956,-8.45,39.3459962752734));
#7104=CARTESIAN_POINT('Ctrl Pts',(0.731367324588956,-8.4501,39.3459962752734));
#7105=CARTESIAN_POINT('Ctrl Pts',(0.635401706397538,-8.45,39.2813106656074));
#7106=CARTESIAN_POINT('Ctrl Pts',(0.635401706397538,-8.4501,39.2813106656074));
#7107=CARTESIAN_POINT('',(1.31684849709273,-8.45,39.5033427357674));
#7108=CARTESIAN_POINT('Ctrl Pts',(0.635401706397538,-8.45,39.2813106656074));
#7109=CARTESIAN_POINT('Ctrl Pts',(0.731367324588956,-8.45,39.3459962752734));
#7110=CARTESIAN_POINT('Ctrl Pts',(0.936675584442637,-8.45,39.4843842751464));
#7111=CARTESIAN_POINT('Ctrl Pts',(1.18473665391248,-8.45,39.4967545831317));
#7112=CARTESIAN_POINT('Ctrl Pts',(1.31684849709273,-8.45,39.5033427357674));
#7113=CARTESIAN_POINT('',(1.31684849709273,-8.4501,39.5033427357674));
#7114=CARTESIAN_POINT('Ctrl Pts',(1.31684849709273,-8.4501,39.5033427357674));
#7115=CARTESIAN_POINT('Ctrl Pts',(1.18473665391248,-8.4501,39.4967545831317));
#7116=CARTESIAN_POINT('Ctrl Pts',(0.936675584442637,-8.4501,39.4843842751464));
#7117=CARTESIAN_POINT('Ctrl Pts',(0.731367324588956,-8.4501,39.3459962752734));
#7118=CARTESIAN_POINT('Ctrl Pts',(0.635401706397538,-8.4501,39.2813106656074));
#7119=CARTESIAN_POINT('',(1.31684849709273,-8.45,39.5033427357674));
#7120=CARTESIAN_POINT('Ctrl Pts',(2.00034091919661,-8.45,39.2639156460762));
#7121=CARTESIAN_POINT('Ctrl Pts',(2.00034091919661,-8.4501,39.2639156460762));
#7122=CARTESIAN_POINT('Ctrl Pts',(1.90503616053335,-8.45,39.3336800481348));
#7123=CARTESIAN_POINT('Ctrl Pts',(1.90503616053335,-8.4501,39.3336800481348));
#7124=CARTESIAN_POINT('Ctrl Pts',(1.70218782829539,-8.45,39.4821678341137));
#7125=CARTESIAN_POINT('Ctrl Pts',(1.70218782829539,-8.4501,39.4821678341137));
#7126=CARTESIAN_POINT('Ctrl Pts',(1.45035960978725,-8.45,39.4960061250141));
#7127=CARTESIAN_POINT('Ctrl Pts',(1.45035960978725,-8.4501,39.4960061250141));
#7128=CARTESIAN_POINT('Ctrl Pts',(1.31684849709273,-8.45,39.5033427357674));
#7129=CARTESIAN_POINT('Ctrl Pts',(1.31684849709273,-8.4501,39.5033427357674));
#7130=CARTESIAN_POINT('',(2.00034091919661,-8.45,39.2639156460762));
#7131=CARTESIAN_POINT('Ctrl Pts',(1.31684849709273,-8.45,39.5033427357674));
#7132=CARTESIAN_POINT('Ctrl Pts',(1.45035960978725,-8.45,39.4960061250141));
#7133=CARTESIAN_POINT('Ctrl Pts',(1.70218782829539,-8.45,39.4821678341137));
#7134=CARTESIAN_POINT('Ctrl Pts',(1.90503616053335,-8.45,39.3336800481348));
#7135=CARTESIAN_POINT('Ctrl Pts',(2.00034091919661,-8.45,39.2639156460762));
#7136=CARTESIAN_POINT('',(2.00034091919661,-8.4501,39.2639156460762));
#7137=CARTESIAN_POINT('Ctrl Pts',(2.00034091919661,-8.4501,39.2639156460762));
#7138=CARTESIAN_POINT('Ctrl Pts',(1.90503616053335,-8.4501,39.3336800481348));
#7139=CARTESIAN_POINT('Ctrl Pts',(1.70218782829539,-8.4501,39.4821678341137));
#7140=CARTESIAN_POINT('Ctrl Pts',(1.45035960978725,-8.4501,39.4960061250141));
#7141=CARTESIAN_POINT('Ctrl Pts',(1.31684849709273,-8.4501,39.5033427357674));
#7142=CARTESIAN_POINT('',(2.00034091919661,-8.45,39.2639156460762));
#7143=CARTESIAN_POINT('Ctrl Pts',(2.2520465657115,-8.45,38.6704643845558));
#7144=CARTESIAN_POINT('Ctrl Pts',(2.2520465657115,-8.4501,38.6704643845558));
#7145=CARTESIAN_POINT('Ctrl Pts',(2.24178537728382,-8.45,38.7834813538377));
#7146=CARTESIAN_POINT('Ctrl Pts',(2.24178537728382,-8.4501,38.7834813538377));
#7147=CARTESIAN_POINT('Ctrl Pts',(2.22137221059162,-8.45,39.0083124491109));
#7148=CARTESIAN_POINT('Ctrl Pts',(2.22137221059162,-8.4501,39.0083124491109));
#7149=CARTESIAN_POINT('Ctrl Pts',(2.07375476589024,-8.45,39.1790190063381));
#7150=CARTESIAN_POINT('Ctrl Pts',(2.07375476589024,-8.4501,39.1790190063381));
#7151=CARTESIAN_POINT('Ctrl Pts',(2.00034091919661,-8.45,39.2639156460762));
#7152=CARTESIAN_POINT('Ctrl Pts',(2.00034091919661,-8.4501,39.2639156460762));
#7153=CARTESIAN_POINT('',(2.2520465657115,-8.45,38.6704643845558));
#7154=CARTESIAN_POINT('Ctrl Pts',(2.00034091919661,-8.45,39.2639156460762));
#7155=CARTESIAN_POINT('Ctrl Pts',(2.07375476589024,-8.45,39.1790190063381));
#7156=CARTESIAN_POINT('Ctrl Pts',(2.22137221059162,-8.45,39.0083124491109));
#7157=CARTESIAN_POINT('Ctrl Pts',(2.24178537728382,-8.45,38.7834813538377));
#7158=CARTESIAN_POINT('Ctrl Pts',(2.2520465657115,-8.45,38.6704643845558));
#7159=CARTESIAN_POINT('',(2.2520465657115,-8.4501,38.6704643845558));
#7160=CARTESIAN_POINT('Ctrl Pts',(2.2520465657115,-8.4501,38.6704643845558));
#7161=CARTESIAN_POINT('Ctrl Pts',(2.24178537728382,-8.4501,38.7834813538377));
#7162=CARTESIAN_POINT('Ctrl Pts',(2.22137221059162,-8.4501,39.0083124491109));
#7163=CARTESIAN_POINT('Ctrl Pts',(2.07375476589024,-8.4501,39.1790190063381));
#7164=CARTESIAN_POINT('Ctrl Pts',(2.00034091919661,-8.4501,39.2639156460762));
#7165=CARTESIAN_POINT('',(2.2520465657115,-8.45,38.6704643845558));
#7166=CARTESIAN_POINT('Ctrl Pts',(2.17837641686202,-8.45,38.3164402127266));
#7167=CARTESIAN_POINT('Ctrl Pts',(2.17837641686202,-8.4501,38.3164402127266));
#7168=CARTESIAN_POINT('Ctrl Pts',(2.19986245070769,-8.45,38.374298079336));
#7169=CARTESIAN_POINT('Ctrl Pts',(2.19986245070769,-8.4501,38.374298079336));
#7170=CARTESIAN_POINT('Ctrl Pts',(2.24231176073854,-8.45,38.4886061240439));
#7171=CARTESIAN_POINT('Ctrl Pts',(2.24231176073854,-8.4501,38.4886061240439));
#7172=CARTESIAN_POINT('Ctrl Pts',(2.24882838116117,-8.45,38.6103446958763));
#7173=CARTESIAN_POINT('Ctrl Pts',(2.24882838116117,-8.4501,38.6103446958763));
#7174=CARTESIAN_POINT('Ctrl Pts',(2.2520465657115,-8.45,38.6704643845558));
#7175=CARTESIAN_POINT('Ctrl Pts',(2.2520465657115,-8.4501,38.6704643845558));
#7176=CARTESIAN_POINT('',(2.17837641686202,-8.45,38.3164402127266));
#7177=CARTESIAN_POINT('Ctrl Pts',(2.2520465657115,-8.45,38.6704643845558));
#7178=CARTESIAN_POINT('Ctrl Pts',(2.24882838116117,-8.45,38.6103446958763));
#7179=CARTESIAN_POINT('Ctrl Pts',(2.24231176073854,-8.45,38.4886061240439));
#7180=CARTESIAN_POINT('Ctrl Pts',(2.19986245070769,-8.45,38.374298079336));
#7181=CARTESIAN_POINT('Ctrl Pts',(2.17837641686202,-8.45,38.3164402127266));
#7182=CARTESIAN_POINT('',(2.17837641686202,-8.4501,38.3164402127266));
#7183=CARTESIAN_POINT('Ctrl Pts',(2.17837641686202,-8.4501,38.3164402127266));
#7184=CARTESIAN_POINT('Ctrl Pts',(2.19986245070769,-8.4501,38.374298079336));
#7185=CARTESIAN_POINT('Ctrl Pts',(2.24231176073854,-8.4501,38.4886061240439));
#7186=CARTESIAN_POINT('Ctrl Pts',(2.24882838116117,-8.4501,38.6103446958763));
#7187=CARTESIAN_POINT('Ctrl Pts',(2.2520465657115,-8.4501,38.6704643845558));
#7188=CARTESIAN_POINT('',(2.17837641686202,-8.45,38.3164402127266));
#7189=CARTESIAN_POINT('Ctrl Pts',(1.93383405655623,-8.45,37.9501368880272));
#7190=CARTESIAN_POINT('Ctrl Pts',(1.93383405655623,-8.4501,37.9501368880272));
#7191=CARTESIAN_POINT('Ctrl Pts',(1.98556522693652,-8.45,38.010829750212));
#7192=CARTESIAN_POINT('Ctrl Pts',(1.98556522693652,-8.4501,38.010829750212));
#7193=CARTESIAN_POINT('Ctrl Pts',(2.08152768381945,-8.45,38.1234163421585));
#7194=CARTESIAN_POINT('Ctrl Pts',(2.08152768381945,-8.4501,38.1234163421585));
#7195=CARTESIAN_POINT('Ctrl Pts',(2.1478205307349,-8.45,38.255540960629));
#7196=CARTESIAN_POINT('Ctrl Pts',(2.1478205307349,-8.4501,38.255540960629));
#7197=CARTESIAN_POINT('Ctrl Pts',(2.17837641686202,-8.45,38.3164402127266));
#7198=CARTESIAN_POINT('Ctrl Pts',(2.17837641686202,-8.4501,38.3164402127266));
#7199=CARTESIAN_POINT('',(1.93383405655623,-8.45,37.9501368880272));
#7200=CARTESIAN_POINT('Ctrl Pts',(2.17837641686202,-8.45,38.3164402127266));
#7201=CARTESIAN_POINT('Ctrl Pts',(2.1478205307349,-8.45,38.255540960629));
#7202=CARTESIAN_POINT('Ctrl Pts',(2.08152768381945,-8.45,38.1234163421585));
#7203=CARTESIAN_POINT('Ctrl Pts',(1.98556522693652,-8.45,38.010829750212));
#7204=CARTESIAN_POINT('Ctrl Pts',(1.93383405655623,-8.45,37.9501368880272));
#7205=CARTESIAN_POINT('',(1.93383405655623,-8.4501,37.9501368880272));
#7206=CARTESIAN_POINT('Ctrl Pts',(1.93383405655623,-8.4501,37.9501368880272));
#7207=CARTESIAN_POINT('Ctrl Pts',(1.98556522693652,-8.4501,38.010829750212));
#7208=CARTESIAN_POINT('Ctrl Pts',(2.08152768381945,-8.4501,38.1234163421585));
#7209=CARTESIAN_POINT('Ctrl Pts',(2.1478205307349,-8.4501,38.255540960629));
#7210=CARTESIAN_POINT('Ctrl Pts',(2.17837641686202,-8.4501,38.3164402127266));
#7211=CARTESIAN_POINT('',(1.93383405655623,-8.45,37.9501368880272));
#7212=CARTESIAN_POINT('Ctrl Pts',(1.36596153229475,-8.45,37.4221696734428));
#7213=CARTESIAN_POINT('Ctrl Pts',(1.36596153229475,-8.4501,37.4221696734428));
#7214=CARTESIAN_POINT('Ctrl Pts',(1.48142251229631,-8.45,37.5200039933224));
#7215=CARTESIAN_POINT('Ctrl Pts',(1.48142251229631,-8.4501,37.5200039933224));
#7216=CARTESIAN_POINT('Ctrl Pts',(1.67887418361074,-8.45,37.6873120308244));
#7217=CARTESIAN_POINT('Ctrl Pts',(1.67887418361074,-8.4501,37.6873120308244));
#7218=CARTESIAN_POINT('Ctrl Pts',(1.85902672940904,-8.45,37.8730219097052));
#7219=CARTESIAN_POINT('Ctrl Pts',(1.85902672940904,-8.4501,37.8730219097052));
#7220=CARTESIAN_POINT('Ctrl Pts',(1.93383405655623,-8.45,37.9501368880272));
#7221=CARTESIAN_POINT('Ctrl Pts',(1.93383405655623,-8.4501,37.9501368880272));
#7222=CARTESIAN_POINT('',(1.36596153229475,-8.45,37.4221696734428));
#7223=CARTESIAN_POINT('Ctrl Pts',(1.93383405655623,-8.45,37.9501368880272));
#7224=CARTESIAN_POINT('Ctrl Pts',(1.85902672940904,-8.45,37.8730219097052));
#7225=CARTESIAN_POINT('Ctrl Pts',(1.67887418361074,-8.45,37.6873120308244));
#7226=CARTESIAN_POINT('Ctrl Pts',(1.48142251229631,-8.45,37.5200039933224));
#7227=CARTESIAN_POINT('Ctrl Pts',(1.36596153229475,-8.45,37.4221696734428));
#7228=CARTESIAN_POINT('',(1.36596153229475,-8.4501,37.4221696734428));
#7229=CARTESIAN_POINT('Ctrl Pts',(1.36596153229475,-8.4501,37.4221696734428));
#7230=CARTESIAN_POINT('Ctrl Pts',(1.48142251229631,-8.4501,37.5200039933224));
#7231=CARTESIAN_POINT('Ctrl Pts',(1.67887418361074,-8.4501,37.6873120308244));
#7232=CARTESIAN_POINT('Ctrl Pts',(1.85902672940904,-8.4501,37.8730219097052));
#7233=CARTESIAN_POINT('Ctrl Pts',(1.93383405655623,-8.4501,37.9501368880272));
#7234=CARTESIAN_POINT('',(1.36596153229475,-8.45,37.4221696734428));
#7235=CARTESIAN_POINT('Ctrl Pts',(0.940314035117631,-8.45,37.0446117997169));
#7236=CARTESIAN_POINT('Ctrl Pts',(0.940314035117631,-8.4501,37.0446117997169));
#7237=CARTESIAN_POINT('Ctrl Pts',(0.991088585481383,-8.45,37.0930454993957));
#7238=CARTESIAN_POINT('Ctrl Pts',(0.991088585481383,-8.4501,37.0930454993957));
#7239=CARTESIAN_POINT('Ctrl Pts',(1.12838322250846,-8.45,37.2240104645137));
#7240=CARTESIAN_POINT('Ctrl Pts',(1.12838322250846,-8.4501,37.2240104645137));
#7241=CARTESIAN_POINT('Ctrl Pts',(1.2741208543755,-8.45,37.3455672424366));
#7242=CARTESIAN_POINT('Ctrl Pts',(1.2741208543755,-8.4501,37.3455672424366));
#7243=CARTESIAN_POINT('Ctrl Pts',(1.36596153229475,-8.45,37.4221696734428));
#7244=CARTESIAN_POINT('Ctrl Pts',(1.36596153229475,-8.4501,37.4221696734428));
#7245=CARTESIAN_POINT('',(0.940314035117631,-8.45,37.0446117997169));
#7246=CARTESIAN_POINT('Ctrl Pts',(1.36596153229475,-8.45,37.4221696734428));
#7247=CARTESIAN_POINT('Ctrl Pts',(1.2741208543755,-8.45,37.3455672424366));
#7248=CARTESIAN_POINT('Ctrl Pts',(1.12838322250846,-8.45,37.2240104645137));
#7249=CARTESIAN_POINT('Ctrl Pts',(0.991088585481383,-8.45,37.0930454993957));
#7250=CARTESIAN_POINT('Ctrl Pts',(0.940314035117631,-8.45,37.0446117997169));
#7251=CARTESIAN_POINT('',(0.940314035117631,-8.4501,37.0446117997169));
#7252=CARTESIAN_POINT('Ctrl Pts',(0.940314035117631,-8.4501,37.0446117997169));
#7253=CARTESIAN_POINT('Ctrl Pts',(0.991088585481383,-8.4501,37.0930454993957));
#7254=CARTESIAN_POINT('Ctrl Pts',(1.12838322250846,-8.4501,37.2240104645137));
#7255=CARTESIAN_POINT('Ctrl Pts',(1.2741208543755,-8.4501,37.3455672424366));
#7256=CARTESIAN_POINT('Ctrl Pts',(1.36596153229475,-8.4501,37.4221696734428));
#7257=CARTESIAN_POINT('',(0.940314035117631,-8.45,37.0446117997169));
#7258=CARTESIAN_POINT('Ctrl Pts',(0.7847888275981,-8.45,36.8450894236565));
#7259=CARTESIAN_POINT('Ctrl Pts',(0.7847888275981,-8.4501,36.8450894236565));
#7260=CARTESIAN_POINT('Ctrl Pts',(0.807174714873125,-8.45,36.879054501601));
#7261=CARTESIAN_POINT('Ctrl Pts',(0.807174714873125,-8.4501,36.879054501601));
#7262=CARTESIAN_POINT('Ctrl Pts',(0.853719129505295,-8.45,36.9496742028192));
#7263=CARTESIAN_POINT('Ctrl Pts',(0.853719129505295,-8.4501,36.9496742028192));
#7264=CARTESIAN_POINT('Ctrl Pts',(0.910725373919612,-8.45,37.0121725197189));
#7265=CARTESIAN_POINT('Ctrl Pts',(0.910725373919612,-8.4501,37.0121725197189));
#7266=CARTESIAN_POINT('Ctrl Pts',(0.940314035117631,-8.45,37.0446117997169));
#7267=CARTESIAN_POINT('Ctrl Pts',(0.940314035117631,-8.4501,37.0446117997169));
#7268=CARTESIAN_POINT('',(0.7847888275981,-8.45,36.8450894236565));
#7269=CARTESIAN_POINT('Ctrl Pts',(0.940314035117631,-8.45,37.0446117997169));
#7270=CARTESIAN_POINT('Ctrl Pts',(0.910725373919612,-8.45,37.0121725197189));
#7271=CARTESIAN_POINT('Ctrl Pts',(0.853719129505295,-8.45,36.9496742028192));
#7272=CARTESIAN_POINT('Ctrl Pts',(0.807174714873125,-8.45,36.879054501601));
#7273=CARTESIAN_POINT('Ctrl Pts',(0.7847888275981,-8.45,36.8450894236565));
#7274=CARTESIAN_POINT('',(0.7847888275981,-8.4501,36.8450894236565));
#7275=CARTESIAN_POINT('Ctrl Pts',(0.7847888275981,-8.4501,36.8450894236565));
#7276=CARTESIAN_POINT('Ctrl Pts',(0.807174714873125,-8.4501,36.879054501601));
#7277=CARTESIAN_POINT('Ctrl Pts',(0.853719129505295,-8.4501,36.9496742028192));
#7278=CARTESIAN_POINT('Ctrl Pts',(0.910725373919612,-8.4501,37.0121725197189));
#7279=CARTESIAN_POINT('Ctrl Pts',(0.940314035117631,-8.4501,37.0446117997169));
#7280=CARTESIAN_POINT('',(0.7847888275981,-8.45,36.8450894236565));
#7281=CARTESIAN_POINT('Origin',(2.25613902062178,-8.45,36.8450894236565));
#7282=CARTESIAN_POINT('',(0.7847888275981,-8.45,36.8450894236565));
#7283=CARTESIAN_POINT('',(0.7847888275981,-8.4501,36.8450894236565));
#7284=CARTESIAN_POINT('Origin',(-7.94231886924734E-7,-8.4501,35.6305595517158));
#7285=CARTESIAN_POINT('Origin',(-7.94231886924734E-7,-8.45,35.6305595517158));
#7286=CARTESIAN_POINT('Ctrl Pts',(-4.08253778964281,-8.45,37.09884070158));
#7287=CARTESIAN_POINT('Ctrl Pts',(-4.08253778964281,-8.4501,37.09884070158));
#7288=CARTESIAN_POINT('Ctrl Pts',(-4.10611368363656,-8.45,37.1574392791821));
#7289=CARTESIAN_POINT('Ctrl Pts',(-4.10611368363656,-8.4501,37.1574392791821));
#7290=CARTESIAN_POINT('Ctrl Pts',(-4.15317021622272,-8.45,37.2743996742858));
#7291=CARTESIAN_POINT('Ctrl Pts',(-4.15317021622272,-8.4501,37.2743996742858));
#7292=CARTESIAN_POINT('Ctrl Pts',(-4.15997468518725,-8.45,37.4002829674496));
#7293=CARTESIAN_POINT('Ctrl Pts',(-4.15997468518725,-8.4501,37.4002829674496));
#7294=CARTESIAN_POINT('Ctrl Pts',(-4.1633700326085,-8.45,37.4630972027779));
#7295=CARTESIAN_POINT('Ctrl Pts',(-4.1633700326085,-8.4501,37.4630972027779));
#7296=CARTESIAN_POINT('',(-4.1633700326085,-8.45,37.4630972027779));
#7297=CARTESIAN_POINT('',(-4.08253778964281,-8.45,37.09884070158));
#7298=CARTESIAN_POINT('Ctrl Pts',(-4.1633700326085,-8.45,37.4630972027779));
#7299=CARTESIAN_POINT('Ctrl Pts',(-4.15997468518725,-8.45,37.4002829674496));
#7300=CARTESIAN_POINT('Ctrl Pts',(-4.15317021622272,-8.45,37.2743996742858));
#7301=CARTESIAN_POINT('Ctrl Pts',(-4.10611368363656,-8.45,37.1574392791821));
#7302=CARTESIAN_POINT('Ctrl Pts',(-4.08253778964281,-8.45,37.09884070158));
#7303=CARTESIAN_POINT('',(-4.1633700326085,-8.4501,37.4630972027779));
#7304=CARTESIAN_POINT('',(-4.1633700326085,-8.45,37.4630972027779));
#7305=CARTESIAN_POINT('',(-4.08253778964281,-8.4501,37.09884070158));
#7306=CARTESIAN_POINT('Ctrl Pts',(-4.08253778964281,-8.4501,37.09884070158));
#7307=CARTESIAN_POINT('Ctrl Pts',(-4.10611368363656,-8.4501,37.1574392791821));
#7308=CARTESIAN_POINT('Ctrl Pts',(-4.15317021622272,-8.4501,37.2743996742858));
#7309=CARTESIAN_POINT('Ctrl Pts',(-4.15997468518725,-8.4501,37.4002829674496));
#7310=CARTESIAN_POINT('Ctrl Pts',(-4.1633700326085,-8.4501,37.4630972027779));
#7311=CARTESIAN_POINT('',(-4.08253778964281,-8.45,37.09884070158));
#7312=CARTESIAN_POINT('Ctrl Pts',(-3.85641266852617,-8.45,36.8338342785835));
#7313=CARTESIAN_POINT('Ctrl Pts',(-3.85641266852617,-8.4501,36.8338342785835));
#7314=CARTESIAN_POINT('Ctrl Pts',(-3.90253112212834,-8.45,36.8684617639751));
#7315=CARTESIAN_POINT('Ctrl Pts',(-3.90253112212834,-8.4501,36.8684617639751));
#7316=CARTESIAN_POINT('Ctrl Pts',(-3.99759966212833,-8.45,36.939842832136));
#7317=CARTESIAN_POINT('Ctrl Pts',(-3.99759966212833,-8.4501,36.939842832136));
#7318=CARTESIAN_POINT('Ctrl Pts',(-4.05366840806144,-8.45,37.0447993623379));
#7319=CARTESIAN_POINT('Ctrl Pts',(-4.05366840806144,-8.4501,37.0447993623379));
#7320=CARTESIAN_POINT('Ctrl Pts',(-4.08253778964281,-8.45,37.09884070158));
#7321=CARTESIAN_POINT('Ctrl Pts',(-4.08253778964281,-8.4501,37.09884070158));
#7322=CARTESIAN_POINT('',(-3.85641266852617,-8.45,36.8338342785835));
#7323=CARTESIAN_POINT('Ctrl Pts',(-4.08253778964281,-8.45,37.09884070158));
#7324=CARTESIAN_POINT('Ctrl Pts',(-4.05366840806144,-8.45,37.0447993623379));
#7325=CARTESIAN_POINT('Ctrl Pts',(-3.99759966212833,-8.45,36.939842832136));
#7326=CARTESIAN_POINT('Ctrl Pts',(-3.90253112212834,-8.45,36.8684617639751));
#7327=CARTESIAN_POINT('Ctrl Pts',(-3.85641266852617,-8.45,36.8338342785835));
#7328=CARTESIAN_POINT('',(-3.85641266852617,-8.4501,36.8338342785835));
#7329=CARTESIAN_POINT('Ctrl Pts',(-3.85641266852617,-8.4501,36.8338342785835));
#7330=CARTESIAN_POINT('Ctrl Pts',(-3.90253112212834,-8.4501,36.8684617639751));
#7331=CARTESIAN_POINT('Ctrl Pts',(-3.99759966212833,-8.4501,36.939842832136));
#7332=CARTESIAN_POINT('Ctrl Pts',(-4.05366840806144,-8.4501,37.0447993623379));
#7333=CARTESIAN_POINT('Ctrl Pts',(-4.08253778964281,-8.4501,37.09884070158));
#7334=CARTESIAN_POINT('',(-3.85641266852617,-8.45,36.8338342785835));
#7335=CARTESIAN_POINT('Ctrl Pts',(-3.55150093585252,-8.45,36.7427697062492));
#7336=CARTESIAN_POINT('Ctrl Pts',(-3.55150093585252,-8.4501,36.7427697062492));
#7337=CARTESIAN_POINT('Ctrl Pts',(-3.60455247315092,-8.45,36.7468441215174));
#7338=CARTESIAN_POINT('Ctrl Pts',(-3.60455247315092,-8.4501,36.7468441215174));
#7339=CARTESIAN_POINT('Ctrl Pts',(-3.71270921204671,-8.45,36.7551506756862));
#7340=CARTESIAN_POINT('Ctrl Pts',(-3.71270921204671,-8.4501,36.7551506756862));
#7341=CARTESIAN_POINT('Ctrl Pts',(-3.80790897001798,-8.45,36.8072764918332));
#7342=CARTESIAN_POINT('Ctrl Pts',(-3.80790897001798,-8.4501,36.8072764918332));
#7343=CARTESIAN_POINT('Ctrl Pts',(-3.85641266852617,-8.45,36.8338342785835));
#7344=CARTESIAN_POINT('Ctrl Pts',(-3.85641266852617,-8.4501,36.8338342785835));
#7345=CARTESIAN_POINT('',(-3.55150093585252,-8.45,36.7427697062492));
#7346=CARTESIAN_POINT('Ctrl Pts',(-3.85641266852617,-8.45,36.8338342785835));
#7347=CARTESIAN_POINT('Ctrl Pts',(-3.80790897001798,-8.45,36.8072764918332));
#7348=CARTESIAN_POINT('Ctrl Pts',(-3.71270921204671,-8.45,36.7551506756862));
#7349=CARTESIAN_POINT('Ctrl Pts',(-3.60455247315092,-8.45,36.7468441215174));
#7350=CARTESIAN_POINT('Ctrl Pts',(-3.55150093585252,-8.45,36.7427697062492));
#7351=CARTESIAN_POINT('',(-3.55150093585252,-8.4501,36.7427697062492));
#7352=CARTESIAN_POINT('Ctrl Pts',(-3.55150093585252,-8.4501,36.7427697062492));
#7353=CARTESIAN_POINT('Ctrl Pts',(-3.60455247315092,-8.4501,36.7468441215174));
#7354=CARTESIAN_POINT('Ctrl Pts',(-3.71270921204671,-8.4501,36.7551506756862));
#7355=CARTESIAN_POINT('Ctrl Pts',(-3.80790897001798,-8.4501,36.8072764918332));
#7356=CARTESIAN_POINT('Ctrl Pts',(-3.85641266852617,-8.4501,36.8338342785835));
#7357=CARTESIAN_POINT('',(-3.55150093585252,-8.45,36.7427697062492));
#7358=CARTESIAN_POINT('Ctrl Pts',(-3.15040995627641,-8.45,36.9310375332832));
#7359=CARTESIAN_POINT('Ctrl Pts',(-3.15040995627641,-8.4501,36.9310375332832));
#7360=CARTESIAN_POINT('Ctrl Pts',(-3.20817070043824,-8.45,36.8761339635046));
#7361=CARTESIAN_POINT('Ctrl Pts',(-3.20817070043824,-8.4501,36.8761339635046));
#7362=CARTESIAN_POINT('Ctrl Pts',(-3.32117600125983,-8.45,36.7687185465281));
#7363=CARTESIAN_POINT('Ctrl Pts',(-3.32117600125983,-8.4501,36.7687185465281));
#7364=CARTESIAN_POINT('Ctrl Pts',(-3.47587413242017,-8.45,36.7512899641472));
#7365=CARTESIAN_POINT('Ctrl Pts',(-3.47587413242017,-8.4501,36.7512899641472));
#7366=CARTESIAN_POINT('Ctrl Pts',(-3.55150093585252,-8.45,36.7427697062492));
#7367=CARTESIAN_POINT('Ctrl Pts',(-3.55150093585252,-8.4501,36.7427697062492));
#7368=CARTESIAN_POINT('',(-3.15040995627641,-8.45,36.9310375332832));
#7369=CARTESIAN_POINT('Ctrl Pts',(-3.55150093585252,-8.45,36.7427697062492));
#7370=CARTESIAN_POINT('Ctrl Pts',(-3.47587413242017,-8.45,36.7512899641472));
#7371=CARTESIAN_POINT('Ctrl Pts',(-3.32117600125983,-8.45,36.7687185465281));
#7372=CARTESIAN_POINT('Ctrl Pts',(-3.20817070043824,-8.45,36.8761339635046));
#7373=CARTESIAN_POINT('Ctrl Pts',(-3.15040995627641,-8.45,36.9310375332832));
#7374=CARTESIAN_POINT('',(-3.15040995627641,-8.4501,36.9310375332832));
#7375=CARTESIAN_POINT('Ctrl Pts',(-3.15040995627641,-8.4501,36.9310375332832));
#7376=CARTESIAN_POINT('Ctrl Pts',(-3.20817070043824,-8.4501,36.8761339635046));
#7377=CARTESIAN_POINT('Ctrl Pts',(-3.32117600125983,-8.4501,36.7687185465281));
#7378=CARTESIAN_POINT('Ctrl Pts',(-3.47587413242017,-8.4501,36.7512899641472));
#7379=CARTESIAN_POINT('Ctrl Pts',(-3.55150093585252,-8.4501,36.7427697062492));
#7380=CARTESIAN_POINT('',(-3.15040995627641,-8.45,36.9310375332832));
#7381=CARTESIAN_POINT('Ctrl Pts',(-2.98260619193315,-8.45,37.4426337361336));
#7382=CARTESIAN_POINT('Ctrl Pts',(-2.98260619193315,-8.4501,37.4426337361336));
#7383=CARTESIAN_POINT('Ctrl Pts',(-2.98748094626753,-8.45,37.3429950715696));
#7384=CARTESIAN_POINT('Ctrl Pts',(-2.98748094626753,-8.4501,37.3429950715696));
#7385=CARTESIAN_POINT('Ctrl Pts',(-2.99660791725714,-8.45,37.1564422447936));
#7386=CARTESIAN_POINT('Ctrl Pts',(-2.99660791725714,-8.4501,37.1564422447936));
#7387=CARTESIAN_POINT('Ctrl Pts',(-3.10152809518841,-8.45,37.002676387143));
#7388=CARTESIAN_POINT('Ctrl Pts',(-3.10152809518841,-8.4501,37.002676387143));
#7389=CARTESIAN_POINT('Ctrl Pts',(-3.15040995627641,-8.45,36.9310375332832));
#7390=CARTESIAN_POINT('Ctrl Pts',(-3.15040995627641,-8.4501,36.9310375332832));
#7391=CARTESIAN_POINT('',(-2.98260619193315,-8.45,37.4426337361336));
#7392=CARTESIAN_POINT('Ctrl Pts',(-3.15040995627641,-8.45,36.9310375332832));
#7393=CARTESIAN_POINT('Ctrl Pts',(-3.10152809518841,-8.45,37.002676387143));
#7394=CARTESIAN_POINT('Ctrl Pts',(-2.99660791725714,-8.45,37.1564422447936));
#7395=CARTESIAN_POINT('Ctrl Pts',(-2.98748094626753,-8.45,37.3429950715696));
#7396=CARTESIAN_POINT('Ctrl Pts',(-2.98260619193315,-8.45,37.4426337361336));
#7397=CARTESIAN_POINT('',(-2.98260619193315,-8.4501,37.4426337361336));
#7398=CARTESIAN_POINT('Ctrl Pts',(-2.98260619193315,-8.4501,37.4426337361336));
#7399=CARTESIAN_POINT('Ctrl Pts',(-2.98748094626753,-8.4501,37.3429950715696));
#7400=CARTESIAN_POINT('Ctrl Pts',(-2.99660791725714,-8.4501,37.1564422447936));
#7401=CARTESIAN_POINT('Ctrl Pts',(-3.10152809518841,-8.4501,37.002676387143));
#7402=CARTESIAN_POINT('Ctrl Pts',(-3.15040995627641,-8.4501,36.9310375332832));
#7403=CARTESIAN_POINT('',(-2.98260619193315,-8.45,37.4426337361336));
#7404=CARTESIAN_POINT('Ctrl Pts',(-3.14836313277483,-8.45,37.9327424645424));
#7405=CARTESIAN_POINT('Ctrl Pts',(-3.14836313277483,-8.4501,37.9327424645424));
#7406=CARTESIAN_POINT('Ctrl Pts',(-3.10007563990763,-8.45,37.8644724691104));
#7407=CARTESIAN_POINT('Ctrl Pts',(-3.10007563990763,-8.4501,37.8644724691104));
#7408=CARTESIAN_POINT('Ctrl Pts',(-2.99656379235024,-8.45,37.7181249795164));
#7409=CARTESIAN_POINT('Ctrl Pts',(-2.99656379235024,-8.4501,37.7181249795164));
#7410=CARTESIAN_POINT('Ctrl Pts',(-2.98746204374983,-8.45,37.5384771916478));
#7411=CARTESIAN_POINT('Ctrl Pts',(-2.98746204374983,-8.4501,37.5384771916478));
#7412=CARTESIAN_POINT('Ctrl Pts',(-2.98260619193315,-8.45,37.4426337361336));
#7413=CARTESIAN_POINT('Ctrl Pts',(-2.98260619193315,-8.4501,37.4426337361336));
#7414=CARTESIAN_POINT('',(-3.14836313277483,-8.45,37.9327424645424));
#7415=CARTESIAN_POINT('Ctrl Pts',(-2.98260619193315,-8.45,37.4426337361336));
#7416=CARTESIAN_POINT('Ctrl Pts',(-2.98746204374983,-8.45,37.5384771916478));
#7417=CARTESIAN_POINT('Ctrl Pts',(-2.99656379235024,-8.45,37.7181249795164));
#7418=CARTESIAN_POINT('Ctrl Pts',(-3.10007563990763,-8.45,37.8644724691104));
#7419=CARTESIAN_POINT('Ctrl Pts',(-3.14836313277483,-8.45,37.9327424645424));
#7420=CARTESIAN_POINT('',(-3.14836313277483,-8.4501,37.9327424645424));
#7421=CARTESIAN_POINT('Ctrl Pts',(-3.14836313277483,-8.4501,37.9327424645424));
#7422=CARTESIAN_POINT('Ctrl Pts',(-3.10007563990763,-8.4501,37.8644724691104));
#7423=CARTESIAN_POINT('Ctrl Pts',(-2.99656379235024,-8.4501,37.7181249795164));
#7424=CARTESIAN_POINT('Ctrl Pts',(-2.98746204374983,-8.4501,37.5384771916478));
#7425=CARTESIAN_POINT('Ctrl Pts',(-2.98260619193315,-8.4501,37.4426337361336));
#7426=CARTESIAN_POINT('',(-3.14836313277483,-8.45,37.9327424645424));
#7427=CARTESIAN_POINT('Ctrl Pts',(-3.56582572013139,-8.45,38.1118013739586));
#7428=CARTESIAN_POINT('Ctrl Pts',(-3.56582572013139,-8.4501,38.1118013739586));
#7429=CARTESIAN_POINT('Ctrl Pts',(-3.48575401084833,-8.45,38.1046078240461));
#7430=CARTESIAN_POINT('Ctrl Pts',(-3.48575401084833,-8.4501,38.1046078240461));
#7431=CARTESIAN_POINT('Ctrl Pts',(-3.32701216239972,-8.45,38.0903466396622));
#7432=CARTESIAN_POINT('Ctrl Pts',(-3.32701216239972,-8.4501,38.0903466396622));
#7433=CARTESIAN_POINT('Ctrl Pts',(-3.20756125568184,-8.45,37.9849670489635));
#7434=CARTESIAN_POINT('Ctrl Pts',(-3.20756125568184,-8.4501,37.9849670489635));
#7435=CARTESIAN_POINT('Ctrl Pts',(-3.14836313277483,-8.45,37.9327424645424));
#7436=CARTESIAN_POINT('Ctrl Pts',(-3.14836313277483,-8.4501,37.9327424645424));
#7437=CARTESIAN_POINT('',(-3.56582572013139,-8.45,38.1118013739586));
#7438=CARTESIAN_POINT('Ctrl Pts',(-3.14836313277483,-8.45,37.9327424645424));
#7439=CARTESIAN_POINT('Ctrl Pts',(-3.20756125568184,-8.45,37.9849670489635));
#7440=CARTESIAN_POINT('Ctrl Pts',(-3.32701216239972,-8.45,38.0903466396622));
#7441=CARTESIAN_POINT('Ctrl Pts',(-3.48575401084833,-8.45,38.1046078240461));
#7442=CARTESIAN_POINT('Ctrl Pts',(-3.56582572013139,-8.45,38.1118013739586));
#7443=CARTESIAN_POINT('',(-3.56582572013139,-8.4501,38.1118013739586));
#7444=CARTESIAN_POINT('Ctrl Pts',(-3.56582572013139,-8.4501,38.1118013739586));
#7445=CARTESIAN_POINT('Ctrl Pts',(-3.48575401084833,-8.4501,38.1046078240461));
#7446=CARTESIAN_POINT('Ctrl Pts',(-3.32701216239972,-8.4501,38.0903466396622));
#7447=CARTESIAN_POINT('Ctrl Pts',(-3.20756125568184,-8.4501,37.9849670489635));
#7448=CARTESIAN_POINT('Ctrl Pts',(-3.14836313277483,-8.4501,37.9327424645424));
#7449=CARTESIAN_POINT('',(-3.56582572013139,-8.45,38.1118013739586));
#7450=CARTESIAN_POINT('Ctrl Pts',(-3.98942758589983,-8.45,37.9327424645424));
#7451=CARTESIAN_POINT('Ctrl Pts',(-3.98942758589983,-8.4501,37.9327424645424));
#7452=CARTESIAN_POINT('Ctrl Pts',(-3.9282905764327,-8.45,37.9849679052752));
#7453=CARTESIAN_POINT('Ctrl Pts',(-3.9282905764327,-8.4501,37.9849679052752));
#7454=CARTESIAN_POINT('Ctrl Pts',(-3.80601355396794,-8.45,38.089421352465));
#7455=CARTESIAN_POINT('Ctrl Pts',(-3.80601355396794,-8.4501,38.089421352465));
#7456=CARTESIAN_POINT('Ctrl Pts',(-3.64588964246892,-8.45,38.1043412446333));
#7457=CARTESIAN_POINT('Ctrl Pts',(-3.64588964246892,-8.4501,38.1043412446333));
#7458=CARTESIAN_POINT('Ctrl Pts',(-3.56582572013139,-8.45,38.1118013739586));
#7459=CARTESIAN_POINT('Ctrl Pts',(-3.56582572013139,-8.4501,38.1118013739586));
#7460=CARTESIAN_POINT('',(-3.98942758589983,-8.45,37.9327424645424));
#7461=CARTESIAN_POINT('Ctrl Pts',(-3.56582572013139,-8.45,38.1118013739586));
#7462=CARTESIAN_POINT('Ctrl Pts',(-3.64588964246892,-8.45,38.1043412446333));
#7463=CARTESIAN_POINT('Ctrl Pts',(-3.80601355396794,-8.45,38.089421352465));
#7464=CARTESIAN_POINT('Ctrl Pts',(-3.9282905764327,-8.45,37.9849679052752));
#7465=CARTESIAN_POINT('Ctrl Pts',(-3.98942758589983,-8.45,37.9327424645424));
#7466=CARTESIAN_POINT('',(-3.98942758589983,-8.4501,37.9327424645424));
#7467=CARTESIAN_POINT('Ctrl Pts',(-3.98942758589983,-8.4501,37.9327424645424));
#7468=CARTESIAN_POINT('Ctrl Pts',(-3.9282905764327,-8.4501,37.9849679052752));
#7469=CARTESIAN_POINT('Ctrl Pts',(-3.80601355396794,-8.4501,38.089421352465));
#7470=CARTESIAN_POINT('Ctrl Pts',(-3.64588964246892,-8.4501,38.1043412446333));
#7471=CARTESIAN_POINT('Ctrl Pts',(-3.56582572013139,-8.4501,38.1118013739586));
#7472=CARTESIAN_POINT('',(-3.98942758589983,-8.45,37.9327424645424));
#7473=CARTESIAN_POINT('Ctrl Pts',(-4.1633700326085,-8.45,37.4630972027779));
#7474=CARTESIAN_POINT('Ctrl Pts',(-4.1633700326085,-8.4501,37.4630972027779));
#7475=CARTESIAN_POINT('Ctrl Pts',(-4.15743245685709,-8.45,37.5539185983064));
#7476=CARTESIAN_POINT('Ctrl Pts',(-4.15743245685709,-8.4501,37.5539185983064));
#7477=CARTESIAN_POINT('Ctrl Pts',(-4.14604008964465,-8.45,37.7281767016006));
#7478=CARTESIAN_POINT('Ctrl Pts',(-4.14604008964465,-8.4501,37.7281767016006));
#7479=CARTESIAN_POINT('Ctrl Pts',(-4.04013575364934,-8.45,37.8665079380836));
#7480=CARTESIAN_POINT('Ctrl Pts',(-4.04013575364934,-8.4501,37.8665079380836));
#7481=CARTESIAN_POINT('Ctrl Pts',(-3.98942758589983,-8.45,37.9327424645424));
#7482=CARTESIAN_POINT('Ctrl Pts',(-3.98942758589983,-8.4501,37.9327424645424));
#7483=CARTESIAN_POINT('Ctrl Pts',(-3.98942758589983,-8.45,37.9327424645424));
#7484=CARTESIAN_POINT('Ctrl Pts',(-4.04013575364934,-8.45,37.8665079380836));
#7485=CARTESIAN_POINT('Ctrl Pts',(-4.14604008964465,-8.45,37.7281767016006));
#7486=CARTESIAN_POINT('Ctrl Pts',(-4.15743245685709,-8.45,37.5539185983064));
#7487=CARTESIAN_POINT('Ctrl Pts',(-4.1633700326085,-8.45,37.4630972027779));
#7488=CARTESIAN_POINT('Ctrl Pts',(-4.1633700326085,-8.4501,37.4630972027779));
#7489=CARTESIAN_POINT('Ctrl Pts',(-4.15743245685709,-8.4501,37.5539185983064));
#7490=CARTESIAN_POINT('Ctrl Pts',(-4.14604008964465,-8.4501,37.7281767016006));
#7491=CARTESIAN_POINT('Ctrl Pts',(-4.04013575364934,-8.4501,37.8665079380836));
#7492=CARTESIAN_POINT('Ctrl Pts',(-3.98942758589983,-8.4501,37.9327424645424));
#7493=CARTESIAN_POINT('Origin',(-3.02557994872331,-8.45,38.7277635216713));
#7494=CARTESIAN_POINT('',(-2.65927722007036,-8.45,38.7564124941826));
#7495=CARTESIAN_POINT('',(-3.02557994872331,-8.45,38.7277635216713));
#7496=CARTESIAN_POINT('',(-2.65927722007036,-8.45,38.7564124941826));
#7497=CARTESIAN_POINT('',(-2.65927722007036,-8.4501,38.7564124941826));
#7498=CARTESIAN_POINT('',(-2.65927722007036,-8.45,38.7564124941826));
#7499=CARTESIAN_POINT('',(-3.02557994872331,-8.4501,38.7277635216713));
#7500=CARTESIAN_POINT('',(-2.65927722007036,-8.4501,38.7564124941826));
#7501=CARTESIAN_POINT('',(-3.02557994872331,-8.45,38.7277635216713));
#7502=CARTESIAN_POINT('Ctrl Pts',(-3.16473414450883,-8.45,39.0429063916206));
#7503=CARTESIAN_POINT('Ctrl Pts',(-3.16473414450883,-8.4501,39.0429063916206));
#7504=CARTESIAN_POINT('Ctrl Pts',(-3.13565140393549,-8.45,39.001417990087));
#7505=CARTESIAN_POINT('Ctrl Pts',(-3.13565140393549,-8.4501,39.001417990087));
#7506=CARTESIAN_POINT('Ctrl Pts',(-3.06867620070501,-8.45,38.9058735513703));
#7507=CARTESIAN_POINT('Ctrl Pts',(-3.06867620070501,-8.4501,38.9058735513703));
#7508=CARTESIAN_POINT('Ctrl Pts',(-3.04115217592086,-8.45,38.7921210869142));
#7509=CARTESIAN_POINT('Ctrl Pts',(-3.04115217592086,-8.4501,38.7921210869142));
#7510=CARTESIAN_POINT('Ctrl Pts',(-3.02557994872331,-8.45,38.7277635216713));
#7511=CARTESIAN_POINT('Ctrl Pts',(-3.02557994872331,-8.4501,38.7277635216713));
#7512=CARTESIAN_POINT('',(-3.16473414450883,-8.45,39.0429063916206));
#7513=CARTESIAN_POINT('Ctrl Pts',(-3.02557994872331,-8.45,38.7277635216713));
#7514=CARTESIAN_POINT('Ctrl Pts',(-3.04115217592086,-8.45,38.7921210869142));
#7515=CARTESIAN_POINT('Ctrl Pts',(-3.06867620070501,-8.45,38.9058735513703));
#7516=CARTESIAN_POINT('Ctrl Pts',(-3.13565140393549,-8.45,39.001417990087));
#7517=CARTESIAN_POINT('Ctrl Pts',(-3.16473414450883,-8.45,39.0429063916206));
#7518=CARTESIAN_POINT('',(-3.16473414450883,-8.4501,39.0429063916206));
#7519=CARTESIAN_POINT('Ctrl Pts',(-3.16473414450883,-8.4501,39.0429063916206));
#7520=CARTESIAN_POINT('Ctrl Pts',(-3.13565140393549,-8.4501,39.001417990087));
#7521=CARTESIAN_POINT('Ctrl Pts',(-3.06867620070501,-8.4501,38.9058735513703));
#7522=CARTESIAN_POINT('Ctrl Pts',(-3.04115217592086,-8.4501,38.7921210869142));
#7523=CARTESIAN_POINT('Ctrl Pts',(-3.02557994872331,-8.4501,38.7277635216713));
#7524=CARTESIAN_POINT('',(-3.16473414450883,-8.45,39.0429063916206));
#7525=CARTESIAN_POINT('Ctrl Pts',(-3.53308369666337,-8.45,39.2004784226418));
#7526=CARTESIAN_POINT('Ctrl Pts',(-3.53308369666337,-8.4501,39.2004784226418));
#7527=CARTESIAN_POINT('Ctrl Pts',(-3.46305449847281,-8.45,39.1939758330581));
#7528=CARTESIAN_POINT('Ctrl Pts',(-3.46305449847281,-8.4501,39.1939758330581));
#7529=CARTESIAN_POINT('Ctrl Pts',(-3.32332883521117,-8.45,39.1810015499595));
#7530=CARTESIAN_POINT('Ctrl Pts',(-3.32332883521117,-8.4501,39.1810015499595));
#7531=CARTESIAN_POINT('Ctrl Pts',(-3.21751504884304,-8.45,39.0888649751585));
#7532=CARTESIAN_POINT('Ctrl Pts',(-3.21751504884304,-8.4501,39.0888649751585));
#7533=CARTESIAN_POINT('Ctrl Pts',(-3.16473414450883,-8.45,39.0429063916206));
#7534=CARTESIAN_POINT('Ctrl Pts',(-3.16473414450883,-8.4501,39.0429063916206));
#7535=CARTESIAN_POINT('',(-3.53308369666337,-8.45,39.2004784226418));
#7536=CARTESIAN_POINT('Ctrl Pts',(-3.16473414450883,-8.45,39.0429063916206));
#7537=CARTESIAN_POINT('Ctrl Pts',(-3.21751504884304,-8.45,39.0888649751585));
#7538=CARTESIAN_POINT('Ctrl Pts',(-3.32332883521117,-8.45,39.1810015499595));
#7539=CARTESIAN_POINT('Ctrl Pts',(-3.46305449847281,-8.45,39.1939758330581));
#7540=CARTESIAN_POINT('Ctrl Pts',(-3.53308369666337,-8.45,39.2004784226418));
#7541=CARTESIAN_POINT('',(-3.53308369666337,-8.4501,39.2004784226418));
#7542=CARTESIAN_POINT('Ctrl Pts',(-3.53308369666337,-8.4501,39.2004784226418));
#7543=CARTESIAN_POINT('Ctrl Pts',(-3.46305449847281,-8.4501,39.1939758330581));
#7544=CARTESIAN_POINT('Ctrl Pts',(-3.32332883521117,-8.4501,39.1810015499595));
#7545=CARTESIAN_POINT('Ctrl Pts',(-3.21751504884304,-8.4501,39.0888649751585));
#7546=CARTESIAN_POINT('Ctrl Pts',(-3.16473414450883,-8.4501,39.0429063916206));
#7547=CARTESIAN_POINT('',(-3.53308369666337,-8.45,39.2004784226418));
#7548=CARTESIAN_POINT('Ctrl Pts',(-3.84208728820085,-8.45,39.1022517561913));
#7549=CARTESIAN_POINT('Ctrl Pts',(-3.84208728820085,-8.4501,39.1022517561913));
#7550=CARTESIAN_POINT('Ctrl Pts',(-3.79548070603748,-8.45,39.130898998514));
#7551=CARTESIAN_POINT('Ctrl Pts',(-3.79548070603748,-8.4501,39.130898998514));
#7552=CARTESIAN_POINT('Ctrl Pts',(-3.70067350052744,-8.45,39.1891732778995));
#7553=CARTESIAN_POINT('Ctrl Pts',(-3.70067350052744,-8.4501,39.1891732778995));
#7554=CARTESIAN_POINT('Ctrl Pts',(-3.5895696462605,-8.45,39.1966680366793));
#7555=CARTESIAN_POINT('Ctrl Pts',(-3.5895696462605,-8.4501,39.1966680366793));
#7556=CARTESIAN_POINT('Ctrl Pts',(-3.53308369666337,-8.45,39.2004784226418));
#7557=CARTESIAN_POINT('Ctrl Pts',(-3.53308369666337,-8.4501,39.2004784226418));
#7558=CARTESIAN_POINT('',(-3.84208728820085,-8.45,39.1022517561913));
#7559=CARTESIAN_POINT('Ctrl Pts',(-3.53308369666337,-8.45,39.2004784226418));
#7560=CARTESIAN_POINT('Ctrl Pts',(-3.5895696462605,-8.45,39.1966680366793));
#7561=CARTESIAN_POINT('Ctrl Pts',(-3.70067350052744,-8.45,39.1891732778995));
#7562=CARTESIAN_POINT('Ctrl Pts',(-3.79548070603748,-8.45,39.130898998514));
#7563=CARTESIAN_POINT('Ctrl Pts',(-3.84208728820085,-8.45,39.1022517561913));
#7564=CARTESIAN_POINT('',(-3.84208728820085,-8.4501,39.1022517561913));
#7565=CARTESIAN_POINT('Ctrl Pts',(-3.84208728820085,-8.4501,39.1022517561913));
#7566=CARTESIAN_POINT('Ctrl Pts',(-3.79548070603748,-8.4501,39.130898998514));
#7567=CARTESIAN_POINT('Ctrl Pts',(-3.70067350052744,-8.4501,39.1891732778995));
#7568=CARTESIAN_POINT('Ctrl Pts',(-3.5895696462605,-8.4501,39.1966680366793));
#7569=CARTESIAN_POINT('Ctrl Pts',(-3.53308369666337,-8.4501,39.2004784226418));
#7570=CARTESIAN_POINT('',(-3.84208728820085,-8.45,39.1022517561913));
#7571=CARTESIAN_POINT('Ctrl Pts',(-4.11630322486162,-8.45,38.7318559765816));
#7572=CARTESIAN_POINT('Ctrl Pts',(-4.11630322486162,-8.4501,38.7318559765816));
#7573=CARTESIAN_POINT('Ctrl Pts',(-4.08150349741296,-8.45,38.8068907843661));
#7574=CARTESIAN_POINT('Ctrl Pts',(-4.08150349741296,-8.4501,38.8068907843661));
#7575=CARTESIAN_POINT('Ctrl Pts',(-4.01541440856152,-8.45,38.9493913854396));
#7576=CARTESIAN_POINT('Ctrl Pts',(-4.01541440856152,-8.4501,38.9493913854396));
#7577=CARTESIAN_POINT('Ctrl Pts',(-3.89778025615948,-8.45,39.053135104898));
#7578=CARTESIAN_POINT('Ctrl Pts',(-3.89778025615948,-8.4501,39.053135104898));
#7579=CARTESIAN_POINT('Ctrl Pts',(-3.84208728820085,-8.45,39.1022517561913));
#7580=CARTESIAN_POINT('Ctrl Pts',(-3.84208728820085,-8.4501,39.1022517561913));
#7581=CARTESIAN_POINT('',(-4.11630322486162,-8.45,38.7318559765816));
#7582=CARTESIAN_POINT('Ctrl Pts',(-3.84208728820085,-8.45,39.1022517561913));
#7583=CARTESIAN_POINT('Ctrl Pts',(-3.89778025615948,-8.45,39.053135104898));
#7584=CARTESIAN_POINT('Ctrl Pts',(-4.01541440856152,-8.45,38.9493913854396));
#7585=CARTESIAN_POINT('Ctrl Pts',(-4.08150349741296,-8.45,38.8068907843661));
#7586=CARTESIAN_POINT('Ctrl Pts',(-4.11630322486162,-8.45,38.7318559765816));
#7587=CARTESIAN_POINT('',(-4.11630322486162,-8.4501,38.7318559765816));
#7588=CARTESIAN_POINT('Ctrl Pts',(-4.11630322486162,-8.4501,38.7318559765816));
#7589=CARTESIAN_POINT('Ctrl Pts',(-4.08150349741296,-8.4501,38.8068907843661));
#7590=CARTESIAN_POINT('Ctrl Pts',(-4.01541440856152,-8.4501,38.9493913854396));
#7591=CARTESIAN_POINT('Ctrl Pts',(-3.89778025615948,-8.4501,39.053135104898));
#7592=CARTESIAN_POINT('Ctrl Pts',(-3.84208728820085,-8.4501,39.1022517561913));
#7593=CARTESIAN_POINT('',(-4.11630322486162,-8.45,38.7318559765816));
#7594=CARTESIAN_POINT('Ctrl Pts',(-4.22066857367754,-8.45,38.0381318211555));
#7595=CARTESIAN_POINT('Ctrl Pts',(-4.22066857367754,-8.4501,38.0381318211555));
#7596=CARTESIAN_POINT('Ctrl Pts',(-4.21807253722883,-8.45,38.1720820599495));
#7597=CARTESIAN_POINT('Ctrl Pts',(-4.21807253722883,-8.4501,38.1720820599495));
#7598=CARTESIAN_POINT('Ctrl Pts',(-4.21349548886401,-8.45,38.4082485135233));
#7599=CARTESIAN_POINT('Ctrl Pts',(-4.21349548886401,-8.4501,38.4082485135233));
#7600=CARTESIAN_POINT('Ctrl Pts',(-4.1456623684033,-8.45,38.6341029500768));
#7601=CARTESIAN_POINT('Ctrl Pts',(-4.1456623684033,-8.4501,38.6341029500768));
#7602=CARTESIAN_POINT('Ctrl Pts',(-4.11630322486162,-8.45,38.7318559765816));
#7603=CARTESIAN_POINT('Ctrl Pts',(-4.11630322486162,-8.4501,38.7318559765816));
#7604=CARTESIAN_POINT('',(-4.22066857367754,-8.45,38.0381318211555));
#7605=CARTESIAN_POINT('Ctrl Pts',(-4.11630322486162,-8.45,38.7318559765816));
#7606=CARTESIAN_POINT('Ctrl Pts',(-4.1456623684033,-8.45,38.6341029500768));
#7607=CARTESIAN_POINT('Ctrl Pts',(-4.21349548886401,-8.45,38.4082485135233));
#7608=CARTESIAN_POINT('Ctrl Pts',(-4.21807253722883,-8.45,38.1720820599495));
#7609=CARTESIAN_POINT('Ctrl Pts',(-4.22066857367754,-8.45,38.0381318211555));
#7610=CARTESIAN_POINT('',(-4.22066857367754,-8.4501,38.0381318211555));
#7611=CARTESIAN_POINT('Ctrl Pts',(-4.22066857367754,-8.4501,38.0381318211555));
#7612=CARTESIAN_POINT('Ctrl Pts',(-4.21807253722883,-8.4501,38.1720820599495));
#7613=CARTESIAN_POINT('Ctrl Pts',(-4.21349548886401,-8.4501,38.4082485135233));
#7614=CARTESIAN_POINT('Ctrl Pts',(-4.1456623684033,-8.4501,38.6341029500768));
#7615=CARTESIAN_POINT('Ctrl Pts',(-4.11630322486162,-8.4501,38.7318559765816));
#7616=CARTESIAN_POINT('',(-4.22066857367754,-8.45,38.0381318211555));
#7617=CARTESIAN_POINT('Ctrl Pts',(-3.89529397040605,-8.45,38.3389505028725));
#7618=CARTESIAN_POINT('Ctrl Pts',(-3.89529397040605,-8.4501,38.3389505028725));
#7619=CARTESIAN_POINT('Ctrl Pts',(-3.95756796216247,-8.45,38.3008906545325));
#7620=CARTESIAN_POINT('Ctrl Pts',(-3.95756796216247,-8.4501,38.3008906545325));
#7621=CARTESIAN_POINT('Ctrl Pts',(-4.08600071595627,-8.45,38.2223967119826));
#7622=CARTESIAN_POINT('Ctrl Pts',(-4.08600071595627,-8.4501,38.2223967119826));
#7623=CARTESIAN_POINT('Ctrl Pts',(-4.17488313069453,-8.45,38.1007796555794));
#7624=CARTESIAN_POINT('Ctrl Pts',(-4.17488313069453,-8.4501,38.1007796555794));
#7625=CARTESIAN_POINT('Ctrl Pts',(-4.22066857367754,-8.45,38.0381318211555));
#7626=CARTESIAN_POINT('Ctrl Pts',(-4.22066857367754,-8.4501,38.0381318211555));
#7627=CARTESIAN_POINT('',(-3.89529397040605,-8.45,38.3389505028725));
#7628=CARTESIAN_POINT('Ctrl Pts',(-4.22066857367754,-8.45,38.0381318211555));
#7629=CARTESIAN_POINT('Ctrl Pts',(-4.17488313069453,-8.45,38.1007796555794));
#7630=CARTESIAN_POINT('Ctrl Pts',(-4.08600071595627,-8.45,38.2223967119826));
#7631=CARTESIAN_POINT('Ctrl Pts',(-3.95756796216247,-8.45,38.3008906545325));
#7632=CARTESIAN_POINT('Ctrl Pts',(-3.89529397040605,-8.45,38.3389505028725));
#7633=CARTESIAN_POINT('',(-3.89529397040605,-8.4501,38.3389505028725));
#7634=CARTESIAN_POINT('Ctrl Pts',(-3.89529397040605,-8.4501,38.3389505028725));
#7635=CARTESIAN_POINT('Ctrl Pts',(-3.95756796216247,-8.4501,38.3008906545325));
#7636=CARTESIAN_POINT('Ctrl Pts',(-4.08600071595627,-8.4501,38.2223967119826));
#7637=CARTESIAN_POINT('Ctrl Pts',(-4.17488313069453,-8.4501,38.1007796555794));
#7638=CARTESIAN_POINT('Ctrl Pts',(-4.22066857367754,-8.4501,38.0381318211555));
#7639=CARTESIAN_POINT('',(-3.89529397040605,-8.45,38.3389505028725));
#7640=CARTESIAN_POINT('Ctrl Pts',(-3.49215557128191,-8.45,38.4371765732765));
#7641=CARTESIAN_POINT('Ctrl Pts',(-3.49215557128191,-8.4501,38.4371765732765));
#7642=CARTESIAN_POINT('Ctrl Pts',(-3.56184895465167,-8.45,38.4329806065773));
#7643=CARTESIAN_POINT('Ctrl Pts',(-3.56184895465167,-8.4501,38.4329806065773));
#7644=CARTESIAN_POINT('Ctrl Pts',(-3.70212860879187,-8.45,38.4245349159121));
#7645=CARTESIAN_POINT('Ctrl Pts',(-3.70212860879187,-8.4501,38.4245349159121));
#7646=CARTESIAN_POINT('Ctrl Pts',(-3.83063287106463,-8.45,38.3675994396559));
#7647=CARTESIAN_POINT('Ctrl Pts',(-3.83063287106463,-8.4501,38.3675994396559));
#7648=CARTESIAN_POINT('Ctrl Pts',(-3.89529397040605,-8.45,38.3389505028725));
#7649=CARTESIAN_POINT('Ctrl Pts',(-3.89529397040605,-8.4501,38.3389505028725));
#7650=CARTESIAN_POINT('',(-3.49215557128191,-8.45,38.4371765732765));
#7651=CARTESIAN_POINT('Ctrl Pts',(-3.89529397040605,-8.45,38.3389505028725));
#7652=CARTESIAN_POINT('Ctrl Pts',(-3.83063287106463,-8.45,38.3675994396559));
#7653=CARTESIAN_POINT('Ctrl Pts',(-3.70212860879187,-8.45,38.4245349159121));
#7654=CARTESIAN_POINT('Ctrl Pts',(-3.56184895465167,-8.45,38.4329806065773));
#7655=CARTESIAN_POINT('Ctrl Pts',(-3.49215557128191,-8.45,38.4371765732765));
#7656=CARTESIAN_POINT('',(-3.49215557128191,-8.4501,38.4371765732765));
#7657=CARTESIAN_POINT('Ctrl Pts',(-3.49215557128191,-8.4501,38.4371765732765));
#7658=CARTESIAN_POINT('Ctrl Pts',(-3.56184895465167,-8.4501,38.4329806065773));
#7659=CARTESIAN_POINT('Ctrl Pts',(-3.70212860879187,-8.4501,38.4245349159121));
#7660=CARTESIAN_POINT('Ctrl Pts',(-3.83063287106463,-8.4501,38.3675994396559));
#7661=CARTESIAN_POINT('Ctrl Pts',(-3.89529397040605,-8.4501,38.3389505028725));
#7662=CARTESIAN_POINT('',(-3.49215557128191,-8.45,38.4371765732765));
#7663=CARTESIAN_POINT('Ctrl Pts',(-2.86493887454271,-8.45,38.1660302758217));
#7664=CARTESIAN_POINT('Ctrl Pts',(-2.86493887454271,-8.4501,38.1660302758217));
#7665=CARTESIAN_POINT('Ctrl Pts',(-2.95548206057521,-8.45,38.2451140519669));
#7666=CARTESIAN_POINT('Ctrl Pts',(-2.95548206057521,-8.4501,38.2451140519669));
#7667=CARTESIAN_POINT('Ctrl Pts',(-3.13567312604317,-8.45,38.4024996102763));
#7668=CARTESIAN_POINT('Ctrl Pts',(-3.13567312604317,-8.4501,38.4024996102763));
#7669=CARTESIAN_POINT('Ctrl Pts',(-3.37372235074341,-8.45,38.425655937516));
#7670=CARTESIAN_POINT('Ctrl Pts',(-3.37372235074341,-8.4501,38.425655937516));
#7671=CARTESIAN_POINT('Ctrl Pts',(-3.49215557128191,-8.45,38.4371765732765));
#7672=CARTESIAN_POINT('Ctrl Pts',(-3.49215557128191,-8.4501,38.4371765732765));
#7673=CARTESIAN_POINT('',(-2.86493887454271,-8.45,38.1660302758217));
#7674=CARTESIAN_POINT('Ctrl Pts',(-3.49215557128191,-8.45,38.4371765732765));
#7675=CARTESIAN_POINT('Ctrl Pts',(-3.37372235074341,-8.45,38.425655937516));
#7676=CARTESIAN_POINT('Ctrl Pts',(-3.13567312604317,-8.45,38.4024996102763));
#7677=CARTESIAN_POINT('Ctrl Pts',(-2.95548206057521,-8.45,38.2451140519669));
#7678=CARTESIAN_POINT('Ctrl Pts',(-2.86493887454271,-8.45,38.1660302758217));
#7679=CARTESIAN_POINT('',(-2.86493887454271,-8.4501,38.1660302758217));
#7680=CARTESIAN_POINT('Ctrl Pts',(-2.86493887454271,-8.4501,38.1660302758217));
#7681=CARTESIAN_POINT('Ctrl Pts',(-2.95548206057521,-8.4501,38.2451140519669));
#7682=CARTESIAN_POINT('Ctrl Pts',(-3.13567312604317,-8.4501,38.4024996102763));
#7683=CARTESIAN_POINT('Ctrl Pts',(-3.37372235074341,-8.4501,38.425655937516));
#7684=CARTESIAN_POINT('Ctrl Pts',(-3.49215557128191,-8.4501,38.4371765732765));
#7685=CARTESIAN_POINT('',(-2.86493887454271,-8.45,38.1660302758217));
#7686=CARTESIAN_POINT('Ctrl Pts',(-2.6060711339116,-8.45,37.4651440262794));
#7687=CARTESIAN_POINT('Ctrl Pts',(-2.6060711339116,-8.4501,37.4651440262794));
#7688=CARTESIAN_POINT('Ctrl Pts',(-2.61511944509708,-8.45,37.5999085075866));
#7689=CARTESIAN_POINT('Ctrl Pts',(-2.61511944509708,-8.4501,37.5999085075866));
#7690=CARTESIAN_POINT('Ctrl Pts',(-2.63255315174511,-8.45,37.8595640814858));
#7691=CARTESIAN_POINT('Ctrl Pts',(-2.63255315174511,-8.4501,37.8595640814858));
#7692=CARTESIAN_POINT('Ctrl Pts',(-2.78946583225165,-8.45,38.066497758215));
#7693=CARTESIAN_POINT('Ctrl Pts',(-2.78946583225165,-8.4501,38.066497758215));
#7694=CARTESIAN_POINT('Ctrl Pts',(-2.86493887454271,-8.45,38.1660302758217));
#7695=CARTESIAN_POINT('Ctrl Pts',(-2.86493887454271,-8.4501,38.1660302758217));
#7696=CARTESIAN_POINT('',(-2.6060711339116,-8.45,37.4651440262794));
#7697=CARTESIAN_POINT('Ctrl Pts',(-2.86493887454271,-8.45,38.1660302758217));
#7698=CARTESIAN_POINT('Ctrl Pts',(-2.78946583225165,-8.45,38.066497758215));
#7699=CARTESIAN_POINT('Ctrl Pts',(-2.63255315174511,-8.45,37.8595640814858));
#7700=CARTESIAN_POINT('Ctrl Pts',(-2.61511944509708,-8.45,37.5999085075866));
#7701=CARTESIAN_POINT('Ctrl Pts',(-2.6060711339116,-8.45,37.4651440262794));
#7702=CARTESIAN_POINT('',(-2.6060711339116,-8.4501,37.4651440262794));
#7703=CARTESIAN_POINT('Ctrl Pts',(-2.6060711339116,-8.4501,37.4651440262794));
#7704=CARTESIAN_POINT('Ctrl Pts',(-2.61511944509708,-8.4501,37.5999085075866));
#7705=CARTESIAN_POINT('Ctrl Pts',(-2.63255315174511,-8.4501,37.8595640814858));
#7706=CARTESIAN_POINT('Ctrl Pts',(-2.78946583225165,-8.4501,38.066497758215));
#7707=CARTESIAN_POINT('Ctrl Pts',(-2.86493887454271,-8.4501,38.1660302758217));
#7708=CARTESIAN_POINT('',(-2.6060711339116,-8.45,37.4651440262794));
#7709=CARTESIAN_POINT('Ctrl Pts',(-2.72783090621233,-8.45,36.9402458548546));
#7710=CARTESIAN_POINT('Ctrl Pts',(-2.72783090621233,-8.4501,36.9402458548546));
#7711=CARTESIAN_POINT('Ctrl Pts',(-2.69231879795136,-8.45,37.0232204648327));
#7712=CARTESIAN_POINT('Ctrl Pts',(-2.69231879795136,-8.4501,37.0232204648327));
#7713=CARTESIAN_POINT('Ctrl Pts',(-2.62054869059459,-8.45,37.1909124706762));
#7714=CARTESIAN_POINT('Ctrl Pts',(-2.62054869059459,-8.4501,37.1909124706762));
#7715=CARTESIAN_POINT('Ctrl Pts',(-2.61093030671726,-8.45,37.3731023547033));
#7716=CARTESIAN_POINT('Ctrl Pts',(-2.61093030671726,-8.4501,37.3731023547033));
#7717=CARTESIAN_POINT('Ctrl Pts',(-2.6060711339116,-8.45,37.4651440262794));
#7718=CARTESIAN_POINT('Ctrl Pts',(-2.6060711339116,-8.4501,37.4651440262794));
#7719=CARTESIAN_POINT('',(-2.72783090621233,-8.45,36.9402458548546));
#7720=CARTESIAN_POINT('Ctrl Pts',(-2.6060711339116,-8.45,37.4651440262794));
#7721=CARTESIAN_POINT('Ctrl Pts',(-2.61093030671726,-8.45,37.3731023547033));
#7722=CARTESIAN_POINT('Ctrl Pts',(-2.62054869059459,-8.45,37.1909124706762));
#7723=CARTESIAN_POINT('Ctrl Pts',(-2.69231879795136,-8.45,37.0232204648327));
#7724=CARTESIAN_POINT('Ctrl Pts',(-2.72783090621233,-8.45,36.9402458548546));
#7725=CARTESIAN_POINT('',(-2.72783090621233,-8.4501,36.9402458548546));
#7726=CARTESIAN_POINT('Ctrl Pts',(-2.72783090621233,-8.4501,36.9402458548546));
#7727=CARTESIAN_POINT('Ctrl Pts',(-2.69231879795136,-8.4501,37.0232204648327));
#7728=CARTESIAN_POINT('Ctrl Pts',(-2.62054869059459,-8.4501,37.1909124706762));
#7729=CARTESIAN_POINT('Ctrl Pts',(-2.61093030671726,-8.4501,37.3731023547033));
#7730=CARTESIAN_POINT('Ctrl Pts',(-2.6060711339116,-8.4501,37.4651440262794));
#7731=CARTESIAN_POINT('',(-2.72783090621233,-8.45,36.9402458548546));
#7732=CARTESIAN_POINT('Ctrl Pts',(-3.06241502314806,-8.45,36.5688272595406));
#7733=CARTESIAN_POINT('Ctrl Pts',(-3.06241502314806,-8.4501,36.5688272595406));
#7734=CARTESIAN_POINT('Ctrl Pts',(-2.99482693756156,-8.45,36.617424969792));
#7735=CARTESIAN_POINT('Ctrl Pts',(-2.99482693756156,-8.4501,36.617424969792));
#7736=CARTESIAN_POINT('Ctrl Pts',(-2.85647335399763,-8.45,36.7169050380309));
#7737=CARTESIAN_POINT('Ctrl Pts',(-2.85647335399763,-8.4501,36.7169050380309));
#7738=CARTESIAN_POINT('Ctrl Pts',(-2.77136326495962,-8.45,36.8646677488074));
#7739=CARTESIAN_POINT('Ctrl Pts',(-2.77136326495962,-8.4501,36.8646677488074));
#7740=CARTESIAN_POINT('Ctrl Pts',(-2.72783090621233,-8.45,36.9402458548546));
#7741=CARTESIAN_POINT('Ctrl Pts',(-2.72783090621233,-8.4501,36.9402458548546));
#7742=CARTESIAN_POINT('',(-3.06241502314806,-8.45,36.5688272595406));
#7743=CARTESIAN_POINT('Ctrl Pts',(-2.72783090621233,-8.45,36.9402458548546));
#7744=CARTESIAN_POINT('Ctrl Pts',(-2.77136326495962,-8.45,36.8646677488074));
#7745=CARTESIAN_POINT('Ctrl Pts',(-2.85647335399763,-8.45,36.7169050380309));
#7746=CARTESIAN_POINT('Ctrl Pts',(-2.99482693756156,-8.45,36.617424969792));
#7747=CARTESIAN_POINT('Ctrl Pts',(-3.06241502314806,-8.45,36.5688272595406));
#7748=CARTESIAN_POINT('',(-3.06241502314806,-8.4501,36.5688272595406));
#7749=CARTESIAN_POINT('Ctrl Pts',(-3.06241502314806,-8.4501,36.5688272595406));
#7750=CARTESIAN_POINT('Ctrl Pts',(-2.99482693756156,-8.4501,36.617424969792));
#7751=CARTESIAN_POINT('Ctrl Pts',(-2.85647335399763,-8.4501,36.7169050380309));
#7752=CARTESIAN_POINT('Ctrl Pts',(-2.77136326495962,-8.4501,36.8646677488074));
#7753=CARTESIAN_POINT('Ctrl Pts',(-2.72783090621233,-8.4501,36.9402458548546));
#7754=CARTESIAN_POINT('',(-3.06241502314806,-8.45,36.5688272595406));
#7755=CARTESIAN_POINT('Ctrl Pts',(-3.54536165744066,-8.45,36.4399047970772));
#7756=CARTESIAN_POINT('Ctrl Pts',(-3.54536165744066,-8.4501,36.4399047970772));
#7757=CARTESIAN_POINT('Ctrl Pts',(-3.45851407355237,-8.45,36.4447949266869));
#7758=CARTESIAN_POINT('Ctrl Pts',(-3.45851407355237,-8.4501,36.4447949266869));
#7759=CARTESIAN_POINT('Ctrl Pts',(-3.28850699457019,-8.45,36.4543675205759));
#7760=CARTESIAN_POINT('Ctrl Pts',(-3.28850699457019,-8.4501,36.4543675205759));
#7761=CARTESIAN_POINT('Ctrl Pts',(-3.13668112346901,-8.45,36.5312298234034));
#7762=CARTESIAN_POINT('Ctrl Pts',(-3.13668112346901,-8.4501,36.5312298234034));
#7763=CARTESIAN_POINT('Ctrl Pts',(-3.06241502314806,-8.45,36.5688272595406));
#7764=CARTESIAN_POINT('Ctrl Pts',(-3.06241502314806,-8.4501,36.5688272595406));
#7765=CARTESIAN_POINT('',(-3.54536165744066,-8.45,36.4399047970772));
#7766=CARTESIAN_POINT('Ctrl Pts',(-3.06241502314806,-8.45,36.5688272595406));
#7767=CARTESIAN_POINT('Ctrl Pts',(-3.13668112346901,-8.45,36.5312298234034));
#7768=CARTESIAN_POINT('Ctrl Pts',(-3.28850699457019,-8.45,36.4543675205759));
#7769=CARTESIAN_POINT('Ctrl Pts',(-3.45851407355237,-8.45,36.4447949266869));
#7770=CARTESIAN_POINT('Ctrl Pts',(-3.54536165744066,-8.45,36.4399047970772));
#7771=CARTESIAN_POINT('',(-3.54536165744066,-8.4501,36.4399047970772));
#7772=CARTESIAN_POINT('Ctrl Pts',(-3.54536165744066,-8.4501,36.4399047970772));
#7773=CARTESIAN_POINT('Ctrl Pts',(-3.45851407355237,-8.4501,36.4447949266869));
#7774=CARTESIAN_POINT('Ctrl Pts',(-3.28850699457019,-8.4501,36.4543675205759));
#7775=CARTESIAN_POINT('Ctrl Pts',(-3.13668112346901,-8.4501,36.5312298234034));
#7776=CARTESIAN_POINT('Ctrl Pts',(-3.06241502314806,-8.4501,36.5688272595406));
#7777=CARTESIAN_POINT('',(-3.54536165744066,-8.45,36.4399047970772));
#7778=CARTESIAN_POINT('Ctrl Pts',(-4.29638494998216,-8.45,36.7785819649696));
#7779=CARTESIAN_POINT('Ctrl Pts',(-4.29638494998216,-8.4501,36.7785819649696));
#7780=CARTESIAN_POINT('Ctrl Pts',(-4.19176627160346,-8.45,36.679803537021));
#7781=CARTESIAN_POINT('Ctrl Pts',(-4.19176627160346,-8.4501,36.679803537021));
#7782=CARTESIAN_POINT('Ctrl Pts',(-3.98062915211155,-8.45,36.4804529710588));
#7783=CARTESIAN_POINT('Ctrl Pts',(-3.98062915211155,-8.4501,36.4804529710588));
#7784=CARTESIAN_POINT('Ctrl Pts',(-3.69131853888569,-8.45,36.4535016888624));
#7785=CARTESIAN_POINT('Ctrl Pts',(-3.69131853888569,-8.4501,36.4535016888624));
#7786=CARTESIAN_POINT('Ctrl Pts',(-3.54536165744066,-8.45,36.4399047970772));
#7787=CARTESIAN_POINT('Ctrl Pts',(-3.54536165744066,-8.4501,36.4399047970772));
#7788=CARTESIAN_POINT('',(-4.29638494998216,-8.45,36.7785819649696));
#7789=CARTESIAN_POINT('Ctrl Pts',(-3.54536165744066,-8.45,36.4399047970772));
#7790=CARTESIAN_POINT('Ctrl Pts',(-3.69131853888569,-8.45,36.4535016888624));
#7791=CARTESIAN_POINT('Ctrl Pts',(-3.98062915211155,-8.45,36.4804529710588));
#7792=CARTESIAN_POINT('Ctrl Pts',(-4.19176627160346,-8.45,36.679803537021));
#7793=CARTESIAN_POINT('Ctrl Pts',(-4.29638494998216,-8.45,36.7785819649696));
#7794=CARTESIAN_POINT('',(-4.29638494998216,-8.4501,36.7785819649696));
#7795=CARTESIAN_POINT('Ctrl Pts',(-4.29638494998216,-8.4501,36.7785819649696));
#7796=CARTESIAN_POINT('Ctrl Pts',(-4.19176627160346,-8.4501,36.679803537021));
#7797=CARTESIAN_POINT('Ctrl Pts',(-3.98062915211155,-8.4501,36.4804529710588));
#7798=CARTESIAN_POINT('Ctrl Pts',(-3.69131853888569,-8.4501,36.4535016888624));
#7799=CARTESIAN_POINT('Ctrl Pts',(-3.54536165744066,-8.4501,36.4399047970772));
#7800=CARTESIAN_POINT('',(-4.29638494998216,-8.45,36.7785819649696));
#7801=CARTESIAN_POINT('Ctrl Pts',(-4.58697189837694,-8.45,37.8948845744133));
#7802=CARTESIAN_POINT('Ctrl Pts',(-4.58697189837694,-8.4501,37.8948845744133));
#7803=CARTESIAN_POINT('Ctrl Pts',(-4.58390210566451,-8.45,37.6661657193672));
#7804=CARTESIAN_POINT('Ctrl Pts',(-4.58390210566451,-8.4501,37.6661657193672));
#7805=CARTESIAN_POINT('Ctrl Pts',(-4.57855418924416,-8.45,37.2677123268646));
#7806=CARTESIAN_POINT('Ctrl Pts',(-4.57855418924416,-8.4501,37.2677123268646));
#7807=CARTESIAN_POINT('Ctrl Pts',(-4.38067724621951,-8.45,36.9246996689099));
#7808=CARTESIAN_POINT('Ctrl Pts',(-4.38067724621951,-8.4501,36.9246996689099));
#7809=CARTESIAN_POINT('Ctrl Pts',(-4.29638494998216,-8.45,36.7785819649696));
#7810=CARTESIAN_POINT('Ctrl Pts',(-4.29638494998216,-8.4501,36.7785819649696));
#7811=CARTESIAN_POINT('',(-4.58697189837694,-8.45,37.8948845744133));
#7812=CARTESIAN_POINT('Ctrl Pts',(-4.29638494998216,-8.45,36.7785819649696));
#7813=CARTESIAN_POINT('Ctrl Pts',(-4.38067724621951,-8.45,36.9246996689099));
#7814=CARTESIAN_POINT('Ctrl Pts',(-4.57855418924416,-8.45,37.2677123268646));
#7815=CARTESIAN_POINT('Ctrl Pts',(-4.58390210566451,-8.45,37.6661657193672));
#7816=CARTESIAN_POINT('Ctrl Pts',(-4.58697189837694,-8.45,37.8948845744133));
#7817=CARTESIAN_POINT('',(-4.58697189837694,-8.4501,37.8948845744133));
#7818=CARTESIAN_POINT('Ctrl Pts',(-4.58697189837694,-8.4501,37.8948845744133));
#7819=CARTESIAN_POINT('Ctrl Pts',(-4.58390210566451,-8.4501,37.6661657193672));
#7820=CARTESIAN_POINT('Ctrl Pts',(-4.57855418924416,-8.4501,37.2677123268646));
#7821=CARTESIAN_POINT('Ctrl Pts',(-4.38067724621951,-8.4501,36.9246996689099));
#7822=CARTESIAN_POINT('Ctrl Pts',(-4.29638494998216,-8.4501,36.7785819649696));
#7823=CARTESIAN_POINT('',(-4.58697189837694,-8.45,37.8948845744133));
#7824=CARTESIAN_POINT('Ctrl Pts',(-4.26568915396928,-8.45,39.1595502972603));
#7825=CARTESIAN_POINT('Ctrl Pts',(-4.26568915396928,-8.4501,39.1595502972603));
#7826=CARTESIAN_POINT('Ctrl Pts',(-4.35892346724657,-8.45,38.9919459431659));
#7827=CARTESIAN_POINT('Ctrl Pts',(-4.35892346724657,-8.4501,38.9919459431659));
#7828=CARTESIAN_POINT('Ctrl Pts',(-4.5762782145201,-8.45,38.601214239938));
#7829=CARTESIAN_POINT('Ctrl Pts',(-4.5762782145201,-8.4501,38.601214239938));
#7830=CARTESIAN_POINT('Ctrl Pts',(-4.58308492575306,-8.45,38.1516234223241));
#7831=CARTESIAN_POINT('Ctrl Pts',(-4.58308492575306,-8.4501,38.1516234223241));
#7832=CARTESIAN_POINT('Ctrl Pts',(-4.58697189837694,-8.45,37.8948845744133));
#7833=CARTESIAN_POINT('Ctrl Pts',(-4.58697189837694,-8.4501,37.8948845744133));
#7834=CARTESIAN_POINT('',(-4.26568915396928,-8.45,39.1595502972603));
#7835=CARTESIAN_POINT('Ctrl Pts',(-4.58697189837694,-8.45,37.8948845744133));
#7836=CARTESIAN_POINT('Ctrl Pts',(-4.58308492575306,-8.45,38.1516234223241));
#7837=CARTESIAN_POINT('Ctrl Pts',(-4.5762782145201,-8.45,38.601214239938));
#7838=CARTESIAN_POINT('Ctrl Pts',(-4.35892346724657,-8.45,38.9919459431659));
#7839=CARTESIAN_POINT('Ctrl Pts',(-4.26568915396928,-8.45,39.1595502972603));
#7840=CARTESIAN_POINT('',(-4.26568915396928,-8.4501,39.1595502972603));
#7841=CARTESIAN_POINT('Ctrl Pts',(-4.26568915396928,-8.4501,39.1595502972603));
#7842=CARTESIAN_POINT('Ctrl Pts',(-4.35892346724657,-8.4501,38.9919459431659));
#7843=CARTESIAN_POINT('Ctrl Pts',(-4.5762782145201,-8.4501,38.601214239938));
#7844=CARTESIAN_POINT('Ctrl Pts',(-4.58308492575306,-8.4501,38.1516234223241));
#7845=CARTESIAN_POINT('Ctrl Pts',(-4.58697189837694,-8.4501,37.8948845744133));
#7846=CARTESIAN_POINT('',(-4.26568915396928,-8.45,39.1595502972603));
#7847=CARTESIAN_POINT('Ctrl Pts',(-3.5105734065175,-8.45,39.5033427357674));
#7848=CARTESIAN_POINT('Ctrl Pts',(-3.5105734065175,-8.4501,39.5033427357674));
#7849=CARTESIAN_POINT('Ctrl Pts',(-3.65976441141181,-8.45,39.4901791106367));
#7850=CARTESIAN_POINT('Ctrl Pts',(-3.65976441141181,-8.4501,39.4901791106367));
#7851=CARTESIAN_POINT('Ctrl Pts',(-3.95239012544962,-8.45,39.464359757748));
#7852=CARTESIAN_POINT('Ctrl Pts',(-3.95239012544962,-8.4501,39.464359757748));
#7853=CARTESIAN_POINT('Ctrl Pts',(-4.16263473159632,-8.45,39.2598122196569));
#7854=CARTESIAN_POINT('Ctrl Pts',(-4.16263473159632,-8.4501,39.2598122196569));
#7855=CARTESIAN_POINT('Ctrl Pts',(-4.26568915396928,-8.45,39.1595502972603));
#7856=CARTESIAN_POINT('Ctrl Pts',(-4.26568915396928,-8.4501,39.1595502972603));
#7857=CARTESIAN_POINT('',(-3.5105734065175,-8.45,39.5033427357674));
#7858=CARTESIAN_POINT('Ctrl Pts',(-4.26568915396928,-8.45,39.1595502972603));
#7859=CARTESIAN_POINT('Ctrl Pts',(-4.16263473159632,-8.45,39.2598122196569));
#7860=CARTESIAN_POINT('Ctrl Pts',(-3.95239012544962,-8.45,39.464359757748));
#7861=CARTESIAN_POINT('Ctrl Pts',(-3.65976441141181,-8.45,39.4901791106367));
#7862=CARTESIAN_POINT('Ctrl Pts',(-3.5105734065175,-8.45,39.5033427357674));
#7863=CARTESIAN_POINT('',(-3.5105734065175,-8.4501,39.5033427357674));
#7864=CARTESIAN_POINT('Ctrl Pts',(-3.5105734065175,-8.4501,39.5033427357674));
#7865=CARTESIAN_POINT('Ctrl Pts',(-3.65976441141181,-8.4501,39.4901791106367));
#7866=CARTESIAN_POINT('Ctrl Pts',(-3.95239012544962,-8.4501,39.464359757748));
#7867=CARTESIAN_POINT('Ctrl Pts',(-4.16263473159632,-8.4501,39.2598122196569));
#7868=CARTESIAN_POINT('Ctrl Pts',(-4.26568915396928,-8.4501,39.1595502972603));
#7869=CARTESIAN_POINT('',(-3.5105734065175,-8.45,39.5033427357674));
#7870=CARTESIAN_POINT('Ctrl Pts',(-2.93042351752519,-8.45,39.3048437714577));
#7871=CARTESIAN_POINT('Ctrl Pts',(-2.93042351752519,-8.4501,39.3048437714577));
#7872=CARTESIAN_POINT('Ctrl Pts',(-3.01356051728715,-8.45,39.3627077923669));
#7873=CARTESIAN_POINT('Ctrl Pts',(-3.01356051728715,-8.4501,39.3627077923669));
#7874=CARTESIAN_POINT('Ctrl Pts',(-3.18761707255271,-8.45,39.4838525556144));
#7875=CARTESIAN_POINT('Ctrl Pts',(-3.18761707255271,-8.4501,39.4838525556144));
#7876=CARTESIAN_POINT('Ctrl Pts',(-3.39975946843864,-8.45,39.4966551951017));
#7877=CARTESIAN_POINT('Ctrl Pts',(-3.39975946843864,-8.4501,39.4966551951017));
#7878=CARTESIAN_POINT('Ctrl Pts',(-3.5105734065175,-8.45,39.5033427357674));
#7879=CARTESIAN_POINT('Ctrl Pts',(-3.5105734065175,-8.4501,39.5033427357674));
#7880=CARTESIAN_POINT('',(-2.93042351752519,-8.45,39.3048437714577));
#7881=CARTESIAN_POINT('Ctrl Pts',(-3.5105734065175,-8.45,39.5033427357674));
#7882=CARTESIAN_POINT('Ctrl Pts',(-3.39975946843864,-8.45,39.4966551951017));
#7883=CARTESIAN_POINT('Ctrl Pts',(-3.18761707255271,-8.45,39.4838525556144));
#7884=CARTESIAN_POINT('Ctrl Pts',(-3.01356051728715,-8.45,39.3627077923669));
#7885=CARTESIAN_POINT('Ctrl Pts',(-2.93042351752519,-8.45,39.3048437714577));
#7886=CARTESIAN_POINT('',(-2.93042351752519,-8.4501,39.3048437714577));
#7887=CARTESIAN_POINT('Ctrl Pts',(-2.93042351752519,-8.4501,39.3048437714577));
#7888=CARTESIAN_POINT('Ctrl Pts',(-3.01356051728715,-8.4501,39.3627077923669));
#7889=CARTESIAN_POINT('Ctrl Pts',(-3.18761707255271,-8.4501,39.4838525556144));
#7890=CARTESIAN_POINT('Ctrl Pts',(-3.39975946843864,-8.4501,39.4966551951017));
#7891=CARTESIAN_POINT('Ctrl Pts',(-3.5105734065175,-8.4501,39.5033427357674));
#7892=CARTESIAN_POINT('',(-2.93042351752519,-8.45,39.3048437714577));
#7893=CARTESIAN_POINT('Ctrl Pts',(-2.65927722007036,-8.45,38.7564124941826));
#7894=CARTESIAN_POINT('Ctrl Pts',(-2.65927722007036,-8.4501,38.7564124941826));
#7895=CARTESIAN_POINT('Ctrl Pts',(-2.68005815651728,-8.45,38.8651396880813));
#7896=CARTESIAN_POINT('Ctrl Pts',(-2.68005815651728,-8.4501,38.8651396880813));
#7897=CARTESIAN_POINT('Ctrl Pts',(-2.71987600834351,-8.45,39.0734692456639));
#7898=CARTESIAN_POINT('Ctrl Pts',(-2.71987600834351,-8.4501,39.0734692456639));
#7899=CARTESIAN_POINT('Ctrl Pts',(-2.8623207060466,-8.45,39.2300043408117));
#7900=CARTESIAN_POINT('Ctrl Pts',(-2.8623207060466,-8.4501,39.2300043408117));
#7901=CARTESIAN_POINT('Ctrl Pts',(-2.93042351752519,-8.45,39.3048437714577));
#7902=CARTESIAN_POINT('Ctrl Pts',(-2.93042351752519,-8.4501,39.3048437714577));
#7903=CARTESIAN_POINT('Ctrl Pts',(-2.93042351752519,-8.45,39.3048437714577));
#7904=CARTESIAN_POINT('Ctrl Pts',(-2.8623207060466,-8.45,39.2300043408117));
#7905=CARTESIAN_POINT('Ctrl Pts',(-2.71987600834351,-8.45,39.0734692456639));
#7906=CARTESIAN_POINT('Ctrl Pts',(-2.68005815651728,-8.45,38.8651396880813));
#7907=CARTESIAN_POINT('Ctrl Pts',(-2.65927722007036,-8.45,38.7564124941826));
#7908=CARTESIAN_POINT('Ctrl Pts',(-2.65927722007036,-8.4501,38.7564124941826));
#7909=CARTESIAN_POINT('Ctrl Pts',(-2.68005815651728,-8.4501,38.8651396880813));
#7910=CARTESIAN_POINT('Ctrl Pts',(-2.71987600834351,-8.4501,39.0734692456639));
#7911=CARTESIAN_POINT('Ctrl Pts',(-2.8623207060466,-8.4501,39.2300043408117));
#7912=CARTESIAN_POINT('Ctrl Pts',(-2.93042351752519,-8.4501,39.3048437714577));
#7913=CARTESIAN_POINT('Origin',(-7.94231886924734E-7,-8.4501,35.6305595517158));
#7914=CARTESIAN_POINT('Origin',(-7.94231886924734E-7,-8.45,35.6305595517158));
#7915=UNCERTAINTY_MEASURE_WITH_UNIT(LENGTH_MEASURE(0.01),#7919,
'DISTANCE_ACCURACY_VALUE',
'Maximum model space distance between geometric entities at asserted c
onnectivities');
#7916=UNCERTAINTY_MEASURE_WITH_UNIT(LENGTH_MEASURE(0.01),#7919,
'DISTANCE_ACCURACY_VALUE',
'Maximum model space distance between geometric entities at asserted c
onnectivities');
#7917=(
GEOMETRIC_REPRESENTATION_CONTEXT(3)
GLOBAL_UNCERTAINTY_ASSIGNED_CONTEXT((#7915))
GLOBAL_UNIT_ASSIGNED_CONTEXT((#7919,#7921,#7922))
REPRESENTATION_CONTEXT('','3D')
);
#7918=(
GEOMETRIC_REPRESENTATION_CONTEXT(3)
GLOBAL_UNCERTAINTY_ASSIGNED_CONTEXT((#7916))
GLOBAL_UNIT_ASSIGNED_CONTEXT((#7919,#7921,#7922))
REPRESENTATION_CONTEXT('','3D')
);
#7919=(
LENGTH_UNIT()
NAMED_UNIT(*)
SI_UNIT(.MILLI.,.METRE.)
);
#7920=(
LENGTH_UNIT()
NAMED_UNIT(*)
SI_UNIT($,.METRE.)
);
#7921=(
NAMED_UNIT(*)
PLANE_ANGLE_UNIT()
SI_UNIT($,.RADIAN.)
);
#7922=(
NAMED_UNIT(*)
SI_UNIT($,.STERADIAN.)
SOLID_ANGLE_UNIT()
);
#7923=SHAPE_DEFINITION_REPRESENTATION(#7924,#7925);
#7924=PRODUCT_DEFINITION_SHAPE('',$,#7927);
#7925=SHAPE_REPRESENTATION('',(#4032),#7917);
#7926=PRODUCT_DEFINITION_CONTEXT('part definition',#7931,'design');
#7927=PRODUCT_DEFINITION('6F22 9V battery','6F22 9V battery v2',#7928,#7926);
#7928=PRODUCT_DEFINITION_FORMATION('',$,#7933);
#7929=PRODUCT_RELATED_PRODUCT_CATEGORY('6F22 9V battery v2',
'6F22 9V battery v2',(#7933));
#7930=APPLICATION_PROTOCOL_DEFINITION('international standard',
'automotive_design',2009,#7931);
#7931=APPLICATION_CONTEXT(
'Core Data for Automotive Mechanical Design Process');
#7932=PRODUCT_CONTEXT('part definition',#7931,'mechanical');
#7933=PRODUCT('6F22 9V battery','6F22 9V battery v2',$,(#7932));
#7934=PRESENTATION_STYLE_ASSIGNMENT((#7939));
#7935=PRESENTATION_STYLE_ASSIGNMENT((#7940));
#7936=PRESENTATION_STYLE_ASSIGNMENT((#7941));
#7937=PRESENTATION_STYLE_ASSIGNMENT((#7942));
#7938=PRESENTATION_STYLE_ASSIGNMENT((#7943));
#7939=SURFACE_STYLE_USAGE(.BOTH.,#7944);
#7940=SURFACE_STYLE_USAGE(.BOTH.,#7945);
#7941=SURFACE_STYLE_USAGE(.BOTH.,#7946);
#7942=SURFACE_STYLE_USAGE(.BOTH.,#7947);
#7943=SURFACE_STYLE_USAGE(.BOTH.,#7948);
#7944=SURFACE_SIDE_STYLE('',(#7949));
#7945=SURFACE_SIDE_STYLE('',(#7950));
#7946=SURFACE_SIDE_STYLE('',(#7951));
#7947=SURFACE_SIDE_STYLE('',(#7952));
#7948=SURFACE_SIDE_STYLE('',(#7953));
#7949=SURFACE_STYLE_FILL_AREA(#7954);
#7950=SURFACE_STYLE_FILL_AREA(#7955);
#7951=SURFACE_STYLE_FILL_AREA(#7956);
#7952=SURFACE_STYLE_FILL_AREA(#7957);
#7953=SURFACE_STYLE_FILL_AREA(#7958);
#7954=FILL_AREA_STYLE('Steel - Satin',(#7959));
#7955=FILL_AREA_STYLE('LED - SMD 5630 - 50lm (White)',(#7960));
#7956=FILL_AREA_STYLE('Paint - Metal Flake (Black)',(#7961));
#7957=FILL_AREA_STYLE('Aluminum - Anodized Rough (Blue)',(#7962));
#7958=FILL_AREA_STYLE('Silver - Satin',(#7963));
#7959=FILL_AREA_STYLE_COLOUR('Steel - Satin',#7964);
#7960=FILL_AREA_STYLE_COLOUR('LED - SMD 5630 - 50lm (White)',#7965);
#7961=FILL_AREA_STYLE_COLOUR('Paint - Metal Flake (Black)',#7966);
#7962=FILL_AREA_STYLE_COLOUR('Aluminum - Anodized Rough (Blue)',#7967);
#7963=FILL_AREA_STYLE_COLOUR('Silver - Satin',#7968);
#7964=COLOUR_RGB('Steel - Satin',0.627450980392157,0.627450980392157,0.627450980392157);
#7965=COLOUR_RGB('LED - SMD 5630 - 50lm (White)',0.929411764705882,0.929411764705882,
0.929411764705882);
#7966=COLOUR_RGB('Paint - Metal Flake (Black)',0.0980392156862745,0.0980392156862745,
0.0980392156862745);
#7967=COLOUR_RGB('Aluminum - Anodized Rough (Blue)',0.349019607843137,0.584313725490196,
0.854901960784314);
#7968=COLOUR_RGB('Silver - Satin',0.984313725490196,0.980392156862745,0.96078431372549);
ENDSEC;
END-ISO-10303-21;
