ISO-10303-21;
HEADER;
FILE_DESCRIPTION(('FreeCAD Model'),'2;1');
FILE_NAME('Open CASCADE Shape Model','2022-02-21T11:17:24',(''),(''),
  'Open CASCADE STEP processor 7.5','FreeCAD','Unknown');
FILE_SCHEMA(('AUTOMOTIVE_DESIGN { 1 0 10303 214 1 1 1 1 }'));
ENDSEC;
DATA;
#1 = APPLICATION_PROTOCOL_DEFINITION('international standard',
  'automotive_design',2000,#2);
#2 = APPLICATION_CONTEXT(
  'core data for automotive mechanical design processes');
#3 = SHAPE_DEFINITION_REPRESENTATION(#4,#10);
#4 = PRODUCT_DEFINITION_SHAPE('','',#5);
#5 = PRODUCT_DEFINITION('design','',#6,#9);
#6 = PRODUCT_DEFINITION_FORMATION('','',#7);
#7 = PRODUCT('DPDT_Print','DPDT_Print','',(#8));
#8 = PRODUCT_CONTEXT('',#2,'mechanical');
#9 = PRODUCT_DEFINITION_CONTEXT('part definition',#2,'design');
#10 = SHAPE_REPRESENTATION('',(#11,#15,#19,#23,#27,#31,#35,#39,#43,#47),
  #51);
#11 = AXIS2_PLACEMENT_3D('',#12,#13,#14);
#12 = CARTESIAN_POINT('',(0.,0.,0.));
#13 = DIRECTION('',(0.,0.,1.));
#14 = DIRECTION('',(1.,0.,-0.));
#15 = AXIS2_PLACEMENT_3D('',#16,#17,#18);
#16 = CARTESIAN_POINT('',(0.,0.,0.));
#17 = DIRECTION('',(0.,0.,1.));
#18 = DIRECTION('',(1.,0.,0.));
#19 = AXIS2_PLACEMENT_3D('',#20,#21,#22);
#20 = CARTESIAN_POINT('',(-2.4,0.,0.));
#21 = DIRECTION('',(0.,0.,1.));
#22 = DIRECTION('',(1.,0.,0.));
#23 = AXIS2_PLACEMENT_3D('',#24,#25,#26);
#24 = CARTESIAN_POINT('',(-2.4,4.7,0.));
#25 = DIRECTION('',(0.,0.,1.));
#26 = DIRECTION('',(1.,0.,0.));
#27 = AXIS2_PLACEMENT_3D('',#28,#29,#30);
#28 = CARTESIAN_POINT('',(-2.4,-4.7,0.));
#29 = DIRECTION('',(0.,0.,1.));
#30 = DIRECTION('',(1.,0.,0.));
#31 = AXIS2_PLACEMENT_3D('',#32,#33,#34);
#32 = CARTESIAN_POINT('',(0.,0.,0.));
#33 = DIRECTION('',(0.,0.,1.));
#34 = DIRECTION('',(1.,0.,0.));
#35 = AXIS2_PLACEMENT_3D('',#36,#37,#38);
#36 = CARTESIAN_POINT('',(0.,-0.144867097302,13.369828038563));
#37 = DIRECTION('',(0.,-0.173648177667,0.984807753012));
#38 = DIRECTION('',(1.,0.,0.));
#39 = AXIS2_PLACEMENT_3D('',#40,#41,#42);
#40 = CARTESIAN_POINT('',(2.4,4.7,0.));
#41 = DIRECTION('',(0.,0.,1.));
#42 = DIRECTION('',(1.,0.,0.));
#43 = AXIS2_PLACEMENT_3D('',#44,#45,#46);
#44 = CARTESIAN_POINT('',(2.4,0.,0.));
#45 = DIRECTION('',(0.,0.,1.));
#46 = DIRECTION('',(1.,0.,0.));
#47 = AXIS2_PLACEMENT_3D('',#48,#49,#50);
#48 = CARTESIAN_POINT('',(2.4,-4.7,0.));
#49 = DIRECTION('',(0.,0.,1.));
#50 = DIRECTION('',(1.,0.,0.));
#51 = ( GEOMETRIC_REPRESENTATION_CONTEXT(3) 
GLOBAL_UNCERTAINTY_ASSIGNED_CONTEXT((#55)) GLOBAL_UNIT_ASSIGNED_CONTEXT(
(#52,#53,#54)) REPRESENTATION_CONTEXT('Context #1',
  '3D Context with UNIT and UNCERTAINTY') );
#52 = ( LENGTH_UNIT() NAMED_UNIT(*) SI_UNIT(.MILLI.,.METRE.) );
#53 = ( NAMED_UNIT(*) PLANE_ANGLE_UNIT() SI_UNIT($,.RADIAN.) );
#54 = ( NAMED_UNIT(*) SI_UNIT($,.STERADIAN.) SOLID_ANGLE_UNIT() );
#55 = UNCERTAINTY_MEASURE_WITH_UNIT(LENGTH_MEASURE(1.E-06),#52,
  'distance_accuracy_value','confusion accuracy');
#56 = PRODUCT_RELATED_PRODUCT_CATEGORY('part',$,(#7));
#57 = ADVANCED_BREP_SHAPE_REPRESENTATION('',(#11,#58),#2524);
#58 = MANIFOLD_SOLID_BREP('',#59);
#59 = CLOSED_SHELL('',(#60,#100,#131,#162,#651,#732,#749,#844,#861,#956,
    #974,#992,#1010,#1028,#1052,#1076,#1100,#1124,#1141,#1172,#1196,
    #1220,#1237,#1268,#1292,#1316,#1333,#1364,#1388,#1412,#1429,#1460,
    #1484,#1508,#1525,#1556,#1580,#1604,#1621,#1652,#1676,#1700,#1717,
    #1748,#1772,#1796,#1813,#1844,#1868,#1892,#1909,#1940,#1964,#1988,
    #2005,#2036,#2060,#2084,#2101,#2125,#2181,#2205,#2261,#2278,#2288,
    #2298,#2333,#2350,#2362,#2379,#2391,#2401,#2411,#2464,#2476,#2488,
    #2500,#2512));
#60 = ADVANCED_FACE('',(#61),#95,.T.);
#61 = FACE_BOUND('',#62,.T.);
#62 = EDGE_LOOP('',(#63,#73,#81,#89));
#63 = ORIENTED_EDGE('',*,*,#64,.T.);
#64 = EDGE_CURVE('',#65,#67,#69,.T.);
#65 = VERTEX_POINT('',#66);
#66 = CARTESIAN_POINT('',(6.275,6.5,0.5));
#67 = VERTEX_POINT('',#68);
#68 = CARTESIAN_POINT('',(6.275,6.5,9.5));
#69 = LINE('',#70,#71);
#70 = CARTESIAN_POINT('',(6.275,6.5,0.5));
#71 = VECTOR('',#72,1.);
#72 = DIRECTION('',(0.,0.,1.));
#73 = ORIENTED_EDGE('',*,*,#74,.T.);
#74 = EDGE_CURVE('',#67,#75,#77,.T.);
#75 = VERTEX_POINT('',#76);
#76 = CARTESIAN_POINT('',(6.275,5.1,9.5));
#77 = LINE('',#78,#79);
#78 = CARTESIAN_POINT('',(6.275,6.5,9.5));
#79 = VECTOR('',#80,1.);
#80 = DIRECTION('',(0.,-1.,0.));
#81 = ORIENTED_EDGE('',*,*,#82,.F.);
#82 = EDGE_CURVE('',#83,#75,#85,.T.);
#83 = VERTEX_POINT('',#84);
#84 = CARTESIAN_POINT('',(6.275,5.1,0.5));
#85 = LINE('',#86,#87);
#86 = CARTESIAN_POINT('',(6.275,5.1,0.5));
#87 = VECTOR('',#88,1.);
#88 = DIRECTION('',(0.,0.,1.));
#89 = ORIENTED_EDGE('',*,*,#90,.F.);
#90 = EDGE_CURVE('',#65,#83,#91,.T.);
#91 = LINE('',#92,#93);
#92 = CARTESIAN_POINT('',(6.275,6.5,0.5));
#93 = VECTOR('',#94,1.);
#94 = DIRECTION('',(0.,-1.,0.));
#95 = PLANE('',#96);
#96 = AXIS2_PLACEMENT_3D('',#97,#98,#99);
#97 = CARTESIAN_POINT('',(6.275,6.5,0.5));
#98 = DIRECTION('',(1.,0.,0.));
#99 = DIRECTION('',(0.,-1.,0.));
#100 = ADVANCED_FACE('',(#101),#126,.T.);
#101 = FACE_BOUND('',#102,.T.);
#102 = EDGE_LOOP('',(#103,#104,#112,#120));
#103 = ORIENTED_EDGE('',*,*,#64,.F.);
#104 = ORIENTED_EDGE('',*,*,#105,.F.);
#105 = EDGE_CURVE('',#106,#65,#108,.T.);
#106 = VERTEX_POINT('',#107);
#107 = CARTESIAN_POINT('',(-6.275,6.5,0.5));
#108 = LINE('',#109,#110);
#109 = CARTESIAN_POINT('',(0.,6.5,0.5));
#110 = VECTOR('',#111,1.);
#111 = DIRECTION('',(1.,0.,0.));
#112 = ORIENTED_EDGE('',*,*,#113,.T.);
#113 = EDGE_CURVE('',#106,#114,#116,.T.);
#114 = VERTEX_POINT('',#115);
#115 = CARTESIAN_POINT('',(-6.275,6.5,9.5));
#116 = LINE('',#117,#118);
#117 = CARTESIAN_POINT('',(-6.275,6.5,0.5));
#118 = VECTOR('',#119,1.);
#119 = DIRECTION('',(0.,0.,1.));
#120 = ORIENTED_EDGE('',*,*,#121,.F.);
#121 = EDGE_CURVE('',#67,#114,#122,.T.);
#122 = LINE('',#123,#124);
#123 = CARTESIAN_POINT('',(0.,6.5,9.5));
#124 = VECTOR('',#125,1.);
#125 = DIRECTION('',(-1.,-0.,-0.));
#126 = PLANE('',#127);
#127 = AXIS2_PLACEMENT_3D('',#128,#129,#130);
#128 = CARTESIAN_POINT('',(-1.6E-16,6.5,5.));
#129 = DIRECTION('',(0.,1.,0.));
#130 = DIRECTION('',(0.,0.,1.));
#131 = ADVANCED_FACE('',(#132),#157,.T.);
#132 = FACE_BOUND('',#133,.T.);
#133 = EDGE_LOOP('',(#134,#135,#143,#151));
#134 = ORIENTED_EDGE('',*,*,#82,.T.);
#135 = ORIENTED_EDGE('',*,*,#136,.T.);
#136 = EDGE_CURVE('',#75,#137,#139,.T.);
#137 = VERTEX_POINT('',#138);
#138 = CARTESIAN_POINT('',(5.775,5.1,9.5));
#139 = LINE('',#140,#141);
#140 = CARTESIAN_POINT('',(6.275,5.1,9.5));
#141 = VECTOR('',#142,1.);
#142 = DIRECTION('',(-1.,0.,0.));
#143 = ORIENTED_EDGE('',*,*,#144,.F.);
#144 = EDGE_CURVE('',#145,#137,#147,.T.);
#145 = VERTEX_POINT('',#146);
#146 = CARTESIAN_POINT('',(5.775,5.1,0.5));
#147 = LINE('',#148,#149);
#148 = CARTESIAN_POINT('',(5.775,5.1,0.5));
#149 = VECTOR('',#150,1.);
#150 = DIRECTION('',(0.,0.,1.));
#151 = ORIENTED_EDGE('',*,*,#152,.F.);
#152 = EDGE_CURVE('',#83,#145,#153,.T.);
#153 = LINE('',#154,#155);
#154 = CARTESIAN_POINT('',(6.275,5.1,0.5));
#155 = VECTOR('',#156,1.);
#156 = DIRECTION('',(-1.,0.,0.));
#157 = PLANE('',#158);
#158 = AXIS2_PLACEMENT_3D('',#159,#160,#161);
#159 = CARTESIAN_POINT('',(6.275,5.1,0.5));
#160 = DIRECTION('',(0.,-1.,0.));
#161 = DIRECTION('',(-1.,0.,0.));
#162 = ADVANCED_FACE('',(#163,#306,#340,#374,#408,#442,#476,#510,#544,
    #578,#612),#646,.T.);
#163 = FACE_BOUND('',#164,.T.);
#164 = EDGE_LOOP('',(#165,#173,#174,#175,#176,#184,#193,#201,#210,#218,
    #226,#234,#242,#250,#258,#266,#275,#283,#292,#300));
#165 = ORIENTED_EDGE('',*,*,#166,.F.);
#166 = EDGE_CURVE('',#106,#167,#169,.T.);
#167 = VERTEX_POINT('',#168);
#168 = CARTESIAN_POINT('',(-6.275,5.1,0.5));
#169 = LINE('',#170,#171);
#170 = CARTESIAN_POINT('',(-6.275,6.5,0.5));
#171 = VECTOR('',#172,1.);
#172 = DIRECTION('',(-0.,-1.,-0.));
#173 = ORIENTED_EDGE('',*,*,#105,.T.);
#174 = ORIENTED_EDGE('',*,*,#90,.T.);
#175 = ORIENTED_EDGE('',*,*,#152,.T.);
#176 = ORIENTED_EDGE('',*,*,#177,.T.);
#177 = EDGE_CURVE('',#145,#178,#180,.T.);
#178 = VERTEX_POINT('',#179);
#179 = CARTESIAN_POINT('',(5.774999999996,2.849999999973,0.5));
#180 = LINE('',#181,#182);
#181 = CARTESIAN_POINT('',(5.775,5.1,0.5));
#182 = VECTOR('',#183,1.);
#183 = DIRECTION('',(0.,-1.,0.));
#184 = ORIENTED_EDGE('',*,*,#185,.F.);
#185 = EDGE_CURVE('',#186,#178,#188,.T.);
#186 = VERTEX_POINT('',#187);
#187 = CARTESIAN_POINT('',(5.774999999996,1.650000000027,0.5));
#188 = CIRCLE('',#189,0.599999999947);
#189 = AXIS2_PLACEMENT_3D('',#190,#191,#192);
#190 = CARTESIAN_POINT('',(5.775,2.25,0.5));
#191 = DIRECTION('',(0.,0.,-1.));
#192 = DIRECTION('',(-1.,-0.,-0.));
#193 = ORIENTED_EDGE('',*,*,#194,.T.);
#194 = EDGE_CURVE('',#186,#195,#197,.T.);
#195 = VERTEX_POINT('',#196);
#196 = CARTESIAN_POINT('',(5.774999999996,-1.650000000027,0.5));
#197 = LINE('',#198,#199);
#198 = CARTESIAN_POINT('',(5.775,5.1,0.5));
#199 = VECTOR('',#200,1.);
#200 = DIRECTION('',(0.,-1.,0.));
#201 = ORIENTED_EDGE('',*,*,#202,.T.);
#202 = EDGE_CURVE('',#195,#203,#205,.T.);
#203 = VERTEX_POINT('',#204);
#204 = CARTESIAN_POINT('',(5.774999999996,-2.849999999973,0.5));
#205 = CIRCLE('',#206,0.599999999947);
#206 = AXIS2_PLACEMENT_3D('',#207,#208,#209);
#207 = CARTESIAN_POINT('',(5.775,-2.25,0.5));
#208 = DIRECTION('',(0.,0.,1.));
#209 = DIRECTION('',(-1.,0.,0.));
#210 = ORIENTED_EDGE('',*,*,#211,.T.);
#211 = EDGE_CURVE('',#203,#212,#214,.T.);
#212 = VERTEX_POINT('',#213);
#213 = CARTESIAN_POINT('',(5.775,-5.1,0.5));
#214 = LINE('',#215,#216);
#215 = CARTESIAN_POINT('',(5.775,5.1,0.5));
#216 = VECTOR('',#217,1.);
#217 = DIRECTION('',(0.,-1.,0.));
#218 = ORIENTED_EDGE('',*,*,#219,.F.);
#219 = EDGE_CURVE('',#220,#212,#222,.T.);
#220 = VERTEX_POINT('',#221);
#221 = CARTESIAN_POINT('',(6.275,-5.1,0.5));
#222 = LINE('',#223,#224);
#223 = CARTESIAN_POINT('',(6.275,-5.1,0.5));
#224 = VECTOR('',#225,1.);
#225 = DIRECTION('',(-1.,-0.,-0.));
#226 = ORIENTED_EDGE('',*,*,#227,.F.);
#227 = EDGE_CURVE('',#228,#220,#230,.T.);
#228 = VERTEX_POINT('',#229);
#229 = CARTESIAN_POINT('',(6.275,-6.5,0.5));
#230 = LINE('',#231,#232);
#231 = CARTESIAN_POINT('',(6.275,-6.5,0.5));
#232 = VECTOR('',#233,1.);
#233 = DIRECTION('',(0.,1.,0.));
#234 = ORIENTED_EDGE('',*,*,#235,.F.);
#235 = EDGE_CURVE('',#236,#228,#238,.T.);
#236 = VERTEX_POINT('',#237);
#237 = CARTESIAN_POINT('',(-6.275,-6.5,0.5));
#238 = LINE('',#239,#240);
#239 = CARTESIAN_POINT('',(0.,-6.5,0.5));
#240 = VECTOR('',#241,1.);
#241 = DIRECTION('',(1.,0.,0.));
#242 = ORIENTED_EDGE('',*,*,#243,.T.);
#243 = EDGE_CURVE('',#236,#244,#246,.T.);
#244 = VERTEX_POINT('',#245);
#245 = CARTESIAN_POINT('',(-6.275,-5.1,0.5));
#246 = LINE('',#247,#248);
#247 = CARTESIAN_POINT('',(-6.275,-6.5,0.5));
#248 = VECTOR('',#249,1.);
#249 = DIRECTION('',(0.,1.,0.));
#250 = ORIENTED_EDGE('',*,*,#251,.T.);
#251 = EDGE_CURVE('',#244,#252,#254,.T.);
#252 = VERTEX_POINT('',#253);
#253 = CARTESIAN_POINT('',(-5.775,-5.1,0.5));
#254 = LINE('',#255,#256);
#255 = CARTESIAN_POINT('',(-6.275,-5.1,0.5));
#256 = VECTOR('',#257,1.);
#257 = DIRECTION('',(1.,0.,0.));
#258 = ORIENTED_EDGE('',*,*,#259,.T.);
#259 = EDGE_CURVE('',#252,#260,#262,.T.);
#260 = VERTEX_POINT('',#261);
#261 = CARTESIAN_POINT('',(-5.774999999996,-2.849999999973,0.5));
#262 = LINE('',#263,#264);
#263 = CARTESIAN_POINT('',(-5.775,-5.1,0.5));
#264 = VECTOR('',#265,1.);
#265 = DIRECTION('',(0.,1.,0.));
#266 = ORIENTED_EDGE('',*,*,#267,.F.);
#267 = EDGE_CURVE('',#268,#260,#270,.T.);
#268 = VERTEX_POINT('',#269);
#269 = CARTESIAN_POINT('',(-5.774999999996,-1.650000000027,0.5));
#270 = CIRCLE('',#271,0.599999999947);
#271 = AXIS2_PLACEMENT_3D('',#272,#273,#274);
#272 = CARTESIAN_POINT('',(-5.775,-2.25,0.5));
#273 = DIRECTION('',(0.,0.,-1.));
#274 = DIRECTION('',(1.,0.,0.));
#275 = ORIENTED_EDGE('',*,*,#276,.T.);
#276 = EDGE_CURVE('',#268,#277,#279,.T.);
#277 = VERTEX_POINT('',#278);
#278 = CARTESIAN_POINT('',(-5.774999999996,1.650000000027,0.5));
#279 = LINE('',#280,#281);
#280 = CARTESIAN_POINT('',(-5.775,-5.1,0.5));
#281 = VECTOR('',#282,1.);
#282 = DIRECTION('',(0.,1.,0.));
#283 = ORIENTED_EDGE('',*,*,#284,.T.);
#284 = EDGE_CURVE('',#277,#285,#287,.T.);
#285 = VERTEX_POINT('',#286);
#286 = CARTESIAN_POINT('',(-5.774999999996,2.849999999973,0.5));
#287 = CIRCLE('',#288,0.599999999947);
#288 = AXIS2_PLACEMENT_3D('',#289,#290,#291);
#289 = CARTESIAN_POINT('',(-5.775,2.25,0.5));
#290 = DIRECTION('',(0.,0.,1.));
#291 = DIRECTION('',(1.,0.,0.));
#292 = ORIENTED_EDGE('',*,*,#293,.T.);
#293 = EDGE_CURVE('',#285,#294,#296,.T.);
#294 = VERTEX_POINT('',#295);
#295 = CARTESIAN_POINT('',(-5.775,5.1,0.5));
#296 = LINE('',#297,#298);
#297 = CARTESIAN_POINT('',(-5.775,-5.1,0.5));
#298 = VECTOR('',#299,1.);
#299 = DIRECTION('',(0.,1.,0.));
#300 = ORIENTED_EDGE('',*,*,#301,.F.);
#301 = EDGE_CURVE('',#167,#294,#302,.T.);
#302 = LINE('',#303,#304);
#303 = CARTESIAN_POINT('',(-6.275,5.1,0.5));
#304 = VECTOR('',#305,1.);
#305 = DIRECTION('',(1.,0.,0.));
#306 = FACE_BOUND('',#307,.T.);
#307 = EDGE_LOOP('',(#308,#318,#326,#334));
#308 = ORIENTED_EDGE('',*,*,#309,.F.);
#309 = EDGE_CURVE('',#310,#312,#314,.T.);
#310 = VERTEX_POINT('',#311);
#311 = CARTESIAN_POINT('',(4.15,-5.1,0.5));
#312 = VERTEX_POINT('',#313);
#313 = CARTESIAN_POINT('',(0.65,-5.1,0.5));
#314 = LINE('',#315,#316);
#315 = CARTESIAN_POINT('',(2.075,-5.1,0.5));
#316 = VECTOR('',#317,1.);
#317 = DIRECTION('',(-1.,0.,0.));
#318 = ORIENTED_EDGE('',*,*,#319,.F.);
#319 = EDGE_CURVE('',#320,#310,#322,.T.);
#320 = VERTEX_POINT('',#321);
#321 = CARTESIAN_POINT('',(4.15,-4.3,0.5));
#322 = LINE('',#323,#324);
#323 = CARTESIAN_POINT('',(4.15,-2.15,0.5));
#324 = VECTOR('',#325,1.);
#325 = DIRECTION('',(0.,-1.,0.));
#326 = ORIENTED_EDGE('',*,*,#327,.F.);
#327 = EDGE_CURVE('',#328,#320,#330,.T.);
#328 = VERTEX_POINT('',#329);
#329 = CARTESIAN_POINT('',(0.65,-4.3,0.5));
#330 = LINE('',#331,#332);
#331 = CARTESIAN_POINT('',(0.325,-4.3,0.5));
#332 = VECTOR('',#333,1.);
#333 = DIRECTION('',(1.,0.,0.));
#334 = ORIENTED_EDGE('',*,*,#335,.F.);
#335 = EDGE_CURVE('',#312,#328,#336,.T.);
#336 = LINE('',#337,#338);
#337 = CARTESIAN_POINT('',(0.65,-2.55,0.5));
#338 = VECTOR('',#339,1.);
#339 = DIRECTION('',(0.,1.,0.));
#340 = FACE_BOUND('',#341,.T.);
#341 = EDGE_LOOP('',(#342,#352,#360,#368));
#342 = ORIENTED_EDGE('',*,*,#343,.F.);
#343 = EDGE_CURVE('',#344,#346,#348,.T.);
#344 = VERTEX_POINT('',#345);
#345 = CARTESIAN_POINT('',(3.9,-2.85,0.5));
#346 = VERTEX_POINT('',#347);
#347 = CARTESIAN_POINT('',(0.9,-2.85,0.5));
#348 = LINE('',#349,#350);
#349 = CARTESIAN_POINT('',(3.9,-2.85,0.5));
#350 = VECTOR('',#351,1.);
#351 = DIRECTION('',(-1.,0.,0.));
#352 = ORIENTED_EDGE('',*,*,#353,.F.);
#353 = EDGE_CURVE('',#354,#344,#356,.T.);
#354 = VERTEX_POINT('',#355);
#355 = CARTESIAN_POINT('',(3.9,-2.,0.5));
#356 = LINE('',#357,#358);
#357 = CARTESIAN_POINT('',(3.9,-2.,0.5));
#358 = VECTOR('',#359,1.);
#359 = DIRECTION('',(0.,-1.,0.));
#360 = ORIENTED_EDGE('',*,*,#361,.F.);
#361 = EDGE_CURVE('',#362,#354,#364,.T.);
#362 = VERTEX_POINT('',#363);
#363 = CARTESIAN_POINT('',(0.9,-2.,0.5));
#364 = LINE('',#365,#366);
#365 = CARTESIAN_POINT('',(0.9,-2.,0.5));
#366 = VECTOR('',#367,1.);
#367 = DIRECTION('',(1.,0.,0.));
#368 = ORIENTED_EDGE('',*,*,#369,.F.);
#369 = EDGE_CURVE('',#346,#362,#370,.T.);
#370 = LINE('',#371,#372);
#371 = CARTESIAN_POINT('',(0.9,-2.85,0.5));
#372 = VECTOR('',#373,1.);
#373 = DIRECTION('',(0.,1.,0.));
#374 = FACE_BOUND('',#375,.T.);
#375 = EDGE_LOOP('',(#376,#386,#394,#402));
#376 = ORIENTED_EDGE('',*,*,#377,.T.);
#377 = EDGE_CURVE('',#378,#380,#382,.T.);
#378 = VERTEX_POINT('',#379);
#379 = CARTESIAN_POINT('',(-4.15,-4.3,0.5));
#380 = VERTEX_POINT('',#381);
#381 = CARTESIAN_POINT('',(-4.15,-5.1,0.5));
#382 = LINE('',#383,#384);
#383 = CARTESIAN_POINT('',(-4.15,-2.15,0.5));
#384 = VECTOR('',#385,1.);
#385 = DIRECTION('',(0.,-1.,0.));
#386 = ORIENTED_EDGE('',*,*,#387,.T.);
#387 = EDGE_CURVE('',#380,#388,#390,.T.);
#388 = VERTEX_POINT('',#389);
#389 = CARTESIAN_POINT('',(-0.65,-5.1,0.5));
#390 = LINE('',#391,#392);
#391 = CARTESIAN_POINT('',(-2.075,-5.1,0.5));
#392 = VECTOR('',#393,1.);
#393 = DIRECTION('',(1.,0.,0.));
#394 = ORIENTED_EDGE('',*,*,#395,.T.);
#395 = EDGE_CURVE('',#388,#396,#398,.T.);
#396 = VERTEX_POINT('',#397);
#397 = CARTESIAN_POINT('',(-0.65,-4.3,0.5));
#398 = LINE('',#399,#400);
#399 = CARTESIAN_POINT('',(-0.65,-2.55,0.5));
#400 = VECTOR('',#401,1.);
#401 = DIRECTION('',(0.,1.,0.));
#402 = ORIENTED_EDGE('',*,*,#403,.T.);
#403 = EDGE_CURVE('',#396,#378,#404,.T.);
#404 = LINE('',#405,#406);
#405 = CARTESIAN_POINT('',(-0.325,-4.3,0.5));
#406 = VECTOR('',#407,1.);
#407 = DIRECTION('',(-1.,0.,0.));
#408 = FACE_BOUND('',#409,.T.);
#409 = EDGE_LOOP('',(#410,#420,#428,#436));
#410 = ORIENTED_EDGE('',*,*,#411,.T.);
#411 = EDGE_CURVE('',#412,#414,#416,.T.);
#412 = VERTEX_POINT('',#413);
#413 = CARTESIAN_POINT('',(-3.9,-2.,0.5));
#414 = VERTEX_POINT('',#415);
#415 = CARTESIAN_POINT('',(-3.9,-2.85,0.5));
#416 = LINE('',#417,#418);
#417 = CARTESIAN_POINT('',(-3.9,-2.,0.5));
#418 = VECTOR('',#419,1.);
#419 = DIRECTION('',(-0.,-1.,-0.));
#420 = ORIENTED_EDGE('',*,*,#421,.T.);
#421 = EDGE_CURVE('',#414,#422,#424,.T.);
#422 = VERTEX_POINT('',#423);
#423 = CARTESIAN_POINT('',(-0.9,-2.85,0.5));
#424 = LINE('',#425,#426);
#425 = CARTESIAN_POINT('',(-3.9,-2.85,0.5));
#426 = VECTOR('',#427,1.);
#427 = DIRECTION('',(1.,0.,0.));
#428 = ORIENTED_EDGE('',*,*,#429,.T.);
#429 = EDGE_CURVE('',#422,#430,#432,.T.);
#430 = VERTEX_POINT('',#431);
#431 = CARTESIAN_POINT('',(-0.9,-2.,0.5));
#432 = LINE('',#433,#434);
#433 = CARTESIAN_POINT('',(-0.9,-2.85,0.5));
#434 = VECTOR('',#435,1.);
#435 = DIRECTION('',(0.,1.,0.));
#436 = ORIENTED_EDGE('',*,*,#437,.T.);
#437 = EDGE_CURVE('',#430,#412,#438,.T.);
#438 = LINE('',#439,#440);
#439 = CARTESIAN_POINT('',(-0.9,-2.,0.5));
#440 = VECTOR('',#441,1.);
#441 = DIRECTION('',(-1.,-0.,-0.));
#442 = FACE_BOUND('',#443,.T.);
#443 = EDGE_LOOP('',(#444,#454,#462,#470));
#444 = ORIENTED_EDGE('',*,*,#445,.T.);
#445 = EDGE_CURVE('',#446,#448,#450,.T.);
#446 = VERTEX_POINT('',#447);
#447 = CARTESIAN_POINT('',(4.15,-0.4,0.5));
#448 = VERTEX_POINT('',#449);
#449 = CARTESIAN_POINT('',(4.15,0.4,0.5));
#450 = LINE('',#451,#452);
#451 = CARTESIAN_POINT('',(4.15,-0.2,0.5));
#452 = VECTOR('',#453,1.);
#453 = DIRECTION('',(0.,1.,0.));
#454 = ORIENTED_EDGE('',*,*,#455,.T.);
#455 = EDGE_CURVE('',#448,#456,#458,.T.);
#456 = VERTEX_POINT('',#457);
#457 = CARTESIAN_POINT('',(0.65,0.4,0.5));
#458 = LINE('',#459,#460);
#459 = CARTESIAN_POINT('',(2.075,0.4,0.5));
#460 = VECTOR('',#461,1.);
#461 = DIRECTION('',(-1.,0.,0.));
#462 = ORIENTED_EDGE('',*,*,#463,.T.);
#463 = EDGE_CURVE('',#456,#464,#466,.T.);
#464 = VERTEX_POINT('',#465);
#465 = CARTESIAN_POINT('',(0.65,-0.4,0.5));
#466 = LINE('',#467,#468);
#467 = CARTESIAN_POINT('',(0.65,0.2,0.5));
#468 = VECTOR('',#469,1.);
#469 = DIRECTION('',(0.,-1.,0.));
#470 = ORIENTED_EDGE('',*,*,#471,.T.);
#471 = EDGE_CURVE('',#464,#446,#472,.T.);
#472 = LINE('',#473,#474);
#473 = CARTESIAN_POINT('',(0.325,-0.4,0.5));
#474 = VECTOR('',#475,1.);
#475 = DIRECTION('',(1.,0.,0.));
#476 = FACE_BOUND('',#477,.T.);
#477 = EDGE_LOOP('',(#478,#488,#496,#504));
#478 = ORIENTED_EDGE('',*,*,#479,.T.);
#479 = EDGE_CURVE('',#480,#482,#484,.T.);
#480 = VERTEX_POINT('',#481);
#481 = CARTESIAN_POINT('',(3.9,2.,0.5));
#482 = VERTEX_POINT('',#483);
#483 = CARTESIAN_POINT('',(3.9,2.85,0.5));
#484 = LINE('',#485,#486);
#485 = CARTESIAN_POINT('',(3.9,2.,0.5));
#486 = VECTOR('',#487,1.);
#487 = DIRECTION('',(0.,1.,0.));
#488 = ORIENTED_EDGE('',*,*,#489,.T.);
#489 = EDGE_CURVE('',#482,#490,#492,.T.);
#490 = VERTEX_POINT('',#491);
#491 = CARTESIAN_POINT('',(0.9,2.85,0.5));
#492 = LINE('',#493,#494);
#493 = CARTESIAN_POINT('',(3.9,2.85,0.5));
#494 = VECTOR('',#495,1.);
#495 = DIRECTION('',(-1.,-0.,-0.));
#496 = ORIENTED_EDGE('',*,*,#497,.T.);
#497 = EDGE_CURVE('',#490,#498,#500,.T.);
#498 = VERTEX_POINT('',#499);
#499 = CARTESIAN_POINT('',(0.9,2.,0.5));
#500 = LINE('',#501,#502);
#501 = CARTESIAN_POINT('',(0.9,2.85,0.5));
#502 = VECTOR('',#503,1.);
#503 = DIRECTION('',(-0.,-1.,-0.));
#504 = ORIENTED_EDGE('',*,*,#505,.T.);
#505 = EDGE_CURVE('',#498,#480,#506,.T.);
#506 = LINE('',#507,#508);
#507 = CARTESIAN_POINT('',(0.9,2.,0.5));
#508 = VECTOR('',#509,1.);
#509 = DIRECTION('',(1.,0.,0.));
#510 = FACE_BOUND('',#511,.T.);
#511 = EDGE_LOOP('',(#512,#522,#530,#538));
#512 = ORIENTED_EDGE('',*,*,#513,.T.);
#513 = EDGE_CURVE('',#514,#516,#518,.T.);
#514 = VERTEX_POINT('',#515);
#515 = CARTESIAN_POINT('',(4.15,4.3,0.5));
#516 = VERTEX_POINT('',#517);
#517 = CARTESIAN_POINT('',(4.15,5.1,0.5));
#518 = LINE('',#519,#520);
#519 = CARTESIAN_POINT('',(4.15,2.15,0.5));
#520 = VECTOR('',#521,1.);
#521 = DIRECTION('',(0.,1.,0.));
#522 = ORIENTED_EDGE('',*,*,#523,.T.);
#523 = EDGE_CURVE('',#516,#524,#526,.T.);
#524 = VERTEX_POINT('',#525);
#525 = CARTESIAN_POINT('',(0.65,5.1,0.5));
#526 = LINE('',#527,#528);
#527 = CARTESIAN_POINT('',(2.075,5.1,0.5));
#528 = VECTOR('',#529,1.);
#529 = DIRECTION('',(-1.,0.,0.));
#530 = ORIENTED_EDGE('',*,*,#531,.T.);
#531 = EDGE_CURVE('',#524,#532,#534,.T.);
#532 = VERTEX_POINT('',#533);
#533 = CARTESIAN_POINT('',(0.65,4.3,0.5));
#534 = LINE('',#535,#536);
#535 = CARTESIAN_POINT('',(0.65,2.55,0.5));
#536 = VECTOR('',#537,1.);
#537 = DIRECTION('',(0.,-1.,0.));
#538 = ORIENTED_EDGE('',*,*,#539,.T.);
#539 = EDGE_CURVE('',#532,#514,#540,.T.);
#540 = LINE('',#541,#542);
#541 = CARTESIAN_POINT('',(0.325,4.3,0.5));
#542 = VECTOR('',#543,1.);
#543 = DIRECTION('',(1.,0.,0.));
#544 = FACE_BOUND('',#545,.T.);
#545 = EDGE_LOOP('',(#546,#556,#564,#572));
#546 = ORIENTED_EDGE('',*,*,#547,.F.);
#547 = EDGE_CURVE('',#548,#550,#552,.T.);
#548 = VERTEX_POINT('',#549);
#549 = CARTESIAN_POINT('',(-4.15,0.4,0.5));
#550 = VERTEX_POINT('',#551);
#551 = CARTESIAN_POINT('',(-0.65,0.4,0.5));
#552 = LINE('',#553,#554);
#553 = CARTESIAN_POINT('',(-2.075,0.4,0.5));
#554 = VECTOR('',#555,1.);
#555 = DIRECTION('',(1.,0.,0.));
#556 = ORIENTED_EDGE('',*,*,#557,.F.);
#557 = EDGE_CURVE('',#558,#548,#560,.T.);
#558 = VERTEX_POINT('',#559);
#559 = CARTESIAN_POINT('',(-4.15,-0.4,0.5));
#560 = LINE('',#561,#562);
#561 = CARTESIAN_POINT('',(-4.15,-0.2,0.5));
#562 = VECTOR('',#563,1.);
#563 = DIRECTION('',(0.,1.,0.));
#564 = ORIENTED_EDGE('',*,*,#565,.F.);
#565 = EDGE_CURVE('',#566,#558,#568,.T.);
#566 = VERTEX_POINT('',#567);
#567 = CARTESIAN_POINT('',(-0.65,-0.4,0.5));
#568 = LINE('',#569,#570);
#569 = CARTESIAN_POINT('',(-0.325,-0.4,0.5));
#570 = VECTOR('',#571,1.);
#571 = DIRECTION('',(-1.,0.,0.));
#572 = ORIENTED_EDGE('',*,*,#573,.F.);
#573 = EDGE_CURVE('',#550,#566,#574,.T.);
#574 = LINE('',#575,#576);
#575 = CARTESIAN_POINT('',(-0.65,0.2,0.5));
#576 = VECTOR('',#577,1.);
#577 = DIRECTION('',(0.,-1.,0.));
#578 = FACE_BOUND('',#579,.T.);
#579 = EDGE_LOOP('',(#580,#590,#598,#606));
#580 = ORIENTED_EDGE('',*,*,#581,.F.);
#581 = EDGE_CURVE('',#582,#584,#586,.T.);
#582 = VERTEX_POINT('',#583);
#583 = CARTESIAN_POINT('',(-3.9,2.85,0.5));
#584 = VERTEX_POINT('',#585);
#585 = CARTESIAN_POINT('',(-0.9,2.85,0.5));
#586 = LINE('',#587,#588);
#587 = CARTESIAN_POINT('',(-3.9,2.85,0.5));
#588 = VECTOR('',#589,1.);
#589 = DIRECTION('',(1.,0.,0.));
#590 = ORIENTED_EDGE('',*,*,#591,.F.);
#591 = EDGE_CURVE('',#592,#582,#594,.T.);
#592 = VERTEX_POINT('',#593);
#593 = CARTESIAN_POINT('',(-3.9,2.,0.5));
#594 = LINE('',#595,#596);
#595 = CARTESIAN_POINT('',(-3.9,2.,0.5));
#596 = VECTOR('',#597,1.);
#597 = DIRECTION('',(0.,1.,0.));
#598 = ORIENTED_EDGE('',*,*,#599,.F.);
#599 = EDGE_CURVE('',#600,#592,#602,.T.);
#600 = VERTEX_POINT('',#601);
#601 = CARTESIAN_POINT('',(-0.9,2.,0.5));
#602 = LINE('',#603,#604);
#603 = CARTESIAN_POINT('',(-0.9,2.,0.5));
#604 = VECTOR('',#605,1.);
#605 = DIRECTION('',(-1.,0.,0.));
#606 = ORIENTED_EDGE('',*,*,#607,.F.);
#607 = EDGE_CURVE('',#584,#600,#608,.T.);
#608 = LINE('',#609,#610);
#609 = CARTESIAN_POINT('',(-0.9,2.85,0.5));
#610 = VECTOR('',#611,1.);
#611 = DIRECTION('',(0.,-1.,0.));
#612 = FACE_BOUND('',#613,.T.);
#613 = EDGE_LOOP('',(#614,#624,#632,#640));
#614 = ORIENTED_EDGE('',*,*,#615,.F.);
#615 = EDGE_CURVE('',#616,#618,#620,.T.);
#616 = VERTEX_POINT('',#617);
#617 = CARTESIAN_POINT('',(-4.15,5.1,0.5));
#618 = VERTEX_POINT('',#619);
#619 = CARTESIAN_POINT('',(-0.65,5.1,0.5));
#620 = LINE('',#621,#622);
#621 = CARTESIAN_POINT('',(-2.075,5.1,0.5));
#622 = VECTOR('',#623,1.);
#623 = DIRECTION('',(1.,0.,0.));
#624 = ORIENTED_EDGE('',*,*,#625,.F.);
#625 = EDGE_CURVE('',#626,#616,#628,.T.);
#626 = VERTEX_POINT('',#627);
#627 = CARTESIAN_POINT('',(-4.15,4.3,0.5));
#628 = LINE('',#629,#630);
#629 = CARTESIAN_POINT('',(-4.15,2.15,0.5));
#630 = VECTOR('',#631,1.);
#631 = DIRECTION('',(0.,1.,0.));
#632 = ORIENTED_EDGE('',*,*,#633,.F.);
#633 = EDGE_CURVE('',#634,#626,#636,.T.);
#634 = VERTEX_POINT('',#635);
#635 = CARTESIAN_POINT('',(-0.65,4.3,0.5));
#636 = LINE('',#637,#638);
#637 = CARTESIAN_POINT('',(-0.325,4.3,0.5));
#638 = VECTOR('',#639,1.);
#639 = DIRECTION('',(-1.,0.,0.));
#640 = ORIENTED_EDGE('',*,*,#641,.F.);
#641 = EDGE_CURVE('',#618,#634,#642,.T.);
#642 = LINE('',#643,#644);
#643 = CARTESIAN_POINT('',(-0.65,2.55,0.5));
#644 = VECTOR('',#645,1.);
#645 = DIRECTION('',(0.,-1.,0.));
#646 = PLANE('',#647);
#647 = AXIS2_PLACEMENT_3D('',#648,#649,#650);
#648 = CARTESIAN_POINT('',(3.3E-16,0.,0.5));
#649 = DIRECTION('',(-0.,-0.,-1.));
#650 = DIRECTION('',(-1.,0.,0.));
#651 = ADVANCED_FACE('',(#652),#727,.T.);
#652 = FACE_BOUND('',#653,.T.);
#653 = EDGE_LOOP('',(#654,#655,#656,#664,#672,#680,#688,#696,#704,#712,
    #720,#726));
#654 = ORIENTED_EDGE('',*,*,#74,.F.);
#655 = ORIENTED_EDGE('',*,*,#121,.T.);
#656 = ORIENTED_EDGE('',*,*,#657,.T.);
#657 = EDGE_CURVE('',#114,#658,#660,.T.);
#658 = VERTEX_POINT('',#659);
#659 = CARTESIAN_POINT('',(-6.275,5.1,9.5));
#660 = LINE('',#661,#662);
#661 = CARTESIAN_POINT('',(-6.275,6.5,9.5));
#662 = VECTOR('',#663,1.);
#663 = DIRECTION('',(-0.,-1.,-0.));
#664 = ORIENTED_EDGE('',*,*,#665,.T.);
#665 = EDGE_CURVE('',#658,#666,#668,.T.);
#666 = VERTEX_POINT('',#667);
#667 = CARTESIAN_POINT('',(-5.775,5.1,9.5));
#668 = LINE('',#669,#670);
#669 = CARTESIAN_POINT('',(-6.275,5.1,9.5));
#670 = VECTOR('',#671,1.);
#671 = DIRECTION('',(1.,0.,0.));
#672 = ORIENTED_EDGE('',*,*,#673,.T.);
#673 = EDGE_CURVE('',#666,#674,#676,.T.);
#674 = VERTEX_POINT('',#675);
#675 = CARTESIAN_POINT('',(-5.775,3.6,9.5));
#676 = LINE('',#677,#678);
#677 = CARTESIAN_POINT('',(-5.775,5.1,9.5));
#678 = VECTOR('',#679,1.);
#679 = DIRECTION('',(-0.,-1.,-0.));
#680 = ORIENTED_EDGE('',*,*,#681,.T.);
#681 = EDGE_CURVE('',#674,#682,#684,.T.);
#682 = VERTEX_POINT('',#683);
#683 = CARTESIAN_POINT('',(-4.775,3.6,9.5));
#684 = LINE('',#685,#686);
#685 = CARTESIAN_POINT('',(-6.275,3.6,9.5));
#686 = VECTOR('',#687,1.);
#687 = DIRECTION('',(1.,0.,0.));
#688 = ORIENTED_EDGE('',*,*,#689,.T.);
#689 = EDGE_CURVE('',#682,#690,#692,.T.);
#690 = VERTEX_POINT('',#691);
#691 = CARTESIAN_POINT('',(-4.775,5.5,9.5));
#692 = LINE('',#693,#694);
#693 = CARTESIAN_POINT('',(-4.775,-5.5,9.5));
#694 = VECTOR('',#695,1.);
#695 = DIRECTION('',(0.,1.,0.));
#696 = ORIENTED_EDGE('',*,*,#697,.T.);
#697 = EDGE_CURVE('',#690,#698,#700,.T.);
#698 = VERTEX_POINT('',#699);
#699 = CARTESIAN_POINT('',(4.775,5.5,9.5));
#700 = LINE('',#701,#702);
#701 = CARTESIAN_POINT('',(-4.775,5.5,9.5));
#702 = VECTOR('',#703,1.);
#703 = DIRECTION('',(1.,0.,0.));
#704 = ORIENTED_EDGE('',*,*,#705,.T.);
#705 = EDGE_CURVE('',#698,#706,#708,.T.);
#706 = VERTEX_POINT('',#707);
#707 = CARTESIAN_POINT('',(4.775,3.6,9.5));
#708 = LINE('',#709,#710);
#709 = CARTESIAN_POINT('',(4.775,5.5,9.5));
#710 = VECTOR('',#711,1.);
#711 = DIRECTION('',(0.,-1.,0.));
#712 = ORIENTED_EDGE('',*,*,#713,.T.);
#713 = EDGE_CURVE('',#706,#714,#716,.T.);
#714 = VERTEX_POINT('',#715);
#715 = CARTESIAN_POINT('',(5.775,3.6,9.5));
#716 = LINE('',#717,#718);
#717 = CARTESIAN_POINT('',(-6.275,3.6,9.5));
#718 = VECTOR('',#719,1.);
#719 = DIRECTION('',(1.,0.,0.));
#720 = ORIENTED_EDGE('',*,*,#721,.T.);
#721 = EDGE_CURVE('',#714,#137,#722,.T.);
#722 = LINE('',#723,#724);
#723 = CARTESIAN_POINT('',(5.775,-5.1,9.5));
#724 = VECTOR('',#725,1.);
#725 = DIRECTION('',(0.,1.,0.));
#726 = ORIENTED_EDGE('',*,*,#136,.F.);
#727 = PLANE('',#728);
#728 = AXIS2_PLACEMENT_3D('',#729,#730,#731);
#729 = CARTESIAN_POINT('',(3.E-17,1.4E-16,9.5));
#730 = DIRECTION('',(0.,0.,1.));
#731 = DIRECTION('',(1.,0.,0.));
#732 = ADVANCED_FACE('',(#733),#744,.T.);
#733 = FACE_BOUND('',#734,.F.);
#734 = EDGE_LOOP('',(#735,#736,#737,#743));
#735 = ORIENTED_EDGE('',*,*,#113,.T.);
#736 = ORIENTED_EDGE('',*,*,#657,.T.);
#737 = ORIENTED_EDGE('',*,*,#738,.F.);
#738 = EDGE_CURVE('',#167,#658,#739,.T.);
#739 = LINE('',#740,#741);
#740 = CARTESIAN_POINT('',(-6.275,5.1,0.5));
#741 = VECTOR('',#742,1.);
#742 = DIRECTION('',(0.,0.,1.));
#743 = ORIENTED_EDGE('',*,*,#166,.F.);
#744 = PLANE('',#745);
#745 = AXIS2_PLACEMENT_3D('',#746,#747,#748);
#746 = CARTESIAN_POINT('',(-6.275,6.5,0.5));
#747 = DIRECTION('',(-1.,-0.,-0.));
#748 = DIRECTION('',(0.,1.,0.));
#749 = ADVANCED_FACE('',(#750),#839,.T.);
#750 = FACE_BOUND('',#751,.T.);
#751 = EDGE_LOOP('',(#752,#753,#754,#755,#763,#771,#779,#787,#793,#794,
    #802,#810,#816,#817,#825,#833));
#752 = ORIENTED_EDGE('',*,*,#177,.F.);
#753 = ORIENTED_EDGE('',*,*,#144,.T.);
#754 = ORIENTED_EDGE('',*,*,#721,.F.);
#755 = ORIENTED_EDGE('',*,*,#756,.T.);
#756 = EDGE_CURVE('',#714,#757,#759,.T.);
#757 = VERTEX_POINT('',#758);
#758 = CARTESIAN_POINT('',(5.775,3.6,8.));
#759 = LINE('',#760,#761);
#760 = CARTESIAN_POINT('',(5.775,3.6,7.25));
#761 = VECTOR('',#762,1.);
#762 = DIRECTION('',(0.,0.,-1.));
#763 = ORIENTED_EDGE('',*,*,#764,.F.);
#764 = EDGE_CURVE('',#765,#757,#767,.T.);
#765 = VERTEX_POINT('',#766);
#766 = CARTESIAN_POINT('',(5.775,-3.6,8.));
#767 = LINE('',#768,#769);
#768 = CARTESIAN_POINT('',(5.775,1.E-16,8.));
#769 = VECTOR('',#770,1.);
#770 = DIRECTION('',(0.,1.,0.));
#771 = ORIENTED_EDGE('',*,*,#772,.T.);
#772 = EDGE_CURVE('',#765,#773,#775,.T.);
#773 = VERTEX_POINT('',#774);
#774 = CARTESIAN_POINT('',(5.775,-3.6,9.5));
#775 = LINE('',#776,#777);
#776 = CARTESIAN_POINT('',(5.775,-3.6,7.25));
#777 = VECTOR('',#778,1.);
#778 = DIRECTION('',(0.,0.,1.));
#779 = ORIENTED_EDGE('',*,*,#780,.F.);
#780 = EDGE_CURVE('',#781,#773,#783,.T.);
#781 = VERTEX_POINT('',#782);
#782 = CARTESIAN_POINT('',(5.775,-5.1,9.5));
#783 = LINE('',#784,#785);
#784 = CARTESIAN_POINT('',(5.775,-5.1,9.5));
#785 = VECTOR('',#786,1.);
#786 = DIRECTION('',(0.,1.,0.));
#787 = ORIENTED_EDGE('',*,*,#788,.F.);
#788 = EDGE_CURVE('',#212,#781,#789,.T.);
#789 = LINE('',#790,#791);
#790 = CARTESIAN_POINT('',(5.775,-5.1,0.5));
#791 = VECTOR('',#792,1.);
#792 = DIRECTION('',(0.,0.,1.));
#793 = ORIENTED_EDGE('',*,*,#211,.F.);
#794 = ORIENTED_EDGE('',*,*,#795,.T.);
#795 = EDGE_CURVE('',#203,#796,#798,.T.);
#796 = VERTEX_POINT('',#797);
#797 = CARTESIAN_POINT('',(5.774999999996,-2.849999999973,4.));
#798 = LINE('',#799,#800);
#799 = CARTESIAN_POINT('',(5.774999999996,-2.849999999973,0.5));
#800 = VECTOR('',#801,1.);
#801 = DIRECTION('',(0.,0.,1.));
#802 = ORIENTED_EDGE('',*,*,#803,.T.);
#803 = EDGE_CURVE('',#796,#804,#806,.T.);
#804 = VERTEX_POINT('',#805);
#805 = CARTESIAN_POINT('',(5.774999999996,-1.650000000027,4.));
#806 = LINE('',#807,#808);
#807 = CARTESIAN_POINT('',(5.775,-2.85,4.));
#808 = VECTOR('',#809,1.);
#809 = DIRECTION('',(0.,1.,0.));
#810 = ORIENTED_EDGE('',*,*,#811,.F.);
#811 = EDGE_CURVE('',#195,#804,#812,.T.);
#812 = LINE('',#813,#814);
#813 = CARTESIAN_POINT('',(5.774999999996,-1.650000000027,0.5));
#814 = VECTOR('',#815,1.);
#815 = DIRECTION('',(0.,0.,1.));
#816 = ORIENTED_EDGE('',*,*,#194,.F.);
#817 = ORIENTED_EDGE('',*,*,#818,.T.);
#818 = EDGE_CURVE('',#186,#819,#821,.T.);
#819 = VERTEX_POINT('',#820);
#820 = CARTESIAN_POINT('',(5.774999999996,1.650000000027,4.));
#821 = LINE('',#822,#823);
#822 = CARTESIAN_POINT('',(5.774999999996,1.650000000027,0.5));
#823 = VECTOR('',#824,1.);
#824 = DIRECTION('',(0.,0.,1.));
#825 = ORIENTED_EDGE('',*,*,#826,.F.);
#826 = EDGE_CURVE('',#827,#819,#829,.T.);
#827 = VERTEX_POINT('',#828);
#828 = CARTESIAN_POINT('',(5.774999999996,2.849999999973,4.));
#829 = LINE('',#830,#831);
#830 = CARTESIAN_POINT('',(5.775,2.85,4.));
#831 = VECTOR('',#832,1.);
#832 = DIRECTION('',(-0.,-1.,-0.));
#833 = ORIENTED_EDGE('',*,*,#834,.F.);
#834 = EDGE_CURVE('',#178,#827,#835,.T.);
#835 = LINE('',#836,#837);
#836 = CARTESIAN_POINT('',(5.774999999996,2.849999999973,0.5));
#837 = VECTOR('',#838,1.);
#838 = DIRECTION('',(0.,0.,1.));
#839 = PLANE('',#840);
#840 = AXIS2_PLACEMENT_3D('',#841,#842,#843);
#841 = CARTESIAN_POINT('',(5.775,1.9E-16,5.));
#842 = DIRECTION('',(1.,0.,0.));
#843 = DIRECTION('',(0.,0.,1.));
#844 = ADVANCED_FACE('',(#845),#856,.T.);
#845 = FACE_BOUND('',#846,.F.);
#846 = EDGE_LOOP('',(#847,#848,#849,#855));
#847 = ORIENTED_EDGE('',*,*,#738,.T.);
#848 = ORIENTED_EDGE('',*,*,#665,.T.);
#849 = ORIENTED_EDGE('',*,*,#850,.F.);
#850 = EDGE_CURVE('',#294,#666,#851,.T.);
#851 = LINE('',#852,#853);
#852 = CARTESIAN_POINT('',(-5.775,5.1,0.5));
#853 = VECTOR('',#854,1.);
#854 = DIRECTION('',(0.,0.,1.));
#855 = ORIENTED_EDGE('',*,*,#301,.F.);
#856 = PLANE('',#857);
#857 = AXIS2_PLACEMENT_3D('',#858,#859,#860);
#858 = CARTESIAN_POINT('',(-6.275,5.1,0.5));
#859 = DIRECTION('',(-0.,-1.,-0.));
#860 = DIRECTION('',(-1.,0.,0.));
#861 = ADVANCED_FACE('',(#862),#951,.T.);
#862 = FACE_BOUND('',#863,.T.);
#863 = EDGE_LOOP('',(#864,#865,#866,#874,#882,#888,#889,#897,#905,#911,
    #912,#920,#928,#936,#944,#950));
#864 = ORIENTED_EDGE('',*,*,#850,.F.);
#865 = ORIENTED_EDGE('',*,*,#293,.F.);
#866 = ORIENTED_EDGE('',*,*,#867,.T.);
#867 = EDGE_CURVE('',#285,#868,#870,.T.);
#868 = VERTEX_POINT('',#869);
#869 = CARTESIAN_POINT('',(-5.774999999996,2.849999999973,4.));
#870 = LINE('',#871,#872);
#871 = CARTESIAN_POINT('',(-5.774999999996,2.849999999973,0.5));
#872 = VECTOR('',#873,1.);
#873 = DIRECTION('',(0.,0.,1.));
#874 = ORIENTED_EDGE('',*,*,#875,.T.);
#875 = EDGE_CURVE('',#868,#876,#878,.T.);
#876 = VERTEX_POINT('',#877);
#877 = CARTESIAN_POINT('',(-5.774999999996,1.650000000027,4.));
#878 = LINE('',#879,#880);
#879 = CARTESIAN_POINT('',(-5.775,2.85,4.));
#880 = VECTOR('',#881,1.);
#881 = DIRECTION('',(0.,-1.,0.));
#882 = ORIENTED_EDGE('',*,*,#883,.F.);
#883 = EDGE_CURVE('',#277,#876,#884,.T.);
#884 = LINE('',#885,#886);
#885 = CARTESIAN_POINT('',(-5.774999999996,1.650000000027,0.5));
#886 = VECTOR('',#887,1.);
#887 = DIRECTION('',(0.,0.,1.));
#888 = ORIENTED_EDGE('',*,*,#276,.F.);
#889 = ORIENTED_EDGE('',*,*,#890,.T.);
#890 = EDGE_CURVE('',#268,#891,#893,.T.);
#891 = VERTEX_POINT('',#892);
#892 = CARTESIAN_POINT('',(-5.774999999996,-1.650000000027,4.));
#893 = LINE('',#894,#895);
#894 = CARTESIAN_POINT('',(-5.774999999996,-1.650000000027,0.5));
#895 = VECTOR('',#896,1.);
#896 = DIRECTION('',(0.,0.,1.));
#897 = ORIENTED_EDGE('',*,*,#898,.F.);
#898 = EDGE_CURVE('',#899,#891,#901,.T.);
#899 = VERTEX_POINT('',#900);
#900 = CARTESIAN_POINT('',(-5.774999999996,-2.849999999973,4.));
#901 = LINE('',#902,#903);
#902 = CARTESIAN_POINT('',(-5.775,-2.85,4.));
#903 = VECTOR('',#904,1.);
#904 = DIRECTION('',(0.,1.,0.));
#905 = ORIENTED_EDGE('',*,*,#906,.F.);
#906 = EDGE_CURVE('',#260,#899,#907,.T.);
#907 = LINE('',#908,#909);
#908 = CARTESIAN_POINT('',(-5.774999999996,-2.849999999973,0.5));
#909 = VECTOR('',#910,1.);
#910 = DIRECTION('',(0.,0.,1.));
#911 = ORIENTED_EDGE('',*,*,#259,.F.);
#912 = ORIENTED_EDGE('',*,*,#913,.T.);
#913 = EDGE_CURVE('',#252,#914,#916,.T.);
#914 = VERTEX_POINT('',#915);
#915 = CARTESIAN_POINT('',(-5.775,-5.1,9.5));
#916 = LINE('',#917,#918);
#917 = CARTESIAN_POINT('',(-5.775,-5.1,0.5));
#918 = VECTOR('',#919,1.);
#919 = DIRECTION('',(0.,0.,1.));
#920 = ORIENTED_EDGE('',*,*,#921,.F.);
#921 = EDGE_CURVE('',#922,#914,#924,.T.);
#922 = VERTEX_POINT('',#923);
#923 = CARTESIAN_POINT('',(-5.775,-3.6,9.5));
#924 = LINE('',#925,#926);
#925 = CARTESIAN_POINT('',(-5.775,5.1,9.5));
#926 = VECTOR('',#927,1.);
#927 = DIRECTION('',(-0.,-1.,-0.));
#928 = ORIENTED_EDGE('',*,*,#929,.T.);
#929 = EDGE_CURVE('',#922,#930,#932,.T.);
#930 = VERTEX_POINT('',#931);
#931 = CARTESIAN_POINT('',(-5.775,-3.6,8.));
#932 = LINE('',#933,#934);
#933 = CARTESIAN_POINT('',(-5.775,-3.6,7.25));
#934 = VECTOR('',#935,1.);
#935 = DIRECTION('',(0.,0.,-1.));
#936 = ORIENTED_EDGE('',*,*,#937,.F.);
#937 = EDGE_CURVE('',#938,#930,#940,.T.);
#938 = VERTEX_POINT('',#939);
#939 = CARTESIAN_POINT('',(-5.775,3.6,8.));
#940 = LINE('',#941,#942);
#941 = CARTESIAN_POINT('',(-5.775,1.E-16,8.));
#942 = VECTOR('',#943,1.);
#943 = DIRECTION('',(0.,-1.,0.));
#944 = ORIENTED_EDGE('',*,*,#945,.T.);
#945 = EDGE_CURVE('',#938,#674,#946,.T.);
#946 = LINE('',#947,#948);
#947 = CARTESIAN_POINT('',(-5.775,3.6,7.25));
#948 = VECTOR('',#949,1.);
#949 = DIRECTION('',(0.,0.,1.));
#950 = ORIENTED_EDGE('',*,*,#673,.F.);
#951 = PLANE('',#952);
#952 = AXIS2_PLACEMENT_3D('',#953,#954,#955);
#953 = CARTESIAN_POINT('',(-5.775,1.9E-16,5.));
#954 = DIRECTION('',(-1.,-0.,-0.));
#955 = DIRECTION('',(0.,0.,-1.));
#956 = ADVANCED_FACE('',(#957),#969,.F.);
#957 = FACE_BOUND('',#958,.T.);
#958 = EDGE_LOOP('',(#959,#960,#967,#968));
#959 = ORIENTED_EDGE('',*,*,#883,.T.);
#960 = ORIENTED_EDGE('',*,*,#961,.T.);
#961 = EDGE_CURVE('',#876,#868,#962,.T.);
#962 = CIRCLE('',#963,0.599999999947);
#963 = AXIS2_PLACEMENT_3D('',#964,#965,#966);
#964 = CARTESIAN_POINT('',(-5.775,2.25,4.));
#965 = DIRECTION('',(0.,0.,1.));
#966 = DIRECTION('',(1.,0.,0.));
#967 = ORIENTED_EDGE('',*,*,#867,.F.);
#968 = ORIENTED_EDGE('',*,*,#284,.F.);
#969 = CYLINDRICAL_SURFACE('',#970,0.599999999947);
#970 = AXIS2_PLACEMENT_3D('',#971,#972,#973);
#971 = CARTESIAN_POINT('',(-5.775,2.25,0.5));
#972 = DIRECTION('',(-0.,-0.,-1.));
#973 = DIRECTION('',(1.,0.,0.));
#974 = ADVANCED_FACE('',(#975),#987,.F.);
#975 = FACE_BOUND('',#976,.F.);
#976 = EDGE_LOOP('',(#977,#978,#985,#986));
#977 = ORIENTED_EDGE('',*,*,#818,.T.);
#978 = ORIENTED_EDGE('',*,*,#979,.T.);
#979 = EDGE_CURVE('',#819,#827,#980,.T.);
#980 = CIRCLE('',#981,0.599999999947);
#981 = AXIS2_PLACEMENT_3D('',#982,#983,#984);
#982 = CARTESIAN_POINT('',(5.775,2.25,4.));
#983 = DIRECTION('',(0.,0.,-1.));
#984 = DIRECTION('',(-1.,-0.,-0.));
#985 = ORIENTED_EDGE('',*,*,#834,.F.);
#986 = ORIENTED_EDGE('',*,*,#185,.F.);
#987 = CYLINDRICAL_SURFACE('',#988,0.599999999947);
#988 = AXIS2_PLACEMENT_3D('',#989,#990,#991);
#989 = CARTESIAN_POINT('',(5.775,2.25,0.5));
#990 = DIRECTION('',(0.,0.,-1.));
#991 = DIRECTION('',(-1.,-0.,-0.));
#992 = ADVANCED_FACE('',(#993),#1005,.F.);
#993 = FACE_BOUND('',#994,.F.);
#994 = EDGE_LOOP('',(#995,#996,#1003,#1004));
#995 = ORIENTED_EDGE('',*,*,#890,.T.);
#996 = ORIENTED_EDGE('',*,*,#997,.T.);
#997 = EDGE_CURVE('',#891,#899,#998,.T.);
#998 = CIRCLE('',#999,0.599999999947);
#999 = AXIS2_PLACEMENT_3D('',#1000,#1001,#1002);
#1000 = CARTESIAN_POINT('',(-5.775,-2.25,4.));
#1001 = DIRECTION('',(0.,0.,-1.));
#1002 = DIRECTION('',(1.,0.,0.));
#1003 = ORIENTED_EDGE('',*,*,#906,.F.);
#1004 = ORIENTED_EDGE('',*,*,#267,.F.);
#1005 = CYLINDRICAL_SURFACE('',#1006,0.599999999947);
#1006 = AXIS2_PLACEMENT_3D('',#1007,#1008,#1009);
#1007 = CARTESIAN_POINT('',(-5.775,-2.25,0.5));
#1008 = DIRECTION('',(0.,0.,-1.));
#1009 = DIRECTION('',(1.,0.,0.));
#1010 = ADVANCED_FACE('',(#1011),#1023,.F.);
#1011 = FACE_BOUND('',#1012,.T.);
#1012 = EDGE_LOOP('',(#1013,#1014,#1021,#1022));
#1013 = ORIENTED_EDGE('',*,*,#811,.T.);
#1014 = ORIENTED_EDGE('',*,*,#1015,.T.);
#1015 = EDGE_CURVE('',#804,#796,#1016,.T.);
#1016 = CIRCLE('',#1017,0.599999999947);
#1017 = AXIS2_PLACEMENT_3D('',#1018,#1019,#1020);
#1018 = CARTESIAN_POINT('',(5.775,-2.25,4.));
#1019 = DIRECTION('',(0.,0.,1.));
#1020 = DIRECTION('',(-1.,0.,0.));
#1021 = ORIENTED_EDGE('',*,*,#795,.F.);
#1022 = ORIENTED_EDGE('',*,*,#202,.F.);
#1023 = CYLINDRICAL_SURFACE('',#1024,0.599999999947);
#1024 = AXIS2_PLACEMENT_3D('',#1025,#1026,#1027);
#1025 = CARTESIAN_POINT('',(5.775,-2.25,0.5));
#1026 = DIRECTION('',(0.,0.,-1.));
#1027 = DIRECTION('',(-1.,0.,0.));
#1028 = ADVANCED_FACE('',(#1029),#1047,.T.);
#1029 = FACE_BOUND('',#1030,.T.);
#1030 = EDGE_LOOP('',(#1031,#1039,#1045,#1046));
#1031 = ORIENTED_EDGE('',*,*,#1032,.T.);
#1032 = EDGE_CURVE('',#244,#1033,#1035,.T.);
#1033 = VERTEX_POINT('',#1034);
#1034 = CARTESIAN_POINT('',(-6.275,-5.1,9.5));
#1035 = LINE('',#1036,#1037);
#1036 = CARTESIAN_POINT('',(-6.275,-5.1,0.5));
#1037 = VECTOR('',#1038,1.);
#1038 = DIRECTION('',(0.,0.,1.));
#1039 = ORIENTED_EDGE('',*,*,#1040,.T.);
#1040 = EDGE_CURVE('',#1033,#914,#1041,.T.);
#1041 = LINE('',#1042,#1043);
#1042 = CARTESIAN_POINT('',(-6.275,-5.1,9.5));
#1043 = VECTOR('',#1044,1.);
#1044 = DIRECTION('',(1.,0.,0.));
#1045 = ORIENTED_EDGE('',*,*,#913,.F.);
#1046 = ORIENTED_EDGE('',*,*,#251,.F.);
#1047 = PLANE('',#1048);
#1048 = AXIS2_PLACEMENT_3D('',#1049,#1050,#1051);
#1049 = CARTESIAN_POINT('',(-6.275,-5.1,0.5));
#1050 = DIRECTION('',(0.,1.,0.));
#1051 = DIRECTION('',(1.,0.,0.));
#1052 = ADVANCED_FACE('',(#1053),#1071,.T.);
#1053 = FACE_BOUND('',#1054,.T.);
#1054 = EDGE_LOOP('',(#1055,#1063,#1069,#1070));
#1055 = ORIENTED_EDGE('',*,*,#1056,.T.);
#1056 = EDGE_CURVE('',#236,#1057,#1059,.T.);
#1057 = VERTEX_POINT('',#1058);
#1058 = CARTESIAN_POINT('',(-6.275,-6.5,9.5));
#1059 = LINE('',#1060,#1061);
#1060 = CARTESIAN_POINT('',(-6.275,-6.5,0.5));
#1061 = VECTOR('',#1062,1.);
#1062 = DIRECTION('',(0.,0.,1.));
#1063 = ORIENTED_EDGE('',*,*,#1064,.T.);
#1064 = EDGE_CURVE('',#1057,#1033,#1065,.T.);
#1065 = LINE('',#1066,#1067);
#1066 = CARTESIAN_POINT('',(-6.275,-6.5,9.5));
#1067 = VECTOR('',#1068,1.);
#1068 = DIRECTION('',(0.,1.,0.));
#1069 = ORIENTED_EDGE('',*,*,#1032,.F.);
#1070 = ORIENTED_EDGE('',*,*,#243,.F.);
#1071 = PLANE('',#1072);
#1072 = AXIS2_PLACEMENT_3D('',#1073,#1074,#1075);
#1073 = CARTESIAN_POINT('',(-6.275,-6.5,0.5));
#1074 = DIRECTION('',(-1.,0.,0.));
#1075 = DIRECTION('',(0.,1.,0.));
#1076 = ADVANCED_FACE('',(#1077),#1095,.T.);
#1077 = FACE_BOUND('',#1078,.F.);
#1078 = EDGE_LOOP('',(#1079,#1087,#1093,#1094));
#1079 = ORIENTED_EDGE('',*,*,#1080,.T.);
#1080 = EDGE_CURVE('',#220,#1081,#1083,.T.);
#1081 = VERTEX_POINT('',#1082);
#1082 = CARTESIAN_POINT('',(6.275,-5.1,9.5));
#1083 = LINE('',#1084,#1085);
#1084 = CARTESIAN_POINT('',(6.275,-5.1,0.5));
#1085 = VECTOR('',#1086,1.);
#1086 = DIRECTION('',(0.,0.,1.));
#1087 = ORIENTED_EDGE('',*,*,#1088,.T.);
#1088 = EDGE_CURVE('',#1081,#781,#1089,.T.);
#1089 = LINE('',#1090,#1091);
#1090 = CARTESIAN_POINT('',(6.275,-5.1,9.5));
#1091 = VECTOR('',#1092,1.);
#1092 = DIRECTION('',(-1.,-0.,-0.));
#1093 = ORIENTED_EDGE('',*,*,#788,.F.);
#1094 = ORIENTED_EDGE('',*,*,#219,.F.);
#1095 = PLANE('',#1096);
#1096 = AXIS2_PLACEMENT_3D('',#1097,#1098,#1099);
#1097 = CARTESIAN_POINT('',(6.275,-5.1,0.5));
#1098 = DIRECTION('',(0.,1.,0.));
#1099 = DIRECTION('',(1.,0.,0.));
#1100 = ADVANCED_FACE('',(#1101),#1119,.T.);
#1101 = FACE_BOUND('',#1102,.T.);
#1102 = EDGE_LOOP('',(#1103,#1111,#1117,#1118));
#1103 = ORIENTED_EDGE('',*,*,#1104,.T.);
#1104 = EDGE_CURVE('',#228,#1105,#1107,.T.);
#1105 = VERTEX_POINT('',#1106);
#1106 = CARTESIAN_POINT('',(6.275,-6.5,9.5));
#1107 = LINE('',#1108,#1109);
#1108 = CARTESIAN_POINT('',(6.275,-6.5,0.5));
#1109 = VECTOR('',#1110,1.);
#1110 = DIRECTION('',(0.,0.,1.));
#1111 = ORIENTED_EDGE('',*,*,#1112,.T.);
#1112 = EDGE_CURVE('',#1105,#1057,#1113,.T.);
#1113 = LINE('',#1114,#1115);
#1114 = CARTESIAN_POINT('',(0.,-6.5,9.5));
#1115 = VECTOR('',#1116,1.);
#1116 = DIRECTION('',(-1.,0.,0.));
#1117 = ORIENTED_EDGE('',*,*,#1056,.F.);
#1118 = ORIENTED_EDGE('',*,*,#235,.T.);
#1119 = PLANE('',#1120);
#1120 = AXIS2_PLACEMENT_3D('',#1121,#1122,#1123);
#1121 = CARTESIAN_POINT('',(-1.6E-16,-6.5,5.));
#1122 = DIRECTION('',(-0.,-1.,-0.));
#1123 = DIRECTION('',(0.,0.,-1.));
#1124 = ADVANCED_FACE('',(#1125),#1136,.T.);
#1125 = FACE_BOUND('',#1126,.F.);
#1126 = EDGE_LOOP('',(#1127,#1128,#1134,#1135));
#1127 = ORIENTED_EDGE('',*,*,#1104,.T.);
#1128 = ORIENTED_EDGE('',*,*,#1129,.T.);
#1129 = EDGE_CURVE('',#1105,#1081,#1130,.T.);
#1130 = LINE('',#1131,#1132);
#1131 = CARTESIAN_POINT('',(6.275,-6.5,9.5));
#1132 = VECTOR('',#1133,1.);
#1133 = DIRECTION('',(0.,1.,0.));
#1134 = ORIENTED_EDGE('',*,*,#1080,.F.);
#1135 = ORIENTED_EDGE('',*,*,#227,.F.);
#1136 = PLANE('',#1137);
#1137 = AXIS2_PLACEMENT_3D('',#1138,#1139,#1140);
#1138 = CARTESIAN_POINT('',(6.275,-6.5,0.5));
#1139 = DIRECTION('',(1.,0.,0.));
#1140 = DIRECTION('',(0.,-1.,0.));
#1141 = ADVANCED_FACE('',(#1142),#1167,.T.);
#1142 = FACE_BOUND('',#1143,.F.);
#1143 = EDGE_LOOP('',(#1144,#1145,#1153,#1161));
#1144 = ORIENTED_EDGE('',*,*,#309,.F.);
#1145 = ORIENTED_EDGE('',*,*,#1146,.T.);
#1146 = EDGE_CURVE('',#310,#1147,#1149,.T.);
#1147 = VERTEX_POINT('',#1148);
#1148 = CARTESIAN_POINT('',(4.15,-5.1,2.5));
#1149 = LINE('',#1150,#1151);
#1150 = CARTESIAN_POINT('',(4.15,-5.1,0.));
#1151 = VECTOR('',#1152,1.);
#1152 = DIRECTION('',(0.,0.,1.));
#1153 = ORIENTED_EDGE('',*,*,#1154,.T.);
#1154 = EDGE_CURVE('',#1147,#1155,#1157,.T.);
#1155 = VERTEX_POINT('',#1156);
#1156 = CARTESIAN_POINT('',(0.65,-5.1,2.5));
#1157 = LINE('',#1158,#1159);
#1158 = CARTESIAN_POINT('',(2.075,-5.1,2.5));
#1159 = VECTOR('',#1160,1.);
#1160 = DIRECTION('',(-1.,0.,0.));
#1161 = ORIENTED_EDGE('',*,*,#1162,.F.);
#1162 = EDGE_CURVE('',#312,#1155,#1163,.T.);
#1163 = LINE('',#1164,#1165);
#1164 = CARTESIAN_POINT('',(0.65,-5.1,0.));
#1165 = VECTOR('',#1166,1.);
#1166 = DIRECTION('',(0.,0.,1.));
#1167 = PLANE('',#1168);
#1168 = AXIS2_PLACEMENT_3D('',#1169,#1170,#1171);
#1169 = CARTESIAN_POINT('',(4.15,-5.1,0.));
#1170 = DIRECTION('',(0.,1.,0.));
#1171 = DIRECTION('',(1.,0.,0.));
#1172 = ADVANCED_FACE('',(#1173),#1191,.T.);
#1173 = FACE_BOUND('',#1174,.F.);
#1174 = EDGE_LOOP('',(#1175,#1176,#1177,#1185));
#1175 = ORIENTED_EDGE('',*,*,#335,.F.);
#1176 = ORIENTED_EDGE('',*,*,#1162,.T.);
#1177 = ORIENTED_EDGE('',*,*,#1178,.T.);
#1178 = EDGE_CURVE('',#1155,#1179,#1181,.T.);
#1179 = VERTEX_POINT('',#1180);
#1180 = CARTESIAN_POINT('',(0.65,-4.3,2.5));
#1181 = LINE('',#1182,#1183);
#1182 = CARTESIAN_POINT('',(0.65,-2.55,2.5));
#1183 = VECTOR('',#1184,1.);
#1184 = DIRECTION('',(0.,1.,0.));
#1185 = ORIENTED_EDGE('',*,*,#1186,.F.);
#1186 = EDGE_CURVE('',#328,#1179,#1187,.T.);
#1187 = LINE('',#1188,#1189);
#1188 = CARTESIAN_POINT('',(0.65,-4.3,0.));
#1189 = VECTOR('',#1190,1.);
#1190 = DIRECTION('',(0.,0.,1.));
#1191 = PLANE('',#1192);
#1192 = AXIS2_PLACEMENT_3D('',#1193,#1194,#1195);
#1193 = CARTESIAN_POINT('',(0.65,-5.1,0.));
#1194 = DIRECTION('',(1.,0.,0.));
#1195 = DIRECTION('',(0.,-1.,0.));
#1196 = ADVANCED_FACE('',(#1197),#1215,.T.);
#1197 = FACE_BOUND('',#1198,.F.);
#1198 = EDGE_LOOP('',(#1199,#1200,#1201,#1209));
#1199 = ORIENTED_EDGE('',*,*,#327,.F.);
#1200 = ORIENTED_EDGE('',*,*,#1186,.T.);
#1201 = ORIENTED_EDGE('',*,*,#1202,.T.);
#1202 = EDGE_CURVE('',#1179,#1203,#1205,.T.);
#1203 = VERTEX_POINT('',#1204);
#1204 = CARTESIAN_POINT('',(4.15,-4.3,2.5));
#1205 = LINE('',#1206,#1207);
#1206 = CARTESIAN_POINT('',(0.325,-4.3,2.5));
#1207 = VECTOR('',#1208,1.);
#1208 = DIRECTION('',(1.,0.,0.));
#1209 = ORIENTED_EDGE('',*,*,#1210,.F.);
#1210 = EDGE_CURVE('',#320,#1203,#1211,.T.);
#1211 = LINE('',#1212,#1213);
#1212 = CARTESIAN_POINT('',(4.15,-4.3,0.));
#1213 = VECTOR('',#1214,1.);
#1214 = DIRECTION('',(0.,0.,1.));
#1215 = PLANE('',#1216);
#1216 = AXIS2_PLACEMENT_3D('',#1217,#1218,#1219);
#1217 = CARTESIAN_POINT('',(0.65,-4.3,0.));
#1218 = DIRECTION('',(-0.,-1.,-0.));
#1219 = DIRECTION('',(-1.,0.,0.));
#1220 = ADVANCED_FACE('',(#1221),#1232,.T.);
#1221 = FACE_BOUND('',#1222,.F.);
#1222 = EDGE_LOOP('',(#1223,#1224,#1225,#1231));
#1223 = ORIENTED_EDGE('',*,*,#319,.F.);
#1224 = ORIENTED_EDGE('',*,*,#1210,.T.);
#1225 = ORIENTED_EDGE('',*,*,#1226,.T.);
#1226 = EDGE_CURVE('',#1203,#1147,#1227,.T.);
#1227 = LINE('',#1228,#1229);
#1228 = CARTESIAN_POINT('',(4.15,-2.15,2.5));
#1229 = VECTOR('',#1230,1.);
#1230 = DIRECTION('',(0.,-1.,0.));
#1231 = ORIENTED_EDGE('',*,*,#1146,.F.);
#1232 = PLANE('',#1233);
#1233 = AXIS2_PLACEMENT_3D('',#1234,#1235,#1236);
#1234 = CARTESIAN_POINT('',(4.15,-4.3,0.));
#1235 = DIRECTION('',(-1.,-0.,-0.));
#1236 = DIRECTION('',(0.,1.,0.));
#1237 = ADVANCED_FACE('',(#1238),#1263,.F.);
#1238 = FACE_BOUND('',#1239,.F.);
#1239 = EDGE_LOOP('',(#1240,#1248,#1256,#1262));
#1240 = ORIENTED_EDGE('',*,*,#1241,.T.);
#1241 = EDGE_CURVE('',#344,#1242,#1244,.T.);
#1242 = VERTEX_POINT('',#1243);
#1243 = CARTESIAN_POINT('',(3.9,-2.85,0.));
#1244 = LINE('',#1245,#1246);
#1245 = CARTESIAN_POINT('',(3.9,-2.85,0.5));
#1246 = VECTOR('',#1247,1.);
#1247 = DIRECTION('',(0.,0.,-1.));
#1248 = ORIENTED_EDGE('',*,*,#1249,.T.);
#1249 = EDGE_CURVE('',#1242,#1250,#1252,.T.);
#1250 = VERTEX_POINT('',#1251);
#1251 = CARTESIAN_POINT('',(0.9,-2.85,0.));
#1252 = LINE('',#1253,#1254);
#1253 = CARTESIAN_POINT('',(3.9,-2.85,0.));
#1254 = VECTOR('',#1255,1.);
#1255 = DIRECTION('',(-1.,0.,0.));
#1256 = ORIENTED_EDGE('',*,*,#1257,.F.);
#1257 = EDGE_CURVE('',#346,#1250,#1258,.T.);
#1258 = LINE('',#1259,#1260);
#1259 = CARTESIAN_POINT('',(0.9,-2.85,0.5));
#1260 = VECTOR('',#1261,1.);
#1261 = DIRECTION('',(0.,0.,-1.));
#1262 = ORIENTED_EDGE('',*,*,#343,.F.);
#1263 = PLANE('',#1264);
#1264 = AXIS2_PLACEMENT_3D('',#1265,#1266,#1267);
#1265 = CARTESIAN_POINT('',(3.9,-2.85,0.5));
#1266 = DIRECTION('',(0.,1.,0.));
#1267 = DIRECTION('',(-1.,0.,0.));
#1268 = ADVANCED_FACE('',(#1269),#1287,.F.);
#1269 = FACE_BOUND('',#1270,.F.);
#1270 = EDGE_LOOP('',(#1271,#1279,#1285,#1286));
#1271 = ORIENTED_EDGE('',*,*,#1272,.T.);
#1272 = EDGE_CURVE('',#354,#1273,#1275,.T.);
#1273 = VERTEX_POINT('',#1274);
#1274 = CARTESIAN_POINT('',(3.9,-2.,0.));
#1275 = LINE('',#1276,#1277);
#1276 = CARTESIAN_POINT('',(3.9,-2.,0.5));
#1277 = VECTOR('',#1278,1.);
#1278 = DIRECTION('',(0.,0.,-1.));
#1279 = ORIENTED_EDGE('',*,*,#1280,.T.);
#1280 = EDGE_CURVE('',#1273,#1242,#1281,.T.);
#1281 = LINE('',#1282,#1283);
#1282 = CARTESIAN_POINT('',(3.9,-2.,0.));
#1283 = VECTOR('',#1284,1.);
#1284 = DIRECTION('',(0.,-1.,0.));
#1285 = ORIENTED_EDGE('',*,*,#1241,.F.);
#1286 = ORIENTED_EDGE('',*,*,#353,.F.);
#1287 = PLANE('',#1288);
#1288 = AXIS2_PLACEMENT_3D('',#1289,#1290,#1291);
#1289 = CARTESIAN_POINT('',(3.9,-2.,0.5));
#1290 = DIRECTION('',(-1.,0.,0.));
#1291 = DIRECTION('',(0.,-1.,0.));
#1292 = ADVANCED_FACE('',(#1293),#1311,.F.);
#1293 = FACE_BOUND('',#1294,.F.);
#1294 = EDGE_LOOP('',(#1295,#1296,#1304,#1310));
#1295 = ORIENTED_EDGE('',*,*,#1257,.T.);
#1296 = ORIENTED_EDGE('',*,*,#1297,.T.);
#1297 = EDGE_CURVE('',#1250,#1298,#1300,.T.);
#1298 = VERTEX_POINT('',#1299);
#1299 = CARTESIAN_POINT('',(0.9,-2.,0.));
#1300 = LINE('',#1301,#1302);
#1301 = CARTESIAN_POINT('',(0.9,-2.85,0.));
#1302 = VECTOR('',#1303,1.);
#1303 = DIRECTION('',(0.,1.,0.));
#1304 = ORIENTED_EDGE('',*,*,#1305,.F.);
#1305 = EDGE_CURVE('',#362,#1298,#1306,.T.);
#1306 = LINE('',#1307,#1308);
#1307 = CARTESIAN_POINT('',(0.9,-2.,0.5));
#1308 = VECTOR('',#1309,1.);
#1309 = DIRECTION('',(0.,0.,-1.));
#1310 = ORIENTED_EDGE('',*,*,#369,.F.);
#1311 = PLANE('',#1312);
#1312 = AXIS2_PLACEMENT_3D('',#1313,#1314,#1315);
#1313 = CARTESIAN_POINT('',(0.9,-2.85,0.5));
#1314 = DIRECTION('',(1.,0.,0.));
#1315 = DIRECTION('',(0.,1.,0.));
#1316 = ADVANCED_FACE('',(#1317),#1328,.F.);
#1317 = FACE_BOUND('',#1318,.F.);
#1318 = EDGE_LOOP('',(#1319,#1320,#1326,#1327));
#1319 = ORIENTED_EDGE('',*,*,#1305,.T.);
#1320 = ORIENTED_EDGE('',*,*,#1321,.T.);
#1321 = EDGE_CURVE('',#1298,#1273,#1322,.T.);
#1322 = LINE('',#1323,#1324);
#1323 = CARTESIAN_POINT('',(0.9,-2.,0.));
#1324 = VECTOR('',#1325,1.);
#1325 = DIRECTION('',(1.,0.,0.));
#1326 = ORIENTED_EDGE('',*,*,#1272,.F.);
#1327 = ORIENTED_EDGE('',*,*,#361,.F.);
#1328 = PLANE('',#1329);
#1329 = AXIS2_PLACEMENT_3D('',#1330,#1331,#1332);
#1330 = CARTESIAN_POINT('',(0.9,-2.,0.5));
#1331 = DIRECTION('',(0.,-1.,0.));
#1332 = DIRECTION('',(1.,0.,0.));
#1333 = ADVANCED_FACE('',(#1334),#1359,.T.);
#1334 = FACE_BOUND('',#1335,.T.);
#1335 = EDGE_LOOP('',(#1336,#1337,#1345,#1353));
#1336 = ORIENTED_EDGE('',*,*,#377,.F.);
#1337 = ORIENTED_EDGE('',*,*,#1338,.T.);
#1338 = EDGE_CURVE('',#378,#1339,#1341,.T.);
#1339 = VERTEX_POINT('',#1340);
#1340 = CARTESIAN_POINT('',(-4.15,-4.3,2.5));
#1341 = LINE('',#1342,#1343);
#1342 = CARTESIAN_POINT('',(-4.15,-4.3,0.));
#1343 = VECTOR('',#1344,1.);
#1344 = DIRECTION('',(0.,0.,1.));
#1345 = ORIENTED_EDGE('',*,*,#1346,.T.);
#1346 = EDGE_CURVE('',#1339,#1347,#1349,.T.);
#1347 = VERTEX_POINT('',#1348);
#1348 = CARTESIAN_POINT('',(-4.15,-5.1,2.5));
#1349 = LINE('',#1350,#1351);
#1350 = CARTESIAN_POINT('',(-4.15,-2.15,2.5));
#1351 = VECTOR('',#1352,1.);
#1352 = DIRECTION('',(0.,-1.,0.));
#1353 = ORIENTED_EDGE('',*,*,#1354,.F.);
#1354 = EDGE_CURVE('',#380,#1347,#1355,.T.);
#1355 = LINE('',#1356,#1357);
#1356 = CARTESIAN_POINT('',(-4.15,-5.1,0.));
#1357 = VECTOR('',#1358,1.);
#1358 = DIRECTION('',(0.,0.,1.));
#1359 = PLANE('',#1360);
#1360 = AXIS2_PLACEMENT_3D('',#1361,#1362,#1363);
#1361 = CARTESIAN_POINT('',(-4.15,-4.3,0.));
#1362 = DIRECTION('',(1.,0.,0.));
#1363 = DIRECTION('',(0.,-1.,0.));
#1364 = ADVANCED_FACE('',(#1365),#1383,.T.);
#1365 = FACE_BOUND('',#1366,.T.);
#1366 = EDGE_LOOP('',(#1367,#1368,#1376,#1382));
#1367 = ORIENTED_EDGE('',*,*,#403,.F.);
#1368 = ORIENTED_EDGE('',*,*,#1369,.T.);
#1369 = EDGE_CURVE('',#396,#1370,#1372,.T.);
#1370 = VERTEX_POINT('',#1371);
#1371 = CARTESIAN_POINT('',(-0.65,-4.3,2.5));
#1372 = LINE('',#1373,#1374);
#1373 = CARTESIAN_POINT('',(-0.65,-4.3,0.));
#1374 = VECTOR('',#1375,1.);
#1375 = DIRECTION('',(0.,0.,1.));
#1376 = ORIENTED_EDGE('',*,*,#1377,.T.);
#1377 = EDGE_CURVE('',#1370,#1339,#1378,.T.);
#1378 = LINE('',#1379,#1380);
#1379 = CARTESIAN_POINT('',(-0.325,-4.3,2.5));
#1380 = VECTOR('',#1381,1.);
#1381 = DIRECTION('',(-1.,0.,0.));
#1382 = ORIENTED_EDGE('',*,*,#1338,.F.);
#1383 = PLANE('',#1384);
#1384 = AXIS2_PLACEMENT_3D('',#1385,#1386,#1387);
#1385 = CARTESIAN_POINT('',(-0.65,-4.3,0.));
#1386 = DIRECTION('',(0.,-1.,0.));
#1387 = DIRECTION('',(-1.,0.,0.));
#1388 = ADVANCED_FACE('',(#1389),#1407,.T.);
#1389 = FACE_BOUND('',#1390,.T.);
#1390 = EDGE_LOOP('',(#1391,#1392,#1393,#1401));
#1391 = ORIENTED_EDGE('',*,*,#387,.F.);
#1392 = ORIENTED_EDGE('',*,*,#1354,.T.);
#1393 = ORIENTED_EDGE('',*,*,#1394,.T.);
#1394 = EDGE_CURVE('',#1347,#1395,#1397,.T.);
#1395 = VERTEX_POINT('',#1396);
#1396 = CARTESIAN_POINT('',(-0.65,-5.1,2.5));
#1397 = LINE('',#1398,#1399);
#1398 = CARTESIAN_POINT('',(-2.075,-5.1,2.5));
#1399 = VECTOR('',#1400,1.);
#1400 = DIRECTION('',(1.,0.,0.));
#1401 = ORIENTED_EDGE('',*,*,#1402,.F.);
#1402 = EDGE_CURVE('',#388,#1395,#1403,.T.);
#1403 = LINE('',#1404,#1405);
#1404 = CARTESIAN_POINT('',(-0.65,-5.1,0.));
#1405 = VECTOR('',#1406,1.);
#1406 = DIRECTION('',(0.,0.,1.));
#1407 = PLANE('',#1408);
#1408 = AXIS2_PLACEMENT_3D('',#1409,#1410,#1411);
#1409 = CARTESIAN_POINT('',(-4.15,-5.1,0.));
#1410 = DIRECTION('',(0.,1.,0.));
#1411 = DIRECTION('',(1.,0.,0.));
#1412 = ADVANCED_FACE('',(#1413),#1424,.T.);
#1413 = FACE_BOUND('',#1414,.T.);
#1414 = EDGE_LOOP('',(#1415,#1416,#1417,#1423));
#1415 = ORIENTED_EDGE('',*,*,#395,.F.);
#1416 = ORIENTED_EDGE('',*,*,#1402,.T.);
#1417 = ORIENTED_EDGE('',*,*,#1418,.T.);
#1418 = EDGE_CURVE('',#1395,#1370,#1419,.T.);
#1419 = LINE('',#1420,#1421);
#1420 = CARTESIAN_POINT('',(-0.65,-2.55,2.5));
#1421 = VECTOR('',#1422,1.);
#1422 = DIRECTION('',(0.,1.,0.));
#1423 = ORIENTED_EDGE('',*,*,#1369,.F.);
#1424 = PLANE('',#1425);
#1425 = AXIS2_PLACEMENT_3D('',#1426,#1427,#1428);
#1426 = CARTESIAN_POINT('',(-0.65,-5.1,0.));
#1427 = DIRECTION('',(-1.,0.,0.));
#1428 = DIRECTION('',(0.,1.,0.));
#1429 = ADVANCED_FACE('',(#1430),#1455,.F.);
#1430 = FACE_BOUND('',#1431,.T.);
#1431 = EDGE_LOOP('',(#1432,#1440,#1448,#1454));
#1432 = ORIENTED_EDGE('',*,*,#1433,.T.);
#1433 = EDGE_CURVE('',#412,#1434,#1436,.T.);
#1434 = VERTEX_POINT('',#1435);
#1435 = CARTESIAN_POINT('',(-3.9,-2.,0.));
#1436 = LINE('',#1437,#1438);
#1437 = CARTESIAN_POINT('',(-3.9,-2.,0.5));
#1438 = VECTOR('',#1439,1.);
#1439 = DIRECTION('',(0.,0.,-1.));
#1440 = ORIENTED_EDGE('',*,*,#1441,.T.);
#1441 = EDGE_CURVE('',#1434,#1442,#1444,.T.);
#1442 = VERTEX_POINT('',#1443);
#1443 = CARTESIAN_POINT('',(-3.9,-2.85,0.));
#1444 = LINE('',#1445,#1446);
#1445 = CARTESIAN_POINT('',(-3.9,-2.,0.));
#1446 = VECTOR('',#1447,1.);
#1447 = DIRECTION('',(-0.,-1.,-0.));
#1448 = ORIENTED_EDGE('',*,*,#1449,.F.);
#1449 = EDGE_CURVE('',#414,#1442,#1450,.T.);
#1450 = LINE('',#1451,#1452);
#1451 = CARTESIAN_POINT('',(-3.9,-2.85,0.5));
#1452 = VECTOR('',#1453,1.);
#1453 = DIRECTION('',(0.,0.,-1.));
#1454 = ORIENTED_EDGE('',*,*,#411,.F.);
#1455 = PLANE('',#1456);
#1456 = AXIS2_PLACEMENT_3D('',#1457,#1458,#1459);
#1457 = CARTESIAN_POINT('',(-3.9,-2.,0.5));
#1458 = DIRECTION('',(1.,0.,0.));
#1459 = DIRECTION('',(0.,1.,0.));
#1460 = ADVANCED_FACE('',(#1461),#1479,.F.);
#1461 = FACE_BOUND('',#1462,.T.);
#1462 = EDGE_LOOP('',(#1463,#1471,#1477,#1478));
#1463 = ORIENTED_EDGE('',*,*,#1464,.T.);
#1464 = EDGE_CURVE('',#430,#1465,#1467,.T.);
#1465 = VERTEX_POINT('',#1466);
#1466 = CARTESIAN_POINT('',(-0.9,-2.,0.));
#1467 = LINE('',#1468,#1469);
#1468 = CARTESIAN_POINT('',(-0.9,-2.,0.5));
#1469 = VECTOR('',#1470,1.);
#1470 = DIRECTION('',(0.,0.,-1.));
#1471 = ORIENTED_EDGE('',*,*,#1472,.T.);
#1472 = EDGE_CURVE('',#1465,#1434,#1473,.T.);
#1473 = LINE('',#1474,#1475);
#1474 = CARTESIAN_POINT('',(-0.9,-2.,0.));
#1475 = VECTOR('',#1476,1.);
#1476 = DIRECTION('',(-1.,-0.,-0.));
#1477 = ORIENTED_EDGE('',*,*,#1433,.F.);
#1478 = ORIENTED_EDGE('',*,*,#437,.F.);
#1479 = PLANE('',#1480);
#1480 = AXIS2_PLACEMENT_3D('',#1481,#1482,#1483);
#1481 = CARTESIAN_POINT('',(-0.9,-2.,0.5));
#1482 = DIRECTION('',(-0.,-1.,-0.));
#1483 = DIRECTION('',(1.,0.,0.));
#1484 = ADVANCED_FACE('',(#1485),#1503,.F.);
#1485 = FACE_BOUND('',#1486,.T.);
#1486 = EDGE_LOOP('',(#1487,#1488,#1496,#1502));
#1487 = ORIENTED_EDGE('',*,*,#1449,.T.);
#1488 = ORIENTED_EDGE('',*,*,#1489,.T.);
#1489 = EDGE_CURVE('',#1442,#1490,#1492,.T.);
#1490 = VERTEX_POINT('',#1491);
#1491 = CARTESIAN_POINT('',(-0.9,-2.85,0.));
#1492 = LINE('',#1493,#1494);
#1493 = CARTESIAN_POINT('',(-3.9,-2.85,0.));
#1494 = VECTOR('',#1495,1.);
#1495 = DIRECTION('',(1.,0.,0.));
#1496 = ORIENTED_EDGE('',*,*,#1497,.F.);
#1497 = EDGE_CURVE('',#422,#1490,#1498,.T.);
#1498 = LINE('',#1499,#1500);
#1499 = CARTESIAN_POINT('',(-0.9,-2.85,0.5));
#1500 = VECTOR('',#1501,1.);
#1501 = DIRECTION('',(0.,0.,-1.));
#1502 = ORIENTED_EDGE('',*,*,#421,.F.);
#1503 = PLANE('',#1504);
#1504 = AXIS2_PLACEMENT_3D('',#1505,#1506,#1507);
#1505 = CARTESIAN_POINT('',(-3.9,-2.85,0.5));
#1506 = DIRECTION('',(0.,1.,0.));
#1507 = DIRECTION('',(-1.,-0.,-0.));
#1508 = ADVANCED_FACE('',(#1509),#1520,.F.);
#1509 = FACE_BOUND('',#1510,.T.);
#1510 = EDGE_LOOP('',(#1511,#1512,#1518,#1519));
#1511 = ORIENTED_EDGE('',*,*,#1497,.T.);
#1512 = ORIENTED_EDGE('',*,*,#1513,.T.);
#1513 = EDGE_CURVE('',#1490,#1465,#1514,.T.);
#1514 = LINE('',#1515,#1516);
#1515 = CARTESIAN_POINT('',(-0.9,-2.85,0.));
#1516 = VECTOR('',#1517,1.);
#1517 = DIRECTION('',(0.,1.,0.));
#1518 = ORIENTED_EDGE('',*,*,#1464,.F.);
#1519 = ORIENTED_EDGE('',*,*,#429,.F.);
#1520 = PLANE('',#1521);
#1521 = AXIS2_PLACEMENT_3D('',#1522,#1523,#1524);
#1522 = CARTESIAN_POINT('',(-0.9,-2.85,0.5));
#1523 = DIRECTION('',(-1.,-0.,-0.));
#1524 = DIRECTION('',(-0.,-1.,-0.));
#1525 = ADVANCED_FACE('',(#1526),#1551,.F.);
#1526 = FACE_BOUND('',#1527,.T.);
#1527 = EDGE_LOOP('',(#1528,#1529,#1537,#1545));
#1528 = ORIENTED_EDGE('',*,*,#445,.F.);
#1529 = ORIENTED_EDGE('',*,*,#1530,.T.);
#1530 = EDGE_CURVE('',#446,#1531,#1533,.T.);
#1531 = VERTEX_POINT('',#1532);
#1532 = CARTESIAN_POINT('',(4.15,-0.4,2.5));
#1533 = LINE('',#1534,#1535);
#1534 = CARTESIAN_POINT('',(4.15,-0.4,0.));
#1535 = VECTOR('',#1536,1.);
#1536 = DIRECTION('',(0.,0.,1.));
#1537 = ORIENTED_EDGE('',*,*,#1538,.T.);
#1538 = EDGE_CURVE('',#1531,#1539,#1541,.T.);
#1539 = VERTEX_POINT('',#1540);
#1540 = CARTESIAN_POINT('',(4.15,0.4,2.5));
#1541 = LINE('',#1542,#1543);
#1542 = CARTESIAN_POINT('',(4.15,-0.2,2.5));
#1543 = VECTOR('',#1544,1.);
#1544 = DIRECTION('',(0.,1.,0.));
#1545 = ORIENTED_EDGE('',*,*,#1546,.F.);
#1546 = EDGE_CURVE('',#448,#1539,#1547,.T.);
#1547 = LINE('',#1548,#1549);
#1548 = CARTESIAN_POINT('',(4.15,0.4,0.));
#1549 = VECTOR('',#1550,1.);
#1550 = DIRECTION('',(0.,0.,1.));
#1551 = PLANE('',#1552);
#1552 = AXIS2_PLACEMENT_3D('',#1553,#1554,#1555);
#1553 = CARTESIAN_POINT('',(4.15,-0.4,0.));
#1554 = DIRECTION('',(1.,0.,0.));
#1555 = DIRECTION('',(0.,-1.,0.));
#1556 = ADVANCED_FACE('',(#1557),#1575,.F.);
#1557 = FACE_BOUND('',#1558,.T.);
#1558 = EDGE_LOOP('',(#1559,#1560,#1568,#1574));
#1559 = ORIENTED_EDGE('',*,*,#471,.F.);
#1560 = ORIENTED_EDGE('',*,*,#1561,.T.);
#1561 = EDGE_CURVE('',#464,#1562,#1564,.T.);
#1562 = VERTEX_POINT('',#1563);
#1563 = CARTESIAN_POINT('',(0.65,-0.4,2.5));
#1564 = LINE('',#1565,#1566);
#1565 = CARTESIAN_POINT('',(0.65,-0.4,0.));
#1566 = VECTOR('',#1567,1.);
#1567 = DIRECTION('',(0.,0.,1.));
#1568 = ORIENTED_EDGE('',*,*,#1569,.T.);
#1569 = EDGE_CURVE('',#1562,#1531,#1570,.T.);
#1570 = LINE('',#1571,#1572);
#1571 = CARTESIAN_POINT('',(0.325,-0.4,2.5));
#1572 = VECTOR('',#1573,1.);
#1573 = DIRECTION('',(1.,0.,0.));
#1574 = ORIENTED_EDGE('',*,*,#1530,.F.);
#1575 = PLANE('',#1576);
#1576 = AXIS2_PLACEMENT_3D('',#1577,#1578,#1579);
#1577 = CARTESIAN_POINT('',(0.65,-0.4,0.));
#1578 = DIRECTION('',(-0.,-1.,-0.));
#1579 = DIRECTION('',(-1.,0.,0.));
#1580 = ADVANCED_FACE('',(#1581),#1599,.F.);
#1581 = FACE_BOUND('',#1582,.T.);
#1582 = EDGE_LOOP('',(#1583,#1584,#1592,#1598));
#1583 = ORIENTED_EDGE('',*,*,#463,.F.);
#1584 = ORIENTED_EDGE('',*,*,#1585,.T.);
#1585 = EDGE_CURVE('',#456,#1586,#1588,.T.);
#1586 = VERTEX_POINT('',#1587);
#1587 = CARTESIAN_POINT('',(0.65,0.4,2.5));
#1588 = LINE('',#1589,#1590);
#1589 = CARTESIAN_POINT('',(0.65,0.4,0.));
#1590 = VECTOR('',#1591,1.);
#1591 = DIRECTION('',(0.,0.,1.));
#1592 = ORIENTED_EDGE('',*,*,#1593,.T.);
#1593 = EDGE_CURVE('',#1586,#1562,#1594,.T.);
#1594 = LINE('',#1595,#1596);
#1595 = CARTESIAN_POINT('',(0.65,0.2,2.5));
#1596 = VECTOR('',#1597,1.);
#1597 = DIRECTION('',(0.,-1.,0.));
#1598 = ORIENTED_EDGE('',*,*,#1561,.F.);
#1599 = PLANE('',#1600);
#1600 = AXIS2_PLACEMENT_3D('',#1601,#1602,#1603);
#1601 = CARTESIAN_POINT('',(0.65,0.4,0.));
#1602 = DIRECTION('',(-1.,-0.,-0.));
#1603 = DIRECTION('',(0.,1.,0.));
#1604 = ADVANCED_FACE('',(#1605),#1616,.F.);
#1605 = FACE_BOUND('',#1606,.T.);
#1606 = EDGE_LOOP('',(#1607,#1608,#1609,#1615));
#1607 = ORIENTED_EDGE('',*,*,#455,.F.);
#1608 = ORIENTED_EDGE('',*,*,#1546,.T.);
#1609 = ORIENTED_EDGE('',*,*,#1610,.T.);
#1610 = EDGE_CURVE('',#1539,#1586,#1611,.T.);
#1611 = LINE('',#1612,#1613);
#1612 = CARTESIAN_POINT('',(2.075,0.4,2.5));
#1613 = VECTOR('',#1614,1.);
#1614 = DIRECTION('',(-1.,0.,0.));
#1615 = ORIENTED_EDGE('',*,*,#1585,.F.);
#1616 = PLANE('',#1617);
#1617 = AXIS2_PLACEMENT_3D('',#1618,#1619,#1620);
#1618 = CARTESIAN_POINT('',(4.15,0.4,0.));
#1619 = DIRECTION('',(0.,1.,0.));
#1620 = DIRECTION('',(1.,0.,0.));
#1621 = ADVANCED_FACE('',(#1622),#1647,.F.);
#1622 = FACE_BOUND('',#1623,.T.);
#1623 = EDGE_LOOP('',(#1624,#1632,#1640,#1646));
#1624 = ORIENTED_EDGE('',*,*,#1625,.T.);
#1625 = EDGE_CURVE('',#480,#1626,#1628,.T.);
#1626 = VERTEX_POINT('',#1627);
#1627 = CARTESIAN_POINT('',(3.9,2.,0.));
#1628 = LINE('',#1629,#1630);
#1629 = CARTESIAN_POINT('',(3.9,2.,0.5));
#1630 = VECTOR('',#1631,1.);
#1631 = DIRECTION('',(0.,0.,-1.));
#1632 = ORIENTED_EDGE('',*,*,#1633,.T.);
#1633 = EDGE_CURVE('',#1626,#1634,#1636,.T.);
#1634 = VERTEX_POINT('',#1635);
#1635 = CARTESIAN_POINT('',(3.9,2.85,0.));
#1636 = LINE('',#1637,#1638);
#1637 = CARTESIAN_POINT('',(3.9,2.,0.));
#1638 = VECTOR('',#1639,1.);
#1639 = DIRECTION('',(0.,1.,0.));
#1640 = ORIENTED_EDGE('',*,*,#1641,.F.);
#1641 = EDGE_CURVE('',#482,#1634,#1642,.T.);
#1642 = LINE('',#1643,#1644);
#1643 = CARTESIAN_POINT('',(3.9,2.85,0.5));
#1644 = VECTOR('',#1645,1.);
#1645 = DIRECTION('',(0.,0.,-1.));
#1646 = ORIENTED_EDGE('',*,*,#479,.F.);
#1647 = PLANE('',#1648);
#1648 = AXIS2_PLACEMENT_3D('',#1649,#1650,#1651);
#1649 = CARTESIAN_POINT('',(3.9,2.,0.5));
#1650 = DIRECTION('',(-1.,-0.,-0.));
#1651 = DIRECTION('',(-0.,-1.,-0.));
#1652 = ADVANCED_FACE('',(#1653),#1671,.F.);
#1653 = FACE_BOUND('',#1654,.T.);
#1654 = EDGE_LOOP('',(#1655,#1663,#1669,#1670));
#1655 = ORIENTED_EDGE('',*,*,#1656,.T.);
#1656 = EDGE_CURVE('',#498,#1657,#1659,.T.);
#1657 = VERTEX_POINT('',#1658);
#1658 = CARTESIAN_POINT('',(0.9,2.,0.));
#1659 = LINE('',#1660,#1661);
#1660 = CARTESIAN_POINT('',(0.9,2.,0.5));
#1661 = VECTOR('',#1662,1.);
#1662 = DIRECTION('',(0.,0.,-1.));
#1663 = ORIENTED_EDGE('',*,*,#1664,.T.);
#1664 = EDGE_CURVE('',#1657,#1626,#1665,.T.);
#1665 = LINE('',#1666,#1667);
#1666 = CARTESIAN_POINT('',(0.9,2.,0.));
#1667 = VECTOR('',#1668,1.);
#1668 = DIRECTION('',(1.,0.,0.));
#1669 = ORIENTED_EDGE('',*,*,#1625,.F.);
#1670 = ORIENTED_EDGE('',*,*,#505,.F.);
#1671 = PLANE('',#1672);
#1672 = AXIS2_PLACEMENT_3D('',#1673,#1674,#1675);
#1673 = CARTESIAN_POINT('',(0.9,2.,0.5));
#1674 = DIRECTION('',(0.,1.,0.));
#1675 = DIRECTION('',(-1.,-0.,-0.));
#1676 = ADVANCED_FACE('',(#1677),#1695,.F.);
#1677 = FACE_BOUND('',#1678,.T.);
#1678 = EDGE_LOOP('',(#1679,#1680,#1688,#1694));
#1679 = ORIENTED_EDGE('',*,*,#1641,.T.);
#1680 = ORIENTED_EDGE('',*,*,#1681,.T.);
#1681 = EDGE_CURVE('',#1634,#1682,#1684,.T.);
#1682 = VERTEX_POINT('',#1683);
#1683 = CARTESIAN_POINT('',(0.9,2.85,0.));
#1684 = LINE('',#1685,#1686);
#1685 = CARTESIAN_POINT('',(3.9,2.85,0.));
#1686 = VECTOR('',#1687,1.);
#1687 = DIRECTION('',(-1.,-0.,-0.));
#1688 = ORIENTED_EDGE('',*,*,#1689,.F.);
#1689 = EDGE_CURVE('',#490,#1682,#1690,.T.);
#1690 = LINE('',#1691,#1692);
#1691 = CARTESIAN_POINT('',(0.9,2.85,0.5));
#1692 = VECTOR('',#1693,1.);
#1693 = DIRECTION('',(0.,0.,-1.));
#1694 = ORIENTED_EDGE('',*,*,#489,.F.);
#1695 = PLANE('',#1696);
#1696 = AXIS2_PLACEMENT_3D('',#1697,#1698,#1699);
#1697 = CARTESIAN_POINT('',(3.9,2.85,0.5));
#1698 = DIRECTION('',(-0.,-1.,-0.));
#1699 = DIRECTION('',(1.,0.,0.));
#1700 = ADVANCED_FACE('',(#1701),#1712,.F.);
#1701 = FACE_BOUND('',#1702,.T.);
#1702 = EDGE_LOOP('',(#1703,#1704,#1710,#1711));
#1703 = ORIENTED_EDGE('',*,*,#1689,.T.);
#1704 = ORIENTED_EDGE('',*,*,#1705,.T.);
#1705 = EDGE_CURVE('',#1682,#1657,#1706,.T.);
#1706 = LINE('',#1707,#1708);
#1707 = CARTESIAN_POINT('',(0.9,2.85,0.));
#1708 = VECTOR('',#1709,1.);
#1709 = DIRECTION('',(-0.,-1.,-0.));
#1710 = ORIENTED_EDGE('',*,*,#1656,.F.);
#1711 = ORIENTED_EDGE('',*,*,#497,.F.);
#1712 = PLANE('',#1713);
#1713 = AXIS2_PLACEMENT_3D('',#1714,#1715,#1716);
#1714 = CARTESIAN_POINT('',(0.9,2.85,0.5));
#1715 = DIRECTION('',(1.,0.,0.));
#1716 = DIRECTION('',(0.,1.,0.));
#1717 = ADVANCED_FACE('',(#1718),#1743,.F.);
#1718 = FACE_BOUND('',#1719,.T.);
#1719 = EDGE_LOOP('',(#1720,#1721,#1729,#1737));
#1720 = ORIENTED_EDGE('',*,*,#513,.F.);
#1721 = ORIENTED_EDGE('',*,*,#1722,.T.);
#1722 = EDGE_CURVE('',#514,#1723,#1725,.T.);
#1723 = VERTEX_POINT('',#1724);
#1724 = CARTESIAN_POINT('',(4.15,4.3,2.5));
#1725 = LINE('',#1726,#1727);
#1726 = CARTESIAN_POINT('',(4.15,4.3,0.));
#1727 = VECTOR('',#1728,1.);
#1728 = DIRECTION('',(0.,0.,1.));
#1729 = ORIENTED_EDGE('',*,*,#1730,.T.);
#1730 = EDGE_CURVE('',#1723,#1731,#1733,.T.);
#1731 = VERTEX_POINT('',#1732);
#1732 = CARTESIAN_POINT('',(4.15,5.1,2.5));
#1733 = LINE('',#1734,#1735);
#1734 = CARTESIAN_POINT('',(4.15,2.15,2.5));
#1735 = VECTOR('',#1736,1.);
#1736 = DIRECTION('',(0.,1.,0.));
#1737 = ORIENTED_EDGE('',*,*,#1738,.F.);
#1738 = EDGE_CURVE('',#516,#1731,#1739,.T.);
#1739 = LINE('',#1740,#1741);
#1740 = CARTESIAN_POINT('',(4.15,5.1,0.));
#1741 = VECTOR('',#1742,1.);
#1742 = DIRECTION('',(0.,0.,1.));
#1743 = PLANE('',#1744);
#1744 = AXIS2_PLACEMENT_3D('',#1745,#1746,#1747);
#1745 = CARTESIAN_POINT('',(4.15,4.3,0.));
#1746 = DIRECTION('',(1.,0.,0.));
#1747 = DIRECTION('',(0.,-1.,0.));
#1748 = ADVANCED_FACE('',(#1749),#1767,.F.);
#1749 = FACE_BOUND('',#1750,.T.);
#1750 = EDGE_LOOP('',(#1751,#1752,#1760,#1766));
#1751 = ORIENTED_EDGE('',*,*,#539,.F.);
#1752 = ORIENTED_EDGE('',*,*,#1753,.T.);
#1753 = EDGE_CURVE('',#532,#1754,#1756,.T.);
#1754 = VERTEX_POINT('',#1755);
#1755 = CARTESIAN_POINT('',(0.65,4.3,2.5));
#1756 = LINE('',#1757,#1758);
#1757 = CARTESIAN_POINT('',(0.65,4.3,0.));
#1758 = VECTOR('',#1759,1.);
#1759 = DIRECTION('',(0.,0.,1.));
#1760 = ORIENTED_EDGE('',*,*,#1761,.T.);
#1761 = EDGE_CURVE('',#1754,#1723,#1762,.T.);
#1762 = LINE('',#1763,#1764);
#1763 = CARTESIAN_POINT('',(0.325,4.3,2.5));
#1764 = VECTOR('',#1765,1.);
#1765 = DIRECTION('',(1.,0.,0.));
#1766 = ORIENTED_EDGE('',*,*,#1722,.F.);
#1767 = PLANE('',#1768);
#1768 = AXIS2_PLACEMENT_3D('',#1769,#1770,#1771);
#1769 = CARTESIAN_POINT('',(0.65,4.3,0.));
#1770 = DIRECTION('',(-0.,-1.,-0.));
#1771 = DIRECTION('',(-1.,0.,0.));
#1772 = ADVANCED_FACE('',(#1773),#1791,.F.);
#1773 = FACE_BOUND('',#1774,.T.);
#1774 = EDGE_LOOP('',(#1775,#1776,#1784,#1790));
#1775 = ORIENTED_EDGE('',*,*,#531,.F.);
#1776 = ORIENTED_EDGE('',*,*,#1777,.T.);
#1777 = EDGE_CURVE('',#524,#1778,#1780,.T.);
#1778 = VERTEX_POINT('',#1779);
#1779 = CARTESIAN_POINT('',(0.65,5.1,2.5));
#1780 = LINE('',#1781,#1782);
#1781 = CARTESIAN_POINT('',(0.65,5.1,0.));
#1782 = VECTOR('',#1783,1.);
#1783 = DIRECTION('',(0.,0.,1.));
#1784 = ORIENTED_EDGE('',*,*,#1785,.T.);
#1785 = EDGE_CURVE('',#1778,#1754,#1786,.T.);
#1786 = LINE('',#1787,#1788);
#1787 = CARTESIAN_POINT('',(0.65,2.55,2.5));
#1788 = VECTOR('',#1789,1.);
#1789 = DIRECTION('',(0.,-1.,0.));
#1790 = ORIENTED_EDGE('',*,*,#1753,.F.);
#1791 = PLANE('',#1792);
#1792 = AXIS2_PLACEMENT_3D('',#1793,#1794,#1795);
#1793 = CARTESIAN_POINT('',(0.65,5.1,0.));
#1794 = DIRECTION('',(-1.,-0.,-0.));
#1795 = DIRECTION('',(0.,1.,0.));
#1796 = ADVANCED_FACE('',(#1797),#1808,.F.);
#1797 = FACE_BOUND('',#1798,.T.);
#1798 = EDGE_LOOP('',(#1799,#1800,#1801,#1807));
#1799 = ORIENTED_EDGE('',*,*,#523,.F.);
#1800 = ORIENTED_EDGE('',*,*,#1738,.T.);
#1801 = ORIENTED_EDGE('',*,*,#1802,.T.);
#1802 = EDGE_CURVE('',#1731,#1778,#1803,.T.);
#1803 = LINE('',#1804,#1805);
#1804 = CARTESIAN_POINT('',(2.075,5.1,2.5));
#1805 = VECTOR('',#1806,1.);
#1806 = DIRECTION('',(-1.,0.,0.));
#1807 = ORIENTED_EDGE('',*,*,#1777,.F.);
#1808 = PLANE('',#1809);
#1809 = AXIS2_PLACEMENT_3D('',#1810,#1811,#1812);
#1810 = CARTESIAN_POINT('',(4.15,5.1,0.));
#1811 = DIRECTION('',(0.,1.,0.));
#1812 = DIRECTION('',(1.,0.,0.));
#1813 = ADVANCED_FACE('',(#1814),#1839,.F.);
#1814 = FACE_BOUND('',#1815,.F.);
#1815 = EDGE_LOOP('',(#1816,#1817,#1825,#1833));
#1816 = ORIENTED_EDGE('',*,*,#547,.F.);
#1817 = ORIENTED_EDGE('',*,*,#1818,.T.);
#1818 = EDGE_CURVE('',#548,#1819,#1821,.T.);
#1819 = VERTEX_POINT('',#1820);
#1820 = CARTESIAN_POINT('',(-4.15,0.4,2.5));
#1821 = LINE('',#1822,#1823);
#1822 = CARTESIAN_POINT('',(-4.15,0.4,0.));
#1823 = VECTOR('',#1824,1.);
#1824 = DIRECTION('',(0.,0.,1.));
#1825 = ORIENTED_EDGE('',*,*,#1826,.T.);
#1826 = EDGE_CURVE('',#1819,#1827,#1829,.T.);
#1827 = VERTEX_POINT('',#1828);
#1828 = CARTESIAN_POINT('',(-0.65,0.4,2.5));
#1829 = LINE('',#1830,#1831);
#1830 = CARTESIAN_POINT('',(-2.075,0.4,2.5));
#1831 = VECTOR('',#1832,1.);
#1832 = DIRECTION('',(1.,0.,0.));
#1833 = ORIENTED_EDGE('',*,*,#1834,.F.);
#1834 = EDGE_CURVE('',#550,#1827,#1835,.T.);
#1835 = LINE('',#1836,#1837);
#1836 = CARTESIAN_POINT('',(-0.65,0.4,0.));
#1837 = VECTOR('',#1838,1.);
#1838 = DIRECTION('',(0.,0.,1.));
#1839 = PLANE('',#1840);
#1840 = AXIS2_PLACEMENT_3D('',#1841,#1842,#1843);
#1841 = CARTESIAN_POINT('',(-4.15,0.4,0.));
#1842 = DIRECTION('',(0.,1.,0.));
#1843 = DIRECTION('',(1.,0.,0.));
#1844 = ADVANCED_FACE('',(#1845),#1863,.F.);
#1845 = FACE_BOUND('',#1846,.F.);
#1846 = EDGE_LOOP('',(#1847,#1848,#1856,#1862));
#1847 = ORIENTED_EDGE('',*,*,#557,.F.);
#1848 = ORIENTED_EDGE('',*,*,#1849,.T.);
#1849 = EDGE_CURVE('',#558,#1850,#1852,.T.);
#1850 = VERTEX_POINT('',#1851);
#1851 = CARTESIAN_POINT('',(-4.15,-0.4,2.5));
#1852 = LINE('',#1853,#1854);
#1853 = CARTESIAN_POINT('',(-4.15,-0.4,0.));
#1854 = VECTOR('',#1855,1.);
#1855 = DIRECTION('',(0.,0.,1.));
#1856 = ORIENTED_EDGE('',*,*,#1857,.T.);
#1857 = EDGE_CURVE('',#1850,#1819,#1858,.T.);
#1858 = LINE('',#1859,#1860);
#1859 = CARTESIAN_POINT('',(-4.15,-0.2,2.5));
#1860 = VECTOR('',#1861,1.);
#1861 = DIRECTION('',(0.,1.,0.));
#1862 = ORIENTED_EDGE('',*,*,#1818,.F.);
#1863 = PLANE('',#1864);
#1864 = AXIS2_PLACEMENT_3D('',#1865,#1866,#1867);
#1865 = CARTESIAN_POINT('',(-4.15,-0.4,0.));
#1866 = DIRECTION('',(-1.,0.,0.));
#1867 = DIRECTION('',(0.,1.,0.));
#1868 = ADVANCED_FACE('',(#1869),#1887,.F.);
#1869 = FACE_BOUND('',#1870,.F.);
#1870 = EDGE_LOOP('',(#1871,#1872,#1873,#1881));
#1871 = ORIENTED_EDGE('',*,*,#573,.F.);
#1872 = ORIENTED_EDGE('',*,*,#1834,.T.);
#1873 = ORIENTED_EDGE('',*,*,#1874,.T.);
#1874 = EDGE_CURVE('',#1827,#1875,#1877,.T.);
#1875 = VERTEX_POINT('',#1876);
#1876 = CARTESIAN_POINT('',(-0.65,-0.4,2.5));
#1877 = LINE('',#1878,#1879);
#1878 = CARTESIAN_POINT('',(-0.65,0.2,2.5));
#1879 = VECTOR('',#1880,1.);
#1880 = DIRECTION('',(0.,-1.,0.));
#1881 = ORIENTED_EDGE('',*,*,#1882,.F.);
#1882 = EDGE_CURVE('',#566,#1875,#1883,.T.);
#1883 = LINE('',#1884,#1885);
#1884 = CARTESIAN_POINT('',(-0.65,-0.4,0.));
#1885 = VECTOR('',#1886,1.);
#1886 = DIRECTION('',(0.,0.,1.));
#1887 = PLANE('',#1888);
#1888 = AXIS2_PLACEMENT_3D('',#1889,#1890,#1891);
#1889 = CARTESIAN_POINT('',(-0.65,0.4,0.));
#1890 = DIRECTION('',(1.,0.,0.));
#1891 = DIRECTION('',(0.,-1.,0.));
#1892 = ADVANCED_FACE('',(#1893),#1904,.F.);
#1893 = FACE_BOUND('',#1894,.F.);
#1894 = EDGE_LOOP('',(#1895,#1896,#1897,#1903));
#1895 = ORIENTED_EDGE('',*,*,#565,.F.);
#1896 = ORIENTED_EDGE('',*,*,#1882,.T.);
#1897 = ORIENTED_EDGE('',*,*,#1898,.T.);
#1898 = EDGE_CURVE('',#1875,#1850,#1899,.T.);
#1899 = LINE('',#1900,#1901);
#1900 = CARTESIAN_POINT('',(-0.325,-0.4,2.5));
#1901 = VECTOR('',#1902,1.);
#1902 = DIRECTION('',(-1.,0.,0.));
#1903 = ORIENTED_EDGE('',*,*,#1849,.F.);
#1904 = PLANE('',#1905);
#1905 = AXIS2_PLACEMENT_3D('',#1906,#1907,#1908);
#1906 = CARTESIAN_POINT('',(-0.65,-0.4,0.));
#1907 = DIRECTION('',(0.,-1.,0.));
#1908 = DIRECTION('',(-1.,0.,0.));
#1909 = ADVANCED_FACE('',(#1910),#1935,.F.);
#1910 = FACE_BOUND('',#1911,.F.);
#1911 = EDGE_LOOP('',(#1912,#1920,#1928,#1934));
#1912 = ORIENTED_EDGE('',*,*,#1913,.T.);
#1913 = EDGE_CURVE('',#582,#1914,#1916,.T.);
#1914 = VERTEX_POINT('',#1915);
#1915 = CARTESIAN_POINT('',(-3.9,2.85,0.));
#1916 = LINE('',#1917,#1918);
#1917 = CARTESIAN_POINT('',(-3.9,2.85,0.5));
#1918 = VECTOR('',#1919,1.);
#1919 = DIRECTION('',(-0.,-0.,-1.));
#1920 = ORIENTED_EDGE('',*,*,#1921,.T.);
#1921 = EDGE_CURVE('',#1914,#1922,#1924,.T.);
#1922 = VERTEX_POINT('',#1923);
#1923 = CARTESIAN_POINT('',(-0.9,2.85,0.));
#1924 = LINE('',#1925,#1926);
#1925 = CARTESIAN_POINT('',(-3.9,2.85,0.));
#1926 = VECTOR('',#1927,1.);
#1927 = DIRECTION('',(1.,0.,0.));
#1928 = ORIENTED_EDGE('',*,*,#1929,.F.);
#1929 = EDGE_CURVE('',#584,#1922,#1930,.T.);
#1930 = LINE('',#1931,#1932);
#1931 = CARTESIAN_POINT('',(-0.9,2.85,0.5));
#1932 = VECTOR('',#1933,1.);
#1933 = DIRECTION('',(-0.,-0.,-1.));
#1934 = ORIENTED_EDGE('',*,*,#581,.F.);
#1935 = PLANE('',#1936);
#1936 = AXIS2_PLACEMENT_3D('',#1937,#1938,#1939);
#1937 = CARTESIAN_POINT('',(-3.9,2.85,0.5));
#1938 = DIRECTION('',(0.,-1.,0.));
#1939 = DIRECTION('',(1.,0.,0.));
#1940 = ADVANCED_FACE('',(#1941),#1959,.F.);
#1941 = FACE_BOUND('',#1942,.F.);
#1942 = EDGE_LOOP('',(#1943,#1951,#1957,#1958));
#1943 = ORIENTED_EDGE('',*,*,#1944,.T.);
#1944 = EDGE_CURVE('',#592,#1945,#1947,.T.);
#1945 = VERTEX_POINT('',#1946);
#1946 = CARTESIAN_POINT('',(-3.9,2.,0.));
#1947 = LINE('',#1948,#1949);
#1948 = CARTESIAN_POINT('',(-3.9,2.,0.5));
#1949 = VECTOR('',#1950,1.);
#1950 = DIRECTION('',(-0.,-0.,-1.));
#1951 = ORIENTED_EDGE('',*,*,#1952,.T.);
#1952 = EDGE_CURVE('',#1945,#1914,#1953,.T.);
#1953 = LINE('',#1954,#1955);
#1954 = CARTESIAN_POINT('',(-3.9,2.,0.));
#1955 = VECTOR('',#1956,1.);
#1956 = DIRECTION('',(0.,1.,0.));
#1957 = ORIENTED_EDGE('',*,*,#1913,.F.);
#1958 = ORIENTED_EDGE('',*,*,#591,.F.);
#1959 = PLANE('',#1960);
#1960 = AXIS2_PLACEMENT_3D('',#1961,#1962,#1963);
#1961 = CARTESIAN_POINT('',(-3.9,2.,0.5));
#1962 = DIRECTION('',(1.,0.,0.));
#1963 = DIRECTION('',(0.,1.,0.));
#1964 = ADVANCED_FACE('',(#1965),#1983,.F.);
#1965 = FACE_BOUND('',#1966,.F.);
#1966 = EDGE_LOOP('',(#1967,#1968,#1976,#1982));
#1967 = ORIENTED_EDGE('',*,*,#1929,.T.);
#1968 = ORIENTED_EDGE('',*,*,#1969,.T.);
#1969 = EDGE_CURVE('',#1922,#1970,#1972,.T.);
#1970 = VERTEX_POINT('',#1971);
#1971 = CARTESIAN_POINT('',(-0.9,2.,0.));
#1972 = LINE('',#1973,#1974);
#1973 = CARTESIAN_POINT('',(-0.9,2.85,0.));
#1974 = VECTOR('',#1975,1.);
#1975 = DIRECTION('',(0.,-1.,0.));
#1976 = ORIENTED_EDGE('',*,*,#1977,.F.);
#1977 = EDGE_CURVE('',#600,#1970,#1978,.T.);
#1978 = LINE('',#1979,#1980);
#1979 = CARTESIAN_POINT('',(-0.9,2.,0.5));
#1980 = VECTOR('',#1981,1.);
#1981 = DIRECTION('',(-0.,-0.,-1.));
#1982 = ORIENTED_EDGE('',*,*,#607,.F.);
#1983 = PLANE('',#1984);
#1984 = AXIS2_PLACEMENT_3D('',#1985,#1986,#1987);
#1985 = CARTESIAN_POINT('',(-0.9,2.85,0.5));
#1986 = DIRECTION('',(-1.,0.,0.));
#1987 = DIRECTION('',(0.,-1.,0.));
#1988 = ADVANCED_FACE('',(#1989),#2000,.F.);
#1989 = FACE_BOUND('',#1990,.F.);
#1990 = EDGE_LOOP('',(#1991,#1992,#1998,#1999));
#1991 = ORIENTED_EDGE('',*,*,#1977,.T.);
#1992 = ORIENTED_EDGE('',*,*,#1993,.T.);
#1993 = EDGE_CURVE('',#1970,#1945,#1994,.T.);
#1994 = LINE('',#1995,#1996);
#1995 = CARTESIAN_POINT('',(-0.9,2.,0.));
#1996 = VECTOR('',#1997,1.);
#1997 = DIRECTION('',(-1.,0.,0.));
#1998 = ORIENTED_EDGE('',*,*,#1944,.F.);
#1999 = ORIENTED_EDGE('',*,*,#599,.F.);
#2000 = PLANE('',#2001);
#2001 = AXIS2_PLACEMENT_3D('',#2002,#2003,#2004);
#2002 = CARTESIAN_POINT('',(-0.9,2.,0.5));
#2003 = DIRECTION('',(0.,1.,0.));
#2004 = DIRECTION('',(-1.,0.,0.));
#2005 = ADVANCED_FACE('',(#2006),#2031,.F.);
#2006 = FACE_BOUND('',#2007,.F.);
#2007 = EDGE_LOOP('',(#2008,#2009,#2017,#2025));
#2008 = ORIENTED_EDGE('',*,*,#615,.F.);
#2009 = ORIENTED_EDGE('',*,*,#2010,.T.);
#2010 = EDGE_CURVE('',#616,#2011,#2013,.T.);
#2011 = VERTEX_POINT('',#2012);
#2012 = CARTESIAN_POINT('',(-4.15,5.1,2.5));
#2013 = LINE('',#2014,#2015);
#2014 = CARTESIAN_POINT('',(-4.15,5.1,0.));
#2015 = VECTOR('',#2016,1.);
#2016 = DIRECTION('',(0.,0.,1.));
#2017 = ORIENTED_EDGE('',*,*,#2018,.T.);
#2018 = EDGE_CURVE('',#2011,#2019,#2021,.T.);
#2019 = VERTEX_POINT('',#2020);
#2020 = CARTESIAN_POINT('',(-0.65,5.1,2.5));
#2021 = LINE('',#2022,#2023);
#2022 = CARTESIAN_POINT('',(-2.075,5.1,2.5));
#2023 = VECTOR('',#2024,1.);
#2024 = DIRECTION('',(1.,0.,0.));
#2025 = ORIENTED_EDGE('',*,*,#2026,.F.);
#2026 = EDGE_CURVE('',#618,#2019,#2027,.T.);
#2027 = LINE('',#2028,#2029);
#2028 = CARTESIAN_POINT('',(-0.65,5.1,0.));
#2029 = VECTOR('',#2030,1.);
#2030 = DIRECTION('',(0.,0.,1.));
#2031 = PLANE('',#2032);
#2032 = AXIS2_PLACEMENT_3D('',#2033,#2034,#2035);
#2033 = CARTESIAN_POINT('',(-4.15,5.1,0.));
#2034 = DIRECTION('',(0.,1.,0.));
#2035 = DIRECTION('',(1.,0.,0.));
#2036 = ADVANCED_FACE('',(#2037),#2055,.F.);
#2037 = FACE_BOUND('',#2038,.F.);
#2038 = EDGE_LOOP('',(#2039,#2040,#2048,#2054));
#2039 = ORIENTED_EDGE('',*,*,#625,.F.);
#2040 = ORIENTED_EDGE('',*,*,#2041,.T.);
#2041 = EDGE_CURVE('',#626,#2042,#2044,.T.);
#2042 = VERTEX_POINT('',#2043);
#2043 = CARTESIAN_POINT('',(-4.15,4.3,2.5));
#2044 = LINE('',#2045,#2046);
#2045 = CARTESIAN_POINT('',(-4.15,4.3,0.));
#2046 = VECTOR('',#2047,1.);
#2047 = DIRECTION('',(0.,0.,1.));
#2048 = ORIENTED_EDGE('',*,*,#2049,.T.);
#2049 = EDGE_CURVE('',#2042,#2011,#2050,.T.);
#2050 = LINE('',#2051,#2052);
#2051 = CARTESIAN_POINT('',(-4.15,2.15,2.5));
#2052 = VECTOR('',#2053,1.);
#2053 = DIRECTION('',(0.,1.,0.));
#2054 = ORIENTED_EDGE('',*,*,#2010,.F.);
#2055 = PLANE('',#2056);
#2056 = AXIS2_PLACEMENT_3D('',#2057,#2058,#2059);
#2057 = CARTESIAN_POINT('',(-4.15,4.3,0.));
#2058 = DIRECTION('',(-1.,0.,0.));
#2059 = DIRECTION('',(0.,1.,0.));
#2060 = ADVANCED_FACE('',(#2061),#2079,.F.);
#2061 = FACE_BOUND('',#2062,.F.);
#2062 = EDGE_LOOP('',(#2063,#2064,#2065,#2073));
#2063 = ORIENTED_EDGE('',*,*,#641,.F.);
#2064 = ORIENTED_EDGE('',*,*,#2026,.T.);
#2065 = ORIENTED_EDGE('',*,*,#2066,.T.);
#2066 = EDGE_CURVE('',#2019,#2067,#2069,.T.);
#2067 = VERTEX_POINT('',#2068);
#2068 = CARTESIAN_POINT('',(-0.65,4.3,2.5));
#2069 = LINE('',#2070,#2071);
#2070 = CARTESIAN_POINT('',(-0.65,2.55,2.5));
#2071 = VECTOR('',#2072,1.);
#2072 = DIRECTION('',(0.,-1.,0.));
#2073 = ORIENTED_EDGE('',*,*,#2074,.F.);
#2074 = EDGE_CURVE('',#634,#2067,#2075,.T.);
#2075 = LINE('',#2076,#2077);
#2076 = CARTESIAN_POINT('',(-0.65,4.3,0.));
#2077 = VECTOR('',#2078,1.);
#2078 = DIRECTION('',(0.,0.,1.));
#2079 = PLANE('',#2080);
#2080 = AXIS2_PLACEMENT_3D('',#2081,#2082,#2083);
#2081 = CARTESIAN_POINT('',(-0.65,5.1,0.));
#2082 = DIRECTION('',(1.,0.,0.));
#2083 = DIRECTION('',(0.,-1.,0.));
#2084 = ADVANCED_FACE('',(#2085),#2096,.F.);
#2085 = FACE_BOUND('',#2086,.F.);
#2086 = EDGE_LOOP('',(#2087,#2088,#2089,#2095));
#2087 = ORIENTED_EDGE('',*,*,#633,.F.);
#2088 = ORIENTED_EDGE('',*,*,#2074,.T.);
#2089 = ORIENTED_EDGE('',*,*,#2090,.T.);
#2090 = EDGE_CURVE('',#2067,#2042,#2091,.T.);
#2091 = LINE('',#2092,#2093);
#2092 = CARTESIAN_POINT('',(-0.325,4.3,2.5));
#2093 = VECTOR('',#2094,1.);
#2094 = DIRECTION('',(-1.,0.,0.));
#2095 = ORIENTED_EDGE('',*,*,#2041,.F.);
#2096 = PLANE('',#2097);
#2097 = AXIS2_PLACEMENT_3D('',#2098,#2099,#2100);
#2098 = CARTESIAN_POINT('',(-0.65,4.3,0.));
#2099 = DIRECTION('',(0.,-1.,0.));
#2100 = DIRECTION('',(-1.,0.,0.));
#2101 = ADVANCED_FACE('',(#2102),#2120,.T.);
#2102 = FACE_BOUND('',#2103,.T.);
#2103 = EDGE_LOOP('',(#2104,#2105,#2113,#2119));
#2104 = ORIENTED_EDGE('',*,*,#713,.F.);
#2105 = ORIENTED_EDGE('',*,*,#2106,.F.);
#2106 = EDGE_CURVE('',#2107,#706,#2109,.T.);
#2107 = VERTEX_POINT('',#2108);
#2108 = CARTESIAN_POINT('',(4.775,3.6,8.));
#2109 = LINE('',#2110,#2111);
#2110 = CARTESIAN_POINT('',(4.775,3.6,9.5));
#2111 = VECTOR('',#2112,1.);
#2112 = DIRECTION('',(0.,0.,1.));
#2113 = ORIENTED_EDGE('',*,*,#2114,.T.);
#2114 = EDGE_CURVE('',#2107,#757,#2115,.T.);
#2115 = LINE('',#2116,#2117);
#2116 = CARTESIAN_POINT('',(-6.275,3.6,8.));
#2117 = VECTOR('',#2118,1.);
#2118 = DIRECTION('',(1.,0.,0.));
#2119 = ORIENTED_EDGE('',*,*,#756,.F.);
#2120 = PLANE('',#2121);
#2121 = AXIS2_PLACEMENT_3D('',#2122,#2123,#2124);
#2122 = CARTESIAN_POINT('',(-6.275,3.6,9.5));
#2123 = DIRECTION('',(0.,-1.,0.));
#2124 = DIRECTION('',(1.,0.,0.));
#2125 = ADVANCED_FACE('',(#2126),#2176,.T.);
#2126 = FACE_BOUND('',#2127,.T.);
#2127 = EDGE_LOOP('',(#2128,#2129,#2137,#2145,#2153,#2161,#2169,#2175));
#2128 = ORIENTED_EDGE('',*,*,#705,.F.);
#2129 = ORIENTED_EDGE('',*,*,#2130,.T.);
#2130 = EDGE_CURVE('',#698,#2131,#2133,.T.);
#2131 = VERTEX_POINT('',#2132);
#2132 = CARTESIAN_POINT('',(4.775,5.5,2.5));
#2133 = LINE('',#2134,#2135);
#2134 = CARTESIAN_POINT('',(4.775,5.5,9.5));
#2135 = VECTOR('',#2136,1.);
#2136 = DIRECTION('',(-0.,-0.,-1.));
#2137 = ORIENTED_EDGE('',*,*,#2138,.T.);
#2138 = EDGE_CURVE('',#2131,#2139,#2141,.T.);
#2139 = VERTEX_POINT('',#2140);
#2140 = CARTESIAN_POINT('',(4.775,-5.5,2.5));
#2141 = LINE('',#2142,#2143);
#2142 = CARTESIAN_POINT('',(4.775,5.5,2.5));
#2143 = VECTOR('',#2144,1.);
#2144 = DIRECTION('',(0.,-1.,0.));
#2145 = ORIENTED_EDGE('',*,*,#2146,.F.);
#2146 = EDGE_CURVE('',#2147,#2139,#2149,.T.);
#2147 = VERTEX_POINT('',#2148);
#2148 = CARTESIAN_POINT('',(4.775,-5.5,9.5));
#2149 = LINE('',#2150,#2151);
#2150 = CARTESIAN_POINT('',(4.775,-5.5,9.5));
#2151 = VECTOR('',#2152,1.);
#2152 = DIRECTION('',(-0.,-0.,-1.));
#2153 = ORIENTED_EDGE('',*,*,#2154,.F.);
#2154 = EDGE_CURVE('',#2155,#2147,#2157,.T.);
#2155 = VERTEX_POINT('',#2156);
#2156 = CARTESIAN_POINT('',(4.775,-3.6,9.5));
#2157 = LINE('',#2158,#2159);
#2158 = CARTESIAN_POINT('',(4.775,5.5,9.5));
#2159 = VECTOR('',#2160,1.);
#2160 = DIRECTION('',(0.,-1.,0.));
#2161 = ORIENTED_EDGE('',*,*,#2162,.T.);
#2162 = EDGE_CURVE('',#2155,#2163,#2165,.T.);
#2163 = VERTEX_POINT('',#2164);
#2164 = CARTESIAN_POINT('',(4.775,-3.6,8.));
#2165 = LINE('',#2166,#2167);
#2166 = CARTESIAN_POINT('',(4.775,-3.6,9.5));
#2167 = VECTOR('',#2168,1.);
#2168 = DIRECTION('',(0.,0.,-1.));
#2169 = ORIENTED_EDGE('',*,*,#2170,.F.);
#2170 = EDGE_CURVE('',#2107,#2163,#2171,.T.);
#2171 = LINE('',#2172,#2173);
#2172 = CARTESIAN_POINT('',(4.775,2.75,8.));
#2173 = VECTOR('',#2174,1.);
#2174 = DIRECTION('',(0.,-1.,0.));
#2175 = ORIENTED_EDGE('',*,*,#2106,.T.);
#2176 = PLANE('',#2177);
#2177 = AXIS2_PLACEMENT_3D('',#2178,#2179,#2180);
#2178 = CARTESIAN_POINT('',(4.775,5.5,9.5));
#2179 = DIRECTION('',(-1.,0.,0.));
#2180 = DIRECTION('',(0.,-1.,0.));
#2181 = ADVANCED_FACE('',(#2182),#2200,.T.);
#2182 = FACE_BOUND('',#2183,.T.);
#2183 = EDGE_LOOP('',(#2184,#2192,#2198,#2199));
#2184 = ORIENTED_EDGE('',*,*,#2185,.T.);
#2185 = EDGE_CURVE('',#690,#2186,#2188,.T.);
#2186 = VERTEX_POINT('',#2187);
#2187 = CARTESIAN_POINT('',(-4.775,5.5,2.5));
#2188 = LINE('',#2189,#2190);
#2189 = CARTESIAN_POINT('',(-4.775,5.5,9.5));
#2190 = VECTOR('',#2191,1.);
#2191 = DIRECTION('',(-0.,-0.,-1.));
#2192 = ORIENTED_EDGE('',*,*,#2193,.T.);
#2193 = EDGE_CURVE('',#2186,#2131,#2194,.T.);
#2194 = LINE('',#2195,#2196);
#2195 = CARTESIAN_POINT('',(-4.775,5.5,2.5));
#2196 = VECTOR('',#2197,1.);
#2197 = DIRECTION('',(1.,0.,0.));
#2198 = ORIENTED_EDGE('',*,*,#2130,.F.);
#2199 = ORIENTED_EDGE('',*,*,#697,.F.);
#2200 = PLANE('',#2201);
#2201 = AXIS2_PLACEMENT_3D('',#2202,#2203,#2204);
#2202 = CARTESIAN_POINT('',(-4.775,5.5,9.5));
#2203 = DIRECTION('',(0.,-1.,0.));
#2204 = DIRECTION('',(1.,0.,0.));
#2205 = ADVANCED_FACE('',(#2206),#2256,.T.);
#2206 = FACE_BOUND('',#2207,.T.);
#2207 = EDGE_LOOP('',(#2208,#2218,#2226,#2232,#2233,#2234,#2242,#2250));
#2208 = ORIENTED_EDGE('',*,*,#2209,.F.);
#2209 = EDGE_CURVE('',#2210,#2212,#2214,.T.);
#2210 = VERTEX_POINT('',#2211);
#2211 = CARTESIAN_POINT('',(-4.775,-5.5,9.5));
#2212 = VERTEX_POINT('',#2213);
#2213 = CARTESIAN_POINT('',(-4.775,-3.6,9.5));
#2214 = LINE('',#2215,#2216);
#2215 = CARTESIAN_POINT('',(-4.775,-5.5,9.5));
#2216 = VECTOR('',#2217,1.);
#2217 = DIRECTION('',(0.,1.,0.));
#2218 = ORIENTED_EDGE('',*,*,#2219,.T.);
#2219 = EDGE_CURVE('',#2210,#2220,#2222,.T.);
#2220 = VERTEX_POINT('',#2221);
#2221 = CARTESIAN_POINT('',(-4.775,-5.5,2.5));
#2222 = LINE('',#2223,#2224);
#2223 = CARTESIAN_POINT('',(-4.775,-5.5,9.5));
#2224 = VECTOR('',#2225,1.);
#2225 = DIRECTION('',(-0.,-0.,-1.));
#2226 = ORIENTED_EDGE('',*,*,#2227,.T.);
#2227 = EDGE_CURVE('',#2220,#2186,#2228,.T.);
#2228 = LINE('',#2229,#2230);
#2229 = CARTESIAN_POINT('',(-4.775,-5.5,2.5));
#2230 = VECTOR('',#2231,1.);
#2231 = DIRECTION('',(0.,1.,0.));
#2232 = ORIENTED_EDGE('',*,*,#2185,.F.);
#2233 = ORIENTED_EDGE('',*,*,#689,.F.);
#2234 = ORIENTED_EDGE('',*,*,#2235,.T.);
#2235 = EDGE_CURVE('',#682,#2236,#2238,.T.);
#2236 = VERTEX_POINT('',#2237);
#2237 = CARTESIAN_POINT('',(-4.775,3.6,8.));
#2238 = LINE('',#2239,#2240);
#2239 = CARTESIAN_POINT('',(-4.775,3.6,9.5));
#2240 = VECTOR('',#2241,1.);
#2241 = DIRECTION('',(0.,0.,-1.));
#2242 = ORIENTED_EDGE('',*,*,#2243,.F.);
#2243 = EDGE_CURVE('',#2244,#2236,#2246,.T.);
#2244 = VERTEX_POINT('',#2245);
#2245 = CARTESIAN_POINT('',(-4.775,-3.6,8.));
#2246 = LINE('',#2247,#2248);
#2247 = CARTESIAN_POINT('',(-4.775,-2.75,8.));
#2248 = VECTOR('',#2249,1.);
#2249 = DIRECTION('',(0.,1.,0.));
#2250 = ORIENTED_EDGE('',*,*,#2251,.T.);
#2251 = EDGE_CURVE('',#2244,#2212,#2252,.T.);
#2252 = LINE('',#2253,#2254);
#2253 = CARTESIAN_POINT('',(-4.775,-3.6,9.5));
#2254 = VECTOR('',#2255,1.);
#2255 = DIRECTION('',(0.,0.,1.));
#2256 = PLANE('',#2257);
#2257 = AXIS2_PLACEMENT_3D('',#2258,#2259,#2260);
#2258 = CARTESIAN_POINT('',(-4.775,-5.5,9.5));
#2259 = DIRECTION('',(1.,0.,0.));
#2260 = DIRECTION('',(0.,1.,0.));
#2261 = ADVANCED_FACE('',(#2262),#2273,.T.);
#2262 = FACE_BOUND('',#2263,.T.);
#2263 = EDGE_LOOP('',(#2264,#2265,#2266,#2272));
#2264 = ORIENTED_EDGE('',*,*,#681,.F.);
#2265 = ORIENTED_EDGE('',*,*,#945,.F.);
#2266 = ORIENTED_EDGE('',*,*,#2267,.T.);
#2267 = EDGE_CURVE('',#938,#2236,#2268,.T.);
#2268 = LINE('',#2269,#2270);
#2269 = CARTESIAN_POINT('',(-6.275,3.6,8.));
#2270 = VECTOR('',#2271,1.);
#2271 = DIRECTION('',(1.,0.,0.));
#2272 = ORIENTED_EDGE('',*,*,#2235,.F.);
#2273 = PLANE('',#2274);
#2274 = AXIS2_PLACEMENT_3D('',#2275,#2276,#2277);
#2275 = CARTESIAN_POINT('',(-6.275,3.6,9.5));
#2276 = DIRECTION('',(0.,-1.,0.));
#2277 = DIRECTION('',(1.,0.,0.));
#2278 = ADVANCED_FACE('',(#2279),#2283,.F.);
#2279 = FACE_BOUND('',#2280,.T.);
#2280 = EDGE_LOOP('',(#2281,#2282));
#2281 = ORIENTED_EDGE('',*,*,#826,.T.);
#2282 = ORIENTED_EDGE('',*,*,#979,.T.);
#2283 = PLANE('',#2284);
#2284 = AXIS2_PLACEMENT_3D('',#2285,#2286,#2287);
#2285 = CARTESIAN_POINT('',(5.567153903116,2.25,4.));
#2286 = DIRECTION('',(0.,0.,1.));
#2287 = DIRECTION('',(1.,0.,0.));
#2288 = ADVANCED_FACE('',(#2289),#2293,.F.);
#2289 = FACE_BOUND('',#2290,.F.);
#2290 = EDGE_LOOP('',(#2291,#2292));
#2291 = ORIENTED_EDGE('',*,*,#803,.T.);
#2292 = ORIENTED_EDGE('',*,*,#1015,.T.);
#2293 = PLANE('',#2294);
#2294 = AXIS2_PLACEMENT_3D('',#2295,#2296,#2297);
#2295 = CARTESIAN_POINT('',(5.567153903116,-2.25,4.));
#2296 = DIRECTION('',(0.,0.,1.));
#2297 = DIRECTION('',(-1.,0.,0.));
#2298 = ADVANCED_FACE('',(#2299),#2328,.T.);
#2299 = FACE_BOUND('',#2300,.T.);
#2300 = EDGE_LOOP('',(#2301,#2302,#2308,#2309,#2315,#2316,#2322,#2323,
    #2324,#2325,#2326,#2327));
#2301 = ORIENTED_EDGE('',*,*,#780,.T.);
#2302 = ORIENTED_EDGE('',*,*,#2303,.T.);
#2303 = EDGE_CURVE('',#773,#2155,#2304,.T.);
#2304 = LINE('',#2305,#2306);
#2305 = CARTESIAN_POINT('',(6.275,-3.6,9.5));
#2306 = VECTOR('',#2307,1.);
#2307 = DIRECTION('',(-1.,0.,0.));
#2308 = ORIENTED_EDGE('',*,*,#2154,.T.);
#2309 = ORIENTED_EDGE('',*,*,#2310,.T.);
#2310 = EDGE_CURVE('',#2147,#2210,#2311,.T.);
#2311 = LINE('',#2312,#2313);
#2312 = CARTESIAN_POINT('',(4.775,-5.5,9.5));
#2313 = VECTOR('',#2314,1.);
#2314 = DIRECTION('',(-1.,0.,0.));
#2315 = ORIENTED_EDGE('',*,*,#2209,.T.);
#2316 = ORIENTED_EDGE('',*,*,#2317,.T.);
#2317 = EDGE_CURVE('',#2212,#922,#2318,.T.);
#2318 = LINE('',#2319,#2320);
#2319 = CARTESIAN_POINT('',(6.275,-3.6,9.5));
#2320 = VECTOR('',#2321,1.);
#2321 = DIRECTION('',(-1.,0.,0.));
#2322 = ORIENTED_EDGE('',*,*,#921,.T.);
#2323 = ORIENTED_EDGE('',*,*,#1040,.F.);
#2324 = ORIENTED_EDGE('',*,*,#1064,.F.);
#2325 = ORIENTED_EDGE('',*,*,#1112,.F.);
#2326 = ORIENTED_EDGE('',*,*,#1129,.T.);
#2327 = ORIENTED_EDGE('',*,*,#1088,.T.);
#2328 = PLANE('',#2329);
#2329 = AXIS2_PLACEMENT_3D('',#2330,#2331,#2332);
#2330 = CARTESIAN_POINT('',(3.E-17,1.4E-16,9.5));
#2331 = DIRECTION('',(0.,0.,1.));
#2332 = DIRECTION('',(1.,0.,0.));
#2333 = ADVANCED_FACE('',(#2334),#2345,.T.);
#2334 = FACE_BOUND('',#2335,.T.);
#2335 = EDGE_LOOP('',(#2336,#2337,#2338,#2344));
#2336 = ORIENTED_EDGE('',*,*,#2303,.F.);
#2337 = ORIENTED_EDGE('',*,*,#772,.F.);
#2338 = ORIENTED_EDGE('',*,*,#2339,.T.);
#2339 = EDGE_CURVE('',#765,#2163,#2340,.T.);
#2340 = LINE('',#2341,#2342);
#2341 = CARTESIAN_POINT('',(6.275,-3.6,8.));
#2342 = VECTOR('',#2343,1.);
#2343 = DIRECTION('',(-1.,0.,0.));
#2344 = ORIENTED_EDGE('',*,*,#2162,.F.);
#2345 = PLANE('',#2346);
#2346 = AXIS2_PLACEMENT_3D('',#2347,#2348,#2349);
#2347 = CARTESIAN_POINT('',(6.275,-3.6,9.5));
#2348 = DIRECTION('',(0.,1.,0.));
#2349 = DIRECTION('',(-1.,0.,0.));
#2350 = ADVANCED_FACE('',(#2351),#2357,.F.);
#2351 = FACE_BOUND('',#2352,.F.);
#2352 = EDGE_LOOP('',(#2353,#2354,#2355,#2356));
#2353 = ORIENTED_EDGE('',*,*,#2170,.F.);
#2354 = ORIENTED_EDGE('',*,*,#2114,.T.);
#2355 = ORIENTED_EDGE('',*,*,#764,.F.);
#2356 = ORIENTED_EDGE('',*,*,#2339,.T.);
#2357 = PLANE('',#2358);
#2358 = AXIS2_PLACEMENT_3D('',#2359,#2360,#2361);
#2359 = CARTESIAN_POINT('',(1.8E-16,0.,8.));
#2360 = DIRECTION('',(-0.,-0.,-1.));
#2361 = DIRECTION('',(-1.,0.,0.));
#2362 = ADVANCED_FACE('',(#2363),#2374,.F.);
#2363 = FACE_BOUND('',#2364,.F.);
#2364 = EDGE_LOOP('',(#2365,#2366,#2367,#2368));
#2365 = ORIENTED_EDGE('',*,*,#937,.F.);
#2366 = ORIENTED_EDGE('',*,*,#2267,.T.);
#2367 = ORIENTED_EDGE('',*,*,#2243,.F.);
#2368 = ORIENTED_EDGE('',*,*,#2369,.T.);
#2369 = EDGE_CURVE('',#2244,#930,#2370,.T.);
#2370 = LINE('',#2371,#2372);
#2371 = CARTESIAN_POINT('',(6.275,-3.6,8.));
#2372 = VECTOR('',#2373,1.);
#2373 = DIRECTION('',(-1.,0.,0.));
#2374 = PLANE('',#2375);
#2375 = AXIS2_PLACEMENT_3D('',#2376,#2377,#2378);
#2376 = CARTESIAN_POINT('',(1.8E-16,0.,8.));
#2377 = DIRECTION('',(-0.,-0.,-1.));
#2378 = DIRECTION('',(-1.,0.,0.));
#2379 = ADVANCED_FACE('',(#2380),#2386,.T.);
#2380 = FACE_BOUND('',#2381,.T.);
#2381 = EDGE_LOOP('',(#2382,#2383,#2384,#2385));
#2382 = ORIENTED_EDGE('',*,*,#2317,.F.);
#2383 = ORIENTED_EDGE('',*,*,#2251,.F.);
#2384 = ORIENTED_EDGE('',*,*,#2369,.T.);
#2385 = ORIENTED_EDGE('',*,*,#929,.F.);
#2386 = PLANE('',#2387);
#2387 = AXIS2_PLACEMENT_3D('',#2388,#2389,#2390);
#2388 = CARTESIAN_POINT('',(6.275,-3.6,9.5));
#2389 = DIRECTION('',(0.,1.,0.));
#2390 = DIRECTION('',(-1.,0.,0.));
#2391 = ADVANCED_FACE('',(#2392),#2396,.F.);
#2392 = FACE_BOUND('',#2393,.T.);
#2393 = EDGE_LOOP('',(#2394,#2395));
#2394 = ORIENTED_EDGE('',*,*,#898,.T.);
#2395 = ORIENTED_EDGE('',*,*,#997,.T.);
#2396 = PLANE('',#2397);
#2397 = AXIS2_PLACEMENT_3D('',#2398,#2399,#2400);
#2398 = CARTESIAN_POINT('',(-5.567153903116,-2.25,4.));
#2399 = DIRECTION('',(0.,0.,1.));
#2400 = DIRECTION('',(-1.,0.,0.));
#2401 = ADVANCED_FACE('',(#2402),#2406,.F.);
#2402 = FACE_BOUND('',#2403,.F.);
#2403 = EDGE_LOOP('',(#2404,#2405));
#2404 = ORIENTED_EDGE('',*,*,#875,.T.);
#2405 = ORIENTED_EDGE('',*,*,#961,.T.);
#2406 = PLANE('',#2407);
#2407 = AXIS2_PLACEMENT_3D('',#2408,#2409,#2410);
#2408 = CARTESIAN_POINT('',(-5.567153903116,2.25,4.));
#2409 = DIRECTION('',(0.,0.,1.));
#2410 = DIRECTION('',(1.,0.,0.));
#2411 = ADVANCED_FACE('',(#2412,#2423,#2429,#2435,#2441,#2447,#2453),
  #2459,.F.);
#2412 = FACE_BOUND('',#2413,.F.);
#2413 = EDGE_LOOP('',(#2414,#2415,#2416,#2422));
#2414 = ORIENTED_EDGE('',*,*,#2193,.T.);
#2415 = ORIENTED_EDGE('',*,*,#2138,.T.);
#2416 = ORIENTED_EDGE('',*,*,#2417,.T.);
#2417 = EDGE_CURVE('',#2139,#2220,#2418,.T.);
#2418 = LINE('',#2419,#2420);
#2419 = CARTESIAN_POINT('',(4.775,-5.5,2.5));
#2420 = VECTOR('',#2421,1.);
#2421 = DIRECTION('',(-1.,0.,0.));
#2422 = ORIENTED_EDGE('',*,*,#2227,.T.);
#2423 = FACE_BOUND('',#2424,.F.);
#2424 = EDGE_LOOP('',(#2425,#2426,#2427,#2428));
#2425 = ORIENTED_EDGE('',*,*,#1154,.F.);
#2426 = ORIENTED_EDGE('',*,*,#1226,.F.);
#2427 = ORIENTED_EDGE('',*,*,#1202,.F.);
#2428 = ORIENTED_EDGE('',*,*,#1178,.F.);
#2429 = FACE_BOUND('',#2430,.F.);
#2430 = EDGE_LOOP('',(#2431,#2432,#2433,#2434));
#2431 = ORIENTED_EDGE('',*,*,#1346,.T.);
#2432 = ORIENTED_EDGE('',*,*,#1394,.T.);
#2433 = ORIENTED_EDGE('',*,*,#1418,.T.);
#2434 = ORIENTED_EDGE('',*,*,#1377,.T.);
#2435 = FACE_BOUND('',#2436,.F.);
#2436 = EDGE_LOOP('',(#2437,#2438,#2439,#2440));
#2437 = ORIENTED_EDGE('',*,*,#1538,.T.);
#2438 = ORIENTED_EDGE('',*,*,#1610,.T.);
#2439 = ORIENTED_EDGE('',*,*,#1593,.T.);
#2440 = ORIENTED_EDGE('',*,*,#1569,.T.);
#2441 = FACE_BOUND('',#2442,.F.);
#2442 = EDGE_LOOP('',(#2443,#2444,#2445,#2446));
#2443 = ORIENTED_EDGE('',*,*,#1730,.T.);
#2444 = ORIENTED_EDGE('',*,*,#1802,.T.);
#2445 = ORIENTED_EDGE('',*,*,#1785,.T.);
#2446 = ORIENTED_EDGE('',*,*,#1761,.T.);
#2447 = FACE_BOUND('',#2448,.F.);
#2448 = EDGE_LOOP('',(#2449,#2450,#2451,#2452));
#2449 = ORIENTED_EDGE('',*,*,#1826,.F.);
#2450 = ORIENTED_EDGE('',*,*,#1857,.F.);
#2451 = ORIENTED_EDGE('',*,*,#1898,.F.);
#2452 = ORIENTED_EDGE('',*,*,#1874,.F.);
#2453 = FACE_BOUND('',#2454,.F.);
#2454 = EDGE_LOOP('',(#2455,#2456,#2457,#2458));
#2455 = ORIENTED_EDGE('',*,*,#2018,.F.);
#2456 = ORIENTED_EDGE('',*,*,#2049,.F.);
#2457 = ORIENTED_EDGE('',*,*,#2090,.F.);
#2458 = ORIENTED_EDGE('',*,*,#2066,.F.);
#2459 = PLANE('',#2460);
#2460 = AXIS2_PLACEMENT_3D('',#2461,#2462,#2463);
#2461 = CARTESIAN_POINT('',(-1.7E-16,0.,2.5));
#2462 = DIRECTION('',(-0.,-0.,-1.));
#2463 = DIRECTION('',(-1.,0.,0.));
#2464 = ADVANCED_FACE('',(#2465),#2471,.T.);
#2465 = FACE_BOUND('',#2466,.T.);
#2466 = EDGE_LOOP('',(#2467,#2468,#2469,#2470));
#2467 = ORIENTED_EDGE('',*,*,#1249,.T.);
#2468 = ORIENTED_EDGE('',*,*,#1297,.T.);
#2469 = ORIENTED_EDGE('',*,*,#1321,.T.);
#2470 = ORIENTED_EDGE('',*,*,#1280,.T.);
#2471 = PLANE('',#2472);
#2472 = AXIS2_PLACEMENT_3D('',#2473,#2474,#2475);
#2473 = CARTESIAN_POINT('',(2.4,-2.425,0.));
#2474 = DIRECTION('',(0.,0.,-1.));
#2475 = DIRECTION('',(1.,0.,0.));
#2476 = ADVANCED_FACE('',(#2477),#2483,.T.);
#2477 = FACE_BOUND('',#2478,.F.);
#2478 = EDGE_LOOP('',(#2479,#2480,#2481,#2482));
#2479 = ORIENTED_EDGE('',*,*,#1489,.T.);
#2480 = ORIENTED_EDGE('',*,*,#1513,.T.);
#2481 = ORIENTED_EDGE('',*,*,#1472,.T.);
#2482 = ORIENTED_EDGE('',*,*,#1441,.T.);
#2483 = PLANE('',#2484);
#2484 = AXIS2_PLACEMENT_3D('',#2485,#2486,#2487);
#2485 = CARTESIAN_POINT('',(-2.4,-2.425,0.));
#2486 = DIRECTION('',(0.,0.,-1.));
#2487 = DIRECTION('',(1.,0.,0.));
#2488 = ADVANCED_FACE('',(#2489),#2495,.T.);
#2489 = FACE_BOUND('',#2490,.F.);
#2490 = EDGE_LOOP('',(#2491,#2492,#2493,#2494));
#2491 = ORIENTED_EDGE('',*,*,#1681,.T.);
#2492 = ORIENTED_EDGE('',*,*,#1705,.T.);
#2493 = ORIENTED_EDGE('',*,*,#1664,.T.);
#2494 = ORIENTED_EDGE('',*,*,#1633,.T.);
#2495 = PLANE('',#2496);
#2496 = AXIS2_PLACEMENT_3D('',#2497,#2498,#2499);
#2497 = CARTESIAN_POINT('',(2.4,2.425,0.));
#2498 = DIRECTION('',(0.,0.,-1.));
#2499 = DIRECTION('',(-1.,-0.,-0.));
#2500 = ADVANCED_FACE('',(#2501),#2507,.T.);
#2501 = FACE_BOUND('',#2502,.T.);
#2502 = EDGE_LOOP('',(#2503,#2504,#2505,#2506));
#2503 = ORIENTED_EDGE('',*,*,#1921,.T.);
#2504 = ORIENTED_EDGE('',*,*,#1969,.T.);
#2505 = ORIENTED_EDGE('',*,*,#1993,.T.);
#2506 = ORIENTED_EDGE('',*,*,#1952,.T.);
#2507 = PLANE('',#2508);
#2508 = AXIS2_PLACEMENT_3D('',#2509,#2510,#2511);
#2509 = CARTESIAN_POINT('',(-2.4,2.425,0.));
#2510 = DIRECTION('',(-0.,-0.,-1.));
#2511 = DIRECTION('',(-1.,0.,0.));
#2512 = ADVANCED_FACE('',(#2513),#2519,.T.);
#2513 = FACE_BOUND('',#2514,.T.);
#2514 = EDGE_LOOP('',(#2515,#2516,#2517,#2518));
#2515 = ORIENTED_EDGE('',*,*,#2146,.T.);
#2516 = ORIENTED_EDGE('',*,*,#2417,.T.);
#2517 = ORIENTED_EDGE('',*,*,#2219,.F.);
#2518 = ORIENTED_EDGE('',*,*,#2310,.F.);
#2519 = PLANE('',#2520);
#2520 = AXIS2_PLACEMENT_3D('',#2521,#2522,#2523);
#2521 = CARTESIAN_POINT('',(4.775,-5.5,9.5));
#2522 = DIRECTION('',(0.,1.,0.));
#2523 = DIRECTION('',(-1.,0.,0.));
#2524 = ( GEOMETRIC_REPRESENTATION_CONTEXT(3) 
GLOBAL_UNCERTAINTY_ASSIGNED_CONTEXT((#2528)) 
GLOBAL_UNIT_ASSIGNED_CONTEXT((#2525,#2526,#2527)) REPRESENTATION_CONTEXT
('Context #1','3D Context with UNIT and UNCERTAINTY') );
#2525 = ( LENGTH_UNIT() NAMED_UNIT(*) SI_UNIT(.MILLI.,.METRE.) );
#2526 = ( NAMED_UNIT(*) PLANE_ANGLE_UNIT() SI_UNIT($,.RADIAN.) );
#2527 = ( NAMED_UNIT(*) SI_UNIT($,.STERADIAN.) SOLID_ANGLE_UNIT() );
#2528 = UNCERTAINTY_MEASURE_WITH_UNIT(LENGTH_MEASURE(1.E-07),#2525,
  'distance_accuracy_value','confusion accuracy');
#2529 = SHAPE_DEFINITION_REPRESENTATION(#2530,#57);
#2530 = PRODUCT_DEFINITION_SHAPE('','',#2531);
#2531 = PRODUCT_DEFINITION('design','',#2532,#2535);
#2532 = PRODUCT_DEFINITION_FORMATION('','',#2533);
#2533 = PRODUCT('Plastic_Housing','Plastic_Housing','',(#2534));
#2534 = PRODUCT_CONTEXT('',#2,'mechanical');
#2535 = PRODUCT_DEFINITION_CONTEXT('part definition',#2,'design');
#2536 = CONTEXT_DEPENDENT_SHAPE_REPRESENTATION(#2537,#2539);
#2537 = ( REPRESENTATION_RELATIONSHIP('','',#57,#10) 
REPRESENTATION_RELATIONSHIP_WITH_TRANSFORMATION(#2538) 
SHAPE_REPRESENTATION_RELATIONSHIP() );
#2538 = ITEM_DEFINED_TRANSFORMATION('','',#11,#15);
#2539 = PRODUCT_DEFINITION_SHAPE('Placement','Placement of an item',
  #2540);
#2540 = NEXT_ASSEMBLY_USAGE_OCCURRENCE('1','Plastic_Housing','',#5,#2531
  ,$);
#2541 = PRODUCT_RELATED_PRODUCT_CATEGORY('part',$,(#2533));
#2542 = ADVANCED_BREP_SHAPE_REPRESENTATION('',(#11,#2543),#2825);
#2543 = MANIFOLD_SOLID_BREP('',#2544);
#2544 = CLOSED_SHELL('',(#2545,#2585,#2616,#2647,#2678,#2709,#2740,#2771
    ,#2793,#2809));
#2545 = ADVANCED_FACE('',(#2546),#2580,.T.);
#2546 = FACE_BOUND('',#2547,.T.);
#2547 = EDGE_LOOP('',(#2548,#2558,#2566,#2574));
#2548 = ORIENTED_EDGE('',*,*,#2549,.T.);
#2549 = EDGE_CURVE('',#2550,#2552,#2554,.T.);
#2550 = VERTEX_POINT('',#2551);
#2551 = CARTESIAN_POINT('',(1.75,0.4,0.));
#2552 = VERTEX_POINT('',#2553);
#2553 = CARTESIAN_POINT('',(1.75,0.4,3.));
#2554 = LINE('',#2555,#2556);
#2555 = CARTESIAN_POINT('',(1.75,0.4,0.));
#2556 = VECTOR('',#2557,1.);
#2557 = DIRECTION('',(0.,0.,1.));
#2558 = ORIENTED_EDGE('',*,*,#2559,.T.);
#2559 = EDGE_CURVE('',#2552,#2560,#2562,.T.);
#2560 = VERTEX_POINT('',#2561);
#2561 = CARTESIAN_POINT('',(1.75,-0.4,3.));
#2562 = LINE('',#2563,#2564);
#2563 = CARTESIAN_POINT('',(1.75,0.4,3.));
#2564 = VECTOR('',#2565,1.);
#2565 = DIRECTION('',(0.,-1.,0.));
#2566 = ORIENTED_EDGE('',*,*,#2567,.F.);
#2567 = EDGE_CURVE('',#2568,#2560,#2570,.T.);
#2568 = VERTEX_POINT('',#2569);
#2569 = CARTESIAN_POINT('',(1.75,-0.4,0.));
#2570 = LINE('',#2571,#2572);
#2571 = CARTESIAN_POINT('',(1.75,-0.4,0.));
#2572 = VECTOR('',#2573,1.);
#2573 = DIRECTION('',(0.,0.,1.));
#2574 = ORIENTED_EDGE('',*,*,#2575,.F.);
#2575 = EDGE_CURVE('',#2550,#2568,#2576,.T.);
#2576 = LINE('',#2577,#2578);
#2577 = CARTESIAN_POINT('',(1.75,0.4,0.));
#2578 = VECTOR('',#2579,1.);
#2579 = DIRECTION('',(0.,-1.,0.));
#2580 = PLANE('',#2581);
#2581 = AXIS2_PLACEMENT_3D('',#2582,#2583,#2584);
#2582 = CARTESIAN_POINT('',(1.75,0.4,0.));
#2583 = DIRECTION('',(1.,0.,0.));
#2584 = DIRECTION('',(0.,-1.,0.));
#2585 = ADVANCED_FACE('',(#2586),#2611,.T.);
#2586 = FACE_BOUND('',#2587,.T.);
#2587 = EDGE_LOOP('',(#2588,#2598,#2604,#2605));
#2588 = ORIENTED_EDGE('',*,*,#2589,.F.);
#2589 = EDGE_CURVE('',#2590,#2592,#2594,.T.);
#2590 = VERTEX_POINT('',#2591);
#2591 = CARTESIAN_POINT('',(0.4,0.4,0.));
#2592 = VERTEX_POINT('',#2593);
#2593 = CARTESIAN_POINT('',(0.4,-0.4,0.));
#2594 = LINE('',#2595,#2596);
#2595 = CARTESIAN_POINT('',(0.4,0.4,0.));
#2596 = VECTOR('',#2597,1.);
#2597 = DIRECTION('',(-2.8E-16,-1.,0.));
#2598 = ORIENTED_EDGE('',*,*,#2599,.T.);
#2599 = EDGE_CURVE('',#2590,#2550,#2600,.T.);
#2600 = LINE('',#2601,#2602);
#2601 = CARTESIAN_POINT('',(-1.75,0.4,0.));
#2602 = VECTOR('',#2603,1.);
#2603 = DIRECTION('',(1.,0.,0.));
#2604 = ORIENTED_EDGE('',*,*,#2575,.T.);
#2605 = ORIENTED_EDGE('',*,*,#2606,.T.);
#2606 = EDGE_CURVE('',#2568,#2592,#2607,.T.);
#2607 = LINE('',#2608,#2609);
#2608 = CARTESIAN_POINT('',(1.75,-0.4,0.));
#2609 = VECTOR('',#2610,1.);
#2610 = DIRECTION('',(-1.,0.,0.));
#2611 = PLANE('',#2612);
#2612 = AXIS2_PLACEMENT_3D('',#2613,#2614,#2615);
#2613 = CARTESIAN_POINT('',(3.E-17,-3.E-17,0.));
#2614 = DIRECTION('',(-0.,-0.,-1.));
#2615 = DIRECTION('',(-1.,0.,0.));
#2616 = ADVANCED_FACE('',(#2617),#2642,.F.);
#2617 = FACE_BOUND('',#2618,.F.);
#2618 = EDGE_LOOP('',(#2619,#2627,#2628,#2636));
#2619 = ORIENTED_EDGE('',*,*,#2620,.T.);
#2620 = EDGE_CURVE('',#2621,#2552,#2623,.T.);
#2621 = VERTEX_POINT('',#2622);
#2622 = CARTESIAN_POINT('',(-1.75,0.4,3.));
#2623 = LINE('',#2624,#2625);
#2624 = CARTESIAN_POINT('',(-1.75,0.4,3.));
#2625 = VECTOR('',#2626,1.);
#2626 = DIRECTION('',(1.,0.,0.));
#2627 = ORIENTED_EDGE('',*,*,#2559,.T.);
#2628 = ORIENTED_EDGE('',*,*,#2629,.T.);
#2629 = EDGE_CURVE('',#2560,#2630,#2632,.T.);
#2630 = VERTEX_POINT('',#2631);
#2631 = CARTESIAN_POINT('',(-1.75,-0.4,3.));
#2632 = LINE('',#2633,#2634);
#2633 = CARTESIAN_POINT('',(1.75,-0.4,3.));
#2634 = VECTOR('',#2635,1.);
#2635 = DIRECTION('',(-1.,0.,0.));
#2636 = ORIENTED_EDGE('',*,*,#2637,.T.);
#2637 = EDGE_CURVE('',#2630,#2621,#2638,.T.);
#2638 = LINE('',#2639,#2640);
#2639 = CARTESIAN_POINT('',(-1.75,-0.4,3.));
#2640 = VECTOR('',#2641,1.);
#2641 = DIRECTION('',(0.,1.,0.));
#2642 = PLANE('',#2643);
#2643 = AXIS2_PLACEMENT_3D('',#2644,#2645,#2646);
#2644 = CARTESIAN_POINT('',(3.E-17,-3.E-17,3.));
#2645 = DIRECTION('',(-0.,-0.,-1.));
#2646 = DIRECTION('',(-1.,0.,0.));
#2647 = ADVANCED_FACE('',(#2648),#2673,.T.);
#2648 = FACE_BOUND('',#2649,.T.);
#2649 = EDGE_LOOP('',(#2650,#2658,#2659,#2667));
#2650 = ORIENTED_EDGE('',*,*,#2651,.T.);
#2651 = EDGE_CURVE('',#2652,#2630,#2654,.T.);
#2652 = VERTEX_POINT('',#2653);
#2653 = CARTESIAN_POINT('',(-1.75,-0.4,0.));
#2654 = LINE('',#2655,#2656);
#2655 = CARTESIAN_POINT('',(-1.75,-0.4,0.));
#2656 = VECTOR('',#2657,1.);
#2657 = DIRECTION('',(0.,0.,1.));
#2658 = ORIENTED_EDGE('',*,*,#2637,.T.);
#2659 = ORIENTED_EDGE('',*,*,#2660,.F.);
#2660 = EDGE_CURVE('',#2661,#2621,#2663,.T.);
#2661 = VERTEX_POINT('',#2662);
#2662 = CARTESIAN_POINT('',(-1.75,0.4,0.));
#2663 = LINE('',#2664,#2665);
#2664 = CARTESIAN_POINT('',(-1.75,0.4,0.));
#2665 = VECTOR('',#2666,1.);
#2666 = DIRECTION('',(0.,0.,1.));
#2667 = ORIENTED_EDGE('',*,*,#2668,.F.);
#2668 = EDGE_CURVE('',#2652,#2661,#2669,.T.);
#2669 = LINE('',#2670,#2671);
#2670 = CARTESIAN_POINT('',(-1.75,-0.4,0.));
#2671 = VECTOR('',#2672,1.);
#2672 = DIRECTION('',(0.,1.,0.));
#2673 = PLANE('',#2674);
#2674 = AXIS2_PLACEMENT_3D('',#2675,#2676,#2677);
#2675 = CARTESIAN_POINT('',(-1.75,-0.4,0.));
#2676 = DIRECTION('',(-1.,0.,0.));
#2677 = DIRECTION('',(0.,1.,0.));
#2678 = ADVANCED_FACE('',(#2679),#2704,.T.);
#2679 = FACE_BOUND('',#2680,.T.);
#2680 = EDGE_LOOP('',(#2681,#2682,#2690,#2698));
#2681 = ORIENTED_EDGE('',*,*,#2668,.T.);
#2682 = ORIENTED_EDGE('',*,*,#2683,.T.);
#2683 = EDGE_CURVE('',#2661,#2684,#2686,.T.);
#2684 = VERTEX_POINT('',#2685);
#2685 = CARTESIAN_POINT('',(-0.4,0.4,0.));
#2686 = LINE('',#2687,#2688);
#2687 = CARTESIAN_POINT('',(-1.75,0.4,0.));
#2688 = VECTOR('',#2689,1.);
#2689 = DIRECTION('',(1.,0.,0.));
#2690 = ORIENTED_EDGE('',*,*,#2691,.F.);
#2691 = EDGE_CURVE('',#2692,#2684,#2694,.T.);
#2692 = VERTEX_POINT('',#2693);
#2693 = CARTESIAN_POINT('',(-0.4,-0.4,0.));
#2694 = LINE('',#2695,#2696);
#2695 = CARTESIAN_POINT('',(-0.4,-0.4,0.));
#2696 = VECTOR('',#2697,1.);
#2697 = DIRECTION('',(0.,1.,0.));
#2698 = ORIENTED_EDGE('',*,*,#2699,.T.);
#2699 = EDGE_CURVE('',#2692,#2652,#2700,.T.);
#2700 = LINE('',#2701,#2702);
#2701 = CARTESIAN_POINT('',(1.75,-0.4,0.));
#2702 = VECTOR('',#2703,1.);
#2703 = DIRECTION('',(-1.,0.,0.));
#2704 = PLANE('',#2705);
#2705 = AXIS2_PLACEMENT_3D('',#2706,#2707,#2708);
#2706 = CARTESIAN_POINT('',(3.E-17,-3.E-17,0.));
#2707 = DIRECTION('',(-0.,-0.,-1.));
#2708 = DIRECTION('',(-1.,0.,0.));
#2709 = ADVANCED_FACE('',(#2710),#2735,.F.);
#2710 = FACE_BOUND('',#2711,.F.);
#2711 = EDGE_LOOP('',(#2712,#2720,#2728,#2734));
#2712 = ORIENTED_EDGE('',*,*,#2713,.T.);
#2713 = EDGE_CURVE('',#2692,#2714,#2716,.T.);
#2714 = VERTEX_POINT('',#2715);
#2715 = CARTESIAN_POINT('',(-0.4,-0.4,-5.5));
#2716 = LINE('',#2717,#2718);
#2717 = CARTESIAN_POINT('',(-0.4,-0.4,0.));
#2718 = VECTOR('',#2719,1.);
#2719 = DIRECTION('',(-0.,-0.,-1.));
#2720 = ORIENTED_EDGE('',*,*,#2721,.T.);
#2721 = EDGE_CURVE('',#2714,#2722,#2724,.T.);
#2722 = VERTEX_POINT('',#2723);
#2723 = CARTESIAN_POINT('',(-0.4,0.4,-5.5));
#2724 = LINE('',#2725,#2726);
#2725 = CARTESIAN_POINT('',(-0.4,-0.4,-5.5));
#2726 = VECTOR('',#2727,1.);
#2727 = DIRECTION('',(0.,1.,0.));
#2728 = ORIENTED_EDGE('',*,*,#2729,.F.);
#2729 = EDGE_CURVE('',#2684,#2722,#2730,.T.);
#2730 = LINE('',#2731,#2732);
#2731 = CARTESIAN_POINT('',(-0.4,0.4,0.));
#2732 = VECTOR('',#2733,1.);
#2733 = DIRECTION('',(-0.,-0.,-1.));
#2734 = ORIENTED_EDGE('',*,*,#2691,.F.);
#2735 = PLANE('',#2736);
#2736 = AXIS2_PLACEMENT_3D('',#2737,#2738,#2739);
#2737 = CARTESIAN_POINT('',(-0.4,-0.4,0.));
#2738 = DIRECTION('',(1.,0.,0.));
#2739 = DIRECTION('',(-0.,1.,0.));
#2740 = ADVANCED_FACE('',(#2741),#2766,.F.);
#2741 = FACE_BOUND('',#2742,.F.);
#2742 = EDGE_LOOP('',(#2743,#2751,#2759,#2765));
#2743 = ORIENTED_EDGE('',*,*,#2744,.T.);
#2744 = EDGE_CURVE('',#2590,#2745,#2747,.T.);
#2745 = VERTEX_POINT('',#2746);
#2746 = CARTESIAN_POINT('',(0.4,0.4,-5.5));
#2747 = LINE('',#2748,#2749);
#2748 = CARTESIAN_POINT('',(0.4,0.4,0.));
#2749 = VECTOR('',#2750,1.);
#2750 = DIRECTION('',(-0.,-0.,-1.));
#2751 = ORIENTED_EDGE('',*,*,#2752,.T.);
#2752 = EDGE_CURVE('',#2745,#2753,#2755,.T.);
#2753 = VERTEX_POINT('',#2754);
#2754 = CARTESIAN_POINT('',(0.4,-0.4,-5.5));
#2755 = LINE('',#2756,#2757);
#2756 = CARTESIAN_POINT('',(0.4,0.4,-5.5));
#2757 = VECTOR('',#2758,1.);
#2758 = DIRECTION('',(-2.8E-16,-1.,0.));
#2759 = ORIENTED_EDGE('',*,*,#2760,.F.);
#2760 = EDGE_CURVE('',#2592,#2753,#2761,.T.);
#2761 = LINE('',#2762,#2763);
#2762 = CARTESIAN_POINT('',(0.4,-0.4,0.));
#2763 = VECTOR('',#2764,1.);
#2764 = DIRECTION('',(-0.,-0.,-1.));
#2765 = ORIENTED_EDGE('',*,*,#2589,.F.);
#2766 = PLANE('',#2767);
#2767 = AXIS2_PLACEMENT_3D('',#2768,#2769,#2770);
#2768 = CARTESIAN_POINT('',(0.4,0.4,0.));
#2769 = DIRECTION('',(-1.,2.8E-16,0.));
#2770 = DIRECTION('',(-2.8E-16,-1.,0.));
#2771 = ADVANCED_FACE('',(#2772),#2788,.T.);
#2772 = FACE_BOUND('',#2773,.T.);
#2773 = EDGE_LOOP('',(#2774,#2780,#2781,#2787));
#2774 = ORIENTED_EDGE('',*,*,#2775,.T.);
#2775 = EDGE_CURVE('',#2722,#2745,#2776,.T.);
#2776 = LINE('',#2777,#2778);
#2777 = CARTESIAN_POINT('',(-0.4,0.4,-5.5));
#2778 = VECTOR('',#2779,1.);
#2779 = DIRECTION('',(1.,0.,0.));
#2780 = ORIENTED_EDGE('',*,*,#2752,.T.);
#2781 = ORIENTED_EDGE('',*,*,#2782,.T.);
#2782 = EDGE_CURVE('',#2753,#2714,#2783,.T.);
#2783 = LINE('',#2784,#2785);
#2784 = CARTESIAN_POINT('',(0.4,-0.4,-5.5));
#2785 = VECTOR('',#2786,1.);
#2786 = DIRECTION('',(-1.,0.,0.));
#2787 = ORIENTED_EDGE('',*,*,#2721,.T.);
#2788 = PLANE('',#2789);
#2789 = AXIS2_PLACEMENT_3D('',#2790,#2791,#2792);
#2790 = CARTESIAN_POINT('',(-5.E-17,2.E-17,-5.5));
#2791 = DIRECTION('',(-0.,-0.,-1.));
#2792 = DIRECTION('',(-1.,0.,0.));
#2793 = ADVANCED_FACE('',(#2794),#2804,.T.);
#2794 = FACE_BOUND('',#2795,.T.);
#2795 = EDGE_LOOP('',(#2796,#2797,#2798,#2799,#2800,#2801,#2802,#2803));
#2796 = ORIENTED_EDGE('',*,*,#2660,.T.);
#2797 = ORIENTED_EDGE('',*,*,#2620,.T.);
#2798 = ORIENTED_EDGE('',*,*,#2549,.F.);
#2799 = ORIENTED_EDGE('',*,*,#2599,.F.);
#2800 = ORIENTED_EDGE('',*,*,#2744,.T.);
#2801 = ORIENTED_EDGE('',*,*,#2775,.F.);
#2802 = ORIENTED_EDGE('',*,*,#2729,.F.);
#2803 = ORIENTED_EDGE('',*,*,#2683,.F.);
#2804 = PLANE('',#2805);
#2805 = AXIS2_PLACEMENT_3D('',#2806,#2807,#2808);
#2806 = CARTESIAN_POINT('',(1.E-17,0.4,-0.63125));
#2807 = DIRECTION('',(0.,1.,0.));
#2808 = DIRECTION('',(0.,-0.,1.));
#2809 = ADVANCED_FACE('',(#2810),#2820,.T.);
#2810 = FACE_BOUND('',#2811,.T.);
#2811 = EDGE_LOOP('',(#2812,#2813,#2814,#2815,#2816,#2817,#2818,#2819));
#2812 = ORIENTED_EDGE('',*,*,#2567,.T.);
#2813 = ORIENTED_EDGE('',*,*,#2629,.T.);
#2814 = ORIENTED_EDGE('',*,*,#2651,.F.);
#2815 = ORIENTED_EDGE('',*,*,#2699,.F.);
#2816 = ORIENTED_EDGE('',*,*,#2713,.T.);
#2817 = ORIENTED_EDGE('',*,*,#2782,.F.);
#2818 = ORIENTED_EDGE('',*,*,#2760,.F.);
#2819 = ORIENTED_EDGE('',*,*,#2606,.F.);
#2820 = PLANE('',#2821);
#2821 = AXIS2_PLACEMENT_3D('',#2822,#2823,#2824);
#2822 = CARTESIAN_POINT('',(-7.E-17,-0.4,-0.63125));
#2823 = DIRECTION('',(0.,-1.,0.));
#2824 = DIRECTION('',(-1.,0.,0.));
#2825 = ( GEOMETRIC_REPRESENTATION_CONTEXT(3) 
GLOBAL_UNCERTAINTY_ASSIGNED_CONTEXT((#2829)) 
GLOBAL_UNIT_ASSIGNED_CONTEXT((#2826,#2827,#2828)) REPRESENTATION_CONTEXT
('Context #1','3D Context with UNIT and UNCERTAINTY') );
#2826 = ( LENGTH_UNIT() NAMED_UNIT(*) SI_UNIT(.MILLI.,.METRE.) );
#2827 = ( NAMED_UNIT(*) PLANE_ANGLE_UNIT() SI_UNIT($,.RADIAN.) );
#2828 = ( NAMED_UNIT(*) SI_UNIT($,.STERADIAN.) SOLID_ANGLE_UNIT() );
#2829 = UNCERTAINTY_MEASURE_WITH_UNIT(LENGTH_MEASURE(1.E-07),#2826,
  'distance_accuracy_value','confusion accuracy');
#2830 = SHAPE_DEFINITION_REPRESENTATION(#2831,#2542);
#2831 = PRODUCT_DEFINITION_SHAPE('','',#2832);
#2832 = PRODUCT_DEFINITION('design','',#2833,#2836);
#2833 = PRODUCT_DEFINITION_FORMATION('','',#2834);
#2834 = PRODUCT('Pin2','Pin2','',(#2835));
#2835 = PRODUCT_CONTEXT('',#2,'mechanical');
#2836 = PRODUCT_DEFINITION_CONTEXT('part definition',#2,'design');
#2837 = CONTEXT_DEPENDENT_SHAPE_REPRESENTATION(#2838,#2840);
#2838 = ( REPRESENTATION_RELATIONSHIP('','',#2542,#10) 
REPRESENTATION_RELATIONSHIP_WITH_TRANSFORMATION(#2839) 
SHAPE_REPRESENTATION_RELATIONSHIP() );
#2839 = ITEM_DEFINED_TRANSFORMATION('','',#11,#19);
#2840 = PRODUCT_DEFINITION_SHAPE('Placement','Placement of an item',
  #2841);
#2841 = NEXT_ASSEMBLY_USAGE_OCCURRENCE('2','Pin2','',#5,#2832,$);
#2842 = PRODUCT_RELATED_PRODUCT_CATEGORY('part',$,(#2834));
#2843 = ADVANCED_BREP_SHAPE_REPRESENTATION('',(#11,#2844),#3126);
#2844 = MANIFOLD_SOLID_BREP('',#2845);
#2845 = CLOSED_SHELL('',(#2846,#2886,#2917,#2948,#2979,#3010,#3041,#3072
    ,#3094,#3110));
#2846 = ADVANCED_FACE('',(#2847),#2881,.T.);
#2847 = FACE_BOUND('',#2848,.T.);
#2848 = EDGE_LOOP('',(#2849,#2859,#2867,#2875));
#2849 = ORIENTED_EDGE('',*,*,#2850,.T.);
#2850 = EDGE_CURVE('',#2851,#2853,#2855,.T.);
#2851 = VERTEX_POINT('',#2852);
#2852 = CARTESIAN_POINT('',(1.75,0.4,0.));
#2853 = VERTEX_POINT('',#2854);
#2854 = CARTESIAN_POINT('',(1.75,0.4,3.));
#2855 = LINE('',#2856,#2857);
#2856 = CARTESIAN_POINT('',(1.75,0.4,0.));
#2857 = VECTOR('',#2858,1.);
#2858 = DIRECTION('',(0.,0.,1.));
#2859 = ORIENTED_EDGE('',*,*,#2860,.T.);
#2860 = EDGE_CURVE('',#2853,#2861,#2863,.T.);
#2861 = VERTEX_POINT('',#2862);
#2862 = CARTESIAN_POINT('',(1.75,-0.4,3.));
#2863 = LINE('',#2864,#2865);
#2864 = CARTESIAN_POINT('',(1.75,0.4,3.));
#2865 = VECTOR('',#2866,1.);
#2866 = DIRECTION('',(0.,-1.,0.));
#2867 = ORIENTED_EDGE('',*,*,#2868,.F.);
#2868 = EDGE_CURVE('',#2869,#2861,#2871,.T.);
#2869 = VERTEX_POINT('',#2870);
#2870 = CARTESIAN_POINT('',(1.75,-0.4,0.));
#2871 = LINE('',#2872,#2873);
#2872 = CARTESIAN_POINT('',(1.75,-0.4,0.));
#2873 = VECTOR('',#2874,1.);
#2874 = DIRECTION('',(0.,0.,1.));
#2875 = ORIENTED_EDGE('',*,*,#2876,.F.);
#2876 = EDGE_CURVE('',#2851,#2869,#2877,.T.);
#2877 = LINE('',#2878,#2879);
#2878 = CARTESIAN_POINT('',(1.75,0.4,0.));
#2879 = VECTOR('',#2880,1.);
#2880 = DIRECTION('',(0.,-1.,0.));
#2881 = PLANE('',#2882);
#2882 = AXIS2_PLACEMENT_3D('',#2883,#2884,#2885);
#2883 = CARTESIAN_POINT('',(1.75,0.4,0.));
#2884 = DIRECTION('',(1.,0.,0.));
#2885 = DIRECTION('',(0.,-1.,0.));
#2886 = ADVANCED_FACE('',(#2887),#2912,.T.);
#2887 = FACE_BOUND('',#2888,.T.);
#2888 = EDGE_LOOP('',(#2889,#2899,#2905,#2906));
#2889 = ORIENTED_EDGE('',*,*,#2890,.F.);
#2890 = EDGE_CURVE('',#2891,#2893,#2895,.T.);
#2891 = VERTEX_POINT('',#2892);
#2892 = CARTESIAN_POINT('',(0.4,0.4,0.));
#2893 = VERTEX_POINT('',#2894);
#2894 = CARTESIAN_POINT('',(0.4,-0.4,0.));
#2895 = LINE('',#2896,#2897);
#2896 = CARTESIAN_POINT('',(0.4,0.4,0.));
#2897 = VECTOR('',#2898,1.);
#2898 = DIRECTION('',(-2.8E-16,-1.,0.));
#2899 = ORIENTED_EDGE('',*,*,#2900,.T.);
#2900 = EDGE_CURVE('',#2891,#2851,#2901,.T.);
#2901 = LINE('',#2902,#2903);
#2902 = CARTESIAN_POINT('',(-1.75,0.4,0.));
#2903 = VECTOR('',#2904,1.);
#2904 = DIRECTION('',(1.,0.,0.));
#2905 = ORIENTED_EDGE('',*,*,#2876,.T.);
#2906 = ORIENTED_EDGE('',*,*,#2907,.T.);
#2907 = EDGE_CURVE('',#2869,#2893,#2908,.T.);
#2908 = LINE('',#2909,#2910);
#2909 = CARTESIAN_POINT('',(1.75,-0.4,0.));
#2910 = VECTOR('',#2911,1.);
#2911 = DIRECTION('',(-1.,0.,0.));
#2912 = PLANE('',#2913);
#2913 = AXIS2_PLACEMENT_3D('',#2914,#2915,#2916);
#2914 = CARTESIAN_POINT('',(3.E-17,-3.E-17,0.));
#2915 = DIRECTION('',(-0.,-0.,-1.));
#2916 = DIRECTION('',(-1.,0.,0.));
#2917 = ADVANCED_FACE('',(#2918),#2943,.F.);
#2918 = FACE_BOUND('',#2919,.F.);
#2919 = EDGE_LOOP('',(#2920,#2928,#2929,#2937));
#2920 = ORIENTED_EDGE('',*,*,#2921,.T.);
#2921 = EDGE_CURVE('',#2922,#2853,#2924,.T.);
#2922 = VERTEX_POINT('',#2923);
#2923 = CARTESIAN_POINT('',(-1.75,0.4,3.));
#2924 = LINE('',#2925,#2926);
#2925 = CARTESIAN_POINT('',(-1.75,0.4,3.));
#2926 = VECTOR('',#2927,1.);
#2927 = DIRECTION('',(1.,0.,0.));
#2928 = ORIENTED_EDGE('',*,*,#2860,.T.);
#2929 = ORIENTED_EDGE('',*,*,#2930,.T.);
#2930 = EDGE_CURVE('',#2861,#2931,#2933,.T.);
#2931 = VERTEX_POINT('',#2932);
#2932 = CARTESIAN_POINT('',(-1.75,-0.4,3.));
#2933 = LINE('',#2934,#2935);
#2934 = CARTESIAN_POINT('',(1.75,-0.4,3.));
#2935 = VECTOR('',#2936,1.);
#2936 = DIRECTION('',(-1.,0.,0.));
#2937 = ORIENTED_EDGE('',*,*,#2938,.T.);
#2938 = EDGE_CURVE('',#2931,#2922,#2939,.T.);
#2939 = LINE('',#2940,#2941);
#2940 = CARTESIAN_POINT('',(-1.75,-0.4,3.));
#2941 = VECTOR('',#2942,1.);
#2942 = DIRECTION('',(0.,1.,0.));
#2943 = PLANE('',#2944);
#2944 = AXIS2_PLACEMENT_3D('',#2945,#2946,#2947);
#2945 = CARTESIAN_POINT('',(3.E-17,-3.E-17,3.));
#2946 = DIRECTION('',(-0.,-0.,-1.));
#2947 = DIRECTION('',(-1.,0.,0.));
#2948 = ADVANCED_FACE('',(#2949),#2974,.T.);
#2949 = FACE_BOUND('',#2950,.T.);
#2950 = EDGE_LOOP('',(#2951,#2959,#2960,#2968));
#2951 = ORIENTED_EDGE('',*,*,#2952,.T.);
#2952 = EDGE_CURVE('',#2953,#2931,#2955,.T.);
#2953 = VERTEX_POINT('',#2954);
#2954 = CARTESIAN_POINT('',(-1.75,-0.4,0.));
#2955 = LINE('',#2956,#2957);
#2956 = CARTESIAN_POINT('',(-1.75,-0.4,0.));
#2957 = VECTOR('',#2958,1.);
#2958 = DIRECTION('',(0.,0.,1.));
#2959 = ORIENTED_EDGE('',*,*,#2938,.T.);
#2960 = ORIENTED_EDGE('',*,*,#2961,.F.);
#2961 = EDGE_CURVE('',#2962,#2922,#2964,.T.);
#2962 = VERTEX_POINT('',#2963);
#2963 = CARTESIAN_POINT('',(-1.75,0.4,0.));
#2964 = LINE('',#2965,#2966);
#2965 = CARTESIAN_POINT('',(-1.75,0.4,0.));
#2966 = VECTOR('',#2967,1.);
#2967 = DIRECTION('',(0.,0.,1.));
#2968 = ORIENTED_EDGE('',*,*,#2969,.F.);
#2969 = EDGE_CURVE('',#2953,#2962,#2970,.T.);
#2970 = LINE('',#2971,#2972);
#2971 = CARTESIAN_POINT('',(-1.75,-0.4,0.));
#2972 = VECTOR('',#2973,1.);
#2973 = DIRECTION('',(0.,1.,0.));
#2974 = PLANE('',#2975);
#2975 = AXIS2_PLACEMENT_3D('',#2976,#2977,#2978);
#2976 = CARTESIAN_POINT('',(-1.75,-0.4,0.));
#2977 = DIRECTION('',(-1.,0.,0.));
#2978 = DIRECTION('',(0.,1.,0.));
#2979 = ADVANCED_FACE('',(#2980),#3005,.T.);
#2980 = FACE_BOUND('',#2981,.T.);
#2981 = EDGE_LOOP('',(#2982,#2983,#2991,#2999));
#2982 = ORIENTED_EDGE('',*,*,#2969,.T.);
#2983 = ORIENTED_EDGE('',*,*,#2984,.T.);
#2984 = EDGE_CURVE('',#2962,#2985,#2987,.T.);
#2985 = VERTEX_POINT('',#2986);
#2986 = CARTESIAN_POINT('',(-0.4,0.4,0.));
#2987 = LINE('',#2988,#2989);
#2988 = CARTESIAN_POINT('',(-1.75,0.4,0.));
#2989 = VECTOR('',#2990,1.);
#2990 = DIRECTION('',(1.,0.,0.));
#2991 = ORIENTED_EDGE('',*,*,#2992,.F.);
#2992 = EDGE_CURVE('',#2993,#2985,#2995,.T.);
#2993 = VERTEX_POINT('',#2994);
#2994 = CARTESIAN_POINT('',(-0.4,-0.4,0.));
#2995 = LINE('',#2996,#2997);
#2996 = CARTESIAN_POINT('',(-0.4,-0.4,0.));
#2997 = VECTOR('',#2998,1.);
#2998 = DIRECTION('',(0.,1.,0.));
#2999 = ORIENTED_EDGE('',*,*,#3000,.T.);
#3000 = EDGE_CURVE('',#2993,#2953,#3001,.T.);
#3001 = LINE('',#3002,#3003);
#3002 = CARTESIAN_POINT('',(1.75,-0.4,0.));
#3003 = VECTOR('',#3004,1.);
#3004 = DIRECTION('',(-1.,0.,0.));
#3005 = PLANE('',#3006);
#3006 = AXIS2_PLACEMENT_3D('',#3007,#3008,#3009);
#3007 = CARTESIAN_POINT('',(3.E-17,-3.E-17,0.));
#3008 = DIRECTION('',(-0.,-0.,-1.));
#3009 = DIRECTION('',(-1.,0.,0.));
#3010 = ADVANCED_FACE('',(#3011),#3036,.F.);
#3011 = FACE_BOUND('',#3012,.F.);
#3012 = EDGE_LOOP('',(#3013,#3021,#3029,#3035));
#3013 = ORIENTED_EDGE('',*,*,#3014,.T.);
#3014 = EDGE_CURVE('',#2993,#3015,#3017,.T.);
#3015 = VERTEX_POINT('',#3016);
#3016 = CARTESIAN_POINT('',(-0.4,-0.4,-5.5));
#3017 = LINE('',#3018,#3019);
#3018 = CARTESIAN_POINT('',(-0.4,-0.4,0.));
#3019 = VECTOR('',#3020,1.);
#3020 = DIRECTION('',(-0.,-0.,-1.));
#3021 = ORIENTED_EDGE('',*,*,#3022,.T.);
#3022 = EDGE_CURVE('',#3015,#3023,#3025,.T.);
#3023 = VERTEX_POINT('',#3024);
#3024 = CARTESIAN_POINT('',(-0.4,0.4,-5.5));
#3025 = LINE('',#3026,#3027);
#3026 = CARTESIAN_POINT('',(-0.4,-0.4,-5.5));
#3027 = VECTOR('',#3028,1.);
#3028 = DIRECTION('',(0.,1.,0.));
#3029 = ORIENTED_EDGE('',*,*,#3030,.F.);
#3030 = EDGE_CURVE('',#2985,#3023,#3031,.T.);
#3031 = LINE('',#3032,#3033);
#3032 = CARTESIAN_POINT('',(-0.4,0.4,0.));
#3033 = VECTOR('',#3034,1.);
#3034 = DIRECTION('',(-0.,-0.,-1.));
#3035 = ORIENTED_EDGE('',*,*,#2992,.F.);
#3036 = PLANE('',#3037);
#3037 = AXIS2_PLACEMENT_3D('',#3038,#3039,#3040);
#3038 = CARTESIAN_POINT('',(-0.4,-0.4,0.));
#3039 = DIRECTION('',(1.,0.,0.));
#3040 = DIRECTION('',(-0.,1.,0.));
#3041 = ADVANCED_FACE('',(#3042),#3067,.F.);
#3042 = FACE_BOUND('',#3043,.F.);
#3043 = EDGE_LOOP('',(#3044,#3052,#3060,#3066));
#3044 = ORIENTED_EDGE('',*,*,#3045,.T.);
#3045 = EDGE_CURVE('',#2891,#3046,#3048,.T.);
#3046 = VERTEX_POINT('',#3047);
#3047 = CARTESIAN_POINT('',(0.4,0.4,-5.5));
#3048 = LINE('',#3049,#3050);
#3049 = CARTESIAN_POINT('',(0.4,0.4,0.));
#3050 = VECTOR('',#3051,1.);
#3051 = DIRECTION('',(-0.,-0.,-1.));
#3052 = ORIENTED_EDGE('',*,*,#3053,.T.);
#3053 = EDGE_CURVE('',#3046,#3054,#3056,.T.);
#3054 = VERTEX_POINT('',#3055);
#3055 = CARTESIAN_POINT('',(0.4,-0.4,-5.5));
#3056 = LINE('',#3057,#3058);
#3057 = CARTESIAN_POINT('',(0.4,0.4,-5.5));
#3058 = VECTOR('',#3059,1.);
#3059 = DIRECTION('',(-2.8E-16,-1.,0.));
#3060 = ORIENTED_EDGE('',*,*,#3061,.F.);
#3061 = EDGE_CURVE('',#2893,#3054,#3062,.T.);
#3062 = LINE('',#3063,#3064);
#3063 = CARTESIAN_POINT('',(0.4,-0.4,0.));
#3064 = VECTOR('',#3065,1.);
#3065 = DIRECTION('',(-0.,-0.,-1.));
#3066 = ORIENTED_EDGE('',*,*,#2890,.F.);
#3067 = PLANE('',#3068);
#3068 = AXIS2_PLACEMENT_3D('',#3069,#3070,#3071);
#3069 = CARTESIAN_POINT('',(0.4,0.4,0.));
#3070 = DIRECTION('',(-1.,2.8E-16,0.));
#3071 = DIRECTION('',(-2.8E-16,-1.,0.));
#3072 = ADVANCED_FACE('',(#3073),#3089,.T.);
#3073 = FACE_BOUND('',#3074,.T.);
#3074 = EDGE_LOOP('',(#3075,#3081,#3082,#3088));
#3075 = ORIENTED_EDGE('',*,*,#3076,.T.);
#3076 = EDGE_CURVE('',#3023,#3046,#3077,.T.);
#3077 = LINE('',#3078,#3079);
#3078 = CARTESIAN_POINT('',(-0.4,0.4,-5.5));
#3079 = VECTOR('',#3080,1.);
#3080 = DIRECTION('',(1.,0.,0.));
#3081 = ORIENTED_EDGE('',*,*,#3053,.T.);
#3082 = ORIENTED_EDGE('',*,*,#3083,.T.);
#3083 = EDGE_CURVE('',#3054,#3015,#3084,.T.);
#3084 = LINE('',#3085,#3086);
#3085 = CARTESIAN_POINT('',(0.4,-0.4,-5.5));
#3086 = VECTOR('',#3087,1.);
#3087 = DIRECTION('',(-1.,0.,0.));
#3088 = ORIENTED_EDGE('',*,*,#3022,.T.);
#3089 = PLANE('',#3090);
#3090 = AXIS2_PLACEMENT_3D('',#3091,#3092,#3093);
#3091 = CARTESIAN_POINT('',(-5.E-17,2.E-17,-5.5));
#3092 = DIRECTION('',(-0.,-0.,-1.));
#3093 = DIRECTION('',(-1.,0.,0.));
#3094 = ADVANCED_FACE('',(#3095),#3105,.T.);
#3095 = FACE_BOUND('',#3096,.T.);
#3096 = EDGE_LOOP('',(#3097,#3098,#3099,#3100,#3101,#3102,#3103,#3104));
#3097 = ORIENTED_EDGE('',*,*,#2961,.T.);
#3098 = ORIENTED_EDGE('',*,*,#2921,.T.);
#3099 = ORIENTED_EDGE('',*,*,#2850,.F.);
#3100 = ORIENTED_EDGE('',*,*,#2900,.F.);
#3101 = ORIENTED_EDGE('',*,*,#3045,.T.);
#3102 = ORIENTED_EDGE('',*,*,#3076,.F.);
#3103 = ORIENTED_EDGE('',*,*,#3030,.F.);
#3104 = ORIENTED_EDGE('',*,*,#2984,.F.);
#3105 = PLANE('',#3106);
#3106 = AXIS2_PLACEMENT_3D('',#3107,#3108,#3109);
#3107 = CARTESIAN_POINT('',(1.E-17,0.4,-0.63125));
#3108 = DIRECTION('',(0.,1.,0.));
#3109 = DIRECTION('',(1.,-0.,0.));
#3110 = ADVANCED_FACE('',(#3111),#3121,.T.);
#3111 = FACE_BOUND('',#3112,.T.);
#3112 = EDGE_LOOP('',(#3113,#3114,#3115,#3116,#3117,#3118,#3119,#3120));
#3113 = ORIENTED_EDGE('',*,*,#2868,.T.);
#3114 = ORIENTED_EDGE('',*,*,#2930,.T.);
#3115 = ORIENTED_EDGE('',*,*,#2952,.F.);
#3116 = ORIENTED_EDGE('',*,*,#3000,.F.);
#3117 = ORIENTED_EDGE('',*,*,#3014,.T.);
#3118 = ORIENTED_EDGE('',*,*,#3083,.F.);
#3119 = ORIENTED_EDGE('',*,*,#3061,.F.);
#3120 = ORIENTED_EDGE('',*,*,#2907,.F.);
#3121 = PLANE('',#3122);
#3122 = AXIS2_PLACEMENT_3D('',#3123,#3124,#3125);
#3123 = CARTESIAN_POINT('',(-1.E-17,-0.4,-0.63125));
#3124 = DIRECTION('',(-0.,-1.,0.));
#3125 = DIRECTION('',(-1.,0.,0.));
#3126 = ( GEOMETRIC_REPRESENTATION_CONTEXT(3) 
GLOBAL_UNCERTAINTY_ASSIGNED_CONTEXT((#3130)) 
GLOBAL_UNIT_ASSIGNED_CONTEXT((#3127,#3128,#3129)) REPRESENTATION_CONTEXT
('Context #1','3D Context with UNIT and UNCERTAINTY') );
#3127 = ( LENGTH_UNIT() NAMED_UNIT(*) SI_UNIT(.MILLI.,.METRE.) );
#3128 = ( NAMED_UNIT(*) PLANE_ANGLE_UNIT() SI_UNIT($,.RADIAN.) );
#3129 = ( NAMED_UNIT(*) SI_UNIT($,.STERADIAN.) SOLID_ANGLE_UNIT() );
#3130 = UNCERTAINTY_MEASURE_WITH_UNIT(LENGTH_MEASURE(1.E-07),#3127,
  'distance_accuracy_value','confusion accuracy');
#3131 = SHAPE_DEFINITION_REPRESENTATION(#3132,#2843);
#3132 = PRODUCT_DEFINITION_SHAPE('','',#3133);
#3133 = PRODUCT_DEFINITION('design','',#3134,#3137);
#3134 = PRODUCT_DEFINITION_FORMATION('','',#3135);
#3135 = PRODUCT('Pin1','Pin1','',(#3136));
#3136 = PRODUCT_CONTEXT('',#2,'mechanical');
#3137 = PRODUCT_DEFINITION_CONTEXT('part definition',#2,'design');
#3138 = CONTEXT_DEPENDENT_SHAPE_REPRESENTATION(#3139,#3141);
#3139 = ( REPRESENTATION_RELATIONSHIP('','',#2843,#10) 
REPRESENTATION_RELATIONSHIP_WITH_TRANSFORMATION(#3140) 
SHAPE_REPRESENTATION_RELATIONSHIP() );
#3140 = ITEM_DEFINED_TRANSFORMATION('','',#11,#23);
#3141 = PRODUCT_DEFINITION_SHAPE('Placement','Placement of an item',
  #3142);
#3142 = NEXT_ASSEMBLY_USAGE_OCCURRENCE('3','Pin1','',#5,#3133,$);
#3143 = PRODUCT_RELATED_PRODUCT_CATEGORY('part',$,(#3135));
#3144 = ADVANCED_BREP_SHAPE_REPRESENTATION('',(#11,#3145),#3427);
#3145 = MANIFOLD_SOLID_BREP('',#3146);
#3146 = CLOSED_SHELL('',(#3147,#3187,#3218,#3249,#3280,#3311,#3342,#3373
    ,#3395,#3411));
#3147 = ADVANCED_FACE('',(#3148),#3182,.T.);
#3148 = FACE_BOUND('',#3149,.T.);
#3149 = EDGE_LOOP('',(#3150,#3160,#3168,#3176));
#3150 = ORIENTED_EDGE('',*,*,#3151,.T.);
#3151 = EDGE_CURVE('',#3152,#3154,#3156,.T.);
#3152 = VERTEX_POINT('',#3153);
#3153 = CARTESIAN_POINT('',(1.75,0.4,0.));
#3154 = VERTEX_POINT('',#3155);
#3155 = CARTESIAN_POINT('',(1.75,0.4,3.));
#3156 = LINE('',#3157,#3158);
#3157 = CARTESIAN_POINT('',(1.75,0.4,0.));
#3158 = VECTOR('',#3159,1.);
#3159 = DIRECTION('',(0.,0.,1.));
#3160 = ORIENTED_EDGE('',*,*,#3161,.T.);
#3161 = EDGE_CURVE('',#3154,#3162,#3164,.T.);
#3162 = VERTEX_POINT('',#3163);
#3163 = CARTESIAN_POINT('',(1.75,-0.4,3.));
#3164 = LINE('',#3165,#3166);
#3165 = CARTESIAN_POINT('',(1.75,0.4,3.));
#3166 = VECTOR('',#3167,1.);
#3167 = DIRECTION('',(0.,-1.,0.));
#3168 = ORIENTED_EDGE('',*,*,#3169,.F.);
#3169 = EDGE_CURVE('',#3170,#3162,#3172,.T.);
#3170 = VERTEX_POINT('',#3171);
#3171 = CARTESIAN_POINT('',(1.75,-0.4,0.));
#3172 = LINE('',#3173,#3174);
#3173 = CARTESIAN_POINT('',(1.75,-0.4,0.));
#3174 = VECTOR('',#3175,1.);
#3175 = DIRECTION('',(0.,0.,1.));
#3176 = ORIENTED_EDGE('',*,*,#3177,.F.);
#3177 = EDGE_CURVE('',#3152,#3170,#3178,.T.);
#3178 = LINE('',#3179,#3180);
#3179 = CARTESIAN_POINT('',(1.75,0.4,0.));
#3180 = VECTOR('',#3181,1.);
#3181 = DIRECTION('',(0.,-1.,0.));
#3182 = PLANE('',#3183);
#3183 = AXIS2_PLACEMENT_3D('',#3184,#3185,#3186);
#3184 = CARTESIAN_POINT('',(1.75,0.4,0.));
#3185 = DIRECTION('',(1.,0.,0.));
#3186 = DIRECTION('',(0.,-1.,0.));
#3187 = ADVANCED_FACE('',(#3188),#3213,.T.);
#3188 = FACE_BOUND('',#3189,.T.);
#3189 = EDGE_LOOP('',(#3190,#3200,#3206,#3207));
#3190 = ORIENTED_EDGE('',*,*,#3191,.F.);
#3191 = EDGE_CURVE('',#3192,#3194,#3196,.T.);
#3192 = VERTEX_POINT('',#3193);
#3193 = CARTESIAN_POINT('',(0.4,0.4,0.));
#3194 = VERTEX_POINT('',#3195);
#3195 = CARTESIAN_POINT('',(0.4,-0.4,0.));
#3196 = LINE('',#3197,#3198);
#3197 = CARTESIAN_POINT('',(0.4,0.4,0.));
#3198 = VECTOR('',#3199,1.);
#3199 = DIRECTION('',(-2.8E-16,-1.,0.));
#3200 = ORIENTED_EDGE('',*,*,#3201,.T.);
#3201 = EDGE_CURVE('',#3192,#3152,#3202,.T.);
#3202 = LINE('',#3203,#3204);
#3203 = CARTESIAN_POINT('',(-1.75,0.4,0.));
#3204 = VECTOR('',#3205,1.);
#3205 = DIRECTION('',(1.,0.,0.));
#3206 = ORIENTED_EDGE('',*,*,#3177,.T.);
#3207 = ORIENTED_EDGE('',*,*,#3208,.T.);
#3208 = EDGE_CURVE('',#3170,#3194,#3209,.T.);
#3209 = LINE('',#3210,#3211);
#3210 = CARTESIAN_POINT('',(1.75,-0.4,0.));
#3211 = VECTOR('',#3212,1.);
#3212 = DIRECTION('',(-1.,0.,0.));
#3213 = PLANE('',#3214);
#3214 = AXIS2_PLACEMENT_3D('',#3215,#3216,#3217);
#3215 = CARTESIAN_POINT('',(3.E-17,-3.E-17,0.));
#3216 = DIRECTION('',(-0.,-0.,-1.));
#3217 = DIRECTION('',(-1.,0.,0.));
#3218 = ADVANCED_FACE('',(#3219),#3244,.F.);
#3219 = FACE_BOUND('',#3220,.F.);
#3220 = EDGE_LOOP('',(#3221,#3229,#3230,#3238));
#3221 = ORIENTED_EDGE('',*,*,#3222,.T.);
#3222 = EDGE_CURVE('',#3223,#3154,#3225,.T.);
#3223 = VERTEX_POINT('',#3224);
#3224 = CARTESIAN_POINT('',(-1.75,0.4,3.));
#3225 = LINE('',#3226,#3227);
#3226 = CARTESIAN_POINT('',(-1.75,0.4,3.));
#3227 = VECTOR('',#3228,1.);
#3228 = DIRECTION('',(1.,0.,0.));
#3229 = ORIENTED_EDGE('',*,*,#3161,.T.);
#3230 = ORIENTED_EDGE('',*,*,#3231,.T.);
#3231 = EDGE_CURVE('',#3162,#3232,#3234,.T.);
#3232 = VERTEX_POINT('',#3233);
#3233 = CARTESIAN_POINT('',(-1.75,-0.4,3.));
#3234 = LINE('',#3235,#3236);
#3235 = CARTESIAN_POINT('',(1.75,-0.4,3.));
#3236 = VECTOR('',#3237,1.);
#3237 = DIRECTION('',(-1.,0.,0.));
#3238 = ORIENTED_EDGE('',*,*,#3239,.T.);
#3239 = EDGE_CURVE('',#3232,#3223,#3240,.T.);
#3240 = LINE('',#3241,#3242);
#3241 = CARTESIAN_POINT('',(-1.75,-0.4,3.));
#3242 = VECTOR('',#3243,1.);
#3243 = DIRECTION('',(0.,1.,0.));
#3244 = PLANE('',#3245);
#3245 = AXIS2_PLACEMENT_3D('',#3246,#3247,#3248);
#3246 = CARTESIAN_POINT('',(3.E-17,-3.E-17,3.));
#3247 = DIRECTION('',(-0.,-0.,-1.));
#3248 = DIRECTION('',(-1.,0.,0.));
#3249 = ADVANCED_FACE('',(#3250),#3275,.T.);
#3250 = FACE_BOUND('',#3251,.T.);
#3251 = EDGE_LOOP('',(#3252,#3260,#3261,#3269));
#3252 = ORIENTED_EDGE('',*,*,#3253,.T.);
#3253 = EDGE_CURVE('',#3254,#3232,#3256,.T.);
#3254 = VERTEX_POINT('',#3255);
#3255 = CARTESIAN_POINT('',(-1.75,-0.4,0.));
#3256 = LINE('',#3257,#3258);
#3257 = CARTESIAN_POINT('',(-1.75,-0.4,0.));
#3258 = VECTOR('',#3259,1.);
#3259 = DIRECTION('',(0.,0.,1.));
#3260 = ORIENTED_EDGE('',*,*,#3239,.T.);
#3261 = ORIENTED_EDGE('',*,*,#3262,.F.);
#3262 = EDGE_CURVE('',#3263,#3223,#3265,.T.);
#3263 = VERTEX_POINT('',#3264);
#3264 = CARTESIAN_POINT('',(-1.75,0.4,0.));
#3265 = LINE('',#3266,#3267);
#3266 = CARTESIAN_POINT('',(-1.75,0.4,0.));
#3267 = VECTOR('',#3268,1.);
#3268 = DIRECTION('',(0.,0.,1.));
#3269 = ORIENTED_EDGE('',*,*,#3270,.F.);
#3270 = EDGE_CURVE('',#3254,#3263,#3271,.T.);
#3271 = LINE('',#3272,#3273);
#3272 = CARTESIAN_POINT('',(-1.75,-0.4,0.));
#3273 = VECTOR('',#3274,1.);
#3274 = DIRECTION('',(0.,1.,0.));
#3275 = PLANE('',#3276);
#3276 = AXIS2_PLACEMENT_3D('',#3277,#3278,#3279);
#3277 = CARTESIAN_POINT('',(-1.75,-0.4,0.));
#3278 = DIRECTION('',(-1.,0.,0.));
#3279 = DIRECTION('',(0.,1.,0.));
#3280 = ADVANCED_FACE('',(#3281),#3306,.T.);
#3281 = FACE_BOUND('',#3282,.T.);
#3282 = EDGE_LOOP('',(#3283,#3284,#3292,#3300));
#3283 = ORIENTED_EDGE('',*,*,#3270,.T.);
#3284 = ORIENTED_EDGE('',*,*,#3285,.T.);
#3285 = EDGE_CURVE('',#3263,#3286,#3288,.T.);
#3286 = VERTEX_POINT('',#3287);
#3287 = CARTESIAN_POINT('',(-0.4,0.4,0.));
#3288 = LINE('',#3289,#3290);
#3289 = CARTESIAN_POINT('',(-1.75,0.4,0.));
#3290 = VECTOR('',#3291,1.);
#3291 = DIRECTION('',(1.,0.,0.));
#3292 = ORIENTED_EDGE('',*,*,#3293,.F.);
#3293 = EDGE_CURVE('',#3294,#3286,#3296,.T.);
#3294 = VERTEX_POINT('',#3295);
#3295 = CARTESIAN_POINT('',(-0.4,-0.4,0.));
#3296 = LINE('',#3297,#3298);
#3297 = CARTESIAN_POINT('',(-0.4,-0.4,0.));
#3298 = VECTOR('',#3299,1.);
#3299 = DIRECTION('',(0.,1.,0.));
#3300 = ORIENTED_EDGE('',*,*,#3301,.T.);
#3301 = EDGE_CURVE('',#3294,#3254,#3302,.T.);
#3302 = LINE('',#3303,#3304);
#3303 = CARTESIAN_POINT('',(1.75,-0.4,0.));
#3304 = VECTOR('',#3305,1.);
#3305 = DIRECTION('',(-1.,0.,0.));
#3306 = PLANE('',#3307);
#3307 = AXIS2_PLACEMENT_3D('',#3308,#3309,#3310);
#3308 = CARTESIAN_POINT('',(3.E-17,-3.E-17,0.));
#3309 = DIRECTION('',(-0.,-0.,-1.));
#3310 = DIRECTION('',(-1.,0.,0.));
#3311 = ADVANCED_FACE('',(#3312),#3337,.F.);
#3312 = FACE_BOUND('',#3313,.F.);
#3313 = EDGE_LOOP('',(#3314,#3322,#3330,#3336));
#3314 = ORIENTED_EDGE('',*,*,#3315,.T.);
#3315 = EDGE_CURVE('',#3294,#3316,#3318,.T.);
#3316 = VERTEX_POINT('',#3317);
#3317 = CARTESIAN_POINT('',(-0.4,-0.4,-5.5));
#3318 = LINE('',#3319,#3320);
#3319 = CARTESIAN_POINT('',(-0.4,-0.4,0.));
#3320 = VECTOR('',#3321,1.);
#3321 = DIRECTION('',(-0.,-0.,-1.));
#3322 = ORIENTED_EDGE('',*,*,#3323,.T.);
#3323 = EDGE_CURVE('',#3316,#3324,#3326,.T.);
#3324 = VERTEX_POINT('',#3325);
#3325 = CARTESIAN_POINT('',(-0.4,0.4,-5.5));
#3326 = LINE('',#3327,#3328);
#3327 = CARTESIAN_POINT('',(-0.4,-0.4,-5.5));
#3328 = VECTOR('',#3329,1.);
#3329 = DIRECTION('',(0.,1.,0.));
#3330 = ORIENTED_EDGE('',*,*,#3331,.F.);
#3331 = EDGE_CURVE('',#3286,#3324,#3332,.T.);
#3332 = LINE('',#3333,#3334);
#3333 = CARTESIAN_POINT('',(-0.4,0.4,0.));
#3334 = VECTOR('',#3335,1.);
#3335 = DIRECTION('',(-0.,-0.,-1.));
#3336 = ORIENTED_EDGE('',*,*,#3293,.F.);
#3337 = PLANE('',#3338);
#3338 = AXIS2_PLACEMENT_3D('',#3339,#3340,#3341);
#3339 = CARTESIAN_POINT('',(-0.4,-0.4,0.));
#3340 = DIRECTION('',(1.,0.,0.));
#3341 = DIRECTION('',(-0.,1.,0.));
#3342 = ADVANCED_FACE('',(#3343),#3368,.F.);
#3343 = FACE_BOUND('',#3344,.F.);
#3344 = EDGE_LOOP('',(#3345,#3353,#3361,#3367));
#3345 = ORIENTED_EDGE('',*,*,#3346,.T.);
#3346 = EDGE_CURVE('',#3192,#3347,#3349,.T.);
#3347 = VERTEX_POINT('',#3348);
#3348 = CARTESIAN_POINT('',(0.4,0.4,-5.5));
#3349 = LINE('',#3350,#3351);
#3350 = CARTESIAN_POINT('',(0.4,0.4,0.));
#3351 = VECTOR('',#3352,1.);
#3352 = DIRECTION('',(-0.,-0.,-1.));
#3353 = ORIENTED_EDGE('',*,*,#3354,.T.);
#3354 = EDGE_CURVE('',#3347,#3355,#3357,.T.);
#3355 = VERTEX_POINT('',#3356);
#3356 = CARTESIAN_POINT('',(0.4,-0.4,-5.5));
#3357 = LINE('',#3358,#3359);
#3358 = CARTESIAN_POINT('',(0.4,0.4,-5.5));
#3359 = VECTOR('',#3360,1.);
#3360 = DIRECTION('',(-2.8E-16,-1.,0.));
#3361 = ORIENTED_EDGE('',*,*,#3362,.F.);
#3362 = EDGE_CURVE('',#3194,#3355,#3363,.T.);
#3363 = LINE('',#3364,#3365);
#3364 = CARTESIAN_POINT('',(0.4,-0.4,0.));
#3365 = VECTOR('',#3366,1.);
#3366 = DIRECTION('',(-0.,-0.,-1.));
#3367 = ORIENTED_EDGE('',*,*,#3191,.F.);
#3368 = PLANE('',#3369);
#3369 = AXIS2_PLACEMENT_3D('',#3370,#3371,#3372);
#3370 = CARTESIAN_POINT('',(0.4,0.4,0.));
#3371 = DIRECTION('',(-1.,2.8E-16,0.));
#3372 = DIRECTION('',(-2.8E-16,-1.,0.));
#3373 = ADVANCED_FACE('',(#3374),#3390,.T.);
#3374 = FACE_BOUND('',#3375,.T.);
#3375 = EDGE_LOOP('',(#3376,#3382,#3383,#3389));
#3376 = ORIENTED_EDGE('',*,*,#3377,.T.);
#3377 = EDGE_CURVE('',#3324,#3347,#3378,.T.);
#3378 = LINE('',#3379,#3380);
#3379 = CARTESIAN_POINT('',(-0.4,0.4,-5.5));
#3380 = VECTOR('',#3381,1.);
#3381 = DIRECTION('',(1.,0.,0.));
#3382 = ORIENTED_EDGE('',*,*,#3354,.T.);
#3383 = ORIENTED_EDGE('',*,*,#3384,.T.);
#3384 = EDGE_CURVE('',#3355,#3316,#3385,.T.);
#3385 = LINE('',#3386,#3387);
#3386 = CARTESIAN_POINT('',(0.4,-0.4,-5.5));
#3387 = VECTOR('',#3388,1.);
#3388 = DIRECTION('',(-1.,0.,0.));
#3389 = ORIENTED_EDGE('',*,*,#3323,.T.);
#3390 = PLANE('',#3391);
#3391 = AXIS2_PLACEMENT_3D('',#3392,#3393,#3394);
#3392 = CARTESIAN_POINT('',(-5.E-17,2.E-17,-5.5));
#3393 = DIRECTION('',(-0.,-0.,-1.));
#3394 = DIRECTION('',(-1.,0.,0.));
#3395 = ADVANCED_FACE('',(#3396),#3406,.T.);
#3396 = FACE_BOUND('',#3397,.T.);
#3397 = EDGE_LOOP('',(#3398,#3399,#3400,#3401,#3402,#3403,#3404,#3405));
#3398 = ORIENTED_EDGE('',*,*,#3262,.T.);
#3399 = ORIENTED_EDGE('',*,*,#3222,.T.);
#3400 = ORIENTED_EDGE('',*,*,#3151,.F.);
#3401 = ORIENTED_EDGE('',*,*,#3201,.F.);
#3402 = ORIENTED_EDGE('',*,*,#3346,.T.);
#3403 = ORIENTED_EDGE('',*,*,#3377,.F.);
#3404 = ORIENTED_EDGE('',*,*,#3331,.F.);
#3405 = ORIENTED_EDGE('',*,*,#3285,.F.);
#3406 = PLANE('',#3407);
#3407 = AXIS2_PLACEMENT_3D('',#3408,#3409,#3410);
#3408 = CARTESIAN_POINT('',(1.E-17,0.4,-0.63125));
#3409 = DIRECTION('',(0.,1.,0.));
#3410 = DIRECTION('',(1.,-0.,0.));
#3411 = ADVANCED_FACE('',(#3412),#3422,.T.);
#3412 = FACE_BOUND('',#3413,.T.);
#3413 = EDGE_LOOP('',(#3414,#3415,#3416,#3417,#3418,#3419,#3420,#3421));
#3414 = ORIENTED_EDGE('',*,*,#3169,.T.);
#3415 = ORIENTED_EDGE('',*,*,#3231,.T.);
#3416 = ORIENTED_EDGE('',*,*,#3253,.F.);
#3417 = ORIENTED_EDGE('',*,*,#3301,.F.);
#3418 = ORIENTED_EDGE('',*,*,#3315,.T.);
#3419 = ORIENTED_EDGE('',*,*,#3384,.F.);
#3420 = ORIENTED_EDGE('',*,*,#3362,.F.);
#3421 = ORIENTED_EDGE('',*,*,#3208,.F.);
#3422 = PLANE('',#3423);
#3423 = AXIS2_PLACEMENT_3D('',#3424,#3425,#3426);
#3424 = CARTESIAN_POINT('',(-1.E-17,-0.4,-0.63125));
#3425 = DIRECTION('',(-0.,-1.,0.));
#3426 = DIRECTION('',(-1.,0.,0.));
#3427 = ( GEOMETRIC_REPRESENTATION_CONTEXT(3) 
GLOBAL_UNCERTAINTY_ASSIGNED_CONTEXT((#3431)) 
GLOBAL_UNIT_ASSIGNED_CONTEXT((#3428,#3429,#3430)) REPRESENTATION_CONTEXT
('Context #1','3D Context with UNIT and UNCERTAINTY') );
#3428 = ( LENGTH_UNIT() NAMED_UNIT(*) SI_UNIT(.MILLI.,.METRE.) );
#3429 = ( NAMED_UNIT(*) PLANE_ANGLE_UNIT() SI_UNIT($,.RADIAN.) );
#3430 = ( NAMED_UNIT(*) SI_UNIT($,.STERADIAN.) SOLID_ANGLE_UNIT() );
#3431 = UNCERTAINTY_MEASURE_WITH_UNIT(LENGTH_MEASURE(1.E-07),#3428,
  'distance_accuracy_value','confusion accuracy');
#3432 = SHAPE_DEFINITION_REPRESENTATION(#3433,#3144);
#3433 = PRODUCT_DEFINITION_SHAPE('','',#3434);
#3434 = PRODUCT_DEFINITION('design','',#3435,#3438);
#3435 = PRODUCT_DEFINITION_FORMATION('','',#3436);
#3436 = PRODUCT('Pin3','Pin3','',(#3437));
#3437 = PRODUCT_CONTEXT('',#2,'mechanical');
#3438 = PRODUCT_DEFINITION_CONTEXT('part definition',#2,'design');
#3439 = CONTEXT_DEPENDENT_SHAPE_REPRESENTATION(#3440,#3442);
#3440 = ( REPRESENTATION_RELATIONSHIP('','',#3144,#10) 
REPRESENTATION_RELATIONSHIP_WITH_TRANSFORMATION(#3441) 
SHAPE_REPRESENTATION_RELATIONSHIP() );
#3441 = ITEM_DEFINED_TRANSFORMATION('','',#11,#27);
#3442 = PRODUCT_DEFINITION_SHAPE('Placement','Placement of an item',
  #3443);
#3443 = NEXT_ASSEMBLY_USAGE_OCCURRENCE('4','Pin3','',#5,#3434,$);
#3444 = PRODUCT_RELATED_PRODUCT_CATEGORY('part',$,(#3436));
#3445 = ADVANCED_BREP_SHAPE_REPRESENTATION('',(#11,#3446),#10778);
#3446 = MANIFOLD_SOLID_BREP('',#3447);
#3447 = CLOSED_SHELL('',(#3448,#3488,#3615,#3648,#3897,#4008,#4025,#4050
    ,#4074,#4098,#4122,#4155,#4179,#4204,#4237,#4269,#4294,#4318,#4343,
    #4537,#4555,#4581,#4605,#4661,#4678,#4819,#4898,#4997,#5112,#5143,
    #5160,#5193,#5210,#5235,#5268,#5298,#5323,#5340,#5365,#5377,#5395,
    #5413,#5431,#5449,#5550,#7641,#7693,#7810,#7848,#7858,#7868,#7884,
    #7900,#8117,#8160,#8191,#8209,#8221,#8239,#8251,#8347,#8400,#8453,
    #8506,#8559,#8612,#8665,#8718,#8771,#8818,#8871,#8924,#8977,#9030,
    #9083,#9136,#9189,#9242,#9295,#9348,#9417,#9574,#9675,#9695,#9805,
    #9850,#9951,#10052,#10153,#10254,#10355,#10456,#10557,#10649,#10741,
    #10761));
#3448 = ADVANCED_FACE('',(#3449),#3483,.T.);
#3449 = FACE_BOUND('',#3450,.T.);
#3450 = EDGE_LOOP('',(#3451,#3461,#3469,#3477));
#3451 = ORIENTED_EDGE('',*,*,#3452,.T.);
#3452 = EDGE_CURVE('',#3453,#3455,#3457,.T.);
#3453 = VERTEX_POINT('',#3454);
#3454 = CARTESIAN_POINT('',(-6.275,6.5,9.5));
#3455 = VERTEX_POINT('',#3456);
#3456 = CARTESIAN_POINT('',(-6.275,6.5,9.51));
#3457 = LINE('',#3458,#3459);
#3458 = CARTESIAN_POINT('',(-6.275,6.5,9.5));
#3459 = VECTOR('',#3460,1.);
#3460 = DIRECTION('',(0.,0.,1.));
#3461 = ORIENTED_EDGE('',*,*,#3462,.T.);
#3462 = EDGE_CURVE('',#3455,#3463,#3465,.T.);
#3463 = VERTEX_POINT('',#3464);
#3464 = CARTESIAN_POINT('',(6.275,6.5,9.51));
#3465 = LINE('',#3466,#3467);
#3466 = CARTESIAN_POINT('',(-6.275,6.5,9.51));
#3467 = VECTOR('',#3468,1.);
#3468 = DIRECTION('',(1.,0.,0.));
#3469 = ORIENTED_EDGE('',*,*,#3470,.F.);
#3470 = EDGE_CURVE('',#3471,#3463,#3473,.T.);
#3471 = VERTEX_POINT('',#3472);
#3472 = CARTESIAN_POINT('',(6.275,6.5,9.5));
#3473 = LINE('',#3474,#3475);
#3474 = CARTESIAN_POINT('',(6.275,6.5,9.5));
#3475 = VECTOR('',#3476,1.);
#3476 = DIRECTION('',(0.,0.,1.));
#3477 = ORIENTED_EDGE('',*,*,#3478,.F.);
#3478 = EDGE_CURVE('',#3453,#3471,#3479,.T.);
#3479 = LINE('',#3480,#3481);
#3480 = CARTESIAN_POINT('',(-6.275,6.5,9.5));
#3481 = VECTOR('',#3482,1.);
#3482 = DIRECTION('',(1.,0.,0.));
#3483 = PLANE('',#3484);
#3484 = AXIS2_PLACEMENT_3D('',#3485,#3486,#3487);
#3485 = CARTESIAN_POINT('',(-6.275,6.5,9.5));
#3486 = DIRECTION('',(0.,1.,0.));
#3487 = DIRECTION('',(1.,0.,0.));
#3488 = ADVANCED_FACE('',(#3489),#3610,.T.);
#3489 = FACE_BOUND('',#3490,.T.);
#3490 = EDGE_LOOP('',(#3491,#3501,#3507,#3508,#3516,#3524,#3532,#3540,
    #3548,#3556,#3564,#3572,#3580,#3588,#3596,#3604));
#3491 = ORIENTED_EDGE('',*,*,#3492,.T.);
#3492 = EDGE_CURVE('',#3493,#3495,#3497,.T.);
#3493 = VERTEX_POINT('',#3494);
#3494 = CARTESIAN_POINT('',(-6.275,-6.5,9.5));
#3495 = VERTEX_POINT('',#3496);
#3496 = CARTESIAN_POINT('',(-6.275,-6.5,9.51));
#3497 = LINE('',#3498,#3499);
#3498 = CARTESIAN_POINT('',(-6.275,-6.5,9.5));
#3499 = VECTOR('',#3500,1.);
#3500 = DIRECTION('',(0.,0.,1.));
#3501 = ORIENTED_EDGE('',*,*,#3502,.T.);
#3502 = EDGE_CURVE('',#3495,#3455,#3503,.T.);
#3503 = LINE('',#3504,#3505);
#3504 = CARTESIAN_POINT('',(-6.275,-6.5,9.51));
#3505 = VECTOR('',#3506,1.);
#3506 = DIRECTION('',(0.,1.,0.));
#3507 = ORIENTED_EDGE('',*,*,#3452,.F.);
#3508 = ORIENTED_EDGE('',*,*,#3509,.F.);
#3509 = EDGE_CURVE('',#3510,#3453,#3512,.T.);
#3510 = VERTEX_POINT('',#3511);
#3511 = CARTESIAN_POINT('',(-6.275,5.,9.5));
#3512 = LINE('',#3513,#3514);
#3513 = CARTESIAN_POINT('',(-6.275,-6.5,9.5));
#3514 = VECTOR('',#3515,1.);
#3515 = DIRECTION('',(0.,1.,0.));
#3516 = ORIENTED_EDGE('',*,*,#3517,.T.);
#3517 = EDGE_CURVE('',#3510,#3518,#3520,.T.);
#3518 = VERTEX_POINT('',#3519);
#3519 = CARTESIAN_POINT('',(-6.275,5.,4.));
#3520 = LINE('',#3521,#3522);
#3521 = CARTESIAN_POINT('',(-6.275,5.,9.5));
#3522 = VECTOR('',#3523,1.);
#3523 = DIRECTION('',(-0.,-0.,-1.));
#3524 = ORIENTED_EDGE('',*,*,#3525,.F.);
#3525 = EDGE_CURVE('',#3526,#3518,#3528,.T.);
#3526 = VERTEX_POINT('',#3527);
#3527 = CARTESIAN_POINT('',(-6.275,2.75,4.));
#3528 = LINE('',#3529,#3530);
#3529 = CARTESIAN_POINT('',(-6.275,-5.,4.));
#3530 = VECTOR('',#3531,1.);
#3531 = DIRECTION('',(0.,1.,0.));
#3532 = ORIENTED_EDGE('',*,*,#3533,.T.);
#3533 = EDGE_CURVE('',#3526,#3534,#3536,.T.);
#3534 = VERTEX_POINT('',#3535);
#3535 = CARTESIAN_POINT('',(-6.275,2.75,3.99));
#3536 = LINE('',#3537,#3538);
#3537 = CARTESIAN_POINT('',(-6.275,2.75,4.));
#3538 = VECTOR('',#3539,1.);
#3539 = DIRECTION('',(-0.,-0.,-1.));
#3540 = ORIENTED_EDGE('',*,*,#3541,.T.);
#3541 = EDGE_CURVE('',#3534,#3542,#3544,.T.);
#3542 = VERTEX_POINT('',#3543);
#3543 = CARTESIAN_POINT('',(-6.275,1.75,3.99));
#3544 = LINE('',#3545,#3546);
#3545 = CARTESIAN_POINT('',(-6.275,2.75,3.99));
#3546 = VECTOR('',#3547,1.);
#3547 = DIRECTION('',(0.,-1.,0.));
#3548 = ORIENTED_EDGE('',*,*,#3549,.F.);
#3549 = EDGE_CURVE('',#3550,#3542,#3552,.T.);
#3550 = VERTEX_POINT('',#3551);
#3551 = CARTESIAN_POINT('',(-6.275,1.75,4.));
#3552 = LINE('',#3553,#3554);
#3553 = CARTESIAN_POINT('',(-6.275,1.75,4.));
#3554 = VECTOR('',#3555,1.);
#3555 = DIRECTION('',(-0.,-0.,-1.));
#3556 = ORIENTED_EDGE('',*,*,#3557,.F.);
#3557 = EDGE_CURVE('',#3558,#3550,#3560,.T.);
#3558 = VERTEX_POINT('',#3559);
#3559 = CARTESIAN_POINT('',(-6.275,-1.75,4.));
#3560 = LINE('',#3561,#3562);
#3561 = CARTESIAN_POINT('',(-6.275,-5.,4.));
#3562 = VECTOR('',#3563,1.);
#3563 = DIRECTION('',(0.,1.,0.));
#3564 = ORIENTED_EDGE('',*,*,#3565,.T.);
#3565 = EDGE_CURVE('',#3558,#3566,#3568,.T.);
#3566 = VERTEX_POINT('',#3567);
#3567 = CARTESIAN_POINT('',(-6.275,-1.75,3.99));
#3568 = LINE('',#3569,#3570);
#3569 = CARTESIAN_POINT('',(-6.275,-1.75,4.));
#3570 = VECTOR('',#3571,1.);
#3571 = DIRECTION('',(0.,0.,-1.));
#3572 = ORIENTED_EDGE('',*,*,#3573,.F.);
#3573 = EDGE_CURVE('',#3574,#3566,#3576,.T.);
#3574 = VERTEX_POINT('',#3575);
#3575 = CARTESIAN_POINT('',(-6.275,-2.75,3.99));
#3576 = LINE('',#3577,#3578);
#3577 = CARTESIAN_POINT('',(-6.275,-2.75,3.99));
#3578 = VECTOR('',#3579,1.);
#3579 = DIRECTION('',(0.,1.,0.));
#3580 = ORIENTED_EDGE('',*,*,#3581,.F.);
#3581 = EDGE_CURVE('',#3582,#3574,#3584,.T.);
#3582 = VERTEX_POINT('',#3583);
#3583 = CARTESIAN_POINT('',(-6.275,-2.75,4.));
#3584 = LINE('',#3585,#3586);
#3585 = CARTESIAN_POINT('',(-6.275,-2.75,4.));
#3586 = VECTOR('',#3587,1.);
#3587 = DIRECTION('',(0.,0.,-1.));
#3588 = ORIENTED_EDGE('',*,*,#3589,.F.);
#3589 = EDGE_CURVE('',#3590,#3582,#3592,.T.);
#3590 = VERTEX_POINT('',#3591);
#3591 = CARTESIAN_POINT('',(-6.275,-5.,4.));
#3592 = LINE('',#3593,#3594);
#3593 = CARTESIAN_POINT('',(-6.275,-5.,4.));
#3594 = VECTOR('',#3595,1.);
#3595 = DIRECTION('',(0.,1.,0.));
#3596 = ORIENTED_EDGE('',*,*,#3597,.F.);
#3597 = EDGE_CURVE('',#3598,#3590,#3600,.T.);
#3598 = VERTEX_POINT('',#3599);
#3599 = CARTESIAN_POINT('',(-6.275,-5.,9.5));
#3600 = LINE('',#3601,#3602);
#3601 = CARTESIAN_POINT('',(-6.275,-5.,9.5));
#3602 = VECTOR('',#3603,1.);
#3603 = DIRECTION('',(-0.,-0.,-1.));
#3604 = ORIENTED_EDGE('',*,*,#3605,.F.);
#3605 = EDGE_CURVE('',#3493,#3598,#3606,.T.);
#3606 = LINE('',#3607,#3608);
#3607 = CARTESIAN_POINT('',(-6.275,-6.5,9.5));
#3608 = VECTOR('',#3609,1.);
#3609 = DIRECTION('',(0.,1.,0.));
#3610 = PLANE('',#3611);
#3611 = AXIS2_PLACEMENT_3D('',#3612,#3613,#3614);
#3612 = CARTESIAN_POINT('',(-6.275,-9.E-17,7.225));
#3613 = DIRECTION('',(-1.,-0.,-0.));
#3614 = DIRECTION('',(0.,0.,-1.));
#3615 = ADVANCED_FACE('',(#3616),#3643,.T.);
#3616 = FACE_BOUND('',#3617,.T.);
#3617 = EDGE_LOOP('',(#3618,#3627,#3635,#3642));
#3618 = ORIENTED_EDGE('',*,*,#3619,.F.);
#3619 = EDGE_CURVE('',#3620,#3455,#3622,.T.);
#3620 = VERTEX_POINT('',#3621);
#3621 = CARTESIAN_POINT('',(-5.785,6.01,10.));
#3622 = ELLIPSE('',#3623,0.692964645563,0.49);
#3623 = AXIS2_PLACEMENT_3D('',#3624,#3625,#3626);
#3624 = CARTESIAN_POINT('',(-5.785,6.01,9.51));
#3625 = DIRECTION('',(-0.707106781187,-0.707106781187,-0.));
#3626 = DIRECTION('',(-0.707106781187,0.707106781187,0.));
#3627 = ORIENTED_EDGE('',*,*,#3628,.T.);
#3628 = EDGE_CURVE('',#3620,#3629,#3631,.T.);
#3629 = VERTEX_POINT('',#3630);
#3630 = CARTESIAN_POINT('',(5.785,6.01,10.));
#3631 = LINE('',#3632,#3633);
#3632 = CARTESIAN_POINT('',(-6.275,6.01,10.));
#3633 = VECTOR('',#3634,1.);
#3634 = DIRECTION('',(1.,0.,0.));
#3635 = ORIENTED_EDGE('',*,*,#3636,.T.);
#3636 = EDGE_CURVE('',#3629,#3463,#3637,.T.);
#3637 = ELLIPSE('',#3638,0.692964645563,0.49);
#3638 = AXIS2_PLACEMENT_3D('',#3639,#3640,#3641);
#3639 = CARTESIAN_POINT('',(5.785,6.01,9.51));
#3640 = DIRECTION('',(-0.707106781187,0.707106781187,0.));
#3641 = DIRECTION('',(-0.707106781187,-0.707106781187,0.));
#3642 = ORIENTED_EDGE('',*,*,#3462,.F.);
#3643 = CYLINDRICAL_SURFACE('',#3644,0.49);
#3644 = AXIS2_PLACEMENT_3D('',#3645,#3646,#3647);
#3645 = CARTESIAN_POINT('',(-6.275,6.01,9.51));
#3646 = DIRECTION('',(1.,0.,0.));
#3647 = DIRECTION('',(0.,1.,0.));
#3648 = ADVANCED_FACE('',(#3649,#3722),#3892,.T.);
#3649 = FACE_BOUND('',#3650,.T.);
#3650 = EDGE_LOOP('',(#3651,#3659,#3660,#3661,#3669,#3677,#3685,#3693,
    #3701,#3707,#3708,#3716));
#3651 = ORIENTED_EDGE('',*,*,#3652,.F.);
#3652 = EDGE_CURVE('',#3510,#3653,#3655,.T.);
#3653 = VERTEX_POINT('',#3654);
#3654 = CARTESIAN_POINT('',(-5.775,5.,9.5));
#3655 = LINE('',#3656,#3657);
#3656 = CARTESIAN_POINT('',(-6.275,5.,9.5));
#3657 = VECTOR('',#3658,1.);
#3658 = DIRECTION('',(1.,0.,0.));
#3659 = ORIENTED_EDGE('',*,*,#3509,.T.);
#3660 = ORIENTED_EDGE('',*,*,#3478,.T.);
#3661 = ORIENTED_EDGE('',*,*,#3662,.T.);
#3662 = EDGE_CURVE('',#3471,#3663,#3665,.T.);
#3663 = VERTEX_POINT('',#3664);
#3664 = CARTESIAN_POINT('',(6.275,5.,9.5));
#3665 = LINE('',#3666,#3667);
#3666 = CARTESIAN_POINT('',(6.275,6.5,9.5));
#3667 = VECTOR('',#3668,1.);
#3668 = DIRECTION('',(0.,-1.,0.));
#3669 = ORIENTED_EDGE('',*,*,#3670,.F.);
#3670 = EDGE_CURVE('',#3671,#3663,#3673,.T.);
#3671 = VERTEX_POINT('',#3672);
#3672 = CARTESIAN_POINT('',(5.775,5.,9.5));
#3673 = LINE('',#3674,#3675);
#3674 = CARTESIAN_POINT('',(5.775,5.,9.5));
#3675 = VECTOR('',#3676,1.);
#3676 = DIRECTION('',(1.,0.,0.));
#3677 = ORIENTED_EDGE('',*,*,#3678,.F.);
#3678 = EDGE_CURVE('',#3679,#3671,#3681,.T.);
#3679 = VERTEX_POINT('',#3680);
#3680 = CARTESIAN_POINT('',(5.775,-5.,9.5));
#3681 = LINE('',#3682,#3683);
#3682 = CARTESIAN_POINT('',(5.775,-5.,9.5));
#3683 = VECTOR('',#3684,1.);
#3684 = DIRECTION('',(0.,1.,0.));
#3685 = ORIENTED_EDGE('',*,*,#3686,.F.);
#3686 = EDGE_CURVE('',#3687,#3679,#3689,.T.);
#3687 = VERTEX_POINT('',#3688);
#3688 = CARTESIAN_POINT('',(6.275,-5.,9.5));
#3689 = LINE('',#3690,#3691);
#3690 = CARTESIAN_POINT('',(6.275,-5.,9.5));
#3691 = VECTOR('',#3692,1.);
#3692 = DIRECTION('',(-1.,0.,0.));
#3693 = ORIENTED_EDGE('',*,*,#3694,.T.);
#3694 = EDGE_CURVE('',#3687,#3695,#3697,.T.);
#3695 = VERTEX_POINT('',#3696);
#3696 = CARTESIAN_POINT('',(6.275,-6.5,9.5));
#3697 = LINE('',#3698,#3699);
#3698 = CARTESIAN_POINT('',(6.275,6.5,9.5));
#3699 = VECTOR('',#3700,1.);
#3700 = DIRECTION('',(0.,-1.,0.));
#3701 = ORIENTED_EDGE('',*,*,#3702,.T.);
#3702 = EDGE_CURVE('',#3695,#3493,#3703,.T.);
#3703 = LINE('',#3704,#3705);
#3704 = CARTESIAN_POINT('',(6.275,-6.5,9.5));
#3705 = VECTOR('',#3706,1.);
#3706 = DIRECTION('',(-1.,0.,0.));
#3707 = ORIENTED_EDGE('',*,*,#3605,.T.);
#3708 = ORIENTED_EDGE('',*,*,#3709,.F.);
#3709 = EDGE_CURVE('',#3710,#3598,#3712,.T.);
#3710 = VERTEX_POINT('',#3711);
#3711 = CARTESIAN_POINT('',(-5.775,-5.,9.5));
#3712 = LINE('',#3713,#3714);
#3713 = CARTESIAN_POINT('',(-5.775,-5.,9.5));
#3714 = VECTOR('',#3715,1.);
#3715 = DIRECTION('',(-1.,0.,0.));
#3716 = ORIENTED_EDGE('',*,*,#3717,.F.);
#3717 = EDGE_CURVE('',#3653,#3710,#3718,.T.);
#3718 = LINE('',#3719,#3720);
#3719 = CARTESIAN_POINT('',(-5.775,5.,9.5));
#3720 = VECTOR('',#3721,1.);
#3721 = DIRECTION('',(0.,-1.,0.));
#3722 = FACE_BOUND('',#3723,.T.);
#3723 = EDGE_LOOP('',(#3724,#3738,#3760,#3858,#3885));
#3724 = ORIENTED_EDGE('',*,*,#3725,.F.);
#3725 = EDGE_CURVE('',#3726,#3728,#3730,.T.);
#3726 = VERTEX_POINT('',#3727);
#3727 = CARTESIAN_POINT('',(2.913398344165,8.786873E-09,9.5));
#3728 = VERTEX_POINT('',#3729);
#3729 = CARTESIAN_POINT('',(2.427042643924,-1.763367237903,9.5));
#3730 = B_SPLINE_CURVE_WITH_KNOTS('',6,(#3731,#3732,#3733,#3734,#3735,
    #3736,#3737),.UNSPECIFIED.,.F.,.F.,(7,7),(0.,1.),
  .PIECEWISE_BEZIER_KNOTS.);
#3731 = CARTESIAN_POINT('',(2.913398344165,8.78686257E-09,9.5));
#3732 = CARTESIAN_POINT('',(2.928022298036,-0.309118097957,9.5));
#3733 = CARTESIAN_POINT('',(2.90322241975,-0.620394437121,9.5));
#3734 = CARTESIAN_POINT('',(2.838834109912,-0.927300266752,9.5));
#3735 = CARTESIAN_POINT('',(2.73624495329,-1.223780565995,9.5));
#3736 = CARTESIAN_POINT('',(2.597757831613,-1.504178125952,9.5));
#3737 = CARTESIAN_POINT('',(2.427016736144,-1.763406575193,9.5));
#3738 = ORIENTED_EDGE('',*,*,#3739,.T.);
#3739 = EDGE_CURVE('',#3726,#3740,#3742,.T.);
#3740 = VERTEX_POINT('',#3741);
#3741 = CARTESIAN_POINT('',(0.637120024009,2.653965616524,9.5));
#3742 = B_SPLINE_CURVE_WITH_KNOTS('',6,(#3743,#3744,#3745,#3746,#3747,
    #3748,#3749,#3750,#3751,#3752,#3753,#3754,#3755,#3756,#3757,#3758,
    #3759),.UNSPECIFIED.,.F.,.F.,(7,5,5,7),(0.,0.259900292383,
    0.516061258631,1.),.UNSPECIFIED.);
#3743 = CARTESIAN_POINT('',(2.913398344165,8.78691663E-09,9.5));
#3744 = CARTESIAN_POINT('',(2.905650844318,0.163764387854,9.5));
#3745 = CARTESIAN_POINT('',(2.886836861396,0.326953506094,9.5));
#3746 = CARTESIAN_POINT('',(2.856968723842,0.488619551144,9.5));
#3747 = CARTESIAN_POINT('',(2.816165459222,0.647822619537,9.5));
#3748 = CARTESIAN_POINT('',(2.764654939713,0.803634495493,9.5));
#3749 = CARTESIAN_POINT('',(2.641787400862,1.104470537287,9.5));
#3750 = CARTESIAN_POINT('',(2.570723229052,1.249625962985,9.5));
#3751 = CARTESIAN_POINT('',(2.489909416712,1.389734917124,9.5));
#3752 = CARTESIAN_POINT('',(2.399766154081,1.523965173371,9.5));
#3753 = CARTESIAN_POINT('',(2.300809573227,1.651530721649,9.5));
#3754 = CARTESIAN_POINT('',(1.991214202203,1.99871319954,9.5));
#3755 = CARTESIAN_POINT('',(1.759411905695,2.199431191232,9.5));
#3756 = CARTESIAN_POINT('',(1.502493043106,2.368686310825,9.5));
#3757 = CARTESIAN_POINT('',(1.225701009064,2.502603418145,9.5));
#3758 = CARTESIAN_POINT('',(0.93495872873,2.598182520943,9.5));
#3759 = CARTESIAN_POINT('',(0.637120024009,2.653965616524,9.5));
#3760 = ORIENTED_EDGE('',*,*,#3761,.T.);
#3761 = EDGE_CURVE('',#3740,#3762,#3764,.T.);
#3762 = VERTEX_POINT('',#3763);
#3763 = CARTESIAN_POINT('',(-2.653962691837,0.637120694057,9.5));
#3764 = B_SPLINE_CURVE_WITH_KNOTS('',8,(#3765,#3766,#3767,#3768,#3769,
    #3770,#3771,#3772,#3773,#3774,#3775,#3776,#3777,#3778,#3779,#3780,
    #3781,#3782,#3783,#3784,#3785,#3786,#3787,#3788,#3789,#3790,#3791,
    #3792,#3793,#3794,#3795,#3796,#3797,#3798,#3799,#3800,#3801,#3802,
    #3803,#3804,#3805,#3806,#3807,#3808,#3809,#3810,#3811,#3812,#3813,
    #3814,#3815,#3816,#3817,#3818,#3819,#3820,#3821,#3822,#3823,#3824,
    #3825,#3826,#3827,#3828,#3829,#3830,#3831,#3832,#3833,#3834,#3835,
    #3836,#3837,#3838,#3839,#3840,#3841,#3842,#3843,#3844,#3845,#3846,
    #3847,#3848,#3849,#3850,#3851,#3852,#3853,#3854,#3855,#3856,#3857),
  .UNSPECIFIED.,.F.,.F.,(9,7,7,7,7,7,7,7,7,7,7,7,7,9),(0.,
    3.35317605174E-02,0.248474974472,0.353080146975,0.398800975518,
    0.499958137777,0.83328580918,0.848780142037,0.86395424532,
    0.884273651046,0.908309614337,0.936272041693,0.967219277103,1.),
  .UNSPECIFIED.);
#3765 = CARTESIAN_POINT('',(0.637120024009,2.653965616524,9.5));
#3766 = CARTESIAN_POINT('',(0.621692559305,2.656855071513,9.5));
#3767 = CARTESIAN_POINT('',(0.606112863167,2.659694841045,9.5));
#3768 = CARTESIAN_POINT('',(0.590391849681,2.662478077615,9.5));
#3769 = CARTESIAN_POINT('',(0.574539313722,2.665198678432,9.5));
#3770 = CARTESIAN_POINT('',(0.5585640218,2.667851199874,9.5));
#3771 = CARTESIAN_POINT('',(0.542473802909,2.670430771948,9.5));
#3772 = CARTESIAN_POINT('',(0.526275639367,2.672933012754,9.5));
#3773 = CARTESIAN_POINT('',(0.405491265785,2.690872439628,9.5));
#3774 = CARTESIAN_POINT('',(0.296938072992,2.703033198036,9.5));
#3775 = CARTESIAN_POINT('',(0.185776883849,2.710834536591,9.5));
#3776 = CARTESIAN_POINT('',(7.28058758845E-02,2.713838265354,9.5));
#3777 = CARTESIAN_POINT('',(-4.124068310198E-02,2.711725178645,9.5));
#3778 = CARTESIAN_POINT('',(-0.155844106794,2.704343185388,9.5));
#3779 = CARTESIAN_POINT('',(-0.270544698071,2.691582466266,9.5));
#3780 = CARTESIAN_POINT('',(-0.440679165988,2.664508534782,9.5));
#3781 = CARTESIAN_POINT('',(-0.496293488969,2.654357659876,9.5));
#3782 = CARTESIAN_POINT('',(-0.551776760286,2.642913246601,9.5));
#3783 = CARTESIAN_POINT('',(-0.607079591467,2.630173063196,9.5));
#3784 = CARTESIAN_POINT('',(-0.662154267249,2.616137809501,9.5));
#3785 = CARTESIAN_POINT('',(-0.716954487486,2.600810879954,9.5));
#3786 = CARTESIAN_POINT('',(-0.771435109048,2.584198126595,9.5));
#3787 = CARTESIAN_POINT('',(-0.849205249213,2.558488040388,9.5));
#3788 = CARTESIAN_POINT('',(-0.87278912608,2.550424354719,9.5));
#3789 = CARTESIAN_POINT('',(-0.896299842329,2.542117245011,9.5));
#3790 = CARTESIAN_POINT('',(-0.919733761427,2.53356747092,9.5));
#3791 = CARTESIAN_POINT('',(-0.943087286304,2.524775871794,9.5));
#3792 = CARTESIAN_POINT('',(-0.966356859347,2.515743366682,9.5));
#3793 = CARTESIAN_POINT('',(-0.989538962406,2.50647095433,9.5));
#3794 = CARTESIAN_POINT('',(-1.063719209558,2.47591612769,9.5));
#3795 = CARTESIAN_POINT('',(-1.114363195272,2.45370337903,9.5));
#3796 = CARTESIAN_POINT('',(-1.164524254286,2.430333191884,9.5));
#3797 = CARTESIAN_POINT('',(-1.214165606563,2.40581902436,9.5));
#3798 = CARTESIAN_POINT('',(-1.263251461108,2.380176054387,9.5));
#3799 = CARTESIAN_POINT('',(-1.311746965413,2.353421166109,9.5));
#3800 = CARTESIAN_POINT('',(-1.35961815489,2.325572936279,9.5));
#3801 = CARTESIAN_POINT('',(-1.562408117938,2.201351648067,9.5));
#3802 = CARTESIAN_POINT('',(-1.710895631394,2.094370062637,9.5));
#3803 = CARTESIAN_POINT('',(-1.851047056156,1.976450867454,9.5));
#3804 = CARTESIAN_POINT('',(-1.981801291575,1.84853299875,9.5));
#3805 = CARTESIAN_POINT('',(-2.102240745956,1.711689762505,9.5));
#3806 = CARTESIAN_POINT('',(-2.211612237028,1.567230876674,9.5));
#3807 = CARTESIAN_POINT('',(-2.309318132228,1.416631568132,9.5));
#3808 = CARTESIAN_POINT('',(-2.399058931809,1.254868763537,9.5));
#3809 = CARTESIAN_POINT('',(-2.403019292291,1.247674849604,9.5));
#3810 = CARTESIAN_POINT('',(-2.406953784915,1.240472587179,9.5));
#3811 = CARTESIAN_POINT('',(-2.410862381464,1.233262199819,9.5));
#3812 = CARTESIAN_POINT('',(-2.414745055142,1.226043915036,9.5));
#3813 = CARTESIAN_POINT('',(-2.418601780577,1.2188179643,9.5));
#3814 = CARTESIAN_POINT('',(-2.422432533817,1.211584583038,9.5));
#3815 = CARTESIAN_POINT('',(-2.429963415895,1.197253082968,9.5));
#3816 = CARTESIAN_POINT('',(-2.433664608154,1.190155258805,9.5));
#3817 = CARTESIAN_POINT('',(-2.437340847948,1.183050762918,9.5));
#3818 = CARTESIAN_POINT('',(-2.440992115538,1.175939824537,9.5));
#3819 = CARTESIAN_POINT('',(-2.444618392608,1.168822677353,9.5));
#3820 = CARTESIAN_POINT('',(-2.448219662263,1.161699559515,9.5));
#3821 = CARTESIAN_POINT('',(-2.451795909032,1.154570713632,9.5));
#3822 = CARTESIAN_POINT('',(-2.460102488735,1.137882920621,9.5));
#3823 = CARTESIAN_POINT('',(-2.464812963779,1.128319628323,9.5));
#3824 = CARTESIAN_POINT('',(-2.469478510138,1.118747101552,9.5));
#3825 = CARTESIAN_POINT('',(-2.474099099037,1.109165950488,9.5));
#3826 = CARTESIAN_POINT('',(-2.478674706792,1.099576803811,9.5));
#3827 = CARTESIAN_POINT('',(-2.483205314808,1.089980308707,9.5));
#3828 = CARTESIAN_POINT('',(-2.48769090958,1.080377130861,9.5));
#3829 = CARTESIAN_POINT('',(-2.497384266843,1.059401194323,9.5));
#3830 = CARTESIAN_POINT('',(-2.502574053777,1.048026048676,9.5));
#3831 = CARTESIAN_POINT('',(-2.507700829324,1.036643645027,9.5));
#3832 = CARTESIAN_POINT('',(-2.512764590866,1.025255162217,9.5));
#3833 = CARTESIAN_POINT('',(-2.517765347342,1.013861830425,9.5));
#3834 = CARTESIAN_POINT('',(-2.522703119245,1.002464931168,9.5));
#3835 = CARTESIAN_POINT('',(-2.527577938625,0.991065797301,9.5));
#3836 = CARTESIAN_POINT('',(-2.537987823048,0.966403551443,9.5));
#3837 = CARTESIAN_POINT('',(-2.543500655924,0.953140169245,9.5));
#3838 = CARTESIAN_POINT('',(-2.548928415982,0.939877825971,9.5));
#3839 = CARTESIAN_POINT('',(-2.554271197175,0.926618829269,9.5));
#3840 = CARTESIAN_POINT('',(-2.559529119136,0.913365634884,9.5));
#3841 = CARTESIAN_POINT('',(-2.564702327183,0.90012084666,9.5));
#3842 = CARTESIAN_POINT('',(-2.569790992312,0.886887216539,9.5));
#3843 = CARTESIAN_POINT('',(-2.580333808733,0.859036968882,9.5));
#3844 = CARTESIAN_POINT('',(-2.585768989536,0.844423617194,9.5));
#3845 = CARTESIAN_POINT('',(-2.591101121303,0.829831453017,9.5));
#3846 = CARTESIAN_POINT('',(-2.596330520484,0.815264736232,9.5));
#3847 = CARTESIAN_POINT('',(-2.60145755229,0.800728123087,9.5));
#3848 = CARTESIAN_POINT('',(-2.606482630693,0.786226666197,9.5));
#3849 = CARTESIAN_POINT('',(-2.611406218427,0.771765814544,9.5));
#3850 = CARTESIAN_POINT('',(-2.621337153876,0.742083022585,9.5));
#3851 = CARTESIAN_POINT('',(-2.626332138952,0.726866956903,9.5));
#3852 = CARTESIAN_POINT('',(-2.631214460438,0.711710174733,9.5));
#3853 = CARTESIAN_POINT('',(-2.635984811892,0.696620428555,9.5));
#3854 = CARTESIAN_POINT('',(-2.640643933752,0.681606372959,9.5));
#3855 = CARTESIAN_POINT('',(-2.645192644882,0.666677672592,9.5));
#3856 = CARTESIAN_POINT('',(-2.649631874124,0.651845110096,9.5));
#3857 = CARTESIAN_POINT('',(-2.653962691837,0.637120694057,9.5));
#3858 = ORIENTED_EDGE('',*,*,#3859,.T.);
#3859 = EDGE_CURVE('',#3762,#3860,#3862,.T.);
#3860 = VERTEX_POINT('',#3861);
#3861 = CARTESIAN_POINT('',(0.469256411923,-2.963072422535,9.5));
#3862 = B_SPLINE_CURVE_WITH_KNOTS('',6,(#3863,#3864,#3865,#3866,#3867,
    #3868,#3869,#3870,#3871,#3872,#3873,#3874,#3875,#3876,#3877,#3878,
    #3879,#3880,#3881,#3882,#3883,#3884),.UNSPECIFIED.,.F.,.F.,(7,5,5,5,
    7),(0.,0.231390576023,0.474538902629,0.729893867527,1.),
  .UNSPECIFIED.);
#3863 = CARTESIAN_POINT('',(-2.653962691837,0.637120694057,9.5));
#3864 = CARTESIAN_POINT('',(-2.714900645839,0.429936741529,9.5));
#3865 = CARTESIAN_POINT('',(-2.756182875832,0.216819891194,9.5));
#3866 = CARTESIAN_POINT('',(-2.777175818976,1.79638315283E-04,9.5));
#3867 = CARTESIAN_POINT('',(-2.777677760328,-0.217578483591,9.5));
#3868 = CARTESIAN_POINT('',(-2.757816140295,-0.434074499492,9.5));
#3869 = CARTESIAN_POINT('',(-2.676394004778,-0.870668150908,9.5));
#3870 = CARTESIAN_POINT('',(-2.612756405302,-1.090440265845,9.5));
#3871 = CARTESIAN_POINT('',(-2.527789283832,-1.303557181241,9.5));
#3872 = CARTESIAN_POINT('',(-2.422522431781,-1.507529427888,9.5));
#3873 = CARTESIAN_POINT('',(-2.298305434481,-1.700065335081,9.5));
#3874 = CARTESIAN_POINT('',(-2.008346346634,-2.067158325305,9.5));
#3875 = CARTESIAN_POINT('',(-1.84079485894,-2.24037526207,9.5));
#3876 = CARTESIAN_POINT('',(-1.65621419937,-2.396386688651,9.5));
#3877 = CARTESIAN_POINT('',(-1.456920533378,-2.533286229246,9.5));
#3878 = CARTESIAN_POINT('',(-1.245444116507,-2.649536248215,9.5));
#3879 = CARTESIAN_POINT('',(-0.790951302629,-2.844038200744,9.5));
#3880 = CARTESIAN_POINT('',(-0.546750843945,-2.919736016543,9.5));
#3881 = CARTESIAN_POINT('',(-0.295265405496,-2.969849527754,9.5));
#3882 = CARTESIAN_POINT('',(-3.984850890814E-02,-2.993756181069,9.5));
#3883 = CARTESIAN_POINT('',(0.2161365943,-2.991328684541,9.5));
#3884 = CARTESIAN_POINT('',(0.469317648137,-2.963065627435,9.5));
#3885 = ORIENTED_EDGE('',*,*,#3886,.F.);
#3886 = EDGE_CURVE('',#3728,#3860,#3887,.T.);
#3887 = CIRCLE('',#3888,3.);
#3888 = AXIS2_PLACEMENT_3D('',#3889,#3890,#3891);
#3889 = CARTESIAN_POINT('',(0.,0.,9.5));
#3890 = DIRECTION('',(0.,0.,-1.));
#3891 = DIRECTION('',(1.1E-16,1.,0.));
#3892 = PLANE('',#3893);
#3893 = AXIS2_PLACEMENT_3D('',#3894,#3895,#3896);
#3894 = CARTESIAN_POINT('',(-2.8E-16,0.,9.5));
#3895 = DIRECTION('',(-0.,-0.,-1.));
#3896 = DIRECTION('',(-1.,0.,0.));
#3897 = ADVANCED_FACE('',(#3898),#4003,.T.);
#3898 = FACE_BOUND('',#3899,.T.);
#3899 = EDGE_LOOP('',(#3900,#3901,#3909,#3915,#3916,#3924,#3932,#3940,
    #3948,#3956,#3964,#3972,#3980,#3988,#3996,#4002));
#3900 = ORIENTED_EDGE('',*,*,#3470,.T.);
#3901 = ORIENTED_EDGE('',*,*,#3902,.T.);
#3902 = EDGE_CURVE('',#3463,#3903,#3905,.T.);
#3903 = VERTEX_POINT('',#3904);
#3904 = CARTESIAN_POINT('',(6.275,-6.5,9.51));
#3905 = LINE('',#3906,#3907);
#3906 = CARTESIAN_POINT('',(6.275,6.5,9.51));
#3907 = VECTOR('',#3908,1.);
#3908 = DIRECTION('',(0.,-1.,0.));
#3909 = ORIENTED_EDGE('',*,*,#3910,.F.);
#3910 = EDGE_CURVE('',#3695,#3903,#3911,.T.);
#3911 = LINE('',#3912,#3913);
#3912 = CARTESIAN_POINT('',(6.275,-6.5,9.5));
#3913 = VECTOR('',#3914,1.);
#3914 = DIRECTION('',(0.,0.,1.));
#3915 = ORIENTED_EDGE('',*,*,#3694,.F.);
#3916 = ORIENTED_EDGE('',*,*,#3917,.T.);
#3917 = EDGE_CURVE('',#3687,#3918,#3920,.T.);
#3918 = VERTEX_POINT('',#3919);
#3919 = CARTESIAN_POINT('',(6.275,-5.,4.));
#3920 = LINE('',#3921,#3922);
#3921 = CARTESIAN_POINT('',(6.275,-5.,9.5));
#3922 = VECTOR('',#3923,1.);
#3923 = DIRECTION('',(0.,0.,-1.));
#3924 = ORIENTED_EDGE('',*,*,#3925,.F.);
#3925 = EDGE_CURVE('',#3926,#3918,#3928,.T.);
#3926 = VERTEX_POINT('',#3927);
#3927 = CARTESIAN_POINT('',(6.275,-2.75,4.));
#3928 = LINE('',#3929,#3930);
#3929 = CARTESIAN_POINT('',(6.275,5.,4.));
#3930 = VECTOR('',#3931,1.);
#3931 = DIRECTION('',(0.,-1.,0.));
#3932 = ORIENTED_EDGE('',*,*,#3933,.T.);
#3933 = EDGE_CURVE('',#3926,#3934,#3936,.T.);
#3934 = VERTEX_POINT('',#3935);
#3935 = CARTESIAN_POINT('',(6.275,-2.75,3.99));
#3936 = LINE('',#3937,#3938);
#3937 = CARTESIAN_POINT('',(6.275,-2.75,4.));
#3938 = VECTOR('',#3939,1.);
#3939 = DIRECTION('',(0.,0.,-1.));
#3940 = ORIENTED_EDGE('',*,*,#3941,.T.);
#3941 = EDGE_CURVE('',#3934,#3942,#3944,.T.);
#3942 = VERTEX_POINT('',#3943);
#3943 = CARTESIAN_POINT('',(6.275,-1.75,3.99));
#3944 = LINE('',#3945,#3946);
#3945 = CARTESIAN_POINT('',(6.275,-2.75,3.99));
#3946 = VECTOR('',#3947,1.);
#3947 = DIRECTION('',(0.,1.,0.));
#3948 = ORIENTED_EDGE('',*,*,#3949,.F.);
#3949 = EDGE_CURVE('',#3950,#3942,#3952,.T.);
#3950 = VERTEX_POINT('',#3951);
#3951 = CARTESIAN_POINT('',(6.275,-1.75,4.));
#3952 = LINE('',#3953,#3954);
#3953 = CARTESIAN_POINT('',(6.275,-1.75,4.));
#3954 = VECTOR('',#3955,1.);
#3955 = DIRECTION('',(0.,0.,-1.));
#3956 = ORIENTED_EDGE('',*,*,#3957,.F.);
#3957 = EDGE_CURVE('',#3958,#3950,#3960,.T.);
#3958 = VERTEX_POINT('',#3959);
#3959 = CARTESIAN_POINT('',(6.275,1.75,4.));
#3960 = LINE('',#3961,#3962);
#3961 = CARTESIAN_POINT('',(6.275,5.,4.));
#3962 = VECTOR('',#3963,1.);
#3963 = DIRECTION('',(0.,-1.,0.));
#3964 = ORIENTED_EDGE('',*,*,#3965,.T.);
#3965 = EDGE_CURVE('',#3958,#3966,#3968,.T.);
#3966 = VERTEX_POINT('',#3967);
#3967 = CARTESIAN_POINT('',(6.275,1.75,3.99));
#3968 = LINE('',#3969,#3970);
#3969 = CARTESIAN_POINT('',(6.275,1.75,4.));
#3970 = VECTOR('',#3971,1.);
#3971 = DIRECTION('',(0.,0.,-1.));
#3972 = ORIENTED_EDGE('',*,*,#3973,.F.);
#3973 = EDGE_CURVE('',#3974,#3966,#3976,.T.);
#3974 = VERTEX_POINT('',#3975);
#3975 = CARTESIAN_POINT('',(6.275,2.75,3.99));
#3976 = LINE('',#3977,#3978);
#3977 = CARTESIAN_POINT('',(6.275,2.75,3.99));
#3978 = VECTOR('',#3979,1.);
#3979 = DIRECTION('',(-0.,-1.,-0.));
#3980 = ORIENTED_EDGE('',*,*,#3981,.F.);
#3981 = EDGE_CURVE('',#3982,#3974,#3984,.T.);
#3982 = VERTEX_POINT('',#3983);
#3983 = CARTESIAN_POINT('',(6.275,2.75,4.));
#3984 = LINE('',#3985,#3986);
#3985 = CARTESIAN_POINT('',(6.275,2.75,4.));
#3986 = VECTOR('',#3987,1.);
#3987 = DIRECTION('',(0.,0.,-1.));
#3988 = ORIENTED_EDGE('',*,*,#3989,.F.);
#3989 = EDGE_CURVE('',#3990,#3982,#3992,.T.);
#3990 = VERTEX_POINT('',#3991);
#3991 = CARTESIAN_POINT('',(6.275,5.,4.));
#3992 = LINE('',#3993,#3994);
#3993 = CARTESIAN_POINT('',(6.275,5.,4.));
#3994 = VECTOR('',#3995,1.);
#3995 = DIRECTION('',(0.,-1.,0.));
#3996 = ORIENTED_EDGE('',*,*,#3997,.F.);
#3997 = EDGE_CURVE('',#3663,#3990,#3998,.T.);
#3998 = LINE('',#3999,#4000);
#3999 = CARTESIAN_POINT('',(6.275,5.,9.5));
#4000 = VECTOR('',#4001,1.);
#4001 = DIRECTION('',(0.,0.,-1.));
#4002 = ORIENTED_EDGE('',*,*,#3662,.F.);
#4003 = PLANE('',#4004);
#4004 = AXIS2_PLACEMENT_3D('',#4005,#4006,#4007);
#4005 = CARTESIAN_POINT('',(6.275,0.,7.225));
#4006 = DIRECTION('',(1.,0.,0.));
#4007 = DIRECTION('',(0.,0.,1.));
#4008 = ADVANCED_FACE('',(#4009),#4020,.T.);
#4009 = FACE_BOUND('',#4010,.T.);
#4010 = EDGE_LOOP('',(#4011,#4012,#4018,#4019));
#4011 = ORIENTED_EDGE('',*,*,#3910,.T.);
#4012 = ORIENTED_EDGE('',*,*,#4013,.T.);
#4013 = EDGE_CURVE('',#3903,#3495,#4014,.T.);
#4014 = LINE('',#4015,#4016);
#4015 = CARTESIAN_POINT('',(6.275,-6.5,9.51));
#4016 = VECTOR('',#4017,1.);
#4017 = DIRECTION('',(-1.,0.,0.));
#4018 = ORIENTED_EDGE('',*,*,#3492,.F.);
#4019 = ORIENTED_EDGE('',*,*,#3702,.F.);
#4020 = PLANE('',#4021);
#4021 = AXIS2_PLACEMENT_3D('',#4022,#4023,#4024);
#4022 = CARTESIAN_POINT('',(6.275,-6.5,9.5));
#4023 = DIRECTION('',(0.,-1.,0.));
#4024 = DIRECTION('',(-1.,0.,0.));
#4025 = ADVANCED_FACE('',(#4026),#4045,.T.);
#4026 = FACE_BOUND('',#4027,.F.);
#4027 = EDGE_LOOP('',(#4028,#4037,#4038,#4039));
#4028 = ORIENTED_EDGE('',*,*,#4029,.T.);
#4029 = EDGE_CURVE('',#4030,#3495,#4032,.T.);
#4030 = VERTEX_POINT('',#4031);
#4031 = CARTESIAN_POINT('',(-5.785,-6.01,10.));
#4032 = ELLIPSE('',#4033,0.692964645563,0.49);
#4033 = AXIS2_PLACEMENT_3D('',#4034,#4035,#4036);
#4034 = CARTESIAN_POINT('',(-5.785,-6.01,9.51));
#4035 = DIRECTION('',(0.707106781187,-0.707106781187,0.));
#4036 = DIRECTION('',(0.707106781187,0.707106781187,0.));
#4037 = ORIENTED_EDGE('',*,*,#3502,.T.);
#4038 = ORIENTED_EDGE('',*,*,#3619,.F.);
#4039 = ORIENTED_EDGE('',*,*,#4040,.F.);
#4040 = EDGE_CURVE('',#4030,#3620,#4041,.T.);
#4041 = LINE('',#4042,#4043);
#4042 = CARTESIAN_POINT('',(-5.785,-6.5,10.));
#4043 = VECTOR('',#4044,1.);
#4044 = DIRECTION('',(0.,1.,0.));
#4045 = CYLINDRICAL_SURFACE('',#4046,0.49);
#4046 = AXIS2_PLACEMENT_3D('',#4047,#4048,#4049);
#4047 = CARTESIAN_POINT('',(-5.785,-6.5,9.51));
#4048 = DIRECTION('',(0.,1.,0.));
#4049 = DIRECTION('',(0.,0.,1.));
#4050 = ADVANCED_FACE('',(#4051),#4069,.F.);
#4051 = FACE_BOUND('',#4052,.F.);
#4052 = EDGE_LOOP('',(#4053,#4061,#4067,#4068));
#4053 = ORIENTED_EDGE('',*,*,#4054,.T.);
#4054 = EDGE_CURVE('',#3710,#4055,#4057,.T.);
#4055 = VERTEX_POINT('',#4056);
#4056 = CARTESIAN_POINT('',(-5.775,-5.,4.));
#4057 = LINE('',#4058,#4059);
#4058 = CARTESIAN_POINT('',(-5.775,-5.,9.5));
#4059 = VECTOR('',#4060,1.);
#4060 = DIRECTION('',(-0.,-0.,-1.));
#4061 = ORIENTED_EDGE('',*,*,#4062,.T.);
#4062 = EDGE_CURVE('',#4055,#3590,#4063,.T.);
#4063 = LINE('',#4064,#4065);
#4064 = CARTESIAN_POINT('',(-5.775,-5.,4.));
#4065 = VECTOR('',#4066,1.);
#4066 = DIRECTION('',(-1.,0.,0.));
#4067 = ORIENTED_EDGE('',*,*,#3597,.F.);
#4068 = ORIENTED_EDGE('',*,*,#3709,.F.);
#4069 = PLANE('',#4070);
#4070 = AXIS2_PLACEMENT_3D('',#4071,#4072,#4073);
#4071 = CARTESIAN_POINT('',(-5.775,-5.,9.5));
#4072 = DIRECTION('',(0.,1.,0.));
#4073 = DIRECTION('',(-1.,0.,0.));
#4074 = ADVANCED_FACE('',(#4075),#4093,.T.);
#4075 = FACE_BOUND('',#4076,.T.);
#4076 = EDGE_LOOP('',(#4077,#4078,#4079,#4087));
#4077 = ORIENTED_EDGE('',*,*,#4062,.T.);
#4078 = ORIENTED_EDGE('',*,*,#3589,.T.);
#4079 = ORIENTED_EDGE('',*,*,#4080,.F.);
#4080 = EDGE_CURVE('',#4081,#3582,#4083,.T.);
#4081 = VERTEX_POINT('',#4082);
#4082 = CARTESIAN_POINT('',(-5.775,-2.75,4.));
#4083 = LINE('',#4084,#4085);
#4084 = CARTESIAN_POINT('',(-5.775,-2.75,4.));
#4085 = VECTOR('',#4086,1.);
#4086 = DIRECTION('',(-1.,3.819E-14,0.));
#4087 = ORIENTED_EDGE('',*,*,#4088,.T.);
#4088 = EDGE_CURVE('',#4081,#4055,#4089,.T.);
#4089 = LINE('',#4090,#4091);
#4090 = CARTESIAN_POINT('',(-5.775,5.,4.));
#4091 = VECTOR('',#4092,1.);
#4092 = DIRECTION('',(0.,-1.,0.));
#4093 = PLANE('',#4094);
#4094 = AXIS2_PLACEMENT_3D('',#4095,#4096,#4097);
#4095 = CARTESIAN_POINT('',(-6.025,0.,4.));
#4096 = DIRECTION('',(-0.,-0.,-1.));
#4097 = DIRECTION('',(-1.,0.,0.));
#4098 = ADVANCED_FACE('',(#4099),#4117,.F.);
#4099 = FACE_BOUND('',#4100,.F.);
#4100 = EDGE_LOOP('',(#4101,#4102,#4110,#4116));
#4101 = ORIENTED_EDGE('',*,*,#3517,.T.);
#4102 = ORIENTED_EDGE('',*,*,#4103,.T.);
#4103 = EDGE_CURVE('',#3518,#4104,#4106,.T.);
#4104 = VERTEX_POINT('',#4105);
#4105 = CARTESIAN_POINT('',(-5.775,5.,4.));
#4106 = LINE('',#4107,#4108);
#4107 = CARTESIAN_POINT('',(-6.275,5.,4.));
#4108 = VECTOR('',#4109,1.);
#4109 = DIRECTION('',(1.,0.,0.));
#4110 = ORIENTED_EDGE('',*,*,#4111,.F.);
#4111 = EDGE_CURVE('',#3653,#4104,#4112,.T.);
#4112 = LINE('',#4113,#4114);
#4113 = CARTESIAN_POINT('',(-5.775,5.,9.5));
#4114 = VECTOR('',#4115,1.);
#4115 = DIRECTION('',(-0.,-0.,-1.));
#4116 = ORIENTED_EDGE('',*,*,#3652,.F.);
#4117 = PLANE('',#4118);
#4118 = AXIS2_PLACEMENT_3D('',#4119,#4120,#4121);
#4119 = CARTESIAN_POINT('',(-6.275,5.,9.5));
#4120 = DIRECTION('',(0.,-1.,0.));
#4121 = DIRECTION('',(1.,0.,0.));
#4122 = ADVANCED_FACE('',(#4123),#4150,.T.);
#4123 = FACE_BOUND('',#4124,.F.);
#4124 = EDGE_LOOP('',(#4125,#4126,#4127,#4135,#4143));
#4125 = ORIENTED_EDGE('',*,*,#3581,.F.);
#4126 = ORIENTED_EDGE('',*,*,#4080,.F.);
#4127 = ORIENTED_EDGE('',*,*,#4128,.T.);
#4128 = EDGE_CURVE('',#4081,#4129,#4131,.T.);
#4129 = VERTEX_POINT('',#4130);
#4130 = CARTESIAN_POINT('',(-5.775,-2.75,3.5));
#4131 = LINE('',#4132,#4133);
#4132 = CARTESIAN_POINT('',(-5.775,-2.75,4.));
#4133 = VECTOR('',#4134,1.);
#4134 = DIRECTION('',(0.,0.,-1.));
#4135 = ORIENTED_EDGE('',*,*,#4136,.T.);
#4136 = EDGE_CURVE('',#4129,#4137,#4139,.T.);
#4137 = VERTEX_POINT('',#4138);
#4138 = CARTESIAN_POINT('',(-5.785,-2.75,3.5));
#4139 = LINE('',#4140,#4141);
#4140 = CARTESIAN_POINT('',(-5.775,-2.75,3.5));
#4141 = VECTOR('',#4142,1.);
#4142 = DIRECTION('',(-1.,3.819E-14,0.));
#4143 = ORIENTED_EDGE('',*,*,#4144,.T.);
#4144 = EDGE_CURVE('',#4137,#3574,#4145,.T.);
#4145 = CIRCLE('',#4146,0.49);
#4146 = AXIS2_PLACEMENT_3D('',#4147,#4148,#4149);
#4147 = CARTESIAN_POINT('',(-5.785,-2.75,3.99));
#4148 = DIRECTION('',(0.,1.,0.));
#4149 = DIRECTION('',(0.,0.,1.));
#4150 = PLANE('',#4151);
#4151 = AXIS2_PLACEMENT_3D('',#4152,#4153,#4154);
#4152 = CARTESIAN_POINT('',(-5.775,-2.75,4.));
#4153 = DIRECTION('',(-3.819E-14,-1.,-0.));
#4154 = DIRECTION('',(1.,-3.819E-14,0.));
#4155 = ADVANCED_FACE('',(#4156),#4174,.T.);
#4156 = FACE_BOUND('',#4157,.T.);
#4157 = EDGE_LOOP('',(#4158,#4159,#4160,#4168));
#4158 = ORIENTED_EDGE('',*,*,#3525,.T.);
#4159 = ORIENTED_EDGE('',*,*,#4103,.T.);
#4160 = ORIENTED_EDGE('',*,*,#4161,.T.);
#4161 = EDGE_CURVE('',#4104,#4162,#4164,.T.);
#4162 = VERTEX_POINT('',#4163);
#4163 = CARTESIAN_POINT('',(-5.775,2.75,4.));
#4164 = LINE('',#4165,#4166);
#4165 = CARTESIAN_POINT('',(-5.775,5.,4.));
#4166 = VECTOR('',#4167,1.);
#4167 = DIRECTION('',(0.,-1.,0.));
#4168 = ORIENTED_EDGE('',*,*,#4169,.T.);
#4169 = EDGE_CURVE('',#4162,#3526,#4170,.T.);
#4170 = LINE('',#4171,#4172);
#4171 = CARTESIAN_POINT('',(-5.775,2.75,4.));
#4172 = VECTOR('',#4173,1.);
#4173 = DIRECTION('',(-1.,-3.819E-14,0.));
#4174 = PLANE('',#4175);
#4175 = AXIS2_PLACEMENT_3D('',#4176,#4177,#4178);
#4176 = CARTESIAN_POINT('',(-6.025,0.,4.));
#4177 = DIRECTION('',(-0.,-0.,-1.));
#4178 = DIRECTION('',(-1.,0.,0.));
#4179 = ADVANCED_FACE('',(#4180),#4199,.T.);
#4180 = FACE_BOUND('',#4181,.T.);
#4181 = EDGE_LOOP('',(#4182,#4183,#4184,#4193));
#4182 = ORIENTED_EDGE('',*,*,#4144,.T.);
#4183 = ORIENTED_EDGE('',*,*,#3573,.T.);
#4184 = ORIENTED_EDGE('',*,*,#4185,.F.);
#4185 = EDGE_CURVE('',#4186,#3566,#4188,.T.);
#4186 = VERTEX_POINT('',#4187);
#4187 = CARTESIAN_POINT('',(-5.785,-1.75,3.5));
#4188 = CIRCLE('',#4189,0.49);
#4189 = AXIS2_PLACEMENT_3D('',#4190,#4191,#4192);
#4190 = CARTESIAN_POINT('',(-5.785,-1.75,3.99));
#4191 = DIRECTION('',(0.,1.,0.));
#4192 = DIRECTION('',(0.,0.,1.));
#4193 = ORIENTED_EDGE('',*,*,#4194,.F.);
#4194 = EDGE_CURVE('',#4137,#4186,#4195,.T.);
#4195 = LINE('',#4196,#4197);
#4196 = CARTESIAN_POINT('',(-5.785,-2.75,3.5));
#4197 = VECTOR('',#4198,1.);
#4198 = DIRECTION('',(0.,1.,0.));
#4199 = CYLINDRICAL_SURFACE('',#4200,0.49);
#4200 = AXIS2_PLACEMENT_3D('',#4201,#4202,#4203);
#4201 = CARTESIAN_POINT('',(-5.785,-2.75,3.99));
#4202 = DIRECTION('',(0.,1.,0.));
#4203 = DIRECTION('',(0.,0.,-1.));
#4204 = ADVANCED_FACE('',(#4205),#4232,.T.);
#4205 = FACE_BOUND('',#4206,.T.);
#4206 = EDGE_LOOP('',(#4207,#4208,#4209,#4217,#4225));
#4207 = ORIENTED_EDGE('',*,*,#3533,.F.);
#4208 = ORIENTED_EDGE('',*,*,#4169,.F.);
#4209 = ORIENTED_EDGE('',*,*,#4210,.T.);
#4210 = EDGE_CURVE('',#4162,#4211,#4213,.T.);
#4211 = VERTEX_POINT('',#4212);
#4212 = CARTESIAN_POINT('',(-5.775,2.75,3.5));
#4213 = LINE('',#4214,#4215);
#4214 = CARTESIAN_POINT('',(-5.775,2.75,4.));
#4215 = VECTOR('',#4216,1.);
#4216 = DIRECTION('',(-0.,-0.,-1.));
#4217 = ORIENTED_EDGE('',*,*,#4218,.T.);
#4218 = EDGE_CURVE('',#4211,#4219,#4221,.T.);
#4219 = VERTEX_POINT('',#4220);
#4220 = CARTESIAN_POINT('',(-5.785,2.75,3.5));
#4221 = LINE('',#4222,#4223);
#4222 = CARTESIAN_POINT('',(-5.775,2.75,3.5));
#4223 = VECTOR('',#4224,1.);
#4224 = DIRECTION('',(-1.,-3.819E-14,0.));
#4225 = ORIENTED_EDGE('',*,*,#4226,.T.);
#4226 = EDGE_CURVE('',#4219,#3534,#4227,.T.);
#4227 = CIRCLE('',#4228,0.49);
#4228 = AXIS2_PLACEMENT_3D('',#4229,#4230,#4231);
#4229 = CARTESIAN_POINT('',(-5.785,2.75,3.99));
#4230 = DIRECTION('',(0.,1.,0.));
#4231 = DIRECTION('',(0.,0.,-1.));
#4232 = PLANE('',#4233);
#4233 = AXIS2_PLACEMENT_3D('',#4234,#4235,#4236);
#4234 = CARTESIAN_POINT('',(-5.775,2.75,4.));
#4235 = DIRECTION('',(-3.819E-14,1.,0.));
#4236 = DIRECTION('',(-1.,-3.819E-14,0.));
#4237 = ADVANCED_FACE('',(#4238),#4264,.T.);
#4238 = FACE_BOUND('',#4239,.F.);
#4239 = EDGE_LOOP('',(#4240,#4241,#4242,#4250,#4258));
#4240 = ORIENTED_EDGE('',*,*,#3565,.T.);
#4241 = ORIENTED_EDGE('',*,*,#4185,.F.);
#4242 = ORIENTED_EDGE('',*,*,#4243,.T.);
#4243 = EDGE_CURVE('',#4186,#4244,#4246,.T.);
#4244 = VERTEX_POINT('',#4245);
#4245 = CARTESIAN_POINT('',(-5.775,-1.75,3.5));
#4246 = LINE('',#4247,#4248);
#4247 = CARTESIAN_POINT('',(-6.275,-1.75,3.5));
#4248 = VECTOR('',#4249,1.);
#4249 = DIRECTION('',(1.,0.,0.));
#4250 = ORIENTED_EDGE('',*,*,#4251,.F.);
#4251 = EDGE_CURVE('',#4252,#4244,#4254,.T.);
#4252 = VERTEX_POINT('',#4253);
#4253 = CARTESIAN_POINT('',(-5.775,-1.75,4.));
#4254 = LINE('',#4255,#4256);
#4255 = CARTESIAN_POINT('',(-5.775,-1.75,4.));
#4256 = VECTOR('',#4257,1.);
#4257 = DIRECTION('',(0.,0.,-1.));
#4258 = ORIENTED_EDGE('',*,*,#4259,.F.);
#4259 = EDGE_CURVE('',#3558,#4252,#4260,.T.);
#4260 = LINE('',#4261,#4262);
#4261 = CARTESIAN_POINT('',(-6.275,-1.75,4.));
#4262 = VECTOR('',#4263,1.);
#4263 = DIRECTION('',(1.,0.,0.));
#4264 = PLANE('',#4265);
#4265 = AXIS2_PLACEMENT_3D('',#4266,#4267,#4268);
#4266 = CARTESIAN_POINT('',(-6.275,-1.75,4.));
#4267 = DIRECTION('',(0.,1.,0.));
#4268 = DIRECTION('',(-1.,-0.,-0.));
#4269 = ADVANCED_FACE('',(#4270),#4289,.T.);
#4270 = FACE_BOUND('',#4271,.F.);
#4271 = EDGE_LOOP('',(#4272,#4273,#4274,#4283));
#4272 = ORIENTED_EDGE('',*,*,#4226,.T.);
#4273 = ORIENTED_EDGE('',*,*,#3541,.T.);
#4274 = ORIENTED_EDGE('',*,*,#4275,.F.);
#4275 = EDGE_CURVE('',#4276,#3542,#4278,.T.);
#4276 = VERTEX_POINT('',#4277);
#4277 = CARTESIAN_POINT('',(-5.785,1.75,3.5));
#4278 = CIRCLE('',#4279,0.49);
#4279 = AXIS2_PLACEMENT_3D('',#4280,#4281,#4282);
#4280 = CARTESIAN_POINT('',(-5.785,1.75,3.99));
#4281 = DIRECTION('',(0.,1.,0.));
#4282 = DIRECTION('',(0.,0.,-1.));
#4283 = ORIENTED_EDGE('',*,*,#4284,.F.);
#4284 = EDGE_CURVE('',#4219,#4276,#4285,.T.);
#4285 = LINE('',#4286,#4287);
#4286 = CARTESIAN_POINT('',(-5.785,2.75,3.5));
#4287 = VECTOR('',#4288,1.);
#4288 = DIRECTION('',(0.,-1.,0.));
#4289 = CYLINDRICAL_SURFACE('',#4290,0.49);
#4290 = AXIS2_PLACEMENT_3D('',#4291,#4292,#4293);
#4291 = CARTESIAN_POINT('',(-5.785,2.75,3.99));
#4292 = DIRECTION('',(0.,-1.,0.));
#4293 = DIRECTION('',(-0.,-0.,-1.));
#4294 = ADVANCED_FACE('',(#4295),#4313,.T.);
#4295 = FACE_BOUND('',#4296,.T.);
#4296 = EDGE_LOOP('',(#4297,#4298,#4299,#4307));
#4297 = ORIENTED_EDGE('',*,*,#4259,.F.);
#4298 = ORIENTED_EDGE('',*,*,#3557,.T.);
#4299 = ORIENTED_EDGE('',*,*,#4300,.T.);
#4300 = EDGE_CURVE('',#3550,#4301,#4303,.T.);
#4301 = VERTEX_POINT('',#4302);
#4302 = CARTESIAN_POINT('',(-5.775,1.75,4.));
#4303 = LINE('',#4304,#4305);
#4304 = CARTESIAN_POINT('',(-6.275,1.75,4.));
#4305 = VECTOR('',#4306,1.);
#4306 = DIRECTION('',(1.,0.,0.));
#4307 = ORIENTED_EDGE('',*,*,#4308,.T.);
#4308 = EDGE_CURVE('',#4301,#4252,#4309,.T.);
#4309 = LINE('',#4310,#4311);
#4310 = CARTESIAN_POINT('',(-5.775,5.,4.));
#4311 = VECTOR('',#4312,1.);
#4312 = DIRECTION('',(0.,-1.,0.));
#4313 = PLANE('',#4314);
#4314 = AXIS2_PLACEMENT_3D('',#4315,#4316,#4317);
#4315 = CARTESIAN_POINT('',(-6.025,0.,4.));
#4316 = DIRECTION('',(-0.,-0.,-1.));
#4317 = DIRECTION('',(-1.,0.,0.));
#4318 = ADVANCED_FACE('',(#4319),#4338,.T.);
#4319 = FACE_BOUND('',#4320,.T.);
#4320 = EDGE_LOOP('',(#4321,#4322,#4323,#4331,#4337));
#4321 = ORIENTED_EDGE('',*,*,#3549,.T.);
#4322 = ORIENTED_EDGE('',*,*,#4275,.F.);
#4323 = ORIENTED_EDGE('',*,*,#4324,.T.);
#4324 = EDGE_CURVE('',#4276,#4325,#4327,.T.);
#4325 = VERTEX_POINT('',#4326);
#4326 = CARTESIAN_POINT('',(-5.775,1.75,3.5));
#4327 = LINE('',#4328,#4329);
#4328 = CARTESIAN_POINT('',(-6.275,1.75,3.5));
#4329 = VECTOR('',#4330,1.);
#4330 = DIRECTION('',(1.,0.,0.));
#4331 = ORIENTED_EDGE('',*,*,#4332,.F.);
#4332 = EDGE_CURVE('',#4301,#4325,#4333,.T.);
#4333 = LINE('',#4334,#4335);
#4334 = CARTESIAN_POINT('',(-5.775,1.75,4.));
#4335 = VECTOR('',#4336,1.);
#4336 = DIRECTION('',(-0.,-0.,-1.));
#4337 = ORIENTED_EDGE('',*,*,#4300,.F.);
#4338 = PLANE('',#4339);
#4339 = AXIS2_PLACEMENT_3D('',#4340,#4341,#4342);
#4340 = CARTESIAN_POINT('',(-6.275,1.75,4.));
#4341 = DIRECTION('',(0.,-1.,0.));
#4342 = DIRECTION('',(1.,0.,0.));
#4343 = ADVANCED_FACE('',(#4344,#4362),#4532,.F.);
#4344 = FACE_BOUND('',#4345,.F.);
#4345 = EDGE_LOOP('',(#4346,#4347,#4348,#4356));
#4346 = ORIENTED_EDGE('',*,*,#4040,.T.);
#4347 = ORIENTED_EDGE('',*,*,#3628,.T.);
#4348 = ORIENTED_EDGE('',*,*,#4349,.T.);
#4349 = EDGE_CURVE('',#3629,#4350,#4352,.T.);
#4350 = VERTEX_POINT('',#4351);
#4351 = CARTESIAN_POINT('',(5.785,-6.01,10.));
#4352 = LINE('',#4353,#4354);
#4353 = CARTESIAN_POINT('',(5.785,6.5,10.));
#4354 = VECTOR('',#4355,1.);
#4355 = DIRECTION('',(0.,-1.,0.));
#4356 = ORIENTED_EDGE('',*,*,#4357,.T.);
#4357 = EDGE_CURVE('',#4350,#4030,#4358,.T.);
#4358 = LINE('',#4359,#4360);
#4359 = CARTESIAN_POINT('',(6.275,-6.01,10.));
#4360 = VECTOR('',#4361,1.);
#4361 = DIRECTION('',(-1.,0.,0.));
#4362 = FACE_BOUND('',#4363,.F.);
#4363 = EDGE_LOOP('',(#4364,#4378,#4400,#4498,#4525));
#4364 = ORIENTED_EDGE('',*,*,#4365,.F.);
#4365 = EDGE_CURVE('',#4366,#4368,#4370,.T.);
#4366 = VERTEX_POINT('',#4367);
#4367 = CARTESIAN_POINT('',(2.913398786429,1.3180235E-08,10.));
#4368 = VERTEX_POINT('',#4369);
#4369 = CARTESIAN_POINT('',(2.427043408617,-1.763366185404,10.));
#4370 = B_SPLINE_CURVE_WITH_KNOTS('',6,(#4371,#4372,#4373,#4374,#4375,
    #4376,#4377),.UNSPECIFIED.,.F.,.F.,(7,7),(0.,1.),
  .PIECEWISE_BEZIER_KNOTS.);
#4371 = CARTESIAN_POINT('',(2.913398786429,1.318026843E-08,10.));
#4372 = CARTESIAN_POINT('',(2.92802282078,-0.309121197808,10.));
#4373 = CARTESIAN_POINT('',(2.903222237916,-0.620400677387,10.));
#4374 = CARTESIAN_POINT('',(2.838832432853,-0.927309484801,10.));
#4375 = CARTESIAN_POINT('',(2.73624104908,-1.223792423329,10.));
#4376 = CARTESIAN_POINT('',(2.597751056712,-1.504192124964,10.));
#4377 = CARTESIAN_POINT('',(2.427006590342,-1.763422087511,10.));
#4378 = ORIENTED_EDGE('',*,*,#4379,.T.);
#4379 = EDGE_CURVE('',#4366,#4380,#4382,.T.);
#4380 = VERTEX_POINT('',#4381);
#4381 = CARTESIAN_POINT('',(0.637102832221,2.65397011235,10.));
#4382 = B_SPLINE_CURVE_WITH_KNOTS('',6,(#4383,#4384,#4385,#4386,#4387,
    #4388,#4389,#4390,#4391,#4392,#4393,#4394,#4395,#4396,#4397,#4398,
    #4399),.UNSPECIFIED.,.F.,.F.,(7,5,5,7),(0.,0.259899837183,
    0.516060360064,1.),.UNSPECIFIED.);
#4383 = CARTESIAN_POINT('',(2.913398786429,1.318022291E-08,10.));
#4384 = CARTESIAN_POINT('',(2.905651296479,0.163764926405,10.));
#4385 = CARTESIAN_POINT('',(2.886837253133,0.326954577849,10.));
#4386 = CARTESIAN_POINT('',(2.85696898489,0.48862114616,10.));
#4387 = CARTESIAN_POINT('',(2.816165520698,0.647824719055,10.));
#4388 = CARTESIAN_POINT('',(2.76465473546,0.803637072174,10.));
#4389 = CARTESIAN_POINT('',(2.641786544463,1.104473993771,10.));
#4390 = CARTESIAN_POINT('',(2.570721987535,1.249629823078,10.));
#4391 = CARTESIAN_POINT('',(2.489907733255,1.389739138187,10.));
#4392 = CARTESIAN_POINT('',(2.399763976928,1.523969705465,10.));
#4393 = CARTESIAN_POINT('',(2.300806856792,1.651535508295,10.));
#4394 = CARTESIAN_POINT('',(1.991209090746,1.998719356375,10.));
#4395 = CARTESIAN_POINT('',(1.759404626701,2.199438117849,10.));
#4396 = CARTESIAN_POINT('',(1.502483344342,2.368693499748,10.));
#4397 = CARTESIAN_POINT('',(1.225688759582,2.50261030427,10.));
#4398 = CARTESIAN_POINT('',(0.934943930871,2.598188504508,10.));
#4399 = CARTESIAN_POINT('',(0.637102832221,2.65397011235,10.));
#4400 = ORIENTED_EDGE('',*,*,#4401,.T.);
#4401 = EDGE_CURVE('',#4380,#4402,#4404,.T.);
#4402 = VERTEX_POINT('',#4403);
#4403 = CARTESIAN_POINT('',(-2.65396742007,0.637103558107,10.));
#4404 = B_SPLINE_CURVE_WITH_KNOTS('',8,(#4405,#4406,#4407,#4408,#4409,
    #4410,#4411,#4412,#4413,#4414,#4415,#4416,#4417,#4418,#4419,#4420,
    #4421,#4422,#4423,#4424,#4425,#4426,#4427,#4428,#4429,#4430,#4431,
    #4432,#4433,#4434,#4435,#4436,#4437,#4438,#4439,#4440,#4441,#4442,
    #4443,#4444,#4445,#4446,#4447,#4448,#4449,#4450,#4451,#4452,#4453,
    #4454,#4455,#4456,#4457,#4458,#4459,#4460,#4461,#4462,#4463,#4464,
    #4465,#4466,#4467,#4468,#4469,#4470,#4471,#4472,#4473,#4474,#4475,
    #4476,#4477,#4478,#4479,#4480,#4481,#4482,#4483,#4484,#4485,#4486,
    #4487,#4488,#4489,#4490,#4491,#4492,#4493,#4494,#4495,#4496,#4497),
  .UNSPECIFIED.,.F.,.F.,(9,7,7,7,7,7,7,7,7,7,7,7,7,9),(0.,
    3.353182541781E-02,0.248475310148,0.353080547517,0.398801393369,
    0.499958571718,0.833286071968,0.848780386871,0.863954471472,
    0.884273850386,0.908309779137,0.936272162138,0.967219342727,1.),
  .UNSPECIFIED.);
#4405 = CARTESIAN_POINT('',(0.637102832221,2.65397011235,10.));
#4406 = CARTESIAN_POINT('',(0.621675298041,2.656859480065,10.));
#4407 = CARTESIAN_POINT('',(0.60609553337,2.65969916047,10.));
#4408 = CARTESIAN_POINT('',(0.59037445227,2.662482306158,10.));
#4409 = CARTESIAN_POINT('',(0.574521849595,2.665202814422,10.));
#4410 = CARTESIAN_POINT('',(0.558546491843,2.667855241718,10.));
#4411 = CARTESIAN_POINT('',(0.542456207994,2.670434718122,10.));
#4412 = CARTESIAN_POINT('',(0.526257980362,2.672936861792,10.));
#4413 = CARTESIAN_POINT('',(0.405473208864,2.690875547933,10.));
#4414 = CARTESIAN_POINT('',(0.296919721443,2.703035611561,10.));
#4415 = CARTESIAN_POINT('',(0.185758275573,2.710836217256,10.));
#4416 = CARTESIAN_POINT('',(7.278704979993E-02,2.713839181677,10.));
#4417 = CARTESIAN_POINT('',(-4.125968790142E-02,2.711725305238,10.));
#4418 = CARTESIAN_POINT('',(-0.155863249652,2.704342500682,10.));
#4419 = CARTESIAN_POINT('',(-0.270563936569,2.691580952435,10.));
#4420 = CARTESIAN_POINT('',(-0.440698443913,2.664505772624,10.));
#4421 = CARTESIAN_POINT('',(-0.496312745567,2.654354491214,10.));
#4422 = CARTESIAN_POINT('',(-0.55179598525,2.642909670195,10.));
#4423 = CARTESIAN_POINT('',(-0.607098774459,2.630169078226,10.));
#4424 = CARTESIAN_POINT('',(-0.662173397911,2.616133415547,10.));
#4425 = CARTESIAN_POINT('',(-0.716973555452,2.600806076991,10.));
#4426 = CARTESIAN_POINT('',(-0.771454103952,2.58419291498,10.));
#4427 = CARTESIAN_POINT('',(-0.849224118535,2.558482244461,10.));
#4428 = CARTESIAN_POINT('',(-0.872807951287,2.550418382649,10.));
#4429 = CARTESIAN_POINT('',(-0.896318621482,2.54211109709,10.));
#4430 = CARTESIAN_POINT('',(-0.919752492591,2.533561147467,10.));
#4431 = CARTESIAN_POINT('',(-0.943105967548,2.524769373161,10.));
#4432 = CARTESIAN_POINT('',(-0.966375488745,2.515736693252,10.));
#4433 = CARTESIAN_POINT('',(-0.989557538039,2.506464106514,10.));
#4434 = CARTESIAN_POINT('',(-1.063737595107,2.475908725699,10.));
#4435 = CARTESIAN_POINT('',(-1.114381437244,2.453695599483,10.));
#4436 = CARTESIAN_POINT('',(-1.164542343602,2.430325037773,10.));
#4437 = CARTESIAN_POINT('',(-1.214183534244,2.405810498984,10.));
#4438 = CARTESIAN_POINT('',(-1.26326921829,2.380167161346,10.));
#4439 = CARTESIAN_POINT('',(-1.311764543353,2.353411909298,10.));
#4440 = CARTESIAN_POINT('',(-1.359635544982,2.325563319882,10.));
#4441 = CARTESIAN_POINT('',(-1.562424560232,2.201340570492,10.));
#4442 = CARTESIAN_POINT('',(-1.710911239532,2.094357942966,10.));
#4443 = CARTESIAN_POINT('',(-1.851061755607,1.976437778689,10.));
#4444 = CARTESIAN_POINT('',(-1.981815016661,1.848519021429,10.));
#4445 = CARTESIAN_POINT('',(-2.102253440399,1.711674983383,10.));
#4446 = CARTESIAN_POINT('',(-2.211623855456,1.567215388609,10.));
#4447 = CARTESIAN_POINT('',(-2.309328641146,1.416615468674,10.));
#4448 = CARTESIAN_POINT('',(-2.399068259773,1.25485213862,10.));
#4449 = CARTESIAN_POINT('',(-2.403028565337,1.247658206016,10.));
#4450 = CARTESIAN_POINT('',(-2.406963003043,1.240455925159,10.));
#4451 = CARTESIAN_POINT('',(-2.410871544673,1.233245519608,10.));
#4452 = CARTESIAN_POINT('',(-2.414754163436,1.226027216874,10.));
#4453 = CARTESIAN_POINT('',(-2.418610833958,1.218801248428,10.));
#4454 = CARTESIAN_POINT('',(-2.422441532292,1.211567849698,10.));
#4455 = CARTESIAN_POINT('',(-2.429972305438,1.197236316046,10.));
#4456 = CARTESIAN_POINT('',(-2.433673443674,1.190138475761,10.));
#4457 = CARTESIAN_POINT('',(-2.437349629458,1.183033963985,10.));
#4458 = CARTESIAN_POINT('',(-2.441000843053,1.175923009949,10.));
#4459 = CARTESIAN_POINT('',(-2.444627066143,1.168805847345,10.));
#4460 = CARTESIAN_POINT('',(-2.448228281836,1.161682714322,10.));
#4461 = CARTESIAN_POINT('',(-2.451804474665,1.15455385349,10.));
#4462 = CARTESIAN_POINT('',(-2.460110927825,1.137866026907,10.));
#4463 = CARTESIAN_POINT('',(-2.464821330293,1.128302716176,10.));
#4464 = CARTESIAN_POINT('',(-2.469486804128,1.118730171399,10.));
#4465 = CARTESIAN_POINT('',(-2.474107320559,1.109149002757,10.));
#4466 = CARTESIAN_POINT('',(-2.478682855906,1.099559838931,10.));
#4467 = CARTESIAN_POINT('',(-2.48321339158,1.089963327109,10.));
#4468 = CARTESIAN_POINT('',(-2.48769891408,1.080360132978,10.));
#4469 = CARTESIAN_POINT('',(-2.497392113128,1.059384163175,10.));
#4470 = CARTESIAN_POINT('',(-2.502581814164,1.048009000723,10.));
#4471 = CARTESIAN_POINT('',(-2.50770850394,1.036626580882,10.));
#4472 = CARTESIAN_POINT('',(-2.512772179849,1.025238082495,10.));
#4473 = CARTESIAN_POINT('',(-2.517772850837,1.013844735743,10.));
#4474 = CARTESIAN_POINT('',(-2.522710537408,1.002447822149,10.));
#4475 = CARTESIAN_POINT('',(-2.52758527162,0.991048674569,10.));
#4476 = CARTESIAN_POINT('',(-2.537994971335,0.966386402386,10.));
#4477 = CARTESIAN_POINT('',(-2.543507704757,0.953123007798,10.));
#4478 = CARTESIAN_POINT('',(-2.548935365639,0.939860652993,10.));
#4479 = CARTESIAN_POINT('',(-2.554278047947,0.926601645623,10.));
#4480 = CARTESIAN_POINT('',(-2.559535871332,0.913348441442,10.));
#4481 = CARTESIAN_POINT('',(-2.564708981129,0.9001036443,10.));
#4482 = CARTESIAN_POINT('',(-2.569797548353,0.886870006152,10.));
#4483 = CARTESIAN_POINT('',(-2.580340158255,0.859019746187,10.));
#4484 = CARTESIAN_POINT('',(-2.585775230565,0.844406390417,10.));
#4485 = CARTESIAN_POINT('',(-2.591107254349,0.829814223265,10.));
#4486 = CARTESIAN_POINT('',(-2.596336546085,0.815247504628,10.));
#4487 = CARTESIAN_POINT('',(-2.601463471014,0.800710890769,10.));
#4488 = CARTESIAN_POINT('',(-2.606488443141,0.786209434325,10.));
#4489 = CARTESIAN_POINT('',(-2.611411925234,0.7717485843,10.));
#4490 = CARTESIAN_POINT('',(-2.621342643346,0.742065801702,10.));
#4491 = CARTESIAN_POINT('',(-2.626337516862,0.726849743877,10.));
#4492 = CARTESIAN_POINT('',(-2.631219727637,0.711692970925,10.));
#4493 = CARTESIAN_POINT('',(-2.635989969278,0.696603235357,10.));
#4494 = CARTESIAN_POINT('',(-2.640648982274,0.681589191801,10.));
#4495 = CARTESIAN_POINT('',(-2.645197585547,0.66666050495,10.));
#4496 = CARTESIAN_POINT('',(-2.649636708002,0.651827957503,10.));
#4497 = CARTESIAN_POINT('',(-2.65396742007,0.637103558107,10.));
#4498 = ORIENTED_EDGE('',*,*,#4499,.T.);
#4499 = EDGE_CURVE('',#4402,#4500,#4502,.T.);
#4500 = VERTEX_POINT('',#4501);
#4501 = CARTESIAN_POINT('',(0.469237139904,-2.963075476373,10.));
#4502 = B_SPLINE_CURVE_WITH_KNOTS('',6,(#4503,#4504,#4505,#4506,#4507,
    #4508,#4509,#4510,#4511,#4512,#4513,#4514,#4515,#4516,#4517,#4518,
    #4519,#4520,#4521,#4522,#4523,#4524),.UNSPECIFIED.,.F.,.F.,(7,5,5,5,
    7),(0.,0.231390566163,0.474538889052,0.729893857018,1.),
  .UNSPECIFIED.);
#4503 = CARTESIAN_POINT('',(-2.65396742007,0.637103558107,10.));
#4504 = CARTESIAN_POINT('',(-2.714903909223,0.429919766086,10.));
#4505 = CARTESIAN_POINT('',(-2.756184744469,0.216803232156,10.));
#4506 = CARTESIAN_POINT('',(-2.777176383856,1.634354288309E-04,10.));
#4507 = CARTESIAN_POINT('',(-2.777677128316,-0.217594109373,10.));
#4508 = CARTESIAN_POINT('',(-2.757814430569,-0.434089447751,10.));
#4509 = CARTESIAN_POINT('',(-2.676390343444,-0.87068155602,10.));
#4510 = CARTESIAN_POINT('',(-2.612751881957,-1.090452796243,10.));
#4511 = CARTESIAN_POINT('',(-2.52778404601,-1.303568775742,10.));
#4512 = CARTESIAN_POINT('',(-2.422516629802,-1.507540050603,10.));
#4513 = CARTESIAN_POINT('',(-2.298299217236,-1.700074974889,10.));
#4514 = CARTESIAN_POINT('',(-2.008339564592,-2.067165980885,10.));
#4515 = CARTESIAN_POINT('',(-1.840787941279,-2.240381916009,10.));
#4516 = CARTESIAN_POINT('',(-1.656207294024,-2.396392380583,10.));
#4517 = CARTESIAN_POINT('',(-1.456913775144,-2.533291021818,10.));
#4518 = CARTESIAN_POINT('',(-1.245437623665,-2.64954022403,10.));
#4519 = CARTESIAN_POINT('',(-0.790945549601,-2.844040700255,10.));
#4520 = CARTESIAN_POINT('',(-0.546745577213,-2.919737866301,10.));
#4521 = CARTESIAN_POINT('',(-0.29526070969,-2.969850854076,10.));
#4522 = CARTESIAN_POINT('',(-3.984444212255E-02,-2.993757121067,10.));
#4523 = CARTESIAN_POINT('',(0.216140001516,-2.991329381144,10.));
#4524 = CARTESIAN_POINT('',(0.469320393995,-2.963066222033,10.));
#4525 = ORIENTED_EDGE('',*,*,#4526,.F.);
#4526 = EDGE_CURVE('',#4368,#4500,#4527,.T.);
#4527 = CIRCLE('',#4528,3.);
#4528 = AXIS2_PLACEMENT_3D('',#4529,#4530,#4531);
#4529 = CARTESIAN_POINT('',(0.,0.,10.));
#4530 = DIRECTION('',(0.,0.,-1.));
#4531 = DIRECTION('',(1.1E-16,1.,0.));
#4532 = PLANE('',#4533);
#4533 = AXIS2_PLACEMENT_3D('',#4534,#4535,#4536);
#4534 = CARTESIAN_POINT('',(-2.8E-16,0.,10.));
#4535 = DIRECTION('',(-0.,-0.,-1.));
#4536 = DIRECTION('',(-1.,0.,0.));
#4537 = ADVANCED_FACE('',(#4538),#4550,.T.);
#4538 = FACE_BOUND('',#4539,.F.);
#4539 = EDGE_LOOP('',(#4540,#4541,#4542,#4549));
#4540 = ORIENTED_EDGE('',*,*,#3636,.T.);
#4541 = ORIENTED_EDGE('',*,*,#3902,.T.);
#4542 = ORIENTED_EDGE('',*,*,#4543,.F.);
#4543 = EDGE_CURVE('',#4350,#3903,#4544,.T.);
#4544 = ELLIPSE('',#4545,0.692964645563,0.49);
#4545 = AXIS2_PLACEMENT_3D('',#4546,#4547,#4548);
#4546 = CARTESIAN_POINT('',(5.785,-6.01,9.51));
#4547 = DIRECTION('',(0.707106781187,0.707106781187,-0.));
#4548 = DIRECTION('',(-0.707106781187,0.707106781187,0.));
#4549 = ORIENTED_EDGE('',*,*,#4349,.F.);
#4550 = CYLINDRICAL_SURFACE('',#4551,0.49);
#4551 = AXIS2_PLACEMENT_3D('',#4552,#4553,#4554);
#4552 = CARTESIAN_POINT('',(5.785,6.5,9.51));
#4553 = DIRECTION('',(0.,-1.,0.));
#4554 = DIRECTION('',(0.,0.,1.));
#4555 = ADVANCED_FACE('',(#4556),#4576,.F.);
#4556 = FACE_BOUND('',#4557,.F.);
#4557 = EDGE_LOOP('',(#4558,#4559,#4560,#4566,#4567,#4573,#4574,#4575));
#4558 = ORIENTED_EDGE('',*,*,#4111,.T.);
#4559 = ORIENTED_EDGE('',*,*,#4161,.T.);
#4560 = ORIENTED_EDGE('',*,*,#4561,.T.);
#4561 = EDGE_CURVE('',#4162,#4301,#4562,.T.);
#4562 = LINE('',#4563,#4564);
#4563 = CARTESIAN_POINT('',(-5.775,5.,4.));
#4564 = VECTOR('',#4565,1.);
#4565 = DIRECTION('',(0.,-1.,0.));
#4566 = ORIENTED_EDGE('',*,*,#4308,.T.);
#4567 = ORIENTED_EDGE('',*,*,#4568,.T.);
#4568 = EDGE_CURVE('',#4252,#4081,#4569,.T.);
#4569 = LINE('',#4570,#4571);
#4570 = CARTESIAN_POINT('',(-5.775,5.,4.));
#4571 = VECTOR('',#4572,1.);
#4572 = DIRECTION('',(0.,-1.,0.));
#4573 = ORIENTED_EDGE('',*,*,#4088,.T.);
#4574 = ORIENTED_EDGE('',*,*,#4054,.F.);
#4575 = ORIENTED_EDGE('',*,*,#3717,.F.);
#4576 = PLANE('',#4577);
#4577 = AXIS2_PLACEMENT_3D('',#4578,#4579,#4580);
#4578 = CARTESIAN_POINT('',(-5.775,5.,9.5));
#4579 = DIRECTION('',(-1.,0.,0.));
#4580 = DIRECTION('',(0.,-1.,0.));
#4581 = ADVANCED_FACE('',(#4582),#4600,.F.);
#4582 = FACE_BOUND('',#4583,.F.);
#4583 = EDGE_LOOP('',(#4584,#4592,#4598,#4599));
#4584 = ORIENTED_EDGE('',*,*,#4585,.T.);
#4585 = EDGE_CURVE('',#3671,#4586,#4588,.T.);
#4586 = VERTEX_POINT('',#4587);
#4587 = CARTESIAN_POINT('',(5.775,5.,4.));
#4588 = LINE('',#4589,#4590);
#4589 = CARTESIAN_POINT('',(5.775,5.,9.5));
#4590 = VECTOR('',#4591,1.);
#4591 = DIRECTION('',(0.,0.,-1.));
#4592 = ORIENTED_EDGE('',*,*,#4593,.T.);
#4593 = EDGE_CURVE('',#4586,#3990,#4594,.T.);
#4594 = LINE('',#4595,#4596);
#4595 = CARTESIAN_POINT('',(5.775,5.,4.));
#4596 = VECTOR('',#4597,1.);
#4597 = DIRECTION('',(1.,0.,0.));
#4598 = ORIENTED_EDGE('',*,*,#3997,.F.);
#4599 = ORIENTED_EDGE('',*,*,#3670,.F.);
#4600 = PLANE('',#4601);
#4601 = AXIS2_PLACEMENT_3D('',#4602,#4603,#4604);
#4602 = CARTESIAN_POINT('',(5.775,5.,9.5));
#4603 = DIRECTION('',(0.,-1.,0.));
#4604 = DIRECTION('',(1.,0.,0.));
#4605 = ADVANCED_FACE('',(#4606),#4656,.F.);
#4606 = FACE_BOUND('',#4607,.F.);
#4607 = EDGE_LOOP('',(#4608,#4616,#4624,#4632,#4640,#4648,#4654,#4655));
#4608 = ORIENTED_EDGE('',*,*,#4609,.T.);
#4609 = EDGE_CURVE('',#3679,#4610,#4612,.T.);
#4610 = VERTEX_POINT('',#4611);
#4611 = CARTESIAN_POINT('',(5.775,-5.,4.));
#4612 = LINE('',#4613,#4614);
#4613 = CARTESIAN_POINT('',(5.775,-5.,9.5));
#4614 = VECTOR('',#4615,1.);
#4615 = DIRECTION('',(0.,0.,-1.));
#4616 = ORIENTED_EDGE('',*,*,#4617,.T.);
#4617 = EDGE_CURVE('',#4610,#4618,#4620,.T.);
#4618 = VERTEX_POINT('',#4619);
#4619 = CARTESIAN_POINT('',(5.775,-2.75,4.));
#4620 = LINE('',#4621,#4622);
#4621 = CARTESIAN_POINT('',(5.775,-5.,4.));
#4622 = VECTOR('',#4623,1.);
#4623 = DIRECTION('',(0.,1.,0.));
#4624 = ORIENTED_EDGE('',*,*,#4625,.T.);
#4625 = EDGE_CURVE('',#4618,#4626,#4628,.T.);
#4626 = VERTEX_POINT('',#4627);
#4627 = CARTESIAN_POINT('',(5.775,-1.75,4.));
#4628 = LINE('',#4629,#4630);
#4629 = CARTESIAN_POINT('',(5.775,-5.,4.));
#4630 = VECTOR('',#4631,1.);
#4631 = DIRECTION('',(0.,1.,0.));
#4632 = ORIENTED_EDGE('',*,*,#4633,.T.);
#4633 = EDGE_CURVE('',#4626,#4634,#4636,.T.);
#4634 = VERTEX_POINT('',#4635);
#4635 = CARTESIAN_POINT('',(5.775,1.75,4.));
#4636 = LINE('',#4637,#4638);
#4637 = CARTESIAN_POINT('',(5.775,-5.,4.));
#4638 = VECTOR('',#4639,1.);
#4639 = DIRECTION('',(0.,1.,0.));
#4640 = ORIENTED_EDGE('',*,*,#4641,.T.);
#4641 = EDGE_CURVE('',#4634,#4642,#4644,.T.);
#4642 = VERTEX_POINT('',#4643);
#4643 = CARTESIAN_POINT('',(5.775,2.75,4.));
#4644 = LINE('',#4645,#4646);
#4645 = CARTESIAN_POINT('',(5.775,-5.,4.));
#4646 = VECTOR('',#4647,1.);
#4647 = DIRECTION('',(0.,1.,0.));
#4648 = ORIENTED_EDGE('',*,*,#4649,.T.);
#4649 = EDGE_CURVE('',#4642,#4586,#4650,.T.);
#4650 = LINE('',#4651,#4652);
#4651 = CARTESIAN_POINT('',(5.775,-5.,4.));
#4652 = VECTOR('',#4653,1.);
#4653 = DIRECTION('',(0.,1.,0.));
#4654 = ORIENTED_EDGE('',*,*,#4585,.F.);
#4655 = ORIENTED_EDGE('',*,*,#3678,.F.);
#4656 = PLANE('',#4657);
#4657 = AXIS2_PLACEMENT_3D('',#4658,#4659,#4660);
#4658 = CARTESIAN_POINT('',(5.775,-5.,9.5));
#4659 = DIRECTION('',(1.,0.,0.));
#4660 = DIRECTION('',(0.,1.,0.));
#4661 = ADVANCED_FACE('',(#4662),#4673,.F.);
#4662 = FACE_BOUND('',#4663,.F.);
#4663 = EDGE_LOOP('',(#4664,#4665,#4671,#4672));
#4664 = ORIENTED_EDGE('',*,*,#3917,.T.);
#4665 = ORIENTED_EDGE('',*,*,#4666,.T.);
#4666 = EDGE_CURVE('',#3918,#4610,#4667,.T.);
#4667 = LINE('',#4668,#4669);
#4668 = CARTESIAN_POINT('',(6.275,-5.,4.));
#4669 = VECTOR('',#4670,1.);
#4670 = DIRECTION('',(-1.,0.,0.));
#4671 = ORIENTED_EDGE('',*,*,#4609,.F.);
#4672 = ORIENTED_EDGE('',*,*,#3686,.F.);
#4673 = PLANE('',#4674);
#4674 = AXIS2_PLACEMENT_3D('',#4675,#4676,#4677);
#4675 = CARTESIAN_POINT('',(6.275,-5.,9.5));
#4676 = DIRECTION('',(0.,1.,0.));
#4677 = DIRECTION('',(-1.,0.,0.));
#4678 = ADVANCED_FACE('',(#4679),#4794,.T.);
#4679 = FACE_BOUND('',#4680,.T.);
#4680 = EDGE_LOOP('',(#4681,#4700,#4705,#4706,#4773));
#4681 = ORIENTED_EDGE('',*,*,#4682,.F.);
#4682 = EDGE_CURVE('',#4683,#4685,#4687,.T.);
#4683 = VERTEX_POINT('',#4684);
#4684 = CARTESIAN_POINT('',(2.729367778521,2.7459235E-08,9.39374896481)
  );
#4685 = VERTEX_POINT('',#4686);
#4686 = CARTESIAN_POINT('',(-2.089370986287,-1.75612963774,
    9.199370334507));
#4687 = ( BOUNDED_CURVE() B_SPLINE_CURVE(11,(#4688,#4689,#4690,#4691,
    #4692,#4693,#4694,#4695,#4696,#4697,#4698,#4699),.UNSPECIFIED.,.F.,
.F.) B_SPLINE_CURVE_WITH_KNOTS((12,12),(0.,6.303048278758),
.PIECEWISE_BEZIER_KNOTS.) CURVE() GEOMETRIC_REPRESENTATION_ITEM() 
RATIONAL_B_SPLINE_CURVE((1.056590953773,1.056590953773,1.056590953773,
    1.056590953773,1.056590953773,1.056590953773,1.056590953773,
    1.056590953773,1.056590953773,1.056590953773,1.056590953773,
1.056590953773)) REPRESENTATION_ITEM('') );
#4688 = CARTESIAN_POINT('',(2.729367778521,2.745923783E-08,9.39374896481
    ));
#4689 = CARTESIAN_POINT('',(2.729367344886,-1.559044365693,
    9.348295067883));
#4690 = CARTESIAN_POINT('',(1.749994246,-3.117754345173,9.302851171737)
  );
#4691 = CARTESIAN_POINT('',(-0.210587020937,-3.994237339558,
    9.257329311388));
#4692 = CARTESIAN_POINT('',(-2.606221456057,-3.497661946177,
    9.212069399976));
#4693 = CARTESIAN_POINT('',(-4.391846793235,-1.445344380262,
    9.166266513403));
#4694 = CARTESIAN_POINT('',(-4.392111007979,1.44534115505,9.121231933844
    ));
#4695 = CARTESIAN_POINT('',(-2.606043846462,3.497667418994,
    9.075429047174));
#4696 = CARTESIAN_POINT('',(-0.210661783785,3.994234433201,
    9.030169135872));
#4697 = CARTESIAN_POINT('',(1.75000936651,3.117754936091,8.984647275466)
  );
#4698 = CARTESIAN_POINT('',(2.729367861393,1.559044406882,8.939203379331
    ));
#4699 = CARTESIAN_POINT('',(2.729367419919,1.372963687E-08,
    8.893749482405));
#4700 = ORIENTED_EDGE('',*,*,#4701,.T.);
#4701 = EDGE_CURVE('',#4683,#3726,#4702,.T.);
#4702 = B_SPLINE_CURVE_WITH_KNOTS('',1,(#4703,#4704),.UNSPECIFIED.,.F.,
  .F.,(2,2),(0.,0.35),.PIECEWISE_BEZIER_KNOTS.);
#4703 = CARTESIAN_POINT('',(2.729367778521,2.745924917E-08,9.39374896481
    ));
#4704 = CARTESIAN_POINT('',(3.032476000455,-3.29515766E-09,
    9.568750124223));
#4705 = ORIENTED_EDGE('',*,*,#3725,.T.);
#4706 = ORIENTED_EDGE('',*,*,#4707,.T.);
#4707 = EDGE_CURVE('',#3728,#4708,#4710,.T.);
#4708 = VERTEX_POINT('',#4709);
#4709 = CARTESIAN_POINT('',(1.607451588623,-2.533002053176,9.47000000186
    ));
#4710 = B_SPLINE_CURVE_WITH_KNOTS('',7,(#4711,#4712,#4713,#4714,#4715,
    #4716,#4717,#4718,#4719,#4720,#4721,#4722,#4723,#4724,#4725,#4726,
    #4727,#4728,#4729,#4730,#4731,#4732,#4733,#4734,#4735,#4736,#4737,
    #4738,#4739,#4740,#4741,#4742,#4743,#4744,#4745,#4746,#4747,#4748,
    #4749,#4750,#4751,#4752,#4753,#4754,#4755,#4756,#4757,#4758,#4759,
    #4760,#4761,#4762,#4763,#4764,#4765,#4766,#4767,#4768,#4769,#4770,
    #4771,#4772),.UNSPECIFIED.,.F.,.F.,(8,6,6,6,6,6,6,6,6,6,8),(0.,
    5.94903643373E-02,0.176791213142,0.289359459979,0.357992188955,
    0.499941149759,0.668065751058,0.691898130612,0.834562165747,
    0.975502453733,1.),.UNSPECIFIED.);
#4711 = CARTESIAN_POINT('',(3.,-3.997E-14,9.549999930987));
#4712 = CARTESIAN_POINT('',(2.999999994012,-0.120135488327,
    9.546813244641));
#4713 = CARTESIAN_POINT('',(2.994387268371,-0.240272152466,
    9.543625822858));
#4714 = CARTESIAN_POINT('',(2.983161915893,-0.360093247855,
    9.540438278238));
#4715 = CARTESIAN_POINT('',(2.966345994873,-0.479284444157,
    9.537250885867));
#4716 = CARTESIAN_POINT('',(2.94398345587,-0.597534270297,9.534063713352
    ));
#4717 = CARTESIAN_POINT('',(2.916140068495,-0.714534559501,9.53087675086
    ));
#4718 = CARTESIAN_POINT('',(2.817368441055,-1.057613607943,
    9.521406607596));
#4719 = CARTESIAN_POINT('',(2.730853836828,-1.279244691022,
    9.515123066257));
#4720 = CARTESIAN_POINT('',(2.624034178752,-1.49248912909,9.508840805646
    ));
#4721 = CARTESIAN_POINT('',(2.497914042523,-1.695141509764,
    9.502558827521));
#4722 = CARTESIAN_POINT('',(2.353766966427,-1.885155399033,
    9.496275865476));
#4723 = CARTESIAN_POINT('',(2.193127905454,-2.060655583994,
    9.489991804631));
#4724 = CARTESIAN_POINT('',(1.849622488087,-2.372882573394,
    9.477678509416));
#4725 = CARTESIAN_POINT('',(1.667866874327,-2.510931278701,
    9.471647556098));
#4726 = CARTESIAN_POINT('',(1.474183737148,-2.632652360807,9.46561701794
    ));
#4727 = CARTESIAN_POINT('',(1.270343530949,-2.736841876186,9.45958688069
    ));
#4728 = CARTESIAN_POINT('',(1.058242976608,-2.822530348579,
    9.453556522685));
#4729 = CARTESIAN_POINT('',(0.839894822852,-2.888988007072,
    9.447525725645));
#4730 = CARTESIAN_POINT('',(0.48180969511,-2.964299025109,9.437819383849
    ));
#4731 = CARTESIAN_POINT('',(0.34463934539,-2.985514237871,9.434142924707
    ));
#4732 = CARTESIAN_POINT('',(0.206406078854,-2.999319343603,9.43046654045
    ));
#4733 = CARTESIAN_POINT('',(6.759014271261E-02,-3.005653269756,
    9.42679019834));
#4734 = CARTESIAN_POINT('',(-7.132595834496E-02,-3.004493997277,
    9.423113820454));
#4735 = CARTESIAN_POINT('',(-0.209858411766,-2.995858603367,
    9.41943737515));
#4736 = CARTESIAN_POINT('',(-0.632246562297,-2.946597091114,
    9.408157276989));
#4737 = CARTESIAN_POINT('',(-0.91336276082,-2.881639494942,
    9.400551016214));
#4738 = CARTESIAN_POINT('',(-1.186448327079,-2.785411235138,
    9.39294637232));
#4739 = CARTESIAN_POINT('',(-1.447392194077,-2.659178711019,
    9.385342743622));
#4740 = CARTESIAN_POINT('',(-1.692348374043,-2.504802354119,
    9.377737981187));
#4741 = CARTESIAN_POINT('',(-1.917772354997,-2.324719151213,
    9.370131590166));
#4742 = CARTESIAN_POINT('',(-2.360700680737,-1.882116071408,
    9.353522058152));
#4743 = CARTESIAN_POINT('',(-2.569328501273,-1.610268916824,
    9.344510740995));
#4744 = CARTESIAN_POINT('',(-2.741048141589,-1.311793246507,
    9.335504675002));
#4745 = CARTESIAN_POINT('',(-2.872028748047,-0.992772550111,
    9.326500205732));
#4746 = CARTESIAN_POINT('',(-2.959586931849,-0.659742573845,
    9.317494215776));
#4747 = CARTESIAN_POINT('',(-3.002173459539,-0.319723590688,
    9.308482953506));
#4748 = CARTESIAN_POINT('',(-2.999617439842,6.790768974438E-02,
    9.298200470802));
#4749 = CARTESIAN_POINT('',(-2.998399356522,0.116028056362,
    9.296923842909));
#4750 = CARTESIAN_POINT('',(-2.996280666422,0.164122242993,
    9.295647206896));
#4751 = CARTESIAN_POINT('',(-2.993262070852,0.212170023748,
    9.294370563011));
#4752 = CARTESIAN_POINT('',(-2.98934483799,0.260151211407,9.293093911505
    ));
#4753 = CARTESIAN_POINT('',(-2.984530802885,0.308045657412,
    9.291817252633));
#4754 = CARTESIAN_POINT('',(-2.944650855938,0.641896632137,9.28289828138
    ));
#4755 = CARTESIAN_POINT('',(-2.878417380388,0.924228419657,9.27525319915
    ));
#4756 = CARTESIAN_POINT('',(-2.780622252749,1.198337321095,
    9.267609788495));
#4757 = CARTESIAN_POINT('',(-2.652567179995,1.460054719498,
    9.259967569342));
#4758 = CARTESIAN_POINT('',(-2.496158411057,1.705484663016,
    9.252324363905));
#4759 = CARTESIAN_POINT('',(-2.313888456396,1.931041208832,
    9.244679582286));
#4760 = CARTESIAN_POINT('',(-1.90657992541,2.333657931225,9.229487878464
    ));
#4761 = CARTESIAN_POINT('',(-1.681951546126,2.511402820834,
    9.221936048717));
#4762 = CARTESIAN_POINT('',(-1.438183307534,2.663723973094,9.2143861805)
  );
#4763 = CARTESIAN_POINT('',(-1.178753887738,2.788249626014,
    9.206837468708));
#4764 = CARTESIAN_POINT('',(-0.907433363589,2.883170121303,
    9.199287514951));
#4765 = CARTESIAN_POINT('',(-0.628248133341,2.947254770084,
    9.191735604335));
#4766 = CARTESIAN_POINT('',(-0.296384604105,2.985733327965,
    9.182873694852));
#4767 = CARTESIAN_POINT('',(-0.247133542149,2.990485716409,
    9.181561443732));
#4768 = CARTESIAN_POINT('',(-0.197794685141,2.994290163598,
    9.180249188269));
#4769 = CARTESIAN_POINT('',(-0.148389950694,2.997144766223,
    9.178936929541));
#4770 = CARTESIAN_POINT('',(-9.894127916446E-02,2.999048256066,
    9.177624668336));
#4771 = CARTESIAN_POINT('',(-4.947063365216E-02,3.000000000002,
    9.176312405145));
#4772 = CARTESIAN_POINT('',(4.4E-16,3.,9.175000140167));
#4773 = ORIENTED_EDGE('',*,*,#4774,.T.);
#4774 = EDGE_CURVE('',#4708,#4685,#4775,.T.);
#4775 = B_SPLINE_CURVE_WITH_KNOTS('',5,(#4776,#4777,#4778,#4779,#4780,
    #4781,#4782,#4783,#4784,#4785,#4786,#4787,#4788,#4789,#4790,#4791,
    #4792,#4793),.UNSPECIFIED.,.F.,.F.,(6,4,4,4,6),(0.,0.262082908748,
    0.514326625187,0.759925860273,1.),.UNSPECIFIED.);
#4776 = CARTESIAN_POINT('',(1.607482883254,-2.532984847597,
    9.470002243017));
#4777 = CARTESIAN_POINT('',(1.416200402625,-2.638180493004,9.45632747628
    ));
#4778 = CARTESIAN_POINT('',(1.21553108063,-2.725832118264,9.442589220811
    ));
#4779 = CARTESIAN_POINT('',(1.007592158309,-2.794703823402,
    9.428788705122));
#4780 = CARTESIAN_POINT('',(0.794704899389,-2.843948611829,
    9.414922828089));
#4781 = CARTESIAN_POINT('',(0.372115662255,-2.901273929566,
    9.387583972699));
#4782 = CARTESIAN_POINT('',(0.162577700315,-2.910832768247,
    9.374114716927));
#4783 = CARTESIAN_POINT('',(-4.701601423754E-02,-2.90147631601,
    9.360584613553));
#4784 = CARTESIAN_POINT('',(-0.2543885069,-2.873239285698,9.346990245822
    ));
#4785 = CARTESIAN_POINT('',(-0.654776829263,-2.781161312652,
    9.320033221764));
#4786 = CARTESIAN_POINT('',(-0.848041852934,-2.718274439362,
    9.306672885771));
#4787 = CARTESIAN_POINT('',(-1.03493924879,-2.638356807541,
    9.293251224251));
#4788 = CARTESIAN_POINT('',(-1.213448382855,-2.542205851311,
    9.27976535793));
#4789 = CARTESIAN_POINT('',(-1.54613637758,-2.322299611636,
    9.252971088522));
#4790 = CARTESIAN_POINT('',(-1.700784307408,-2.1992060454,9.239664539808
    ));
#4791 = CARTESIAN_POINT('',(-1.843868416361,-2.062826770809,
    9.226296838443));
#4792 = CARTESIAN_POINT('',(-1.973832278242,-1.914566752089,
    9.21286534944));
#4793 = CARTESIAN_POINT('',(-2.089370986287,-1.75612963774,
    9.199370334507));
#4794 = B_SPLINE_SURFACE_WITH_KNOTS('',1,11,(
    (#4795,#4796,#4797,#4798,#4799,#4800,#4801,#4802,#4803,#4804,#4805
      ,#4806)
    ,(#4807,#4808,#4809,#4810,#4811,#4812,#4813,#4814,#4815,#4816,#4817
      ,#4818
    )),.UNSPECIFIED.,.F.,.F.,.F.,(2,2),(12,12),(0.,0.35),(0.,
    6.303048278758),.PIECEWISE_BEZIER_KNOTS.);
#4795 = CARTESIAN_POINT('',(2.729367778521,2.74592381E-08,9.39374896481)
  );
#4796 = CARTESIAN_POINT('',(2.729367344886,-1.559044365693,
    9.348295067883));
#4797 = CARTESIAN_POINT('',(1.749994246,-3.117754345173,9.302851171736)
  );
#4798 = CARTESIAN_POINT('',(-0.210587020936,-3.994237339558,
    9.25732931139));
#4799 = CARTESIAN_POINT('',(-2.606221456058,-3.497661946177,
    9.212069399972));
#4800 = CARTESIAN_POINT('',(-4.391846793235,-1.445344380261,
    9.166266513408));
#4801 = CARTESIAN_POINT('',(-4.392111007979,1.445341155049,9.12123193384
    ));
#4802 = CARTESIAN_POINT('',(-2.606043846462,3.497667418996,
    9.075429047177));
#4803 = CARTESIAN_POINT('',(-0.210661783785,3.9942344332,9.03016913587)
  );
#4804 = CARTESIAN_POINT('',(1.75000936651,3.117754936091,8.984647275467)
  );
#4805 = CARTESIAN_POINT('',(2.729367861393,1.559044406882,8.939203379331
    ));
#4806 = CARTESIAN_POINT('',(2.729367419919,1.372963741E-08,
    8.893749482405));
#4807 = CARTESIAN_POINT('',(3.032476000455,-3.29516608E-09,
    9.568750124223));
#4808 = CARTESIAN_POINT('',(3.032475968619,-1.732142245469,
    9.523295500945));
#4809 = CARTESIAN_POINT('',(1.944372497082,-3.464281070757,
    9.477839677567));
#4810 = CARTESIAN_POINT('',(-0.234104297292,-4.436871830463,
    9.432393209935));
#4811 = CARTESIAN_POINT('',(-2.895422368988,-3.888046094948,
    9.386915308304));
#4812 = CARTESIAN_POINT('',(-4.879790664672,-1.603085320992,
    9.341502563934));
#4813 = CARTESIAN_POINT('',(-4.879808274783,1.603085118355,
    9.295997622403));
#4814 = CARTESIAN_POINT('',(-2.895410518583,3.888046467136,
    9.250584878026));
#4815 = CARTESIAN_POINT('',(-0.234109270197,4.436871637304,
    9.205106976403));
#4816 = CARTESIAN_POINT('',(1.944373513895,3.46428110522,9.159660508767)
  );
#4817 = CARTESIAN_POINT('',(3.032476007444,1.732142240526,9.114204685389
    ));
#4818 = CARTESIAN_POINT('',(3.032475976549,-1.64755104E-09,
    9.068750062111));
#4819 = ADVANCED_FACE('',(#4820),#4893,.T.);
#4820 = FACE_BOUND('',#4821,.F.);
#4821 = EDGE_LOOP('',(#4822,#4884,#4885,#4886));
#4822 = ORIENTED_EDGE('',*,*,#4823,.F.);
#4823 = EDGE_CURVE('',#3860,#4824,#4826,.T.);
#4824 = VERTEX_POINT('',#4825);
#4825 = CARTESIAN_POINT('',(-0.654472394192,-2.927740733031,
    9.469999985768));
#4826 = B_SPLINE_CURVE_WITH_KNOTS('',6,(#4827,#4828,#4829,#4830,#4831,
    #4832,#4833,#4834,#4835,#4836,#4837,#4838,#4839,#4840,#4841,#4842,
    #4843,#4844,#4845,#4846,#4847,#4848,#4849,#4850,#4851,#4852,#4853,
    #4854,#4855,#4856,#4857,#4858,#4859,#4860,#4861,#4862,#4863,#4864,
    #4865,#4866,#4867,#4868,#4869,#4870,#4871,#4872,#4873,#4874,#4875,
    #4876,#4877,#4878,#4879,#4880,#4881,#4882,#4883),.UNSPECIFIED.,.F.,
  .F.,(7,5,5,5,5,5,5,5,5,5,5,7),(0.,5.819647804153E-02,0.17292218532,
    0.283132347516,0.356310286367,0.498512706384,0.634418888304,
    0.668605079043,0.735275167717,0.832611506056,0.974704983191,1.),
  .UNSPECIFIED.);
#4827 = CARTESIAN_POINT('',(3.,2.3137E-13,9.612501552771));
#4828 = CARTESIAN_POINT('',(2.999999993166,-0.137114531576,9.60886442048
    ));
#4829 = CARTESIAN_POINT('',(2.992479747235,-0.274230639195,
    9.605228110336));
#4830 = CARTESIAN_POINT('',(2.977439385828,-0.41082940096,9.601591853029
    ));
#4831 = CARTESIAN_POINT('',(2.954926006767,-0.546397017386,
    9.597955312396));
#4832 = CARTESIAN_POINT('',(2.925033444107,-0.680426156137,
    9.594318444342));
#4833 = CARTESIAN_POINT('',(2.814702966114,-1.072618213914,
    9.583511376227));
#4834 = CARTESIAN_POINT('',(2.713358220718,-1.324949365165,9.57633918578
    ));
#4835 = CARTESIAN_POINT('',(2.584948566116,-1.565503569407,
    9.569167839882));
#4836 = CARTESIAN_POINT('',(2.43125985073,-1.79074824707,9.561997260435)
  );
#4837 = CARTESIAN_POINT('',(2.254595263881,-1.997464105249,
    9.554825758476));
#4838 = CARTESIAN_POINT('',(1.868979369023,-2.361004138675,9.54076809377
    ));
#4839 = CARTESIAN_POINT('',(1.661513880963,-2.519527116878,
    9.533879696342));
#4840 = CARTESIAN_POINT('',(1.438120370474,-2.65598159688,9.526992595136
    ));
#4841 = CARTESIAN_POINT('',(1.201751403433,-2.768472281301,
    9.520105300478));
#4842 = CARTESIAN_POINT('',(0.955607749353,-2.855562677885,
    9.513216658756));
#4843 = CARTESIAN_POINT('',(0.535570655689,-2.956837821766,
    9.501755510028));
#4844 = CARTESIAN_POINT('',(0.365170237591,-2.985691605184,
    9.497181953736));
#4845 = CARTESIAN_POINT('',(0.192984611045,-3.002744996943,
    9.492608514305));
#4846 = CARTESIAN_POINT('',(2.003254737148E-02,-3.007873400757,
    9.488035083326));
#4847 = CARTESIAN_POINT('',(-0.152659611782,-3.001069961503,
    9.483461548388));
#4848 = CARTESIAN_POINT('',(-0.657140284722,-2.946254763027,
    9.470001055011));
#4849 = CARTESIAN_POINT('',(-0.985501196315,-2.865411046231,
    9.461110648095));
#4850 = CARTESIAN_POINT('',(-1.301354658112,-2.740699114826,
    9.45222462851));
#4851 = CARTESIAN_POINT('',(-1.597630427952,-2.574756394405,
    9.443338686743));
#4852 = CARTESIAN_POINT('',(-1.867816824732,-2.37139421238,9.43444834481
    ));
#4853 = CARTESIAN_POINT('',(-2.334382258196,-1.911331896603,
    9.417067466312));
#4854 = CARTESIAN_POINT('',(-2.533664052707,-1.657230081132,
    9.40857068245));
#4855 = CARTESIAN_POINT('',(-2.699342909102,-1.378598511516,
    9.400076792902));
#4856 = CARTESIAN_POINT('',(-2.827939633851,-1.081028465851,
    9.391582739671));
#4857 = CARTESIAN_POINT('',(-2.916964248155,-0.770616467837,
    9.38308562055));
#4858 = CARTESIAN_POINT('',(-2.977624507599,-0.374485982668,
    9.372454983345));
#4859 = CARTESIAN_POINT('',(-2.987251302939,-0.294476370416,
    9.370318392602));
#4860 = CARTESIAN_POINT('',(-2.994297177132,-0.214177418769,
    9.36818182297));
#4861 = CARTESIAN_POINT('',(-2.998751877883,-0.133693117338,
    9.366045276155));
#4862 = CARTESIAN_POINT('',(-3.000610752355,-5.312786612279E-02,
    9.363908753285));
#4863 = CARTESIAN_POINT('',(-2.998439385978,0.184485767332,
    9.357605644563));
#4864 = CARTESIAN_POINT('',(-2.987134687765,0.341470793715,
    9.353439042118));
#4865 = CARTESIAN_POINT('',(-2.965968158418,0.49758706097,9.349272616631
    ));
#4866 = CARTESIAN_POINT('',(-2.935027931132,0.652063636498,9.34510625839
    ));
#4867 = CARTESIAN_POINT('',(-2.894482289811,0.804143035044,
    9.340939849361));
#4868 = CARTESIAN_POINT('',(-2.771722160733,1.170533498353,
    9.330690837092));
#4869 = CARTESIAN_POINT('',(-2.678911510841,1.381318954106,
    9.324607635698));
#4870 = CARTESIAN_POINT('',(-2.566921663733,1.583107903226,
    9.318525006228));
#4871 = CARTESIAN_POINT('',(-2.436878190141,1.773762557208,
    9.312442230428));
#4872 = CARTESIAN_POINT('',(-2.290186118932,1.951317488534,
    9.306358657201));
#4873 = CARTESIAN_POINT('',(-1.892669435111,2.351569824697,
    9.291395126147));
#4874 = CARTESIAN_POINT('',(-1.62485276089,2.557609091995,9.282511007611
    ));
#4875 = CARTESIAN_POINT('',(-1.330593299597,2.726565373562,
    9.273630703959));
#4876 = CARTESIAN_POINT('',(-1.016347155696,2.854566409934,
    9.264750546297));
#4877 = CARTESIAN_POINT('',(-0.689139315009,2.938905458435,
    9.255866631153));
#4878 = CARTESIAN_POINT('',(-0.297559897437,2.985801377133,
    9.245405481938));
#4879 = CARTESIAN_POINT('',(-0.238217149846,2.991477464523,
    9.243824642862));
#4880 = CARTESIAN_POINT('',(-0.178747532831,2.995737891584,
    9.242243807402));
#4881 = CARTESIAN_POINT('',(-0.119193252011,2.998579297036,9.24066297487
    ));
#4882 = CARTESIAN_POINT('',(-5.959660871877E-02,3.000000000002,
    9.239082144297));
#4883 = CARTESIAN_POINT('',(1.78E-15,3.,9.237501314433));
#4884 = ORIENTED_EDGE('',*,*,#3886,.F.);
#4885 = ORIENTED_EDGE('',*,*,#4707,.T.);
#4886 = ORIENTED_EDGE('',*,*,#4887,.T.);
#4887 = EDGE_CURVE('',#4708,#4824,#4888,.T.);
#4888 = CIRCLE('',#4889,3.);
#4889 = AXIS2_PLACEMENT_3D('',#4890,#4891,#4892);
#4890 = CARTESIAN_POINT('',(0.,0.,9.47));
#4891 = DIRECTION('',(0.,0.,-1.));
#4892 = DIRECTION('',(0.,1.,0.));
#4893 = CYLINDRICAL_SURFACE('',#4894,3.);
#4894 = AXIS2_PLACEMENT_3D('',#4895,#4896,#4897);
#4895 = CARTESIAN_POINT('',(0.,0.,17.8));
#4896 = DIRECTION('',(0.,-0.,-1.));
#4897 = DIRECTION('',(0.,1.,0.));
#4898 = ADVANCED_FACE('',(#4899),#4972,.T.);
#4899 = FACE_BOUND('',#4900,.T.);
#4900 = EDGE_LOOP('',(#4901,#4902,#4903,#4920,#4927));
#4901 = ORIENTED_EDGE('',*,*,#4823,.F.);
#4902 = ORIENTED_EDGE('',*,*,#3859,.F.);
#4903 = ORIENTED_EDGE('',*,*,#4904,.T.);
#4904 = EDGE_CURVE('',#3762,#4905,#4907,.T.);
#4905 = VERTEX_POINT('',#4906);
#4906 = CARTESIAN_POINT('',(2.729368256655,2.7459202E-08,9.268748964811)
  );
#4907 = B_SPLINE_CURVE_WITH_KNOTS('',11,(#4908,#4909,#4910,#4911,#4912,
    #4913,#4914,#4915,#4916,#4917,#4918,#4919),.UNSPECIFIED.,.F.,.F.,(12
    ,12),(0.,6.303048278758),.PIECEWISE_BEZIER_KNOTS.);
#4908 = CARTESIAN_POINT('',(2.729368854322,4.118877062E-08,
    9.768748447221));
#4909 = CARTESIAN_POINT('',(2.72936812899,-1.559044898066,9.723294550283
    ));
#4910 = CARTESIAN_POINT('',(1.749989819041,-3.11775524145,9.677850654117
    ));
#4911 = CARTESIAN_POINT('',(-0.21056217407,-3.994239704799,
    9.632328793983));
#4912 = CARTESIAN_POINT('',(-2.606281571905,-3.497661353513,
    9.587068881911));
#4913 = CARTESIAN_POINT('',(-4.391760260678,-1.445345952997,
    9.541265996522));
#4914 = CARTESIAN_POINT('',(-4.392200618564,1.445340577655,
    9.496231415562));
#4915 = CARTESIAN_POINT('',(-2.60598555592,3.497670474853,9.450428530017
    ));
#4916 = CARTESIAN_POINT('',(-0.210686778821,3.994234860888,
    9.405168618119));
#4917 = CARTESIAN_POINT('',(1.750015019902,3.117756226308,9.359646757897
    ));
#4918 = CARTESIAN_POINT('',(2.729368989828,1.559044966713,9.314202861746
    ));
#4919 = CARTESIAN_POINT('',(2.729368256655,2.745921433E-08,
    9.268748964811));
#4920 = ORIENTED_EDGE('',*,*,#4921,.F.);
#4921 = EDGE_CURVE('',#4922,#4905,#4924,.T.);
#4922 = VERTEX_POINT('',#4923);
#4923 = CARTESIAN_POINT('',(2.773354005314,1.1498137E-08,9.243354005314)
  );
#4924 = B_SPLINE_CURVE_WITH_KNOTS('',1,(#4925,#4926),.UNSPECIFIED.,.F.,
  .F.,(2,2),(0.,0.35),.PIECEWISE_BEZIER_KNOTS.);
#4925 = CARTESIAN_POINT('',(3.032477817366,-3.29528308E-09,
    9.093750124227));
#4926 = CARTESIAN_POINT('',(2.729368256655,2.745921433E-08,
    9.268748964811));
#4927 = ORIENTED_EDGE('',*,*,#4928,.T.);
#4928 = EDGE_CURVE('',#4922,#4824,#4929,.T.);
#4929 = B_SPLINE_CURVE_WITH_KNOTS('',6,(#4930,#4931,#4932,#4933,#4934,
    #4935,#4936,#4937,#4938,#4939,#4940,#4941,#4942,#4943,#4944,#4945,
    #4946,#4947,#4948,#4949,#4950,#4951,#4952,#4953,#4954,#4955,#4956,
    #4957,#4958,#4959,#4960,#4961,#4962,#4963,#4964,#4965,#4966,#4967,
    #4968,#4969,#4970,#4971),.UNSPECIFIED.,.F.,.F.,(7,5,5,5,5,5,5,5,7),(
    0.,0.121916319708,0.242472744206,0.363979548661,0.487643037625,
    0.613468994815,0.740294003161,0.869357156954,1.),.UNSPECIFIED.);
#4930 = CARTESIAN_POINT('',(2.773354004895,-3.11E-15,9.243354004895));
#4931 = CARTESIAN_POINT('',(2.778108995335,0.261397679298,9.248109009404
    ));
#4932 = CARTESIAN_POINT('',(2.753294547009,0.523493699523,9.252859795709
    ));
#4933 = CARTESIAN_POINT('',(2.698836385181,0.78199119859,9.257598797895)
  );
#4934 = CARTESIAN_POINT('',(2.615537763453,1.032791969722,9.2623297772)
  );
#4935 = CARTESIAN_POINT('',(2.504827631398,1.271992824464,9.267054091526
    ));
#4936 = CARTESIAN_POINT('',(2.234589035873,1.717491017794,9.276433701986
    ));
#4937 = CARTESIAN_POINT('',(2.075567896082,1.92420952907,9.281090890063)
  );
#4938 = CARTESIAN_POINT('',(1.894019304698,2.112651759019,9.28574030932)
  );
#4939 = CARTESIAN_POINT('',(1.69266284382,2.279910494253,9.290382680999)
  );
#4940 = CARTESIAN_POINT('',(1.474622234496,2.423547504188,9.295018659482
    ));
#4941 = CARTESIAN_POINT('',(1.010591761377,2.660911482684,9.304310594778
    ));
#4942 = CARTESIAN_POINT('',(0.764309645248,2.754279733272,9.308968100544
    ));
#4943 = CARTESIAN_POINT('',(0.50835730476,2.819994722131,9.31361703958)
  );
#4944 = CARTESIAN_POINT('',(0.246613384146,2.857000635381,9.318258601463
    ));
#4945 = CARTESIAN_POINT('',(-1.694476609139E-02,2.864858423104,
    9.322893935041));
#4946 = CARTESIAN_POINT('',(-0.544195518921,2.822653693859,
    9.332230810528));
#4947 = CARTESIAN_POINT('',(-0.807907791868,2.771552552537,
    9.336933812428));
#4948 = CARTESIAN_POINT('',(-1.065100845579,2.69099233291,9.341628531147
    ));
#4949 = CARTESIAN_POINT('',(-1.311768742657,2.582165302463,
    9.346316039596));
#4950 = CARTESIAN_POINT('',(-1.544157952395,2.446865883827,9.35099719852
    ));
#4951 = CARTESIAN_POINT('',(-1.97737010541,2.125679530185,9.360424600516
    ));
#4952 = CARTESIAN_POINT('',(-2.177655866839,1.938885610182,
    9.365172385015));
#4953 = CARTESIAN_POINT('',(-2.35615820264,1.729954959407,9.369911354905
    ));
#4954 = CARTESIAN_POINT('',(-2.510010648522,1.502148872685,
    9.374642661579));
#4955 = CARTESIAN_POINT('',(-2.636904537989,1.259120971656,9.37936749749
    ));
#4956 = CARTESIAN_POINT('',(-2.834468610249,0.748877785595,
    9.388837925846));
#4957 = CARTESIAN_POINT('',(-2.904724034509,0.481383193455,
    9.393585254239));
#4958 = CARTESIAN_POINT('',(-2.944442367711,0.206739993828,
    9.398324128793));
#4959 = CARTESIAN_POINT('',(-2.952935944646,-7.072163613721E-02,
    9.403055850589));
#4960 = CARTESIAN_POINT('',(-2.930204164125,-0.346637443744,
    9.407781462127));
#4961 = CARTESIAN_POINT('',(-2.823180527626,-0.891412189123,
    9.417299568172));
#4962 = CARTESIAN_POINT('',(-2.73778709151,-1.160173678914,
    9.422093708583));
#4963 = CARTESIAN_POINT('',(-2.621896767051,-1.418320404495,
    9.42687916607));
#4964 = CARTESIAN_POINT('',(-2.477318714075,-1.661670130707,
    9.431657023194));
#4965 = CARTESIAN_POINT('',(-2.306487076671,-1.88639568891,
    9.436428335159));
#4966 = CARTESIAN_POINT('',(-1.916436913669,-2.294456144364,
    9.446012012981));
#4967 = CARTESIAN_POINT('',(-1.696568632044,-2.477337611261,
    9.450826169257));
#4968 = CARTESIAN_POINT('',(-1.456372368016,-2.634363790375,
    9.45563139715));
#4969 = CARTESIAN_POINT('',(-1.199714216869,-2.762932295826,
    9.460429098246));
#4970 = CARTESIAN_POINT('',(-0.930802969166,-2.861092590581,
    9.465220537171));
#4971 = CARTESIAN_POINT('',(-0.654265169926,-2.927790723444,
    9.470003572141));
#4972 = B_SPLINE_SURFACE_WITH_KNOTS('',1,11,(
    (#4973,#4974,#4975,#4976,#4977,#4978,#4979,#4980,#4981,#4982,#4983
      ,#4984)
    ,(#4985,#4986,#4987,#4988,#4989,#4990,#4991,#4992,#4993,#4994,#4995
      ,#4996
    )),.UNSPECIFIED.,.F.,.F.,.F.,(2,2),(12,12),(0.,0.35),(0.,
    6.303048278758),.PIECEWISE_BEZIER_KNOTS.);
#4973 = CARTESIAN_POINT('',(3.032478749722,-4.94285194E-09,
    9.593750186342));
#4974 = CARTESIAN_POINT('',(3.032477578694,-1.73214355776,9.548295563056
    ));
#4975 = CARTESIAN_POINT('',(1.944354754697,-3.46428298057,9.502839739583
    ));
#4976 = CARTESIAN_POINT('',(-0.234009854481,-4.436878859152,
    9.457393272564));
#4977 = CARTESIAN_POINT('',(-2.895649599858,-3.888042067237,
    9.411915369201));
#4978 = CARTESIAN_POINT('',(-4.879459715742,-1.603090514003,
    9.366502627828));
#4979 = CARTESIAN_POINT('',(-4.880146610965,1.603082314117,
    9.320997682822));
#4980 = CARTESIAN_POINT('',(-2.895187668443,3.888056406529,
    9.275584941204));
#4981 = CARTESIAN_POINT('',(-0.234204068612,4.436871311622,
    9.230107038115));
#4982 = CARTESIAN_POINT('',(1.944394199715,3.464284442984,9.184660570956
    ));
#4983 = CARTESIAN_POINT('',(3.032478987455,1.732143549522,9.13920474751)
  );
#4984 = CARTESIAN_POINT('',(3.032477817366,-3.29528308E-09,
    9.093750124227));
#4985 = CARTESIAN_POINT('',(2.729368854322,4.118877062E-08,
    9.768748447221));
#4986 = CARTESIAN_POINT('',(2.72936812899,-1.559044898066,9.723294550283
    ));
#4987 = CARTESIAN_POINT('',(1.749989819041,-3.11775524145,9.677850654117
    ));
#4988 = CARTESIAN_POINT('',(-0.21056217407,-3.994239704799,
    9.632328793983));
#4989 = CARTESIAN_POINT('',(-2.606281571905,-3.497661353513,
    9.587068881911));
#4990 = CARTESIAN_POINT('',(-4.391760260678,-1.445345952997,
    9.541265996522));
#4991 = CARTESIAN_POINT('',(-4.392200618564,1.445340577655,
    9.496231415562));
#4992 = CARTESIAN_POINT('',(-2.60598555592,3.497670474853,9.450428530017
    ));
#4993 = CARTESIAN_POINT('',(-0.210686778821,3.994234860888,
    9.405168618119));
#4994 = CARTESIAN_POINT('',(1.750015019902,3.117756226308,9.359646757897
    ));
#4995 = CARTESIAN_POINT('',(2.729368989828,1.559044966713,9.314202861746
    ));
#4996 = CARTESIAN_POINT('',(2.729368256655,2.745921433E-08,
    9.268748964811));
#4997 = ADVANCED_FACE('',(#4998),#5027,.T.);
#4998 = FACE_BOUND('',#4999,.T.);
#4999 = EDGE_LOOP('',(#5000,#5001,#5002,#5017));
#5000 = ORIENTED_EDGE('',*,*,#4904,.F.);
#5001 = ORIENTED_EDGE('',*,*,#3761,.F.);
#5002 = ORIENTED_EDGE('',*,*,#5003,.T.);
#5003 = EDGE_CURVE('',#3740,#4683,#5004,.T.);
#5004 = ( BOUNDED_CURVE() B_SPLINE_CURVE(11,(#5005,#5006,#5007,#5008,
    #5009,#5010,#5011,#5012,#5013,#5014,#5015,#5016),.UNSPECIFIED.,.F.,
.F.) B_SPLINE_CURVE_WITH_KNOTS((12,12),(0.,6.303048278758),
.PIECEWISE_BEZIER_KNOTS.) CURVE() GEOMETRIC_REPRESENTATION_ITEM() 
RATIONAL_B_SPLINE_CURVE((1.056590953773,1.056590953773,1.056590953773,
    1.056590953775,1.056590953771,1.056590953776,1.05659095377,
    1.056590953775,1.056590953772,1.056590953774,1.056590953773,
1.056590953773)) REPRESENTATION_ITEM('') );
#5005 = CARTESIAN_POINT('',(2.729368137122,4.118881097E-08,
    9.893748447219));
#5006 = CARTESIAN_POINT('',(2.72936771133,-1.559044556752,9.848294550284
    ));
#5007 = CARTESIAN_POINT('',(1.749994491631,-3.117754746339,9.80285065414
    ));
#5008 = CARTESIAN_POINT('',(-0.210587028566,-3.994237864295,
    9.757328793852));
#5009 = CARTESIAN_POINT('',(-2.606221780866,-3.497662421129,
    9.712068882221));
#5010 = CARTESIAN_POINT('',(-4.391847362854,-1.445344588993,
    9.666265996066));
#5011 = CARTESIAN_POINT('',(-4.392111592624,1.445341319594,
    9.621231415994));
#5012 = CARTESIAN_POINT('',(-2.606044206144,3.497667867728,
    9.575428529746));
#5013 = CARTESIAN_POINT('',(-0.21066183172,3.994234955821,9.530168618219
    ));
#5014 = CARTESIAN_POINT('',(1.750009580794,3.117755354861,9.484646757878
    ));
#5015 = CARTESIAN_POINT('',(2.729368212153,1.5590446254,9.439202861743)
  );
#5016 = CARTESIAN_POINT('',(2.729367778521,2.745924699E-08,9.39374896481
    ));
#5017 = ORIENTED_EDGE('',*,*,#5018,.F.);
#5018 = EDGE_CURVE('',#4905,#4683,#5019,.T.);
#5019 = ( BOUNDED_CURVE() B_SPLINE_CURVE(6,(#5020,#5021,#5022,#5023,
#5024,#5025,#5026),.UNSPECIFIED.,.F.,.F.) B_SPLINE_CURVE_WITH_KNOTS((7,7
),(4.188790204786,6.28318530718),.PIECEWISE_BEZIER_KNOTS.) CURVE() 
GEOMETRIC_REPRESENTATION_ITEM() RATIONAL_B_SPLINE_CURVE((1.056590953773,
    1.017435169568,0.996326512422,0.989390034249,0.996326512422,
1.017435169568,1.056590953773)) REPRESENTATION_ITEM('') );
#5020 = CARTESIAN_POINT('',(2.729368256655,2.745921446E-08,
    9.268748964811));
#5021 = CARTESIAN_POINT('',(2.70671255801,2.975793784E-08,9.281829122976
    ));
#5022 = CARTESIAN_POINT('',(2.690746973018,3.137785626E-08,
    9.303967800039));
#5023 = CARTESIAN_POINT('',(2.68497627299,3.196336668E-08,9.331248795009
    ));
#5024 = CARTESIAN_POINT('',(2.690746764314,3.137787347E-08,
    9.358529834125));
#5025 = CARTESIAN_POINT('',(2.706712179941,2.975796232E-08,
    9.380668633326));
#5026 = CARTESIAN_POINT('',(2.729367778521,2.745924699E-08,9.39374896481
    ));
#5027 = ( BOUNDED_SURFACE() B_SPLINE_SURFACE(6,11,(
    (#5028,#5029,#5030,#5031,#5032,#5033,#5034,#5035,#5036,#5037,#5038
      ,#5039)
    ,(#5040,#5041,#5042,#5043,#5044,#5045,#5046,#5047,#5048,#5049,#5050
      ,#5051)
    ,(#5052,#5053,#5054,#5055,#5056,#5057,#5058,#5059,#5060,#5061,#5062
      ,#5063)
    ,(#5064,#5065,#5066,#5067,#5068,#5069,#5070,#5071,#5072,#5073,#5074
      ,#5075)
    ,(#5076,#5077,#5078,#5079,#5080,#5081,#5082,#5083,#5084,#5085,#5086
      ,#5087)
    ,(#5088,#5089,#5090,#5091,#5092,#5093,#5094,#5095,#5096,#5097,#5098
      ,#5099)
    ,(#5100,#5101,#5102,#5103,#5104,#5105,#5106,#5107,#5108,#5109,#5110
,#5111
    )),.UNSPECIFIED.,.F.,.F.,.F.) B_SPLINE_SURFACE_WITH_KNOTS((7,7),(12,
    12),(4.188790204786,6.28318530718),(0.,6.303048278758),
.PIECEWISE_BEZIER_KNOTS.) GEOMETRIC_REPRESENTATION_ITEM() 
RATIONAL_B_SPLINE_SURFACE((
    (1.056590953773,1.056590953773,1.056590953773,1.056590953775
      ,1.056590953771,1.056590953776,1.05659095377,1.056590953775
      ,1.056590953772,1.056590953774,1.056590953773,1.056590953773)
    ,(1.017435169568,1.017435169568,1.017435169568,1.017435169569
      ,1.017435169567,1.01743516957,1.017435169567,1.017435169569
      ,1.017435169568,1.017435169568,1.017435169568,1.017435169568)
    ,(0.996326512422,0.996326512422,0.996326512422,0.996326512423
      ,0.99632651242,0.996326512424,0.99632651242,0.996326512423
      ,0.996326512421,0.996326512422,0.996326512422,0.996326512422)
    ,(0.989390034249,0.989390034249,0.989390034248,0.98939003425
      ,0.989390034246,0.989390034251,0.989390034246,0.98939003425
      ,0.989390034248,0.989390034249,0.989390034248,0.989390034249)
    ,(0.996326512422,0.996326512422,0.996326512422,0.996326512423
      ,0.99632651242,0.996326512424,0.99632651242,0.996326512423
      ,0.996326512421,0.996326512422,0.996326512422,0.996326512422)
    ,(1.017435169568,1.017435169568,1.017435169568,1.017435169569
      ,1.017435169566,1.017435169571,1.017435169566,1.01743516957
      ,1.017435169567,1.017435169568,1.017435169568,1.017435169568)
    ,(1.056590953773,1.056590953773,1.056590953773,1.056590953775
      ,1.056590953771,1.056590953776,1.05659095377,1.056590953775
      ,1.056590953772,1.056590953774,1.056590953773,1.056590953773
))) REPRESENTATION_ITEM('') SURFACE() );
#5028 = CARTESIAN_POINT('',(2.729368854322,4.118877006E-08,
    9.768748447221));
#5029 = CARTESIAN_POINT('',(2.72936812899,-1.559044898066,9.723294550284
    ));
#5030 = CARTESIAN_POINT('',(1.749989819042,-3.117755241452,
    9.677850654113));
#5031 = CARTESIAN_POINT('',(-0.21056217407,-3.994239704795,
    9.632328793993));
#5032 = CARTESIAN_POINT('',(-2.606281571911,-3.497661353519,
    9.587068881895));
#5033 = CARTESIAN_POINT('',(-4.391760260665,-1.445345952995,
    9.541265996542));
#5034 = CARTESIAN_POINT('',(-4.392200618576,1.445340577661,
    9.496231415543));
#5035 = CARTESIAN_POINT('',(-2.605985555915,3.497670474845,
    9.450428530031));
#5036 = CARTESIAN_POINT('',(-0.210686778821,3.994234860894,
    9.405168618111));
#5037 = CARTESIAN_POINT('',(1.750015019902,3.117756226306,9.3596467579)
  );
#5038 = CARTESIAN_POINT('',(2.729368989828,1.559044966713,9.314202861745
    ));
#5039 = CARTESIAN_POINT('',(2.729368256655,2.745921446E-08,
    9.268748964811));
#5040 = CARTESIAN_POINT('',(2.706713130661,4.463684261E-08,
    9.781828562057));
#5041 = CARTESIAN_POINT('',(2.706712438642,-1.546106767507,9.73637471941
    ));
#5042 = CARTESIAN_POINT('',(1.735462156506,-3.091854283358,
    9.690931714737));
#5043 = CARTESIAN_POINT('',(-0.208809594638,-3.961154970464,
    9.645404219414));
#5044 = CARTESIAN_POINT('',(-2.584652973909,-3.468482637457,
    9.600160600913));
#5045 = CARTESIAN_POINT('',(-4.355307527678,-1.433555453123,
    9.554328554536));
#5046 = CARTESIAN_POINT('',(-4.355729458333,1.433550288905,
    9.509329130548));
#5047 = CARTESIAN_POINT('',(-2.58436935914,3.468491368776,9.463497084018
    ));
#5048 = CARTESIAN_POINT('',(-0.20892899649,3.961150328639,9.418253465688
    ));
#5049 = CARTESIAN_POINT('',(1.735486292697,3.091855232518,9.372725970278
    ));
#5050 = CARTESIAN_POINT('',(2.706713258525,1.546106841902,9.32728296562)
  );
#5051 = CARTESIAN_POINT('',(2.70671255801,2.975793784E-08,9.281829122976
    ));
#5052 = CARTESIAN_POINT('',(2.690747503328,4.706671525E-08,
    9.803967208585));
#5053 = CARTESIAN_POINT('',(2.690746865748,-1.536989194655,
    9.758513404197));
#5054 = CARTESIAN_POINT('',(1.725224954206,-3.073601753005,
    9.713071027768));
#5055 = CARTESIAN_POINT('',(-0.207577116076,-3.937839873399,
    9.667539561284));
#5056 = CARTESIAN_POINT('',(-2.569405058594,-3.447920423238,
    9.622307424976));
#5057 = CARTESIAN_POINT('',(-4.3296281862,-1.425246513177,9.576454828658
    ));
#5058 = CARTESIAN_POINT('',(-4.330018925034,1.425241715423,
    9.531480180012));
#5059 = CARTESIAN_POINT('',(-2.569142426091,3.447928499863,
    9.485627583554));
#5060 = CARTESIAN_POINT('',(-0.207687703515,3.937835574043,
    9.440395447403));
#5061 = CARTESIAN_POINT('',(1.725247294892,3.073602638111,9.39486398084)
  );
#5062 = CARTESIAN_POINT('',(2.690747619557,1.536989273099,9.349421604424
    ));
#5063 = CARTESIAN_POINT('',(2.690746973018,3.137785626E-08,
    9.303967800039));
#5064 = CARTESIAN_POINT('',(2.684976751125,4.794497788E-08,
    9.831248192518));
#5065 = CARTESIAN_POINT('',(2.68497617942,-1.533693672065,9.785794401959
    ));
#5066 = CARTESIAN_POINT('',(1.721525524289,-3.067004453212,
    9.740352252607));
#5067 = CARTESIAN_POINT('',(-0.207135480466,-3.929412543985,
    9.694819350755));
#5068 = CARTESIAN_POINT('',(-2.563884606207,-3.440488548679,
    9.64959136466));
#5069 = CARTESIAN_POINT('',(-4.320360038466,-1.422243106413,
    9.603731340617));
#5070 = CARTESIAN_POINT('',(-4.320712338466,1.42223876592,9.558765646952
    ));
#5071 = CARTESIAN_POINT('',(-2.563647825148,3.440495821902,
    9.512905622782));
#5072 = CARTESIAN_POINT('',(-0.207235200947,3.929408666921,
    9.467677636828));
#5073 = CARTESIAN_POINT('',(1.721545656444,3.067005257122,9.422144734905
    ));
#5074 = CARTESIAN_POINT('',(2.684976853821,1.533693751973,9.376702585566
    ));
#5075 = CARTESIAN_POINT('',(2.68497627299,3.196336668E-08,9.331248795009
    ));
#5076 = CARTESIAN_POINT('',(2.690747190273,4.706673068E-08,9.85852924267
    ));
#5077 = CARTESIAN_POINT('',(2.690746683441,-1.536989045673,
    9.813075438283));
#5078 = CARTESIAN_POINT('',(1.725226993774,-3.07360153689,9.767633061865
    ));
#5079 = CARTESIAN_POINT('',(-0.207587964972,-3.937839070029,
    9.722101595309));
#5080 = CARTESIAN_POINT('',(-2.569378960025,-3.447920889244,
    9.676869459204));
#5081 = CARTESIAN_POINT('',(-4.329666205982,-1.425245917798,
    9.631016862537));
#5082 = CARTESIAN_POINT('',(-4.329980065537,1.425242039277,
    9.586042214295));
#5083 = CARTESIAN_POINT('',(-2.569168026698,3.447927361864,
    9.540189617516));
#5084 = CARTESIAN_POINT('',(-0.207676814198,3.93783561548,9.494957481536
    ));
#5085 = CARTESIAN_POINT('',(1.725244920741,3.073602257728,9.449426014916
    ));
#5086 = CARTESIAN_POINT('',(2.690747280105,1.536989124117,9.403983638509
    ));
#5087 = CARTESIAN_POINT('',(2.690746764314,3.137787347E-08,
    9.358529834125));
#5088 = CARTESIAN_POINT('',(2.706712563559,4.463687409E-08,
    9.880668072405));
#5089 = CARTESIAN_POINT('',(2.706712108391,-1.546106497625,9.83521422976
    ));
#5090 = CARTESIAN_POINT('',(1.735465851197,-3.091853891865,
    9.789771225108));
#5091 = CARTESIAN_POINT('',(-0.208829247488,-3.96115351515,
    9.744243729653));
#5092 = CARTESIAN_POINT('',(-2.58460569617,-3.468483481636,
    9.699000111521));
#5093 = CARTESIAN_POINT('',(-4.355376400776,-1.433554374583,
    9.65316806451));
#5094 = CARTESIAN_POINT('',(-4.355659064084,1.433550875562,
    9.608168641255));
#5095 = CARTESIAN_POINT('',(-2.584415734817,3.468489307287,
    9.562336594143));
#5096 = CARTESIAN_POINT('',(-0.208909270416,3.9611504037,9.517092976123)
  );
#5097 = CARTESIAN_POINT('',(1.735481991907,3.091854543453,9.471565480611
    ));
#5098 = CARTESIAN_POINT('',(2.706712643606,1.54610657202,9.426122475969)
  );
#5099 = CARTESIAN_POINT('',(2.706712179941,2.975796232E-08,
    9.380668633326));
#5100 = CARTESIAN_POINT('',(2.729368137122,4.118881097E-08,
    9.893748447219));
#5101 = CARTESIAN_POINT('',(2.72936771133,-1.559044556752,9.848294550284
    ));
#5102 = CARTESIAN_POINT('',(1.749994491631,-3.117754746339,9.80285065414
    ));
#5103 = CARTESIAN_POINT('',(-0.210587028566,-3.994237864295,
    9.757328793852));
#5104 = CARTESIAN_POINT('',(-2.606221780866,-3.497662421129,
    9.712068882221));
#5105 = CARTESIAN_POINT('',(-4.391847362854,-1.445344588993,
    9.666265996066));
#5106 = CARTESIAN_POINT('',(-4.392111592624,1.445341319594,
    9.621231415994));
#5107 = CARTESIAN_POINT('',(-2.606044206144,3.497667867728,
    9.575428529746));
#5108 = CARTESIAN_POINT('',(-0.21066183172,3.994234955821,9.530168618219
    ));
#5109 = CARTESIAN_POINT('',(1.750009580794,3.117755354861,9.484646757878
    ));
#5110 = CARTESIAN_POINT('',(2.729368212153,1.5590446254,9.439202861743)
  );
#5111 = CARTESIAN_POINT('',(2.729367778521,2.745924699E-08,9.39374896481
    ));
#5112 = ADVANCED_FACE('',(#5113),#5118,.T.);
#5113 = FACE_BOUND('',#5114,.T.);
#5114 = EDGE_LOOP('',(#5115,#5116,#5117));
#5115 = ORIENTED_EDGE('',*,*,#5003,.F.);
#5116 = ORIENTED_EDGE('',*,*,#3739,.F.);
#5117 = ORIENTED_EDGE('',*,*,#4701,.F.);
#5118 = B_SPLINE_SURFACE_WITH_KNOTS('',1,11,(
    (#5119,#5120,#5121,#5122,#5123,#5124,#5125,#5126,#5127,#5128,#5129
      ,#5130)
    ,(#5131,#5132,#5133,#5134,#5135,#5136,#5137,#5138,#5139,#5140,#5141
      ,#5142
    )),.UNSPECIFIED.,.F.,.F.,.F.,(2,2),(12,12),(0.,0.35),(0.,
    6.303048278758),.PIECEWISE_BEZIER_KNOTS.);
#5119 = CARTESIAN_POINT('',(2.729368137122,4.118880901E-08,
    9.893748447219));
#5120 = CARTESIAN_POINT('',(2.72936771133,-1.559044556752,9.848294550283
    ));
#5121 = CARTESIAN_POINT('',(1.74999449163,-3.117754746337,9.802850654144
    ));
#5122 = CARTESIAN_POINT('',(-0.210587028567,-3.9942378643,9.757328793843
    ));
#5123 = CARTESIAN_POINT('',(-2.606221780859,-3.497662421122,
    9.712068882235));
#5124 = CARTESIAN_POINT('',(-4.391847362868,-1.445344588997,
    9.666265996049));
#5125 = CARTESIAN_POINT('',(-4.39211159261,1.44534131959,9.62123141601)
  );
#5126 = CARTESIAN_POINT('',(-2.60604420615,3.497667867735,9.575428529735
    ));
#5127 = CARTESIAN_POINT('',(-0.210661831719,3.994234955817,
    9.530168618224));
#5128 = CARTESIAN_POINT('',(1.750009580794,3.117755354862,9.484646757876
    ));
#5129 = CARTESIAN_POINT('',(2.729368212153,1.5590446254,9.439202861744)
  );
#5130 = CARTESIAN_POINT('',(2.729367778521,2.745924917E-08,9.39374896481
    ));
#5131 = CARTESIAN_POINT('',(3.032476024361,-4.94269454E-09,
    10.068750186334));
#5132 = CARTESIAN_POINT('',(3.032475991585,-1.732142260769,
    10.023295563055));
#5133 = CARTESIAN_POINT('',(1.944372510533,-3.464281099142,
    9.977839739685));
#5134 = CARTESIAN_POINT('',(-0.234104301568,-4.436871865251,
    9.932393272032));
#5135 = CARTESIAN_POINT('',(-2.895422393888,-3.888046124156,
    9.886915370436));
#5136 = CARTESIAN_POINT('',(-4.879790704058,-1.603085330796,
    9.841502626023));
#5137 = CARTESIAN_POINT('',(-4.879808312348,1.603085133462,
    9.795997684534));
#5138 = CARTESIAN_POINT('',(-2.895410539312,3.888046499488,
    9.750584940122));
#5139 = CARTESIAN_POINT('',(-0.234109269627,4.436871672348,
    9.705107038524));
#5140 = CARTESIAN_POINT('',(1.944373531104,3.464281131493,9.659660570874
    ));
#5141 = CARTESIAN_POINT('',(3.032476032291,1.732142252531,9.614204747502
    ));
#5142 = CARTESIAN_POINT('',(3.032476000455,-3.29515766E-09,
    9.568750124223));
#5143 = ADVANCED_FACE('',(#5144),#5155,.T.);
#5144 = FACE_BOUND('',#5145,.T.);
#5145 = EDGE_LOOP('',(#5146,#5147,#5153,#5154));
#5146 = ORIENTED_EDGE('',*,*,#3989,.T.);
#5147 = ORIENTED_EDGE('',*,*,#5148,.F.);
#5148 = EDGE_CURVE('',#4642,#3982,#5149,.T.);
#5149 = LINE('',#5150,#5151);
#5150 = CARTESIAN_POINT('',(5.775,2.75,4.));
#5151 = VECTOR('',#5152,1.);
#5152 = DIRECTION('',(1.,-3.819E-14,0.));
#5153 = ORIENTED_EDGE('',*,*,#4649,.T.);
#5154 = ORIENTED_EDGE('',*,*,#4593,.T.);
#5155 = PLANE('',#5156);
#5156 = AXIS2_PLACEMENT_3D('',#5157,#5158,#5159);
#5157 = CARTESIAN_POINT('',(6.025,0.,4.));
#5158 = DIRECTION('',(0.,0.,-1.));
#5159 = DIRECTION('',(1.,0.,0.));
#5160 = ADVANCED_FACE('',(#5161),#5188,.T.);
#5161 = FACE_BOUND('',#5162,.F.);
#5162 = EDGE_LOOP('',(#5163,#5164,#5165,#5173,#5181));
#5163 = ORIENTED_EDGE('',*,*,#3981,.F.);
#5164 = ORIENTED_EDGE('',*,*,#5148,.F.);
#5165 = ORIENTED_EDGE('',*,*,#5166,.T.);
#5166 = EDGE_CURVE('',#4642,#5167,#5169,.T.);
#5167 = VERTEX_POINT('',#5168);
#5168 = CARTESIAN_POINT('',(5.775,2.75,3.5));
#5169 = LINE('',#5170,#5171);
#5170 = CARTESIAN_POINT('',(5.775,2.75,4.));
#5171 = VECTOR('',#5172,1.);
#5172 = DIRECTION('',(0.,0.,-1.));
#5173 = ORIENTED_EDGE('',*,*,#5174,.T.);
#5174 = EDGE_CURVE('',#5167,#5175,#5177,.T.);
#5175 = VERTEX_POINT('',#5176);
#5176 = CARTESIAN_POINT('',(5.785,2.75,3.5));
#5177 = LINE('',#5178,#5179);
#5178 = CARTESIAN_POINT('',(5.775,2.75,3.5));
#5179 = VECTOR('',#5180,1.);
#5180 = DIRECTION('',(1.,-3.819E-14,0.));
#5181 = ORIENTED_EDGE('',*,*,#5182,.T.);
#5182 = EDGE_CURVE('',#5175,#3974,#5183,.T.);
#5183 = CIRCLE('',#5184,0.49);
#5184 = AXIS2_PLACEMENT_3D('',#5185,#5186,#5187);
#5185 = CARTESIAN_POINT('',(5.785,2.75,3.99));
#5186 = DIRECTION('',(0.,-1.,0.));
#5187 = DIRECTION('',(0.,0.,-1.));
#5188 = PLANE('',#5189);
#5189 = AXIS2_PLACEMENT_3D('',#5190,#5191,#5192);
#5190 = CARTESIAN_POINT('',(5.775,2.75,4.));
#5191 = DIRECTION('',(3.819E-14,1.,0.));
#5192 = DIRECTION('',(-1.,3.819E-14,0.));
#5193 = ADVANCED_FACE('',(#5194),#5205,.T.);
#5194 = FACE_BOUND('',#5195,.T.);
#5195 = EDGE_LOOP('',(#5196,#5197,#5198,#5199));
#5196 = ORIENTED_EDGE('',*,*,#3925,.T.);
#5197 = ORIENTED_EDGE('',*,*,#4666,.T.);
#5198 = ORIENTED_EDGE('',*,*,#4617,.T.);
#5199 = ORIENTED_EDGE('',*,*,#5200,.T.);
#5200 = EDGE_CURVE('',#4618,#3926,#5201,.T.);
#5201 = LINE('',#5202,#5203);
#5202 = CARTESIAN_POINT('',(5.775,-2.75,4.));
#5203 = VECTOR('',#5204,1.);
#5204 = DIRECTION('',(1.,3.819E-14,0.));
#5205 = PLANE('',#5206);
#5206 = AXIS2_PLACEMENT_3D('',#5207,#5208,#5209);
#5207 = CARTESIAN_POINT('',(6.025,0.,4.));
#5208 = DIRECTION('',(0.,0.,-1.));
#5209 = DIRECTION('',(1.,0.,0.));
#5210 = ADVANCED_FACE('',(#5211),#5230,.T.);
#5211 = FACE_BOUND('',#5212,.T.);
#5212 = EDGE_LOOP('',(#5213,#5214,#5215,#5224));
#5213 = ORIENTED_EDGE('',*,*,#5182,.T.);
#5214 = ORIENTED_EDGE('',*,*,#3973,.T.);
#5215 = ORIENTED_EDGE('',*,*,#5216,.F.);
#5216 = EDGE_CURVE('',#5217,#3966,#5219,.T.);
#5217 = VERTEX_POINT('',#5218);
#5218 = CARTESIAN_POINT('',(5.785,1.75,3.5));
#5219 = CIRCLE('',#5220,0.49);
#5220 = AXIS2_PLACEMENT_3D('',#5221,#5222,#5223);
#5221 = CARTESIAN_POINT('',(5.785,1.75,3.99));
#5222 = DIRECTION('',(0.,-1.,0.));
#5223 = DIRECTION('',(0.,0.,-1.));
#5224 = ORIENTED_EDGE('',*,*,#5225,.F.);
#5225 = EDGE_CURVE('',#5175,#5217,#5226,.T.);
#5226 = LINE('',#5227,#5228);
#5227 = CARTESIAN_POINT('',(5.785,2.75,3.5));
#5228 = VECTOR('',#5229,1.);
#5229 = DIRECTION('',(-0.,-1.,-0.));
#5230 = CYLINDRICAL_SURFACE('',#5231,0.49);
#5231 = AXIS2_PLACEMENT_3D('',#5232,#5233,#5234);
#5232 = CARTESIAN_POINT('',(5.785,2.75,3.99));
#5233 = DIRECTION('',(-0.,-1.,-0.));
#5234 = DIRECTION('',(0.,0.,-1.));
#5235 = ADVANCED_FACE('',(#5236),#5263,.T.);
#5236 = FACE_BOUND('',#5237,.T.);
#5237 = EDGE_LOOP('',(#5238,#5239,#5240,#5248,#5256));
#5238 = ORIENTED_EDGE('',*,*,#3933,.F.);
#5239 = ORIENTED_EDGE('',*,*,#5200,.F.);
#5240 = ORIENTED_EDGE('',*,*,#5241,.T.);
#5241 = EDGE_CURVE('',#4618,#5242,#5244,.T.);
#5242 = VERTEX_POINT('',#5243);
#5243 = CARTESIAN_POINT('',(5.775,-2.75,3.5));
#5244 = LINE('',#5245,#5246);
#5245 = CARTESIAN_POINT('',(5.775,-2.75,4.));
#5246 = VECTOR('',#5247,1.);
#5247 = DIRECTION('',(0.,0.,-1.));
#5248 = ORIENTED_EDGE('',*,*,#5249,.T.);
#5249 = EDGE_CURVE('',#5242,#5250,#5252,.T.);
#5250 = VERTEX_POINT('',#5251);
#5251 = CARTESIAN_POINT('',(5.785,-2.75,3.5));
#5252 = LINE('',#5253,#5254);
#5253 = CARTESIAN_POINT('',(5.775,-2.75,3.5));
#5254 = VECTOR('',#5255,1.);
#5255 = DIRECTION('',(1.,3.819E-14,0.));
#5256 = ORIENTED_EDGE('',*,*,#5257,.T.);
#5257 = EDGE_CURVE('',#5250,#3934,#5258,.T.);
#5258 = CIRCLE('',#5259,0.49);
#5259 = AXIS2_PLACEMENT_3D('',#5260,#5261,#5262);
#5260 = CARTESIAN_POINT('',(5.785,-2.75,3.99));
#5261 = DIRECTION('',(0.,-1.,0.));
#5262 = DIRECTION('',(0.,0.,1.));
#5263 = PLANE('',#5264);
#5264 = AXIS2_PLACEMENT_3D('',#5265,#5266,#5267);
#5265 = CARTESIAN_POINT('',(5.775,-2.75,4.));
#5266 = DIRECTION('',(3.819E-14,-1.,0.));
#5267 = DIRECTION('',(1.,3.819E-14,0.));
#5268 = ADVANCED_FACE('',(#5269),#5293,.T.);
#5269 = FACE_BOUND('',#5270,.F.);
#5270 = EDGE_LOOP('',(#5271,#5272,#5273,#5281,#5287));
#5271 = ORIENTED_EDGE('',*,*,#3965,.T.);
#5272 = ORIENTED_EDGE('',*,*,#5216,.F.);
#5273 = ORIENTED_EDGE('',*,*,#5274,.T.);
#5274 = EDGE_CURVE('',#5217,#5275,#5277,.T.);
#5275 = VERTEX_POINT('',#5276);
#5276 = CARTESIAN_POINT('',(5.775,1.75,3.5));
#5277 = LINE('',#5278,#5279);
#5278 = CARTESIAN_POINT('',(6.275,1.75,3.5));
#5279 = VECTOR('',#5280,1.);
#5280 = DIRECTION('',(-1.,-0.,-0.));
#5281 = ORIENTED_EDGE('',*,*,#5282,.F.);
#5282 = EDGE_CURVE('',#4634,#5275,#5283,.T.);
#5283 = LINE('',#5284,#5285);
#5284 = CARTESIAN_POINT('',(5.775,1.75,4.));
#5285 = VECTOR('',#5286,1.);
#5286 = DIRECTION('',(0.,0.,-1.));
#5287 = ORIENTED_EDGE('',*,*,#5288,.F.);
#5288 = EDGE_CURVE('',#3958,#4634,#5289,.T.);
#5289 = LINE('',#5290,#5291);
#5290 = CARTESIAN_POINT('',(6.275,1.75,4.));
#5291 = VECTOR('',#5292,1.);
#5292 = DIRECTION('',(-1.,-0.,-0.));
#5293 = PLANE('',#5294);
#5294 = AXIS2_PLACEMENT_3D('',#5295,#5296,#5297);
#5295 = CARTESIAN_POINT('',(6.275,1.75,4.));
#5296 = DIRECTION('',(-0.,-1.,-0.));
#5297 = DIRECTION('',(1.,0.,0.));
#5298 = ADVANCED_FACE('',(#5299),#5318,.T.);
#5299 = FACE_BOUND('',#5300,.F.);
#5300 = EDGE_LOOP('',(#5301,#5302,#5303,#5312));
#5301 = ORIENTED_EDGE('',*,*,#5257,.T.);
#5302 = ORIENTED_EDGE('',*,*,#3941,.T.);
#5303 = ORIENTED_EDGE('',*,*,#5304,.F.);
#5304 = EDGE_CURVE('',#5305,#3942,#5307,.T.);
#5305 = VERTEX_POINT('',#5306);
#5306 = CARTESIAN_POINT('',(5.785,-1.75,3.5));
#5307 = CIRCLE('',#5308,0.49);
#5308 = AXIS2_PLACEMENT_3D('',#5309,#5310,#5311);
#5309 = CARTESIAN_POINT('',(5.785,-1.75,3.99));
#5310 = DIRECTION('',(0.,-1.,0.));
#5311 = DIRECTION('',(0.,0.,1.));
#5312 = ORIENTED_EDGE('',*,*,#5313,.F.);
#5313 = EDGE_CURVE('',#5250,#5305,#5314,.T.);
#5314 = LINE('',#5315,#5316);
#5315 = CARTESIAN_POINT('',(5.785,-2.75,3.5));
#5316 = VECTOR('',#5317,1.);
#5317 = DIRECTION('',(0.,1.,0.));
#5318 = CYLINDRICAL_SURFACE('',#5319,0.49);
#5319 = AXIS2_PLACEMENT_3D('',#5320,#5321,#5322);
#5320 = CARTESIAN_POINT('',(5.785,-2.75,3.99));
#5321 = DIRECTION('',(0.,1.,0.));
#5322 = DIRECTION('',(0.,0.,-1.));
#5323 = ADVANCED_FACE('',(#5324),#5335,.T.);
#5324 = FACE_BOUND('',#5325,.T.);
#5325 = EDGE_LOOP('',(#5326,#5327,#5333,#5334));
#5326 = ORIENTED_EDGE('',*,*,#3957,.T.);
#5327 = ORIENTED_EDGE('',*,*,#5328,.T.);
#5328 = EDGE_CURVE('',#3950,#4626,#5329,.T.);
#5329 = LINE('',#5330,#5331);
#5330 = CARTESIAN_POINT('',(6.275,-1.75,4.));
#5331 = VECTOR('',#5332,1.);
#5332 = DIRECTION('',(-1.,0.,0.));
#5333 = ORIENTED_EDGE('',*,*,#4633,.T.);
#5334 = ORIENTED_EDGE('',*,*,#5288,.F.);
#5335 = PLANE('',#5336);
#5336 = AXIS2_PLACEMENT_3D('',#5337,#5338,#5339);
#5337 = CARTESIAN_POINT('',(6.025,0.,4.));
#5338 = DIRECTION('',(0.,0.,-1.));
#5339 = DIRECTION('',(1.,0.,0.));
#5340 = ADVANCED_FACE('',(#5341),#5360,.T.);
#5341 = FACE_BOUND('',#5342,.T.);
#5342 = EDGE_LOOP('',(#5343,#5344,#5345,#5353,#5359));
#5343 = ORIENTED_EDGE('',*,*,#3949,.T.);
#5344 = ORIENTED_EDGE('',*,*,#5304,.F.);
#5345 = ORIENTED_EDGE('',*,*,#5346,.T.);
#5346 = EDGE_CURVE('',#5305,#5347,#5349,.T.);
#5347 = VERTEX_POINT('',#5348);
#5348 = CARTESIAN_POINT('',(5.775,-1.75,3.5));
#5349 = LINE('',#5350,#5351);
#5350 = CARTESIAN_POINT('',(6.275,-1.75,3.5));
#5351 = VECTOR('',#5352,1.);
#5352 = DIRECTION('',(-1.,0.,0.));
#5353 = ORIENTED_EDGE('',*,*,#5354,.F.);
#5354 = EDGE_CURVE('',#4626,#5347,#5355,.T.);
#5355 = LINE('',#5356,#5357);
#5356 = CARTESIAN_POINT('',(5.775,-1.75,4.));
#5357 = VECTOR('',#5358,1.);
#5358 = DIRECTION('',(0.,0.,-1.));
#5359 = ORIENTED_EDGE('',*,*,#5328,.F.);
#5360 = PLANE('',#5361);
#5361 = AXIS2_PLACEMENT_3D('',#5362,#5363,#5364);
#5362 = CARTESIAN_POINT('',(6.275,-1.75,4.));
#5363 = DIRECTION('',(0.,1.,0.));
#5364 = DIRECTION('',(-1.,0.,0.));
#5365 = ADVANCED_FACE('',(#5366),#5372,.T.);
#5366 = FACE_BOUND('',#5367,.F.);
#5367 = EDGE_LOOP('',(#5368,#5369,#5370,#5371));
#5368 = ORIENTED_EDGE('',*,*,#4543,.T.);
#5369 = ORIENTED_EDGE('',*,*,#4013,.T.);
#5370 = ORIENTED_EDGE('',*,*,#4029,.F.);
#5371 = ORIENTED_EDGE('',*,*,#4357,.F.);
#5372 = CYLINDRICAL_SURFACE('',#5373,0.49);
#5373 = AXIS2_PLACEMENT_3D('',#5374,#5375,#5376);
#5374 = CARTESIAN_POINT('',(6.275,-6.01,9.51));
#5375 = DIRECTION('',(-1.,0.,0.));
#5376 = DIRECTION('',(0.,0.,1.));
#5377 = ADVANCED_FACE('',(#5378),#5390,.F.);
#5378 = FACE_BOUND('',#5379,.T.);
#5379 = EDGE_LOOP('',(#5380,#5381,#5382,#5383));
#5380 = ORIENTED_EDGE('',*,*,#4136,.T.);
#5381 = ORIENTED_EDGE('',*,*,#4194,.T.);
#5382 = ORIENTED_EDGE('',*,*,#4243,.T.);
#5383 = ORIENTED_EDGE('',*,*,#5384,.T.);
#5384 = EDGE_CURVE('',#4244,#4129,#5385,.T.);
#5385 = CIRCLE('',#5386,0.5);
#5386 = AXIS2_PLACEMENT_3D('',#5387,#5388,#5389);
#5387 = CARTESIAN_POINT('',(-5.775,-2.25,3.5));
#5388 = DIRECTION('',(0.,0.,-1.));
#5389 = DIRECTION('',(1.,0.,0.));
#5390 = PLANE('',#5391);
#5391 = AXIS2_PLACEMENT_3D('',#5392,#5393,#5394);
#5392 = CARTESIAN_POINT('',(-5.865567799459,-2.25,3.5));
#5393 = DIRECTION('',(0.,0.,1.));
#5394 = DIRECTION('',(-1.,0.,0.));
#5395 = ADVANCED_FACE('',(#5396),#5408,.T.);
#5396 = FACE_BOUND('',#5397,.F.);
#5397 = EDGE_LOOP('',(#5398,#5399,#5400,#5401));
#5398 = ORIENTED_EDGE('',*,*,#4251,.T.);
#5399 = ORIENTED_EDGE('',*,*,#5384,.T.);
#5400 = ORIENTED_EDGE('',*,*,#4128,.F.);
#5401 = ORIENTED_EDGE('',*,*,#5402,.F.);
#5402 = EDGE_CURVE('',#4252,#4081,#5403,.T.);
#5403 = CIRCLE('',#5404,0.5);
#5404 = AXIS2_PLACEMENT_3D('',#5405,#5406,#5407);
#5405 = CARTESIAN_POINT('',(-5.775,-2.25,4.));
#5406 = DIRECTION('',(0.,0.,-1.));
#5407 = DIRECTION('',(1.,0.,0.));
#5408 = CYLINDRICAL_SURFACE('',#5409,0.5);
#5409 = AXIS2_PLACEMENT_3D('',#5410,#5411,#5412);
#5410 = CARTESIAN_POINT('',(-5.775,-2.25,4.));
#5411 = DIRECTION('',(0.,0.,1.));
#5412 = DIRECTION('',(1.,0.,0.));
#5413 = ADVANCED_FACE('',(#5414),#5426,.F.);
#5414 = FACE_BOUND('',#5415,.F.);
#5415 = EDGE_LOOP('',(#5416,#5417,#5418,#5419));
#5416 = ORIENTED_EDGE('',*,*,#4218,.T.);
#5417 = ORIENTED_EDGE('',*,*,#4284,.T.);
#5418 = ORIENTED_EDGE('',*,*,#4324,.T.);
#5419 = ORIENTED_EDGE('',*,*,#5420,.T.);
#5420 = EDGE_CURVE('',#4325,#4211,#5421,.T.);
#5421 = CIRCLE('',#5422,0.5);
#5422 = AXIS2_PLACEMENT_3D('',#5423,#5424,#5425);
#5423 = CARTESIAN_POINT('',(-5.775,2.25,3.5));
#5424 = DIRECTION('',(0.,0.,1.));
#5425 = DIRECTION('',(1.,0.,0.));
#5426 = PLANE('',#5427);
#5427 = AXIS2_PLACEMENT_3D('',#5428,#5429,#5430);
#5428 = CARTESIAN_POINT('',(-5.865567799459,2.25,3.5));
#5429 = DIRECTION('',(0.,0.,1.));
#5430 = DIRECTION('',(1.,0.,0.));
#5431 = ADVANCED_FACE('',(#5432),#5444,.T.);
#5432 = FACE_BOUND('',#5433,.T.);
#5433 = EDGE_LOOP('',(#5434,#5435,#5436,#5437));
#5434 = ORIENTED_EDGE('',*,*,#4332,.T.);
#5435 = ORIENTED_EDGE('',*,*,#5420,.T.);
#5436 = ORIENTED_EDGE('',*,*,#4210,.F.);
#5437 = ORIENTED_EDGE('',*,*,#5438,.F.);
#5438 = EDGE_CURVE('',#4301,#4162,#5439,.T.);
#5439 = CIRCLE('',#5440,0.5);
#5440 = AXIS2_PLACEMENT_3D('',#5441,#5442,#5443);
#5441 = CARTESIAN_POINT('',(-5.775,2.25,4.));
#5442 = DIRECTION('',(0.,0.,1.));
#5443 = DIRECTION('',(1.,0.,0.));
#5444 = CYLINDRICAL_SURFACE('',#5445,0.5);
#5445 = AXIS2_PLACEMENT_3D('',#5446,#5447,#5448);
#5446 = CARTESIAN_POINT('',(-5.775,2.25,4.));
#5447 = DIRECTION('',(0.,0.,1.));
#5448 = DIRECTION('',(1.,0.,0.));
#5449 = ADVANCED_FACE('',(#5450),#5525,.T.);
#5450 = FACE_BOUND('',#5451,.T.);
#5451 = EDGE_LOOP('',(#5452,#5453,#5460));
#5452 = ORIENTED_EDGE('',*,*,#4365,.F.);
#5453 = ORIENTED_EDGE('',*,*,#5454,.T.);
#5454 = EDGE_CURVE('',#4366,#5455,#5457,.T.);
#5455 = VERTEX_POINT('',#5456);
#5456 = CARTESIAN_POINT('',(3.,-3.8E-14,10.04999989648));
#5457 = B_SPLINE_CURVE_WITH_KNOTS('',1,(#5458,#5459),.UNSPECIFIED.,.F.,
  .F.,(2,2),(0.,0.35),.PIECEWISE_BEZIER_KNOTS.);
#5458 = CARTESIAN_POINT('',(2.729368137122,4.118878216E-08,
    9.893748447219));
#5459 = CARTESIAN_POINT('',(3.032476024361,-4.9427266E-09,
    10.068750186334));
#5460 = ORIENTED_EDGE('',*,*,#5461,.T.);
#5461 = EDGE_CURVE('',#5455,#4368,#5462,.T.);
#5462 = B_SPLINE_CURVE_WITH_KNOTS('',7,(#5463,#5464,#5465,#5466,#5467,
    #5468,#5469,#5470,#5471,#5472,#5473,#5474,#5475,#5476,#5477,#5478,
    #5479,#5480,#5481,#5482,#5483,#5484,#5485,#5486,#5487,#5488,#5489,
    #5490,#5491,#5492,#5493,#5494,#5495,#5496,#5497,#5498,#5499,#5500,
    #5501,#5502,#5503,#5504,#5505,#5506,#5507,#5508,#5509,#5510,#5511,
    #5512,#5513,#5514,#5515,#5516,#5517,#5518,#5519,#5520,#5521,#5522,
    #5523,#5524),.UNSPECIFIED.,.F.,.F.,(8,6,6,6,6,6,6,6,6,6,8),(0.,
    5.949037410452E-02,0.176791247036,0.289359702089,0.357995413879,
    0.500112942604,0.667308948076,0.692159987996,0.834823880246,
    0.97699863852,1.),.UNSPECIFIED.);
#5463 = CARTESIAN_POINT('',(3.,-2.66E-15,10.04999989648));
#5464 = CARTESIAN_POINT('',(2.999999994012,-0.120135488192,
    10.046813210137));
#5465 = CARTESIAN_POINT('',(2.994387268384,-0.240272152195,
    10.043625788355));
#5466 = CARTESIAN_POINT('',(2.983161915931,-0.36009324745,
    10.040438243736));
#5467 = CARTESIAN_POINT('',(2.966345994948,-0.47928444362,
    10.037250851365));
#5468 = CARTESIAN_POINT('',(2.943983455996,-0.597534269631,
    10.034063678851));
#5469 = CARTESIAN_POINT('',(2.916140068683,-0.714534558711,
    10.030876716362));
#5470 = CARTESIAN_POINT('',(2.817368438743,-1.057613616245,
    10.021406572848));
#5471 = CARTESIAN_POINT('',(2.730853830245,-1.27924470806,
    10.015123031259));
#5472 = CARTESIAN_POINT('',(2.624034166282,-1.492489154097,10.0088407704
    ));
#5473 = CARTESIAN_POINT('',(2.497914022685,-1.69514154171,
    10.002558792026));
#5474 = CARTESIAN_POINT('',(2.353766937918,-1.885155436653,
    9.996275829731));
#5475 = CARTESIAN_POINT('',(2.193127867186,-2.060655625821,
    9.989991768633));
#5476 = CARTESIAN_POINT('',(1.849622152531,-2.372882871636,
    9.977678463007));
#5477 = CARTESIAN_POINT('',(1.66786620667,-2.510931780557,9.971647499524
    ));
#5478 = CARTESIAN_POINT('',(1.474182700279,-2.632653008466,
    9.965616951204));
#5479 = CARTESIAN_POINT('',(1.270342097068,-2.736842606241,
    9.959586803797));
#5480 = CARTESIAN_POINT('',(1.058241127954,-2.822531093614,
    9.953556435634));
#5481 = CARTESIAN_POINT('',(0.839892552337,-2.88898869729,9.947525628431
    ));
#5482 = CARTESIAN_POINT('',(0.481801108791,-2.964300701263,
    9.937819117308));
#5483 = CARTESIAN_POINT('',(0.344624733831,-2.985516390473,
    9.934142498984));
#5484 = CARTESIAN_POINT('',(0.20638537749,-2.999321325676,9.930465955557
    ));
#5485 = CARTESIAN_POINT('',(6.756334972328E-02,-3.005654428499,
    9.926789454282));
#5486 = CARTESIAN_POINT('',(-7.135878193093E-02,-3.004493680851,
    9.923112917223));
#5487 = CARTESIAN_POINT('',(-0.209897142193,-2.995856167682,
    9.919436312731));
#5488 = CARTESIAN_POINT('',(-0.632628586632,-2.946548226501,
    9.90814702706));
#5489 = CARTESIAN_POINT('',(-0.914073651046,-2.881471515782,
    9.90053172317));
#5490 = CARTESIAN_POINT('',(-1.187463158694,-2.785050422447,
    9.892918046238));
#5491 = CARTESIAN_POINT('',(-1.448671673153,-2.658556974735,
    9.885305391145));
#5492 = CARTESIAN_POINT('',(-1.693840248392,-2.503859837455,
    9.877691596234));
#5493 = CARTESIAN_POINT('',(-1.919413055177,-2.323406703372,
    9.870076163343));
#5494 = CARTESIAN_POINT('',(-2.360898081073,-1.881531032232,
    9.853507349404));
#5495 = CARTESIAN_POINT('',(-2.568325539928,-1.611194911591,
    9.844545930668));
#5496 = CARTESIAN_POINT('',(-2.739261191418,-1.314524957223,
    9.835589620574));
#5497 = CARTESIAN_POINT('',(-2.869933773967,-0.997500841375,
    9.826634880787));
#5498 = CARTESIAN_POINT('',(-2.957694977771,-0.66654756119,
    9.817678650962));
#5499 = CARTESIAN_POINT('',(-3.001007090067,-0.328565469996,9.8087172953
    ));
#5500 = CARTESIAN_POINT('',(-2.999834562892,5.925428788087E-02,
    9.798430001894));
#5501 = CARTESIAN_POINT('',(-2.998703431716,0.10943558946,9.797098807526
    ));
#5502 = CARTESIAN_POINT('',(-2.996592965921,0.159590993591,9.79576760394
    ));
#5503 = CARTESIAN_POINT('',(-2.993503906189,0.209697545057,
    9.794436391974));
#5504 = CARTESIAN_POINT('',(-2.989437663267,0.259732348339,
    9.793105172078));
#5505 = CARTESIAN_POINT('',(-2.98439631797,0.30967256761,9.791773944317)
  );
#5506 = CARTESIAN_POINT('',(-2.943859422417,0.645516576329,
    9.782800400309));
#5507 = CARTESIAN_POINT('',(-2.87727887201,0.927766715952,9.775155315969
    ));
#5508 = CARTESIAN_POINT('',(-2.779146803566,1.201755170934,
    9.767511904608));
#5509 = CARTESIAN_POINT('',(-2.650770048281,1.46331492809,9.759869686601
    ));
#5510 = CARTESIAN_POINT('',(-2.494059643545,1.708552382304,
    9.752226483758));
#5511 = CARTESIAN_POINT('',(-2.311512506704,1.933884657927,9.74458170513
    ));
#5512 = CARTESIAN_POINT('',(-1.901933982477,2.337750820258,
    9.729323872652));
#5513 = CARTESIAN_POINT('',(-1.674919807208,2.516578058478,
    9.721705810578));
#5514 = CARTESIAN_POINT('',(-1.428488121965,2.66948168716,9.714089790221
    ));
#5515 = CARTESIAN_POINT('',(-1.166217566983,2.794037837161,
    9.706474970841));
#5516 = CARTESIAN_POINT('',(-0.891985915607,2.888404874834,
    9.698858852224));
#5517 = CARTESIAN_POINT('',(-0.609933201426,2.951340933925,
    9.691240694438));
#5518 = CARTESIAN_POINT('',(-0.278331721764,2.987421795343,
    9.682392785104));
#5519 = CARTESIAN_POINT('',(-0.232064268363,2.991612067909,
    9.681160678708));
#5520 = CARTESIAN_POINT('',(-0.185724146092,2.9949662556,9.679928568962)
  );
#5521 = CARTESIAN_POINT('',(-0.139329484616,2.997482881351,9.67869645623
    ));
#5522 = CARTESIAN_POINT('',(-9.289844282774E-02,2.999160960343,
    9.677464341004));
#5523 = CARTESIAN_POINT('',(-4.644920884204E-02,3.000000000002,
    9.6762322239));
#5524 = CARTESIAN_POINT('',(4.4E-16,3.,9.675000105661));
#5525 = B_SPLINE_SURFACE_WITH_KNOTS('',1,11,(
    (#5526,#5527,#5528,#5529,#5530,#5531,#5532,#5533,#5534,#5535,#5536
      ,#5537)
    ,(#5538,#5539,#5540,#5541,#5542,#5543,#5544,#5545,#5546,#5547,#5548
      ,#5549
    )),.UNSPECIFIED.,.F.,.F.,.F.,(2,2),(12,12),(0.,0.35),(0.,
    6.303048278758),.PIECEWISE_BEZIER_KNOTS.);
#5526 = CARTESIAN_POINT('',(2.729368137122,4.118880901E-08,
    9.893748447219));
#5527 = CARTESIAN_POINT('',(2.72936771133,-1.559044556752,9.848294550283
    ));
#5528 = CARTESIAN_POINT('',(1.74999449163,-3.117754746337,9.802850654144
    ));
#5529 = CARTESIAN_POINT('',(-0.210587028567,-3.9942378643,9.757328793843
    ));
#5530 = CARTESIAN_POINT('',(-2.606221780859,-3.497662421122,
    9.712068882235));
#5531 = CARTESIAN_POINT('',(-4.391847362868,-1.445344588997,
    9.666265996049));
#5532 = CARTESIAN_POINT('',(-4.39211159261,1.44534131959,9.62123141601)
  );
#5533 = CARTESIAN_POINT('',(-2.60604420615,3.497667867735,9.575428529735
    ));
#5534 = CARTESIAN_POINT('',(-0.210661831719,3.994234955817,
    9.530168618224));
#5535 = CARTESIAN_POINT('',(1.750009580794,3.117755354862,9.484646757876
    ));
#5536 = CARTESIAN_POINT('',(2.729368212153,1.5590446254,9.439202861744)
  );
#5537 = CARTESIAN_POINT('',(2.729367778521,2.745924917E-08,9.39374896481
    ));
#5538 = CARTESIAN_POINT('',(3.032476024361,-4.94269454E-09,
    10.068750186334));
#5539 = CARTESIAN_POINT('',(3.032475991585,-1.732142260769,
    10.023295563055));
#5540 = CARTESIAN_POINT('',(1.944372510533,-3.464281099142,
    9.977839739685));
#5541 = CARTESIAN_POINT('',(-0.234104301568,-4.436871865251,
    9.932393272032));
#5542 = CARTESIAN_POINT('',(-2.895422393888,-3.888046124156,
    9.886915370436));
#5543 = CARTESIAN_POINT('',(-4.879790704058,-1.603085330796,
    9.841502626023));
#5544 = CARTESIAN_POINT('',(-4.879808312348,1.603085133462,
    9.795997684534));
#5545 = CARTESIAN_POINT('',(-2.895410539312,3.888046499488,
    9.750584940122));
#5546 = CARTESIAN_POINT('',(-0.234109269627,4.436871672348,
    9.705107038524));
#5547 = CARTESIAN_POINT('',(1.944373531104,3.464281131493,9.659660570874
    ));
#5548 = CARTESIAN_POINT('',(3.032476032291,1.732142252531,9.614204747502
    ));
#5549 = CARTESIAN_POINT('',(3.032476000455,-3.29515766E-09,
    9.568750124223));
#5550 = ADVANCED_FACE('',(#5551),#7636,.T.);
#5551 = FACE_BOUND('',#5552,.F.);
#5552 = EDGE_LOOP('',(#5553,#5622,#5649,#5716,#5743,#5810,#5837,#5904,
    #5931,#5998,#6025,#6092,#6119,#6180,#6207,#6274,#6301,#6368,#6395,
    #6462,#6489,#6556,#6581,#6582,#6583,#6645,#6672,#6734,#6761,#6823,
    #6850,#6912,#6939,#7001,#7028,#7090,#7117,#7179,#7206,#7268,#7295,
    #7362,#7389,#7451,#7478,#7540,#7567,#7629));
#5553 = ORIENTED_EDGE('',*,*,#5554,.T.);
#5554 = EDGE_CURVE('',#5555,#5557,#5559,.T.);
#5555 = VERTEX_POINT('',#5556);
#5556 = CARTESIAN_POINT('',(-2.789327222006,-1.104379223248,
    15.330000029973));
#5557 = VERTEX_POINT('',#5558);
#5558 = CARTESIAN_POINT('',(0.,3.,15.17499972608));
#5559 = B_SPLINE_CURVE_WITH_KNOTS('',7,(#5560,#5561,#5562,#5563,#5564,
    #5565,#5566,#5567,#5568,#5569,#5570,#5571,#5572,#5573,#5574,#5575,
    #5576,#5577,#5578,#5579,#5580,#5581,#5582,#5583,#5584,#5585,#5586,
    #5587,#5588,#5589,#5590,#5591,#5592,#5593,#5594,#5595,#5596,#5597,
    #5598,#5599,#5600,#5601,#5602,#5603,#5604,#5605,#5606,#5607,#5608,
    #5609,#5610,#5611,#5612,#5613,#5614,#5615,#5616,#5617,#5618,#5619,
    #5620,#5621),.UNSPECIFIED.,.F.,.F.,(8,6,6,6,6,6,6,6,6,6,8),(0.,
    5.94903322443E-02,0.176791045135,0.289356267824,0.357942620648,
    0.499575505869,0.667758001815,0.69252622458,0.833857430806,
    0.975620843843,1.),.UNSPECIFIED.);
#5560 = CARTESIAN_POINT('',(3.,2.8466E-13,15.549999516893));
#5561 = CARTESIAN_POINT('',(2.999999994012,-0.120135486686,
    15.546812830591));
#5562 = CARTESIAN_POINT('',(2.994387268525,-0.240272149182,
    15.543625408815));
#5563 = CARTESIAN_POINT('',(2.983161916353,-0.360093242941,
    15.540437864195));
#5564 = CARTESIAN_POINT('',(2.966345995792,-0.479284437639,
    15.537250471831));
#5565 = CARTESIAN_POINT('',(2.943983457398,-0.597534262215,
    15.534063299334));
#5566 = CARTESIAN_POINT('',(2.916140070778,-0.714534549906,
    15.530876336875));
#5567 = CARTESIAN_POINT('',(2.817368486582,-1.057613453086,
    15.521406197629));
#5568 = CARTESIAN_POINT('',(2.730853951254,-1.279244399967,
    15.515122660311));
#5569 = CARTESIAN_POINT('',(2.624034387332,-1.492488714063,
    15.508840403748));
#5570 = CARTESIAN_POINT('',(2.497914368364,-1.695140987077,
    15.502558429661));
#5571 = CARTESIAN_POINT('',(2.353767429854,-1.885154788657,
    15.49627547163));
#5572 = CARTESIAN_POINT('',(2.193128523402,-2.060654909087,
    15.48999141478));
#5573 = CARTESIAN_POINT('',(1.849627758096,-2.37287789191,
    15.477678282365));
#5574 = CARTESIAN_POINT('',(1.667877338823,-2.510923414969,
    15.471647487973));
#5575 = CARTESIAN_POINT('',(1.474199976277,-2.632642218941,
    15.465617108662));
#5576 = CARTESIAN_POINT('',(1.270365979267,-2.736830447777,
    15.459587130202));
#5577 = CARTESIAN_POINT('',(1.058271911672,-2.8225186879,15.453556931026
    ));
#5578 = CARTESIAN_POINT('',(0.839930355315,-2.888977205612,
    15.447526292888));
#5579 = CARTESIAN_POINT('',(0.481943741843,-2.964272860449,
    15.437822592177));
#5580 = CARTESIAN_POINT('',(0.344867355982,-2.985480644646,
    15.434148615488));
#5581 = CARTESIAN_POINT('',(0.206729059933,-2.999288407785,
    15.430474713503));
#5582 = CARTESIAN_POINT('',(6.800812312281E-02,-3.00563516809,
    15.426800853569));
#5583 = CARTESIAN_POINT('',(-7.081392918943E-02,-3.004498891563,
    15.423126958001));
#5584 = CARTESIAN_POINT('',(-0.209254261987,-2.995896534762,
    15.419452995237));
#5585 = CARTESIAN_POINT('',(-0.630927053079,-2.946817901684,
    15.408192306761));
#5586 = CARTESIAN_POINT('',(-0.911439812123,-2.882140799403,
    15.400603002823));
#5587 = CARTESIAN_POINT('',(-1.18397492195,-2.786329394114,
    15.393015296457));
#5588 = CARTESIAN_POINT('',(-1.444447907527,-2.660638762425,
    15.385428592846));
#5589 = CARTESIAN_POINT('',(-1.689036637003,-2.506913156722,
    15.377840766131));
#5590 = CARTESIAN_POINT('',(-1.914217287817,-2.327568823852,
    15.370251326584));
#5591 = CARTESIAN_POINT('',(-2.357538042905,-1.886097146852,
    15.353655612549));
#5592 = CARTESIAN_POINT('',(-2.566695174013,-1.614505060007,
    15.344641177809));
#5593 = CARTESIAN_POINT('',(-2.738962687687,-1.31620429404,
    15.335632003797));
#5594 = CARTESIAN_POINT('',(-2.870495782719,-0.99727843309,
    15.326624431377));
#5595 = CARTESIAN_POINT('',(-2.958597976161,-0.664265704351,
    15.317615340614));
#5596 = CARTESIAN_POINT('',(-3.001707538289,-0.324191237437,
    15.308600968785));
#5597 = CARTESIAN_POINT('',(-2.999702984637,6.545015786985E-02,
    15.298265257802));
#5598 = CARTESIAN_POINT('',(-2.998472789539,0.115461722427,
    15.29693849927));
#5599 = CARTESIAN_POINT('',(-2.996269833102,0.16544556441,
    15.295611731854));
#5600 = CARTESIAN_POINT('',(-2.993094894668,0.215378973799,
    15.294284955997));
#5601 = CARTESIAN_POINT('',(-2.988949414769,0.265239290453,
    15.292958172032));
#5602 = CARTESIAN_POINT('',(-2.983835495128,0.315003904106,
    15.291631380182));
#5603 = CARTESIAN_POINT('',(-2.943064806336,0.647939799767,
    15.282733662272));
#5604 = CARTESIAN_POINT('',(-2.87691931691,0.927471395445,15.27516008722
    ));
#5605 = CARTESIAN_POINT('',(-2.779819263556,1.198883362341,
    15.267588105979));
#5606 = CARTESIAN_POINT('',(-2.653034037178,1.458124423131,
    15.260017262988));
#5607 = CARTESIAN_POINT('',(-2.498416229728,1.701406550727,
    15.252445481701));
#5608 = CARTESIAN_POINT('',(-2.318384273592,1.925240449244,
    15.244872201428));
#5609 = CARTESIAN_POINT('',(-1.913145193038,2.328482524203,
    15.229707778401));
#5610 = CARTESIAN_POINT('',(-1.687668176815,2.507885523641,
    15.22211178563));
#5611 = CARTESIAN_POINT('',(-1.442759702983,2.661612459485,
    15.214517809052));
#5612 = CARTESIAN_POINT('',(-1.18195495196,2.787242227605,
    15.206925024761));
#5613 = CARTESIAN_POINT('',(-0.909087853154,2.882927905144,
    15.199330963734));
#5614 = CARTESIAN_POINT('',(-0.628255025042,2.947414280752,
    15.191734886384));
#5615 = CARTESIAN_POINT('',(-0.294956381845,2.985870806573,
    15.182835227852));
#5616 = CARTESIAN_POINT('',(-0.245941245107,2.990577429684,
    15.181529318771));
#5617 = CARTESIAN_POINT('',(-0.196839580528,2.994345215796,
    15.180223405438));
#5618 = CARTESIAN_POINT('',(-0.147672989102,2.997172298294,
    15.178917488888));
#5619 = CARTESIAN_POINT('',(-9.846309424509E-02,2.999057433366,
    15.177611569875));
#5620 = CARTESIAN_POINT('',(-4.923154179248E-02,3.000000000002,
    15.176305648874));
#5621 = CARTESIAN_POINT('',(8.9E-16,3.,15.17499972608));
#5622 = ORIENTED_EDGE('',*,*,#5623,.T.);
#5623 = EDGE_CURVE('',#5557,#5624,#5626,.T.);
#5624 = VERTEX_POINT('',#5625);
#5625 = CARTESIAN_POINT('',(3.,2.67E-13,15.049999551402));
#5626 = B_SPLINE_CURVE_WITH_KNOTS('',6,(#5627,#5628,#5629,#5630,#5631,
    #5632,#5633,#5634,#5635,#5636,#5637,#5638,#5639,#5640,#5641,#5642,
    #5643,#5644,#5645,#5646,#5647,#5648),.UNSPECIFIED.,.F.,.F.,(7,5,5,5,
    7),(0.,0.136697800911,0.468693964294,0.821485937475,1.),
  .UNSPECIFIED.);
#5627 = CARTESIAN_POINT('',(9.8E-16,3.,15.17499972608));
#5628 = CARTESIAN_POINT('',(0.107358752052,2.999999999996,15.17215191274
    ));
#5629 = CARTESIAN_POINT('',(0.214718041726,2.995389607284,
    15.169304086176));
#5630 = CARTESIAN_POINT('',(0.321829160909,2.986168886015,
    15.166456256621));
#5631 = CARTESIAN_POINT('',(0.428445304681,2.972355522651,
    15.163608433776));
#5632 = CARTESIAN_POINT('',(0.534321571315,2.953984825967,
    15.160760626811));
#5633 = CARTESIAN_POINT('',(0.893968170663,2.875553273128,
    15.150996472337));
#5634 = CARTESIAN_POINT('',(1.14296478612,2.793418683761,15.144079208669
    ));
#5635 = CARTESIAN_POINT('',(1.382653019246,2.685465892575,
    15.137163315339));
#5636 = CARTESIAN_POINT('',(1.609762062748,2.553081006789,
    15.130247621702));
#5637 = CARTESIAN_POINT('',(1.821263565939,2.398121098651,
    15.123330603134));
#5638 = CARTESIAN_POINT('',(2.219790243597,2.036983280949,
    15.109064675494));
#5639 = CARTESIAN_POINT('',(2.404523395131,1.828140763019,
    15.101713341205));
#5640 = CARTESIAN_POINT('',(2.565421719723,1.599428749121,
    15.094363060064));
#5641 = CARTESIAN_POINT('',(2.699955275381,1.354279545274,
    15.087011902074));
#5642 = CARTESIAN_POINT('',(2.806155995996,1.096475269511,
    15.079659795195));
#5643 = CARTESIAN_POINT('',(2.921632627763,0.69549898149,15.068591324975
    ));
#5644 = CARTESIAN_POINT('',(2.952876773341,0.558596941902,
    15.064872673675));
#5645 = CARTESIAN_POINT('',(2.976412565287,0.420050591392,
    15.061154402317));
#5646 = CARTESIAN_POINT('',(2.992137461003,0.280401928838,
    15.057436464158));
#5647 = CARTESIAN_POINT('',(2.999999993012,0.140200127014,
    15.053718475733));
#5648 = CARTESIAN_POINT('',(3.,2.0394E-13,15.049999551402));
#5649 = ORIENTED_EDGE('',*,*,#5650,.T.);
#5650 = EDGE_CURVE('',#5624,#5651,#5653,.T.);
#5651 = VERTEX_POINT('',#5652);
#5652 = CARTESIAN_POINT('',(0.,3.,14.674999760588));
#5653 = B_SPLINE_CURVE_WITH_KNOTS('',7,(#5654,#5655,#5656,#5657,#5658,
    #5659,#5660,#5661,#5662,#5663,#5664,#5665,#5666,#5667,#5668,#5669,
    #5670,#5671,#5672,#5673,#5674,#5675,#5676,#5677,#5678,#5679,#5680,
    #5681,#5682,#5683,#5684,#5685,#5686,#5687,#5688,#5689,#5690,#5691,
    #5692,#5693,#5694,#5695,#5696,#5697,#5698,#5699,#5700,#5701,#5702,
    #5703,#5704,#5705,#5706,#5707,#5708,#5709,#5710,#5711,#5712,#5713,
    #5714,#5715),.UNSPECIFIED.,.F.,.F.,(8,6,6,6,6,6,6,6,6,6,8),(0.,
    5.949025124397E-02,0.176790820422,0.28935655859,0.357953291696,
    0.50052803493,0.666918789387,0.69270122482,0.834032198408,
    0.975470436212,1.),.UNSPECIFIED.);
#5654 = CARTESIAN_POINT('',(3.,2.5135E-13,15.049999551402));
#5655 = CARTESIAN_POINT('',(2.999999994012,-0.120135486686,15.0468128651
    ));
#5656 = CARTESIAN_POINT('',(2.994387268525,-0.240272149181,
    15.043625443327));
#5657 = CARTESIAN_POINT('',(2.983161916353,-0.360093242939,
    15.040437898711));
#5658 = CARTESIAN_POINT('',(2.966345995792,-0.479284437637,
    15.03725050635));
#5659 = CARTESIAN_POINT('',(2.943983457399,-0.597534262212,
    15.034063333855));
#5660 = CARTESIAN_POINT('',(2.916140070779,-0.714534549903,
    15.030876371396));
#5661 = CARTESIAN_POINT('',(2.817368477644,-1.057613484133,
    15.021406231294));
#5662 = CARTESIAN_POINT('',(2.73085392765,-1.27924446044,15.015122693115
    ));
#5663 = CARTESIAN_POINT('',(2.624034343611,-1.492488801344,
    15.008840435689));
#5664 = CARTESIAN_POINT('',(2.497914299537,-1.695141097667,
    15.00255846074));
#5665 = CARTESIAN_POINT('',(2.35376733153,-1.885154918265,
    14.996275501848));
#5666 = CARTESIAN_POINT('',(2.193128391919,-2.060655052737,
    14.989991444139));
#5667 = CARTESIAN_POINT('',(1.84962657982,-2.372878939732,
    14.977678275044));
#5668 = CARTESIAN_POINT('',(1.667874989538,-2.510925181342,
    14.971647444805));
#5669 = CARTESIAN_POINT('',(1.474196325063,-2.632644499996,
    14.965617029663));
#5670 = CARTESIAN_POINT('',(1.270360928033,-2.736833019909,
    14.959587015385));
#5671 = CARTESIAN_POINT('',(1.058265397732,-2.822521313358,
    14.953556780383));
#5672 = CARTESIAN_POINT('',(0.839922353628,-2.888979638241,
    14.947526106405));
#5673 = CARTESIAN_POINT('',(0.481913477797,-2.964278769072,
    14.937821808835));
#5674 = CARTESIAN_POINT('',(0.344815854806,-2.985488234594,
    14.934147271068));
#5675 = CARTESIAN_POINT('',(0.206656094011,-2.99929540007,
    14.930472808045));
#5676 = CARTESIAN_POINT('',(6.791368571886E-02,-3.005639263206,
    14.926798387096));
#5677 = CARTESIAN_POINT('',(-7.092962355796E-02,-3.004497793358,
    14.92312393048));
#5678 = CARTESIAN_POINT('',(-0.209390777976,-2.995887974314,
    14.919449406618));
#5679 = CARTESIAN_POINT('',(-0.632971620901,-2.946564688613,
    14.908137694673));
#5680 = CARTESIAN_POINT('',(-0.915324642694,-2.881230653532,
    14.900497845659));
#5681 = CARTESIAN_POINT('',(-1.189561640451,-2.784349795544,
    14.892859650614));
#5682 = CARTESIAN_POINT('',(-1.451517700506,-2.657208555087,
    14.885222495523));
#5683 = CARTESIAN_POINT('',(-1.697298133342,-2.501697129574,
    14.877584183212));
#5684 = CARTESIAN_POINT('',(-1.923315727306,-2.320291558731,
    14.869944205301));
#5685 = CARTESIAN_POINT('',(-2.363438061169,-1.878047996736,
    14.853394012773));
#5686 = CARTESIAN_POINT('',(-2.569486451107,-1.608761614041,
    14.844475847955));
#5687 = CARTESIAN_POINT('',(-2.739369067878,-1.313441027852,
    14.835562670237));
#5688 = CARTESIAN_POINT('',(-2.869373278336,-0.997981609257,
    14.826651037549));
#5689 = CARTESIAN_POINT('',(-2.95688901706,-0.668716675707,14.8177379384
    ));
#5690 = CARTESIAN_POINT('',(-3.000397250843,-0.33244567583,
    14.808819836222));
#5691 = CARTESIAN_POINT('',(-2.999935998178,5.563101843537E-02,
    14.798525773436));
#5692 = CARTESIAN_POINT('',(-2.998819912941,0.107695160389,
    14.797144685812));
#5693 = CARTESIAN_POINT('',(-2.996649657062,0.159732425627,
    14.795763588472));
#5694 = CARTESIAN_POINT('',(-2.993426038797,0.211717193202,
    14.794382481977));
#5695 = CARTESIAN_POINT('',(-2.989150642874,0.263623900705,
    14.793001366726));
#5696 = CARTESIAN_POINT('',(-2.98382583049,0.31542704427,14.791620242957
    ));
#5697 = CARTESIAN_POINT('',(-2.942530477783,0.650362072562,
    14.782668190632));
#5698 = CARTESIAN_POINT('',(-2.876154923163,0.929839127353,
    14.775094614201));
#5699 = CARTESIAN_POINT('',(-2.778831498661,1.20117107688,
    14.767522632509));
#5700 = CARTESIAN_POINT('',(-2.651832929381,1.460307690163,
    14.759951790276));
#5701 = CARTESIAN_POINT('',(-2.497014924547,1.703462466344,
    14.752380010696));
#5702 = CARTESIAN_POINT('',(-2.316798787752,1.927148101336,14.7448067324
    ));
#5703 = CARTESIAN_POINT('',(-1.911693452094,2.329594012592,
    14.729659718966));
#5704 = CARTESIAN_POINT('',(-1.686638047318,2.508451621226,
    14.722081162348));
#5705 = CARTESIAN_POINT('',(-1.442254117677,2.66174231765,
    14.714504599261));
#5706 = CARTESIAN_POINT('',(-1.182053344418,2.787062856989,
    14.706929215216));
#5707 = CARTESIAN_POINT('',(-0.909843402156,2.882579201575,
    14.699352567814));
#5708 = CARTESIAN_POINT('',(-0.629692389423,2.947043856534,
    14.691773924081));
#5709 = CARTESIAN_POINT('',(-0.296771207546,2.98569599871,
    14.682883616047));
#5710 = CARTESIAN_POINT('',(-0.24745628607,2.990460813425,
    14.681569648141));
#5711 = CARTESIAN_POINT('',(-0.19805322448,2.994275215213,
    14.680255675869));
#5712 = CARTESIAN_POINT('',(-0.148584029759,2.99713729048,
    14.678941700406));
#5713 = CARTESIAN_POINT('',(-9.907072778008E-02,2.999045764217,
    14.677627722524));
#5714 = CARTESIAN_POINT('',(-4.953536330853E-02,3.000000000001,
    14.676313742595));
#5715 = CARTESIAN_POINT('',(1.33E-15,3.,14.674999760588));
#5716 = ORIENTED_EDGE('',*,*,#5717,.T.);
#5717 = EDGE_CURVE('',#5651,#5718,#5720,.T.);
#5718 = VERTEX_POINT('',#5719);
#5719 = CARTESIAN_POINT('',(3.,3.07E-13,14.549999585911));
#5720 = B_SPLINE_CURVE_WITH_KNOTS('',6,(#5721,#5722,#5723,#5724,#5725,
    #5726,#5727,#5728,#5729,#5730,#5731,#5732,#5733,#5734,#5735,#5736,
    #5737,#5738,#5739,#5740,#5741,#5742),.UNSPECIFIED.,.F.,.F.,(7,5,5,5,
    7),(0.,0.133764849012,0.468171561725,0.82783570392,1.),
  .UNSPECIFIED.);
#5721 = CARTESIAN_POINT('',(1.53E-15,3.,14.674999760588));
#5722 = CARTESIAN_POINT('',(0.105055092314,2.999999999997,14.67221305445
    ));
#5723 = CARTESIAN_POINT('',(0.210110661459,2.995585343646,
    14.669426336076));
#5724 = CARTESIAN_POINT('',(0.314933725495,2.98675608587,14.666639614685
    ));
#5725 = CARTESIAN_POINT('',(0.419293003026,2.973528444291,
    14.663852899246));
#5726 = CARTESIAN_POINT('',(0.522958913202,2.955934799234,
    14.661066198475));
#5727 = CARTESIAN_POINT('',(0.882561076731,2.879246816094,
    14.651312939447));
#5728 = CARTESIAN_POINT('',(1.133703271012,2.797477744036,
    14.644345427898));
#5729 = CARTESIAN_POINT('',(1.375495538294,2.689476319079,
    14.637379332247));
#5730 = CARTESIAN_POINT('',(1.604590870365,2.556648790362,
    14.630413445256));
#5731 = CARTESIAN_POINT('',(1.817889974095,2.400885753429,
    14.623446191868));
#5732 = CARTESIAN_POINT('',(2.222118613268,2.035185041701,
    14.608986914196));
#5733 = CARTESIAN_POINT('',(2.410218630745,1.82197460858,14.601492284107
    ));
#5734 = CARTESIAN_POINT('',(2.573495229362,1.588152158633,
    14.593998848322));
#5735 = CARTESIAN_POINT('',(2.709280681545,1.337364524735,
    14.586504472567));
#5736 = CARTESIAN_POINT('',(2.815511686355,1.073630769785,
    14.579009109141));
#5737 = CARTESIAN_POINT('',(2.927092321736,0.671128178427,
    14.567929941109));
#5738 = CARTESIAN_POINT('',(2.956166435037,0.53887444158,14.564343626486
    ));
#5739 = CARTESIAN_POINT('',(2.978060881078,0.405145140385,
    14.560757656842));
#5740 = CARTESIAN_POINT('',(2.992686914275,0.270427003466,
    14.557171973049));
#5741 = CARTESIAN_POINT('',(2.999999993261,0.135212785945,
    14.553586216895));
#5742 = CARTESIAN_POINT('',(3.,3.211E-13,14.549999585911));
#5743 = ORIENTED_EDGE('',*,*,#5744,.T.);
#5744 = EDGE_CURVE('',#5718,#5745,#5747,.T.);
#5745 = VERTEX_POINT('',#5746);
#5746 = CARTESIAN_POINT('',(0.,3.,14.174999795096));
#5747 = B_SPLINE_CURVE_WITH_KNOTS('',7,(#5748,#5749,#5750,#5751,#5752,
    #5753,#5754,#5755,#5756,#5757,#5758,#5759,#5760,#5761,#5762,#5763,
    #5764,#5765,#5766,#5767,#5768,#5769,#5770,#5771,#5772,#5773,#5774,
    #5775,#5776,#5777,#5778,#5779,#5780,#5781,#5782,#5783,#5784,#5785,
    #5786,#5787,#5788,#5789,#5790,#5791,#5792,#5793,#5794,#5795,#5796,
    #5797,#5798,#5799,#5800,#5801,#5802,#5803,#5804,#5805,#5806,#5807,
    #5808,#5809),.UNSPECIFIED.,.F.,.F.,(8,6,6,6,6,6,6,6,6,6,8),(0.,
    5.949034609542E-02,0.176791126061,0.289357992296,0.357969684734,
    0.50001441545,0.66779972977,0.692638223415,0.833969434827,
    0.976519865712,1.),.UNSPECIFIED.);
#5748 = CARTESIAN_POINT('',(3.,2.0473E-13,14.549999585911));
#5749 = CARTESIAN_POINT('',(2.999999994012,-0.120135486701,
    14.546812899608));
#5750 = CARTESIAN_POINT('',(2.994387268523,-0.240272149211,
    14.543625477838));
#5751 = CARTESIAN_POINT('',(2.983161916349,-0.360093242985,
    14.540437933225));
#5752 = CARTESIAN_POINT('',(2.966345995784,-0.479284437697,
    14.537250540866));
#5753 = CARTESIAN_POINT('',(2.943983457385,-0.597534262286,
    14.534063368374));
#5754 = CARTESIAN_POINT('',(2.916140070758,-0.714534549991,
    14.530876405915));
#5755 = CARTESIAN_POINT('',(2.817368464322,-1.057613530375,
    14.521406264539));
#5756 = CARTESIAN_POINT('',(2.730853892524,-1.27924455041,
    14.515122725083));
#5757 = CARTESIAN_POINT('',(2.624034278581,-1.49248893115,
    14.508840466377));
#5758 = CARTESIAN_POINT('',(2.49791419719,-1.695141262107,
    14.502558490149));
#5759 = CARTESIAN_POINT('',(2.35376718534,-1.885155110965,14.49627552998
    ));
#5760 = CARTESIAN_POINT('',(2.193128196445,-2.060655266297,
    14.489991470995));
#5761 = CARTESIAN_POINT('',(1.849624896264,-2.372880435554,
    14.477678249812));
#5762 = CARTESIAN_POINT('',(1.667871644212,-2.510927695481,
    14.471647368723));
#5763 = CARTESIAN_POINT('',(1.474191132339,-2.632647743207,
    14.465616902754));
#5764 = CARTESIAN_POINT('',(1.270353748861,-2.736836674955,
    14.459586837669));
#5765 = CARTESIAN_POINT('',(1.058256143291,-2.822525042945,
    14.453556551849));
#5766 = CARTESIAN_POINT('',(0.839910988495,-2.888983093168,
    14.44752582703));
#5767 = CARTESIAN_POINT('',(0.481870546833,-2.964287149735,
    14.43782068319));
#5768 = CARTESIAN_POINT('',(0.344742812769,-2.985498997292,
    14.434145349906));
#5769 = CARTESIAN_POINT('',(0.20655261825,-2.999305312953,
    14.430470091424));
#5770 = CARTESIAN_POINT('',(6.777976687229E-02,-3.00564506533,
    14.426794875046));
#5771 = CARTESIAN_POINT('',(-7.109368103686E-02,-3.004496228561,
    14.423119622957));
#5772 = CARTESIAN_POINT('',(-0.209584356423,-2.995875825074,
    14.41944430355));
#5773 = CARTESIAN_POINT('',(-0.63212773077,-2.946641414763,
    14.408160199057));
#5774 = CARTESIAN_POINT('',(-0.913438267462,-2.881648199968,
    14.400548798451));
#5775 = CARTESIAN_POINT('',(-1.186707586012,-2.78534151131,
    14.392939020243));
#5776 = CARTESIAN_POINT('',(-1.447816305985,-2.658990483917,
    14.385330261004));
#5777 = CARTESIAN_POINT('',(-1.692910869277,-2.504459775352,
    14.377720364307));
#5778 = CARTESIAN_POINT('',(-1.918440065645,-2.324192032627,
    14.37010883293));
#5779 = CARTESIAN_POINT('',(-2.360867540251,-1.881783290068,
    14.353512342895));
#5780 = CARTESIAN_POINT('',(-2.569043080821,-1.610477698259,
    14.344519255558));
#5781 = CARTESIAN_POINT('',(-2.740461503537,-1.312653301609,
    14.335531367186));
#5782 = CARTESIAN_POINT('',(-2.871314116983,-0.994355704611,
    14.3265450658));
#5783 = CARTESIAN_POINT('',(-2.958930673423,-0.662080160812,
    14.317557254454));
#5784 = CARTESIAN_POINT('',(-3.001766496582,-0.322803090541,
    14.308564225283));
#5785 = CARTESIAN_POINT('',(-2.999689390556,6.617775334414E-02,
    14.298246024993));
#5786 = CARTESIAN_POINT('',(-2.998443144805,0.11633094957,
    14.296915502193));
#5787 = CARTESIAN_POINT('',(-2.99621861602,0.166456009183,
    14.295584970476));
#5788 = CARTESIAN_POINT('',(-2.993016596559,0.216530029563,
    14.294254430259));
#5789 = CARTESIAN_POINT('',(-2.988838547506,0.266530157985,
    14.292923881874));
#5790 = CARTESIAN_POINT('',(-2.983686598671,0.31643359162,14.29159332556
    ));
#5791 = CARTESIAN_POINT('',(-2.942723348636,0.649488823315,
    14.28269184201));
#5792 = CARTESIAN_POINT('',(-2.876430734049,0.928985563515,
    14.275118266079));
#5793 = CARTESIAN_POINT('',(-2.779187833765,1.20034638283,
    14.267546284553));
#5794 = CARTESIAN_POINT('',(-2.652266170909,1.459520672726,
    14.25997544205));
#5795 = CARTESIAN_POINT('',(-2.497520330984,1.702721381799,
    14.252403661857));
#5796 = CARTESIAN_POINT('',(-2.317370582618,1.926460487589,
    14.244830382849));
#5797 = CARTESIAN_POINT('',(-1.910792139448,2.330609638412,
    14.229623804477));
#5798 = CARTESIAN_POINT('',(-1.683841699552,2.510764357968,
    14.221985597361));
#5799 = CARTESIAN_POINT('',(-1.437274545424,2.664928477493,
    14.214349456466));
#5800 = CARTESIAN_POINT('',(-1.174689490496,2.790646354136,
    14.206714537693));
#5801 = CARTESIAN_POINT('',(-0.899989072326,2.886049346065,
    14.199078303754));
#5802 = CARTESIAN_POINT('',(-0.617342483603,2.949873879664,
    14.191439994008));
#5803 = CARTESIAN_POINT('',(-0.284109053319,2.986893087991,
    14.182546338066));
#5804 = CARTESIAN_POINT('',(-0.23688643023,2.991259384644,
    14.181288588048));
#5805 = CARTESIAN_POINT('',(-0.18958650678,2.994754561367,
    14.180030834433));
#5806 = CARTESIAN_POINT('',(-0.142228574208,2.99737701347,
    14.178773077833));
#5807 = CARTESIAN_POINT('',(-9.483194814275E-02,2.999125671251,
    14.177515318783));
#5808 = CARTESIAN_POINT('',(-4.74159686036E-02,3.,14.176257557742));
#5809 = CARTESIAN_POINT('',(1.33E-15,3.,14.174999795096));
#5810 = ORIENTED_EDGE('',*,*,#5811,.T.);
#5811 = EDGE_CURVE('',#5745,#5812,#5814,.T.);
#5812 = VERTEX_POINT('',#5813);
#5813 = CARTESIAN_POINT('',(3.,1.85E-13,14.049999620419));
#5814 = B_SPLINE_CURVE_WITH_KNOTS('',6,(#5815,#5816,#5817,#5818,#5819,
    #5820,#5821,#5822,#5823,#5824,#5825,#5826,#5827,#5828,#5829,#5830,
    #5831,#5832,#5833,#5834,#5835,#5836),.UNSPECIFIED.,.F.,.F.,(7,5,5,5,
    7),(0.,0.13533217732,0.471004873593,0.824851238288,1.),
  .UNSPECIFIED.);
#5815 = CARTESIAN_POINT('',(1.15E-15,3.,14.174999795096));
#5816 = CARTESIAN_POINT('',(0.106286131827,2.999999999999,14.17218043423
    ));
#5817 = CARTESIAN_POINT('',(0.212572758775,2.995481274292,14.16936106097
    ));
#5818 = CARTESIAN_POINT('',(0.318618594033,2.98644388226,14.166541684712
    ));
#5819 = CARTESIAN_POINT('',(0.424184149608,2.972904814629,
    14.163722314665));
#5820 = CARTESIAN_POINT('',(0.529031736322,2.954897993476,
    14.160902959852));
#5821 = CARTESIAN_POINT('',(0.890619445559,2.876855341664,
    14.151090670219));
#5822 = CARTESIAN_POINT('',(1.142488237901,2.794053574145,
    14.144096764354));
#5823 = CARTESIAN_POINT('',(1.384856972366,2.684846516953,
    14.137104299615));
#5824 = CARTESIAN_POINT('',(1.614345096563,2.550667508073,
    14.130112042141));
#5825 = CARTESIAN_POINT('',(1.827824920311,2.393440156772,
    14.123118383818));
#5826 = CARTESIAN_POINT('',(2.227781721246,2.028353426173,
    14.108753889195));
#5827 = CARTESIAN_POINT('',(2.412243701138,1.818147208236,
    14.101380550784));
#5828 = CARTESIAN_POINT('',(2.572645663801,1.588048668901,14.09400828791
    ));
#5829 = CARTESIAN_POINT('',(2.706449901687,1.341531881069,
    14.086635145339));
#5830 = CARTESIAN_POINT('',(2.811688228225,1.082422409771,
    14.079261096528));
#5831 = CARTESIAN_POINT('',(2.924550439224,0.682588188192,
    14.068240858437));
#5832 = CARTESIAN_POINT('',(2.954634983351,0.548146584423,
    14.064592342804));
#5833 = CARTESIAN_POINT('',(2.977293564373,0.412151608194,14.06094418849
    ));
#5834 = CARTESIAN_POINT('',(2.99243113633,0.275115476992,14.057296341746
    ));
#5835 = CARTESIAN_POINT('',(2.999999993144,0.137556962461,
    14.053648432624));
#5836 = CARTESIAN_POINT('',(3.,2.2731E-13,14.049999620419));
#5837 = ORIENTED_EDGE('',*,*,#5838,.T.);
#5838 = EDGE_CURVE('',#5812,#5839,#5841,.T.);
#5839 = VERTEX_POINT('',#5840);
#5840 = CARTESIAN_POINT('',(0.,3.,13.674999829604));
#5841 = B_SPLINE_CURVE_WITH_KNOTS('',7,(#5842,#5843,#5844,#5845,#5846,
    #5847,#5848,#5849,#5850,#5851,#5852,#5853,#5854,#5855,#5856,#5857,
    #5858,#5859,#5860,#5861,#5862,#5863,#5864,#5865,#5866,#5867,#5868,
    #5869,#5870,#5871,#5872,#5873,#5874,#5875,#5876,#5877,#5878,#5879,
    #5880,#5881,#5882,#5883,#5884,#5885,#5886,#5887,#5888,#5889,#5890,
    #5891,#5892,#5893,#5894,#5895,#5896,#5897,#5898,#5899,#5900,#5901,
    #5902,#5903),.UNSPECIFIED.,.F.,.F.,(8,6,6,6,6,6,6,6,6,6,8),(0.,
    5.949031781694E-02,0.176790987943,0.28935563995,0.35793342052,
    0.499713573321,0.666921211068,0.69266772691,0.833998868539,
    0.977035777741,1.),.UNSPECIFIED.);
#5842 = CARTESIAN_POINT('',(3.,1.7231E-13,14.049999620419));
#5843 = CARTESIAN_POINT('',(2.999999994012,-0.120135487735,
    14.046812934089));
#5844 = CARTESIAN_POINT('',(2.994387268427,-0.240272151279,
    14.043625512294));
#5845 = CARTESIAN_POINT('',(2.983161916059,-0.360093246079,
    14.040437967658));
#5846 = CARTESIAN_POINT('',(2.966345995205,-0.479284441801,
    14.037250575275));
#5847 = CARTESIAN_POINT('',(2.943983456422,-0.597534267376,
    14.034063402757));
#5848 = CARTESIAN_POINT('',(2.91614006932,-0.714534556034,
    14.030876440272));
#5849 = CARTESIAN_POINT('',(2.817368491421,-1.057613434183,
    14.021406301711));
#5850 = CARTESIAN_POINT('',(2.730853967736,-1.279244356404,
    14.015122765095));
#5851 = CARTESIAN_POINT('',(2.624034420006,-1.492488647965,
    14.008840509226));
#5852 = CARTESIAN_POINT('',(2.497914421402,-1.695140901305,
    14.002558535835));
#5853 = CARTESIAN_POINT('',(2.353767506934,-1.885154686731,
    13.996275578507));
#5854 = CARTESIAN_POINT('',(2.193128627602,-2.060654795103,
    13.989991522367));
#5855 = CARTESIAN_POINT('',(1.849628711496,-2.372877043816,
    13.977678419719));
#5856 = CARTESIAN_POINT('',(1.667879241866,-2.510921983902,
    13.971647654407));
#5857 = CARTESIAN_POINT('',(1.474202935166,-2.632640370241,
    13.965617304165));
#5858 = CARTESIAN_POINT('',(1.270370073576,-2.736828362794,
    13.959587354762));
#5859 = CARTESIAN_POINT('',(1.058277192261,-2.822516559458,
    13.953557184646));
#5860 = CARTESIAN_POINT('',(0.839936842515,-2.888975233355,
    13.947526575581));
#5861 = CARTESIAN_POINT('',(0.481968404128,-2.96426804348,
    13.937823362184));
#5862 = CARTESIAN_POINT('',(0.344909364525,-2.985474451328,
    13.93414984379));
#5863 = CARTESIAN_POINT('',(0.206788600803,-2.999282699336,
    13.930476400065));
#5864 = CARTESIAN_POINT('',(6.808520202661E-02,-3.005631822499,
    13.926802998375));
#5865 = CARTESIAN_POINT('',(-7.071948721896E-02,-3.004499784092,
    13.923129561076));
#5866 = CARTESIAN_POINT('',(-0.209142812241,-2.995903518457,
    13.919456056623));
#5867 = CARTESIAN_POINT('',(-0.631096022052,-2.946810606553,
    13.908187935976));
#5868 = CARTESIAN_POINT('',(-0.911899848492,-2.882045347439,
    13.900590729295));
#5869 = CARTESIAN_POINT('',(-1.184706092911,-2.786081052895,
    13.89299512877));
#5870 = CARTESIAN_POINT('',(-1.44541770382,-2.660177458221,
    13.885400536715));
#5871 = CARTESIAN_POINT('',(-1.690201165641,-2.506185741331,
    13.877804816112));
#5872 = CARTESIAN_POINT('',(-1.915522663993,-2.326531240997,
    13.870207474148));
#5873 = CARTESIAN_POINT('',(-2.357372341718,-1.885950799301,
    13.853656090964));
#5874 = CARTESIAN_POINT('',(-2.565320253434,-1.615984050745,
    13.844694036653));
#5875 = CARTESIAN_POINT('',(-2.73682043819,-1.319611540296,
    13.835737093714));
#5876 = CARTESIAN_POINT('',(-2.868089702941,-1.002807178098,
    13.826781725044));
#5877 = CARTESIAN_POINT('',(-2.956467283878,-0.671992388949,
    13.817824870161));
#5878 = CARTESIAN_POINT('',(-3.000402412463,-0.334066138503,
    13.808862889498));
#5879 = CARTESIAN_POINT('',(-2.999935551923,5.558716693464E-02,
    13.798527005615));
#5880 = CARTESIAN_POINT('',(-2.998821992608,0.107578703178,
    13.797147843747));
#5881 = CARTESIAN_POINT('',(-2.996657200631,0.159543463482,
    13.795768672185));
#5882 = CARTESIAN_POINT('',(-2.993441980037,0.211455933454,
    13.794389491497));
#5883 = CARTESIAN_POINT('',(-2.989177907016,0.263290657206,
    13.793010302084));
#5884 = CARTESIAN_POINT('',(-2.983867329906,0.315022237355,
    13.791631104179));
#5885 = CARTESIAN_POINT('',(-2.942634377137,0.649891806887,
    13.782680978084));
#5886 = CARTESIAN_POINT('',(-2.876303487665,0.929379465963,
    13.775107401926));
#5887 = CARTESIAN_POINT('',(-2.779023426978,1.200726965767,
    13.767535420327));
#5888 = CARTESIAN_POINT('',(-2.652066272889,1.459883871953,
    13.759964577953));
#5889 = CARTESIAN_POINT('',(-2.497287129485,1.703063387134,
    13.752392798046));
#5890 = CARTESIAN_POINT('',(-2.317106743021,1.926777820317,
    13.744819519368));
#5891 = CARTESIAN_POINT('',(-1.909776022083,2.331563870489,
    13.729586878806));
#5892 = CARTESIAN_POINT('',(-1.681947388745,2.5122250072,13.72192256575)
  );
#5893 = CARTESIAN_POINT('',(-1.434382340323,2.666703629079,
    13.714260352411));
#5894 = CARTESIAN_POINT('',(-1.17071891477,2.792521914543,
    13.706599379864));
#5895 = CARTESIAN_POINT('',(-0.894902243912,2.887797086959,
    13.698937069824));
#5896 = CARTESIAN_POINT('',(-0.61114671101,2.951259739409,
    13.691272652123));
#5897 = CARTESIAN_POINT('',(-0.277883090832,2.987462393187,
    13.682380562042));
#5898 = CARTESIAN_POINT('',(-0.231689822851,2.991639149011,
    13.681150446783));
#5899 = CARTESIAN_POINT('',(-0.185424237845,2.994982510592,
    13.679920328197));
#5900 = CARTESIAN_POINT('',(-0.13910437779,2.997491010416,
    13.678690206643));
#5901 = CARTESIAN_POINT('',(-9.274831352402E-02,2.999163670022,
    13.677460082604));
#5902 = CARTESIAN_POINT('',(-4.637414474221E-02,3.000000000002,
    13.676229956683));
#5903 = CARTESIAN_POINT('',(8.9E-16,3.,13.674999829604));
#5904 = ORIENTED_EDGE('',*,*,#5905,.T.);
#5905 = EDGE_CURVE('',#5839,#5906,#5908,.T.);
#5906 = VERTEX_POINT('',#5907);
#5907 = CARTESIAN_POINT('',(3.,6.5E-14,13.549999654928));
#5908 = B_SPLINE_CURVE_WITH_KNOTS('',6,(#5909,#5910,#5911,#5912,#5913,
    #5914,#5915,#5916,#5917,#5918,#5919,#5920,#5921,#5922,#5923,#5924,
    #5925,#5926,#5927,#5928,#5929,#5930),.UNSPECIFIED.,.F.,.F.,(7,5,5,5,
    7),(0.,0.132730946747,0.469315696959,0.822659844305,1.),
  .UNSPECIFIED.);
#5909 = CARTESIAN_POINT('',(9.4E-16,3.,13.674999829604));
#5910 = CARTESIAN_POINT('',(0.104243168015,2.999999999996,
    13.672234660685));
#5911 = CARTESIAN_POINT('',(0.208486801272,2.995653318242,
    13.669469479633));
#5912 = CARTESIAN_POINT('',(0.312503287982,2.986960007297,
    13.666704295585));
#5913 = CARTESIAN_POINT('',(0.416066655927,2.973935789552,
    13.663939117345));
#5914 = CARTESIAN_POINT('',(0.518952572454,2.956612057236,13.66117395339
    ));
#5915 = CARTESIAN_POINT('',(0.879558179888,2.88032207012,13.651396849009
    ));
#5916 = CARTESIAN_POINT('',(1.132433205652,2.798253742753,
    13.644383922074));
#5917 = CARTESIAN_POINT('',(1.375854789914,2.689599627773,13.63737245354
    ));
#5918 = CARTESIAN_POINT('',(1.606409645319,2.555792848963,
    13.630361198896));
#5919 = CARTESIAN_POINT('',(1.820938256101,2.398762549966,
    13.623348532854));
#5920 = CARTESIAN_POINT('',(2.222100524524,2.034521860737,
    13.608975519024));
#5921 = CARTESIAN_POINT('',(2.406886115017,1.82513608315,13.601612669417
    ));
#5922 = CARTESIAN_POINT('',(2.567737473966,1.595846609453,
    13.594250885176));
#5923 = CARTESIAN_POINT('',(2.702117383784,1.350105232695,13.58688822054
    ));
#5924 = CARTESIAN_POINT('',(2.808054176599,1.091714986988,
    13.579524619577));
#5925 = CARTESIAN_POINT('',(2.92265677155,0.690996197215,13.568469139243
    ));
#5926 = CARTESIAN_POINT('',(2.953493931247,0.55495172903,13.564774955953
    ));
#5927 = CARTESIAN_POINT('',(2.976721817206,0.417295063899,
    13.561081146053));
#5928 = CARTESIAN_POINT('',(2.992240549276,0.278557679507,13.55738766011
    ));
#5929 = CARTESIAN_POINT('',(2.999999993058,0.139278017607,
    13.553694119544));
#5930 = CARTESIAN_POINT('',(3.,1.259E-14,13.549999654928));
#5931 = ORIENTED_EDGE('',*,*,#5932,.T.);
#5932 = EDGE_CURVE('',#5906,#5933,#5935,.T.);
#5933 = VERTEX_POINT('',#5934);
#5934 = CARTESIAN_POINT('',(0.,3.,13.174999864112));
#5935 = B_SPLINE_CURVE_WITH_KNOTS('',7,(#5936,#5937,#5938,#5939,#5940,
    #5941,#5942,#5943,#5944,#5945,#5946,#5947,#5948,#5949,#5950,#5951,
    #5952,#5953,#5954,#5955,#5956,#5957,#5958,#5959,#5960,#5961,#5962,
    #5963,#5964,#5965,#5966,#5967,#5968,#5969,#5970,#5971,#5972,#5973,
    #5974,#5975,#5976,#5977,#5978,#5979,#5980,#5981,#5982,#5983,#5984,
    #5985,#5986,#5987,#5988,#5989,#5990,#5991,#5992,#5993,#5994,#5995,
    #5996,#5997),.UNSPECIFIED.,.F.,.F.,(8,6,6,6,6,6,6,6,6,6,8),(0.,
    5.949033622777E-02,0.176791064681,0.289356618408,0.357948052522,
    0.500098384119,0.667267998381,0.692718148498,0.834049229407,
    0.976800165907,1.),.UNSPECIFIED.);
#5936 = CARTESIAN_POINT('',(3.,1.4433E-13,13.549999654928));
#5937 = CARTESIAN_POINT('',(2.999999994012,-0.120135487411,
    13.546812968606));
#5938 = CARTESIAN_POINT('',(2.994387268457,-0.240272150632,
    13.543625546823));
#5939 = CARTESIAN_POINT('',(2.98316191615,-0.36009324511,13.540438002199
    ));
#5940 = CARTESIAN_POINT('',(2.966345995386,-0.479284440516,
    13.537250609827));
#5941 = CARTESIAN_POINT('',(2.943983456723,-0.597534265783,
    13.53406343732));
#5942 = CARTESIAN_POINT('',(2.91614006977,-0.714534554142,
    13.530876474845));
#5943 = CARTESIAN_POINT('',(2.817368480092,-1.057613474183,
    13.52140633513));
#5944 = CARTESIAN_POINT('',(2.730853936674,-1.279244436394,
    13.515122797347));
#5945 = CARTESIAN_POINT('',(2.624034361812,-1.492488764408,
    13.508840540309));
#5946 = CARTESIAN_POINT('',(2.497914329297,-1.695141049467,
    13.50255856575));
#5947 = CARTESIAN_POINT('',(2.353767374951,-1.885154860806,
    13.496275607256));
#5948 = CARTESIAN_POINT('',(2.193128450763,-2.06065498835,
    13.489991549951));
#5949 = CARTESIAN_POINT('',(1.849627175532,-2.372878408725,
    13.477678399719));
#5950 = CARTESIAN_POINT('',(1.667876187939,-2.510924279236,
    13.471647587954));
#5951 = CARTESIAN_POINT('',(1.474198193689,-2.632643331776,
    13.46561719128));
#5952 = CARTESIAN_POINT('',(1.270363517507,-2.736831700736,
    13.459587195463));
#5953 = CARTESIAN_POINT('',(1.058268740441,-2.822519965692,
    13.453556978924));
#5954 = CARTESIAN_POINT('',(0.839926462568,-2.888978388883,
    13.447526323414));
#5955 = CARTESIAN_POINT('',(0.481929057059,-2.964275726998,
    13.437822333375));
#5956 = CARTESIAN_POINT('',(0.34484237642,-2.985484325614,
    13.434148084704));
#5957 = CARTESIAN_POINT('',(0.206693675291,-2.999291798473,
    13.430473910755));
#5958 = CARTESIAN_POINT('',(6.796233016231E-02,-3.005637153856,
    13.426799778868));
#5959 = CARTESIAN_POINT('',(-7.087002646372E-02,-3.004498359392,
    13.423125611331));
#5960 = CARTESIAN_POINT('',(-0.209320452533,-2.995892384838,
    13.419451376576));
#5961 = CARTESIAN_POINT('',(-0.632040086953,-2.946680986879,
    13.408162698817));
#5962 = CARTESIAN_POINT('',(-0.913563896619,-2.881644378919,
    13.400545632508));
#5963 = CARTESIAN_POINT('',(-1.187034354408,-2.785247190298,
    13.392930194542));
#5964 = CARTESIAN_POINT('',(-1.448322924262,-2.658761637648,
    13.38531577962));
#5965 = CARTESIAN_POINT('',(-1.693567717514,-2.504057091663,
    13.377700222931));
#5966 = CARTESIAN_POINT('',(-1.919210161886,-2.323582498404,
    13.370083024568));
#5967 = CARTESIAN_POINT('',(-2.360734167013,-1.88172714935,
    13.353513860847));
#5968 = CARTESIAN_POINT('',(-2.568151951749,-1.611452554872,
    13.344553856656));
#5969 = CARTESIAN_POINT('',(-2.739092070444,-1.314849170834,
    13.335598957156));
#5970 = CARTESIAN_POINT('',(-2.869784403322,-0.997893404458,
    13.326645627397));
#5971 = CARTESIAN_POINT('',(-2.957581055453,-0.667006893793,
    13.317690808681));
#5972 = CARTESIAN_POINT('',(-3.000944020559,-0.329086471164,
    13.30873086827));
#5973 = CARTESIAN_POINT('',(-2.999842418637,5.989019482006E-02,
    13.2984128932));
#5974 = CARTESIAN_POINT('',(-2.99866966897,0.111281445145,
    13.297049605625));
#5975 = CARTESIAN_POINT('',(-2.996469791463,0.162645150094,
    13.295686308361));
#5976 = CARTESIAN_POINT('',(-2.993243594311,0.213956654358,
    13.294323002307));
#5977 = CARTESIAN_POINT('',(-2.988992622747,0.265191368411,
    13.292959687955));
#5978 = CARTESIAN_POINT('',(-2.983719159038,0.316324768515,
    13.291596365389));
#5979 = CARTESIAN_POINT('',(-2.942479963958,0.650590577696,
    13.282662114002));
#5980 = CARTESIAN_POINT('',(-2.876082706296,0.930062477086,
    13.275088537448));
#5981 = CARTESIAN_POINT('',(-2.77873821138,1.201386867933,
    13.267516555723));
#5982 = CARTESIAN_POINT('',(-2.651719518832,1.460513618114,
    13.25994571357));
#5983 = CARTESIAN_POINT('',(-2.496882631911,1.703656370897,
    13.252373934158));
#5984 = CARTESIAN_POINT('',(-2.316649125004,1.927328010233,
    13.244800656052));
#5985 = CARTESIAN_POINT('',(-1.909631928894,2.331610434348,
    13.229583331822));
#5986 = CARTESIAN_POINT('',(-1.682261964226,2.511901915631,
    13.221934355218));
#5987 = CARTESIAN_POINT('',(-1.435234248852,2.666117452203,
    13.21428745963));
#5988 = CARTESIAN_POINT('',(-1.172164482232,2.791793401589,
    13.206641793087));
#5989 = CARTESIAN_POINT('',(-0.896973403545,2.887056575982,
    13.198994802948));
#5990 = CARTESIAN_POINT('',(-0.613849302749,2.950642344269,
    13.191345727762));
#5991 = CARTESIAN_POINT('',(-0.280726886349,2.987203933062,
    13.182456329179));
#5992 = CARTESIAN_POINT('',(-0.234063401342,2.991466740313,
    13.181213591997));
#5993 = CARTESIAN_POINT('',(-0.187325350125,2.994879024711,
    13.179970851353));
#5994 = CARTESIAN_POINT('',(-0.140531335838,2.997439257397,
    13.178728107652));
#5995 = CARTESIAN_POINT('',(-9.36999918903E-02,2.999146419075,
    13.177485361421));
#5996 = CARTESIAN_POINT('',(-4.684998196127E-02,3.000000000002,
    13.176242613315));
#5997 = CARTESIAN_POINT('',(1.33E-15,3.,13.174999864112));
#5998 = ORIENTED_EDGE('',*,*,#5999,.T.);
#5999 = EDGE_CURVE('',#5933,#6000,#6002,.T.);
#6000 = VERTEX_POINT('',#6001);
#6001 = CARTESIAN_POINT('',(3.,1.15E-13,13.049999689436));
#6002 = B_SPLINE_CURVE_WITH_KNOTS('',6,(#6003,#6004,#6005,#6006,#6007,
    #6008,#6009,#6010,#6011,#6012,#6013,#6014,#6015,#6016,#6017,#6018,
    #6019,#6020,#6021,#6022,#6023,#6024),.UNSPECIFIED.,.F.,.F.,(7,5,5,5,
    7),(0.,0.130368117651,0.467946932316,0.824468724145,1.),
  .UNSPECIFIED.);
#6003 = CARTESIAN_POINT('',(1.22E-15,3.,13.174999864112));
#6004 = CARTESIAN_POINT('',(0.102387368117,2.999999999995,
    13.172283922402));
#6005 = CARTESIAN_POINT('',(0.204775169388,2.995806706078,
    13.169567968979));
#6006 = CARTESIAN_POINT('',(0.30694775751,2.987420166757,13.166852012694
    ));
#6007 = CARTESIAN_POINT('',(0.408690993141,2.974855015203,
    13.164136061899));
#6008 = CARTESIAN_POINT('',(0.509792243903,2.958140469258,
    13.161420124451));
#6009 = CARTESIAN_POINT('',(0.869625695916,2.883408089875,
    13.151671537661));
#6010 = CARTESIAN_POINT('',(1.12353473725,2.801958223308,13.144637886438
    ));
#6011 = CARTESIAN_POINT('',(1.368022535403,2.693732376806,
    13.137605712046));
#6012 = CARTESIAN_POINT('',(1.599640959955,2.560165833087,
    13.130573758045));
#6013 = CARTESIAN_POINT('',(1.815197040491,2.403195965077,13.12354037783
    ));
#6014 = CARTESIAN_POINT('',(2.219571640426,2.037621867795,
    13.109080483699));
#6015 = CARTESIAN_POINT('',(2.406286635732,1.826546110637,
    13.101651385956));
#6016 = CARTESIAN_POINT('',(2.568647765367,1.595181692523,
    13.094223417988));
#6017 = CARTESIAN_POINT('',(2.704048276064,1.347074284871,
    13.086794537324));
#6018 = CARTESIAN_POINT('',(2.810465835121,1.086132042448,13.07936468125
    ));
#6019 = CARTESIAN_POINT('',(2.924221768646,0.684055291366,
    13.068280744254));
#6020 = CARTESIAN_POINT('',(2.954436947258,0.549333863566,
    13.064624262112));
#6021 = CARTESIAN_POINT('',(2.977194336972,0.41304890365,13.060968143331
    ));
#6022 = CARTESIAN_POINT('',(2.992398060335,0.275715954984,13.05731233488
    ));
#6023 = CARTESIAN_POINT('',(2.999999993129,0.137857189165,
    13.053656465403));
#6024 = CARTESIAN_POINT('',(3.,1.4681E-13,13.049999689436));
#6025 = ORIENTED_EDGE('',*,*,#6026,.T.);
#6026 = EDGE_CURVE('',#6000,#6027,#6029,.T.);
#6027 = VERTEX_POINT('',#6028);
#6028 = CARTESIAN_POINT('',(0.,3.,12.67499989862));
#6029 = B_SPLINE_CURVE_WITH_KNOTS('',7,(#6030,#6031,#6032,#6033,#6034,
    #6035,#6036,#6037,#6038,#6039,#6040,#6041,#6042,#6043,#6044,#6045,
    #6046,#6047,#6048,#6049,#6050,#6051,#6052,#6053,#6054,#6055,#6056,
    #6057,#6058,#6059,#6060,#6061,#6062,#6063,#6064,#6065,#6066,#6067,
    #6068,#6069,#6070,#6071,#6072,#6073,#6074,#6075,#6076,#6077,#6078,
    #6079,#6080,#6081,#6082,#6083,#6084,#6085,#6086,#6087,#6088,#6089,
    #6090,#6091),.UNSPECIFIED.,.F.,.F.,(8,6,6,6,6,6,6,6,6,6,8),(0.,
    5.949036806854E-02,0.176791170627,0.289357255445,0.357956087697,
    0.50066581403,0.667128803799,0.691762492518,0.834426364153,
    0.977268450299,1.),.UNSPECIFIED.);
#6030 = CARTESIAN_POINT('',(3.,1.1857E-13,13.049999689436));
#6031 = CARTESIAN_POINT('',(2.999999994012,-0.120135487565,
    13.04681300311));
#6032 = CARTESIAN_POINT('',(2.994387268442,-0.240272150941,
    13.043625581326));
#6033 = CARTESIAN_POINT('',(2.983161916107,-0.360093245572,
    13.040438036701));
#6034 = CARTESIAN_POINT('',(2.9663459953,-0.479284441129,13.037250644329
    ));
#6035 = CARTESIAN_POINT('',(2.94398345658,-0.597534266543,
    13.034063471819));
#6036 = CARTESIAN_POINT('',(2.916140069556,-0.714534555044,
    13.030876509341));
#6037 = CARTESIAN_POINT('',(2.8173684733,-1.057613497463,13.021406369008
    ));
#6038 = CARTESIAN_POINT('',(2.730853919286,-1.279244480744,
    13.015122830606));
#6039 = CARTESIAN_POINT('',(2.624034329921,-1.492488827944,
    13.008840572948));
#6040 = CARTESIAN_POINT('',(2.497914279329,-1.695141129672,
    13.00255859777));
#6041 = CARTESIAN_POINT('',(2.353767303763,-1.885154954597,
    12.996275638658));
#6042 = CARTESIAN_POINT('',(2.193128355734,-2.060655092152,
    12.989991580735));
#6043 = CARTESIAN_POINT('',(1.849626342541,-2.372879149144,
    12.97767840466));
#6044 = CARTESIAN_POINT('',(1.667874530044,-2.510925525477,
    12.971647567648));
#6045 = CARTESIAN_POINT('',(1.474195618701,-2.632644940243,
    12.96561714574));
#6046 = CARTESIAN_POINT('',(1.270359956368,-2.736833513933,
    12.959587124698));
#6047 = CARTESIAN_POINT('',(1.058264149029,-2.822521816162,
    12.953556882927));
#6048 = CARTESIAN_POINT('',(0.839920823269,-2.888980103255,
    12.947526202175));
#6049 = CARTESIAN_POINT('',(0.481907768146,-2.964279882738,
    12.937821792579));
#6050 = CARTESIAN_POINT('',(0.344806160676,-2.985489662162,
    12.934147149549));
#6051 = CARTESIAN_POINT('',(0.206642372781,-2.999296713933,
    12.93047258127));
#6052 = CARTESIAN_POINT('',(6.789593621394E-02,-3.005640031913,
    12.926798055069));
#6053 = CARTESIAN_POINT('',(-7.095136099626E-02,-3.004497586095,
    12.923123493196));
#6054 = CARTESIAN_POINT('',(-0.20941642157,-2.995886365382,
    12.919448864068));
#6055 = CARTESIAN_POINT('',(-0.633270915946,-2.946526972308,
    12.908129831238));
#6056 = CARTESIAN_POINT('',(-0.915886899399,-2.881098090817,
    12.900482754552));
#6057 = CARTESIAN_POINT('',(-1.190366868764,-2.784063199514,
    12.892837340041));
#6058 = CARTESIAN_POINT('',(-1.452534328496,-2.656713281706,
    12.885192970901));
#6059 = CARTESIAN_POINT('',(-1.698484150398,-2.50094518303,
    12.877547439612));
#6060 = CARTESIAN_POINT('',(-1.924620014411,-2.319243588236,
    12.869900235082));
#6061 = CARTESIAN_POINT('',(-2.364751174281,-1.876420327088,
    12.853338977516));
#6062 = CARTESIAN_POINT('',(-2.57070160628,-1.606871036119,12.8444169509
    ));
#6063 = CARTESIAN_POINT('',(-2.740435824177,-1.311290557019,
    12.835499921728));
#6064 = CARTESIAN_POINT('',(-2.870240827208,-0.995584805822,
    12.826584438248));
#6065 = CARTESIAN_POINT('',(-2.957508349088,-0.666097395386,
    12.817667484364));
#6066 = CARTESIAN_POINT('',(-3.000723278445,-0.32963799533,
    12.808745515738));
#6067 = CARTESIAN_POINT('',(-2.99988483849,5.626339064861E-02,
    12.798509134539));
#6068 = CARTESIAN_POINT('',(-2.998814407636,0.106006756597,
    12.79718958335));
#6069 = CARTESIAN_POINT('',(-2.99678167616,0.155725696743,
    12.795870022983));
#6070 = CARTESIAN_POINT('',(-2.993787340621,0.205397847276,
    12.79455045438));
#6071 = CARTESIAN_POINT('',(-2.989832744636,0.255000904202,
    12.79323087803));
#6072 = CARTESIAN_POINT('',(-2.984919878884,0.304512623344,
    12.791911293963));
#6073 = CARTESIAN_POINT('',(-2.945064485195,0.639996193752,
    12.782949397932));
#6074 = CARTESIAN_POINT('',(-2.879013223682,0.922370666137,
    12.775304316797));
#6075 = CARTESIAN_POINT('',(-2.781395009975,1.196542622148,
    12.767660906495));
#6076 = CARTESIAN_POINT('',(-2.653508860636,1.458342605564,
    12.760018686724));
#6077 = CARTESIAN_POINT('',(-2.497258510059,1.70387343513,
    12.752375479914));
#6078 = CARTESIAN_POINT('',(-2.315134154095,1.929547560289,
    12.744730696718));
#6079 = CARTESIAN_POINT('',(-1.905355705071,2.33512891961,
    12.729437108589));
#6080 = CARTESIAN_POINT('',(-1.677505582705,2.515116639719,
    12.721783240602));
#6081 = CARTESIAN_POINT('',(-1.430021075934,2.668957981373,
    12.714131460361));
#6082 = CARTESIAN_POINT('',(-1.166529483364,2.794191484121,
    12.706480909665));
#6083 = CARTESIAN_POINT('',(-0.890962904819,2.888948242409,
    12.698829030589));
#6084 = CARTESIAN_POINT('',(-0.607520444881,2.951969914121,
    12.691175065594));
#6085 = CARTESIAN_POINT('',(-0.275075199132,2.98771498737,
    12.682305860534));
#6086 = CARTESIAN_POINT('',(-0.229346285796,2.991807642708,
    12.681088206834));
#6087 = CARTESIAN_POINT('',(-0.183547231511,2.99508364577,
    12.679870549943));
#6088 = CARTESIAN_POINT('',(-0.137695536661,2.997541587692,
    12.678652890213));
#6089 = CARTESIAN_POINT('',(-9.180872745905E-02,2.999180529078,
    12.677435228071));
#6090 = CARTESIAN_POINT('',(-4.590435594813E-02,3.,12.676217564015));
#6091 = CARTESIAN_POINT('',(1.33E-15,3.,12.67499989862));
#6092 = ORIENTED_EDGE('',*,*,#6093,.T.);
#6093 = EDGE_CURVE('',#6027,#6094,#6096,.T.);
#6094 = VERTEX_POINT('',#6095);
#6095 = CARTESIAN_POINT('',(3.,1.61E-13,12.549999723944));
#6096 = B_SPLINE_CURVE_WITH_KNOTS('',6,(#6097,#6098,#6099,#6100,#6101,
    #6102,#6103,#6104,#6105,#6106,#6107,#6108,#6109,#6110,#6111,#6112,
    #6113,#6114,#6115,#6116,#6117,#6118),.UNSPECIFIED.,.F.,.F.,(7,5,5,5,
    7),(0.,0.134664277839,0.470005295308,0.82749960046,1.),
  .UNSPECIFIED.);
#6097 = CARTESIAN_POINT('',(1.54E-15,3.,12.67499989862));
#6098 = CARTESIAN_POINT('',(0.105761494066,2.999999999999,
    12.672194454369));
#6099 = CARTESIAN_POINT('',(0.211523471895,2.995525774483,
    12.669388997884));
#6100 = CARTESIAN_POINT('',(0.317048213315,2.986577380781,
    12.666583538393));
#6101 = CARTESIAN_POINT('',(0.422099752436,2.973171476855,
    12.663778084964));
#6102 = CARTESIAN_POINT('',(0.526443877649,2.955341321299,
    12.660972646507));
#6103 = CARTESIAN_POINT('',(0.887345430059,2.877843002587,
    12.651181187332));
#6104 = CARTESIAN_POINT('',(1.139057413249,2.7954140718,12.644194200066)
  );
#6105 = CARTESIAN_POINT('',(1.381319476054,2.686621380946,
    12.637208647235));
#6106 = CARTESIAN_POINT('',(1.61075929857,2.552889770146,12.630223302533
    ));
#6107 = CARTESIAN_POINT('',(1.824255868293,2.396132896719,
    12.623236567106));
#6108 = CARTESIAN_POINT('',(2.226711684332,2.029922299224,
    12.608803008624));
#6109 = CARTESIAN_POINT('',(2.413193680129,1.817602691318,
    12.601353607436));
#6110 = CARTESIAN_POINT('',(2.575113364456,1.584971206495,
    12.593905357298));
#6111 = CARTESIAN_POINT('',(2.709856434077,1.335612709639,
    12.586456191765));
#6112 = CARTESIAN_POINT('',(2.815400242053,1.07347607878,12.579006089592
    ));
#6113 = CARTESIAN_POINT('',(2.92680811022,0.672419709744,12.567965103151
    ));
#6114 = CARTESIAN_POINT('',(2.955995211506,0.539919222121,
    12.564371781047));
#6115 = CARTESIAN_POINT('',(2.977975094207,0.405934535831,
    12.560778805732));
#6116 = CARTESIAN_POINT('',(2.992658318429,0.270955206465,
    12.557186118601));
#6117 = CARTESIAN_POINT('',(2.999999993247,0.135476877909,
    12.553593360186));
#6118 = CARTESIAN_POINT('',(3.,1.993E-13,12.549999723944));
#6119 = ORIENTED_EDGE('',*,*,#6120,.T.);
#6120 = EDGE_CURVE('',#6094,#6121,#6123,.T.);
#6121 = VERTEX_POINT('',#6122);
#6122 = CARTESIAN_POINT('',(0.,3.,12.174999933127));
#6123 = B_SPLINE_CURVE_WITH_KNOTS('',7,(#6124,#6125,#6126,#6127,#6128,
    #6129,#6130,#6131,#6132,#6133,#6134,#6135,#6136,#6137,#6138,#6139,
    #6140,#6141,#6142,#6143,#6144,#6145,#6146,#6147,#6148,#6149,#6150,
    #6151,#6152,#6153,#6154,#6155,#6156,#6157,#6158,#6159,#6160,#6161,
    #6162,#6163,#6164,#6165,#6166,#6167,#6168,#6169,#6170,#6171,#6172,
    #6173,#6174,#6175,#6176,#6177,#6178,#6179),.UNSPECIFIED.,.F.,.F.,(8,
    6,6,6,6,6,6,6,6,8),(0.,5.949141376642E-02,0.176794309974,
    0.289363678798,0.357984167113,0.499184735707,0.667538724897,
    0.691587604619,0.834254090976,1.),.UNSPECIFIED.);
#6124 = CARTESIAN_POINT('',(3.,1.0747E-13,12.549999723944));
#6125 = CARTESIAN_POINT('',(2.999999994012,-0.120135487721,
    12.546813037614));
#6126 = CARTESIAN_POINT('',(2.994387268428,-0.240272151253,
    12.543625615828));
#6127 = CARTESIAN_POINT('',(2.983161916063,-0.360093246039,
    12.540438071203));
#6128 = CARTESIAN_POINT('',(2.966345995212,-0.479284441749,
    12.53725067883));
#6129 = CARTESIAN_POINT('',(2.943983456434,-0.597534267311,
    12.534063506318));
#6130 = CARTESIAN_POINT('',(2.916140069339,-0.714534555956,
    12.530876543837));
#6131 = CARTESIAN_POINT('',(2.817368455074,-1.05761356046,
    12.521406401789));
#6132 = CARTESIAN_POINT('',(2.730853871707,-1.27924460244,
    12.515122861672));
#6133 = CARTESIAN_POINT('',(2.624034242113,-1.492489003106,
    12.508840602297));
#6134 = CARTESIAN_POINT('',(2.497914141339,-1.695141351308,
    12.502558625404));
#6135 = CARTESIAN_POINT('',(2.353767106832,-1.88515521414,
    12.496275664578));
#6136 = CARTESIAN_POINT('',(2.193128092558,-2.060655379659,
    12.489991604942));
#6137 = CARTESIAN_POINT('',(1.849624033683,-2.372881201421,
    12.477678357225));
#6138 = CARTESIAN_POINT('',(1.667869934695,-2.510928979801,
    12.471647450232));
#6139 = CARTESIAN_POINT('',(1.474188481343,-2.632649398584,
    12.465616958374));
#6140 = CARTESIAN_POINT('',(1.270350085577,-2.73683853974,
    12.459586867409));
#6141 = CARTESIAN_POINT('',(1.058251422504,-2.822526945273,
    12.453556555701));
#6142 = CARTESIAN_POINT('',(0.839905192197,-2.88898485511,
    12.447525804981));
#6143 = CARTESIAN_POINT('',(0.481848669783,-2.964291420052,
    12.437820230027));
#6144 = CARTESIAN_POINT('',(0.344705596259,-2.985504480389,
    12.434144491485));
#6145 = CARTESIAN_POINT('',(0.20649989794,-2.999310362167,
    12.430468827776));
#6146 = CARTESIAN_POINT('',(6.771153806929E-02,-3.005648019176,
    12.426793206185));
#6147 = CARTESIAN_POINT('',(-7.117726310593E-02,-3.004495427996,
    12.42311754886));
#6148 = CARTESIAN_POINT('',(-0.209682976923,-2.995869630759,
    12.419441824182));
#6149 = CARTESIAN_POINT('',(-0.630541326679,-2.94681535524,
    12.408202668796));
#6150 = CARTESIAN_POINT('',(-0.910192330557,-2.882387524887,
    12.400636695143));
#6151 = CARTESIAN_POINT('',(-1.181923154718,-2.787016406291,
    12.393072294093));
#6152 = CARTESIAN_POINT('',(-1.441686355996,-2.661943547799,
    12.385508879071));
#6153 = CARTESIAN_POINT('',(-1.685693353284,-2.508993023554,
    12.377944357108));
#6154 = CARTESIAN_POINT('',(-1.910449813597,-2.33055452983,
    12.370378247884));
#6155 = CARTESIAN_POINT('',(-2.354220085157,-1.89029814475,
    12.353796794237));
#6156 = CARTESIAN_POINT('',(-2.564067717641,-1.618796627641,
    12.344773302925));
#6157 = CARTESIAN_POINT('',(-2.736996598898,-1.320468434423,
    12.335755098859));
#6158 = CARTESIAN_POINT('',(-2.869140348448,-1.001409385378,
    12.326738504343));
#6159 = CARTESIAN_POINT('',(-2.957784747133,-0.668173286988,
    12.317720390735));
#6160 = CARTESIAN_POINT('',(-3.001353629651,-0.327804308041,
    12.308696968103));
#6161 = CARTESIAN_POINT('',(-2.999778461978,6.072568028638E-02,
    12.298390793995));
#6162 = CARTESIAN_POINT('',(-2.99866441683,0.109285280471,
    12.297102592093));
#6163 = CARTESIAN_POINT('',(-2.996633295808,0.157820374026,
    12.295814381693));
#6164 = CARTESIAN_POINT('',(-2.993685771968,0.206310164795,
    12.294526163398));
#6165 = CARTESIAN_POINT('',(-2.989823106005,0.254733905154,
    12.293237937564));
#6166 = CARTESIAN_POINT('',(-2.985047146247,0.303070896006,
    12.29194970429));
#6167 = CARTESIAN_POINT('',(-2.94562410921,0.637415529734,
    12.283019161593));
#6168 = CARTESIAN_POINT('',(-2.879820284897,0.919847767415,
    12.275374081976));
#6169 = CARTESIAN_POINT('',(-2.782442333439,1.194105150277,
    12.267730672195));
#6170 = CARTESIAN_POINT('',(-2.654785617751,1.456017085395,
    12.260088451626));
#6171 = CARTESIAN_POINT('',(-2.498750456948,1.701684724937,
    12.25244524298));
#6172 = CARTESIAN_POINT('',(-2.316823902665,1.927518337901,
    12.244800457656));
#6173 = CARTESIAN_POINT('',(-1.874560656164,2.366019550549,
    12.228280147869));
#6174 = CARTESIAN_POINT('',(-1.60606226941,2.570883069783,
    12.219396786027));
#6175 = CARTESIAN_POINT('',(-1.311779576928,2.739835054828,
    12.210518214819));
#6176 = CARTESIAN_POINT('',(-0.99754174994,2.869211028931,
    12.201640934533));
#6177 = CARTESIAN_POINT('',(-0.669609896899,2.956433449252,
    12.192762020895));
#6178 = CARTESIAN_POINT('',(-0.33470306208,3.000000000009,
    12.183878313574));
#6179 = CARTESIAN_POINT('',(1.33E-15,3.,12.174999933127));
#6180 = ORIENTED_EDGE('',*,*,#6181,.T.);
#6181 = EDGE_CURVE('',#6121,#6182,#6184,.T.);
#6182 = VERTEX_POINT('',#6183);
#6183 = CARTESIAN_POINT('',(3.,-1.E-15,12.049999758451));
#6184 = B_SPLINE_CURVE_WITH_KNOTS('',6,(#6185,#6186,#6187,#6188,#6189,
    #6190,#6191,#6192,#6193,#6194,#6195,#6196,#6197,#6198,#6199,#6200,
    #6201,#6202,#6203,#6204,#6205,#6206),.UNSPECIFIED.,.F.,.F.,(7,5,5,5,
    7),(0.,0.135973963483,0.467941533082,0.824797877698,1.),
  .UNSPECIFIED.);
#6185 = CARTESIAN_POINT('',(1.17E-15,3.,12.174999933127));
#6186 = CARTESIAN_POINT('',(0.106790178073,2.999999999997,
    12.172167201861));
#6187 = CARTESIAN_POINT('',(0.213580871129,2.995438312743,
    12.169334457811));
#6188 = CARTESIAN_POINT('',(0.320127323652,2.986314999804,
    12.166501710765));
#6189 = CARTESIAN_POINT('',(0.426186627451,2.97264737624,12.163668970162
    ));
#6190 = CARTESIAN_POINT('',(0.531517721656,2.954470010604,
    12.160836245095));
#6191 = CARTESIAN_POINT('',(0.890675423501,2.876572816158,
    12.151087773307));
#6192 = CARTESIAN_POINT('',(1.139744076877,2.794730874817,
    12.144171110387));
#6193 = CARTESIAN_POINT('',(1.379535644495,2.687064597809,
    12.137255817112));
#6194 = CARTESIAN_POINT('',(1.606778575327,2.55495595123,12.130340724832
    ));
#6195 = CARTESIAN_POINT('',(1.818443151703,2.400257995339,
    12.123424310996));
#6196 = CARTESIAN_POINT('',(2.21974746352,2.037466493464,12.109074329189
    ));
#6197 = CARTESIAN_POINT('',(2.406620240445,1.826172204937,
    12.101638246701));
#6198 = CARTESIAN_POINT('',(2.569090295573,1.594553736366,
    12.094203301019));
#6199 = CARTESIAN_POINT('',(2.704544249555,1.346167316427,
    12.086767439565));
#6200 = CARTESIAN_POINT('',(2.810955232893,1.084932750935,
    12.079330601392));
#6201 = CARTESIAN_POINT('',(2.924504650881,0.682792774264,
    12.068246548688));
#6202 = CARTESIAN_POINT('',(2.954607394402,0.548312145729,
    12.064596922177));
#6203 = CARTESIAN_POINT('',(2.9772797408,0.412276730603,12.060947657263)
  );
#6204 = CARTESIAN_POINT('',(2.992426528462,0.275199209301,
    12.057298700297));
#6205 = CARTESIAN_POINT('',(2.999999993142,0.137598826786,
    12.053649681142));
#6206 = CARTESIAN_POINT('',(3.,4.799E-14,12.049999758451));
#6207 = ORIENTED_EDGE('',*,*,#6208,.T.);
#6208 = EDGE_CURVE('',#6182,#6209,#6211,.T.);
#6209 = VERTEX_POINT('',#6210);
#6210 = CARTESIAN_POINT('',(0.,3.,11.674999967634));
#6211 = B_SPLINE_CURVE_WITH_KNOTS('',7,(#6212,#6213,#6214,#6215,#6216,
    #6217,#6218,#6219,#6220,#6221,#6222,#6223,#6224,#6225,#6226,#6227,
    #6228,#6229,#6230,#6231,#6232,#6233,#6234,#6235,#6236,#6237,#6238,
    #6239,#6240,#6241,#6242,#6243,#6244,#6245,#6246,#6247,#6248,#6249,
    #6250,#6251,#6252,#6253,#6254,#6255,#6256,#6257,#6258,#6259,#6260,
    #6261,#6262,#6263,#6264,#6265,#6266,#6267,#6268,#6269,#6270,#6271,
    #6272,#6273),.UNSPECIFIED.,.F.,.F.,(8,6,6,6,6,6,6,6,6,6,8),(0.,
    5.949034538637E-02,0.176791136812,0.289358528851,0.357978481253,
    0.499131914853,0.667466170793,0.692524499554,0.833855668127,
    0.975827772634,1.),.UNSPECIFIED.);
#6212 = CARTESIAN_POINT('',(3.,6.173E-14,12.049999758451));
#6213 = CARTESIAN_POINT('',(2.999999994012,-0.120135487797,
    12.046813072119));
#6214 = CARTESIAN_POINT('',(2.994387268421,-0.240272151404,
    12.043625650335));
#6215 = CARTESIAN_POINT('',(2.983161916042,-0.360093246266,
    12.040438105712));
#6216 = CARTESIAN_POINT('',(2.96634599517,-0.479284442049,
    12.037250713339));
#6217 = CARTESIAN_POINT('',(2.943983456364,-0.597534267683,
    12.034063540827));
#6218 = CARTESIAN_POINT('',(2.916140069233,-0.714534556398,
    12.030876578345));
#6219 = CARTESIAN_POINT('',(2.817368453835,-1.057613564611,
    12.021406436194));
#6220 = CARTESIAN_POINT('',(2.730853868703,-1.279244610038,
    12.015122895974));
#6221 = CARTESIAN_POINT('',(2.624034236704,-1.49248901384,
    12.008840636492));
#6222 = CARTESIAN_POINT('',(2.497914132941,-1.695141364763,
    12.002558659492));
#6223 = CARTESIAN_POINT('',(2.353767094929,-1.885155229807,
    11.996275698563));
#6224 = CARTESIAN_POINT('',(2.193128076722,-2.06065539695,
    11.989991638825));
#6225 = CARTESIAN_POINT('',(1.849623945157,-2.372881279106,
    11.977678388603));
#6226 = CARTESIAN_POINT('',(1.667869767049,-2.510929104971,
    11.971647479206));
#6227 = CARTESIAN_POINT('',(1.474188225858,-2.632649557514,
    11.965616984946));
#6228 = CARTESIAN_POINT('',(1.270349735741,-2.736838717385,
    11.959586891579));
#6229 = CARTESIAN_POINT('',(1.058250974186,-2.822527125648,
    11.953556577468));
#6230 = CARTESIAN_POINT('',(0.839904643793,-2.888985021675,
    11.947525824344));
#6231 = CARTESIAN_POINT('',(0.481846639786,-2.964291815775,
    11.93782020968));
#6232 = CARTESIAN_POINT('',(0.344702153945,-2.985504987016,
    11.934144433829));
#6233 = CARTESIAN_POINT('',(0.206495028219,-2.999310828084,
    11.930468732812));
#6234 = CARTESIAN_POINT('',(6.77052405519E-02,-3.00564829141,
    11.926793073916));
#6235 = CARTESIAN_POINT('',(-7.118497408516E-02,-3.004495353801,
    11.923117379284));
#6236 = CARTESIAN_POINT('',(-0.209692072334,-2.995869059205,
    11.919441617295));
#6237 = CARTESIAN_POINT('',(-0.630462188886,-2.946823574266,
    11.908204813612));
#6238 = CARTESIAN_POINT('',(-0.910025678174,-2.882425045884,
    11.900641232714));
#6239 = CARTESIAN_POINT('',(-1.181675283026,-2.787102679447,
    11.893079221844));
#6240 = CARTESIAN_POINT('',(-1.441367328599,-2.662096589255,
    11.885518195302));
#6241 = CARTESIAN_POINT('',(-1.685316640685,-2.509228736094,
    11.877956063418));
#6242 = CARTESIAN_POINT('',(-1.910031872202,-2.330886055307,
    11.870392346741));
#6243 = CARTESIAN_POINT('',(-2.353805252884,-1.890808603976,
    11.853814176115));
#6244 = CARTESIAN_POINT('',(-2.563691246521,-1.619380663925,
    11.844791582595));
#6245 = CARTESIAN_POINT('',(-2.736671949012,-1.321123230531,
    11.83577427362));
#6246 = CARTESIAN_POINT('',(-2.868880693706,-1.002129380582,
    11.826758574052));
#6247 = CARTESIAN_POINT('',(-2.957602478579,-0.668950331147,
    11.81774135674));
#6248 = CARTESIAN_POINT('',(-3.00125976387,-0.328627674598,
    11.808718832333));
#6249 = CARTESIAN_POINT('',(-2.999787996577,6.190833032097E-02,
    11.798359459049));
#6250 = CARTESIAN_POINT('',(-2.998601486573,0.112507304759,
    11.797017160642));
#6251 = CARTESIAN_POINT('',(-2.996419256909,0.163079006471,
    11.795674852983));
#6252 = CARTESIAN_POINT('',(-2.99324209028,0.21359990827,11.79433253676)
  );
#6253 = CARTESIAN_POINT('',(-2.989071462056,0.264046540915,
    11.792990212386));
#6254 = CARTESIAN_POINT('',(-2.983909540278,0.314395493106,
    11.791647879996));
#6255 = CARTESIAN_POINT('',(-2.943070647045,0.647913269598,
    11.782734621184));
#6256 = CARTESIAN_POINT('',(-2.876927677447,0.927445461536,
    11.775161046163));
#6257 = CARTESIAN_POINT('',(-2.779830070726,1.198858303734,
    11.76758906495));
#6258 = CARTESIAN_POINT('',(-2.653047181267,1.458100507419,
    11.760018221972));
#6259 = CARTESIAN_POINT('',(-2.498431566876,1.701384028802,
    11.752446440683));
#6260 = CARTESIAN_POINT('',(-2.318401628486,1.925219550201,
    11.744873160395));
#6261 = CARTESIAN_POINT('',(-1.912867397661,2.328762596401,
    11.729697556406));
#6262 = CARTESIAN_POINT('',(-1.687026465065,2.508398857989,
    11.722090365512));
#6263 = CARTESIAN_POINT('',(-1.441701162443,2.662278725557,
    11.714485204643));
#6264 = CARTESIAN_POINT('',(-1.180443092332,2.787971423353,
    11.706881243981));
#6265 = CARTESIAN_POINT('',(-0.907104055976,2.883623711772,
    11.699275997077));
#6266 = CARTESIAN_POINT('',(-0.625799691601,2.947977540747,
    11.691668719829));
#6267 = CARTESIAN_POINT('',(-0.29246008563,2.986109487243,11.68276896311
    ));
#6268 = CARTESIAN_POINT('',(-0.243857357327,2.990736654429,
    11.681474138243));
#6269 = CARTESIAN_POINT('',(-0.195170286191,2.99444079212,
    11.680179309272));
#6270 = CARTESIAN_POINT('',(-0.146419925781,2.997220096642,
    11.678884477117));
#6271 = CARTESIAN_POINT('',(-9.762735335752E-02,2.999073366026,
    11.677589642491));
#6272 = CARTESIAN_POINT('',(-4.881366987771E-02,3.000000000002,
    11.676294805899));
#6273 = CARTESIAN_POINT('',(8.9E-16,3.,11.674999967634));
#6274 = ORIENTED_EDGE('',*,*,#6275,.T.);
#6275 = EDGE_CURVE('',#6209,#6276,#6278,.T.);
#6276 = VERTEX_POINT('',#6277);
#6277 = CARTESIAN_POINT('',(3.,1.3E-14,11.549999792959));
#6278 = B_SPLINE_CURVE_WITH_KNOTS('',6,(#6279,#6280,#6281,#6282,#6283,
    #6284,#6285,#6286,#6287,#6288,#6289,#6290,#6291,#6292,#6293,#6294,
    #6295,#6296,#6297,#6298,#6299,#6300),.UNSPECIFIED.,.F.,.F.,(7,5,5,5,
    7),(0.,0.136839572896,0.468836143047,0.826839688299,1.),
  .UNSPECIFIED.);
#6279 = CARTESIAN_POINT('',(8.7E-16,3.,11.674999967634));
#6280 = CARTESIAN_POINT('',(0.107469962471,2.999999999995,
    11.672149204313));
#6281 = CARTESIAN_POINT('',(0.214940466935,2.995380050483,
    11.669298427683));
#6282 = CARTESIAN_POINT('',(0.322162027303,2.98614021613,11.666447648063
    ));
#6283 = CARTESIAN_POINT('',(0.428887071695,2.972298256736,
    11.663596875206));
#6284 = CARTESIAN_POINT('',(0.534869942441,2.953889627235,
    11.660746118294));
#6285 = CARTESIAN_POINT('',(0.894607741485,2.875354361788,
    11.650979014155));
#6286 = CARTESIAN_POINT('',(1.14358608251,2.793164391402,11.644061750849
    ));
#6287 = CARTESIAN_POINT('',(1.383250298872,2.68515829013,11.637145857901
    ));
#6288 = CARTESIAN_POINT('',(1.610329891635,2.552722892629,
    11.630230164376));
#6289 = CARTESIAN_POINT('',(1.821796923165,2.397715944703,
    11.623313145388));
#6290 = CARTESIAN_POINT('',(2.223275381733,2.033740614372,
    11.608938654679));
#6291 = CARTESIAN_POINT('',(2.410383329421,1.821428375932,
    11.601478641367));
#6292 = CARTESIAN_POINT('',(2.572891435935,1.588705448315,
    11.594019788598));
#6293 = CARTESIAN_POINT('',(2.708168723862,1.339168174239,
    11.586560012673));
#6294 = CARTESIAN_POINT('',(2.814178453244,1.076779379498,
    11.579099272541));
#6295 = CARTESIAN_POINT('',(2.926248723954,0.674954141669,11.56803391031
    ));
#6296 = CARTESIAN_POINT('',(2.955658200968,0.541969576572,
    11.564426835273));
#6297 = CARTESIAN_POINT('',(2.977806242377,0.407483769665,
    11.560820110583));
#6298 = CARTESIAN_POINT('',(2.992602033937,0.27199185734,11.557213678721
    ));
#6299 = CARTESIAN_POINT('',(2.999999993222,0.135995185191,11.55360717773
    ));
#6300 = CARTESIAN_POINT('',(3.,9.7E-16,11.549999792959));
#6301 = ORIENTED_EDGE('',*,*,#6302,.T.);
#6302 = EDGE_CURVE('',#6276,#6303,#6305,.T.);
#6303 = VERTEX_POINT('',#6304);
#6304 = CARTESIAN_POINT('',(0.,3.,11.175000002141));
#6305 = B_SPLINE_CURVE_WITH_KNOTS('',7,(#6306,#6307,#6308,#6309,#6310,
    #6311,#6312,#6313,#6314,#6315,#6316,#6317,#6318,#6319,#6320,#6321,
    #6322,#6323,#6324,#6325,#6326,#6327,#6328,#6329,#6330,#6331,#6332,
    #6333,#6334,#6335,#6336,#6337,#6338,#6339,#6340,#6341,#6342,#6343,
    #6344,#6345,#6346,#6347,#6348,#6349,#6350,#6351,#6352,#6353,#6354,
    #6355,#6356,#6357,#6358,#6359,#6360,#6361,#6362,#6363,#6364,#6365,
    #6366,#6367),.UNSPECIFIED.,.F.,.F.,(8,6,6,6,6,6,6,6,6,6,8),(0.,
    5.949033821056E-02,0.176791089909,0.289357419876,0.357960943935,
    0.500964501772,0.667572818582,0.691803130139,0.834467037339,
    0.97623071734,1.),.UNSPECIFIED.);
#6306 = CARTESIAN_POINT('',(3.,1.688E-14,11.549999792959));
#6307 = CARTESIAN_POINT('',(2.999999994012,-0.120135487873,
    11.546813106625));
#6308 = CARTESIAN_POINT('',(2.994387268414,-0.240272151557,
    11.543625684842));
#6309 = CARTESIAN_POINT('',(2.983161916021,-0.360093246494,
    11.54043814022));
#6310 = CARTESIAN_POINT('',(2.966345995127,-0.479284442352,
    11.537250747849));
#6311 = CARTESIAN_POINT('',(2.943983456293,-0.597534268059,
    11.534063575337));
#6312 = CARTESIAN_POINT('',(2.916140069127,-0.714534556845,
    11.530876612854));
#6313 = CARTESIAN_POINT('',(2.817368467895,-1.057613515621,
    11.521406472067));
#6314 = CARTESIAN_POINT('',(2.730853906101,-1.27924451413,
    11.515122933209));
#6315 = CARTESIAN_POINT('',(2.62403430613,-1.492488875181,
    11.508840675087));
#6316 = CARTESIAN_POINT('',(2.497914242349,-1.695141188929,
    11.502558699448));
#6317 = CARTESIAN_POINT('',(2.35376725132,-1.885155023633,
    11.496275739882));
#6318 = CARTESIAN_POINT('',(2.193128285935,-2.060655168367,
    11.489991681511));
#6319 = CARTESIAN_POINT('',(1.849625796667,-2.372879633057,
    11.477678488817));
#6320 = CARTESIAN_POINT('',(1.667873454658,-2.510926332746,
    11.471647635623));
#6321 = CARTESIAN_POINT('',(1.474193954789,-2.632645978753,
    11.465617197542));
#6322 = CARTESIAN_POINT('',(1.270357659745,-2.736834682668,
    11.459587160332));
#6323 = CARTESIAN_POINT('',(1.058261191502,-2.822523007729,
    11.453556902389));
#6324 = CARTESIAN_POINT('',(0.839917193644,-2.888981206479,
    11.447526205456));
#6325 = CARTESIAN_POINT('',(0.481894091477,-2.964282552204,
    11.43782152651));
#6326 = CARTESIAN_POINT('',(0.344782900248,-2.985493089251,
    11.434146630285));
#6327 = CARTESIAN_POINT('',(0.206609425932,-2.999299870064,
    11.430471808829));
#6328 = CARTESIAN_POINT('',(6.785329998519E-02,-3.005641879245,
    11.42679702946));
#6329 = CARTESIAN_POINT('',(-7.100358969104E-02,-3.004497088312,
    11.423122214404));
#6330 = CARTESIAN_POINT('',(-0.209478046138,-2.995882498463,
    11.419447332071));
#6331 = CARTESIAN_POINT('',(-0.633930376162,-2.946443274551,
    11.408112302674));
#6332 = CARTESIAN_POINT('',(-0.917119935983,-2.880806615663,
    11.400449456117));
#6333 = CARTESIAN_POINT('',(-1.192129683508,-2.783434637575,
    11.392788289752));
#6334 = CARTESIAN_POINT('',(-1.454757783947,-2.655628286892,
    11.385128180653));
#6335 = CARTESIAN_POINT('',(-1.701076278378,-2.499298984126,
    11.377466898615));
#6336 = CARTESIAN_POINT('',(-1.927468935466,-2.316950360249,
    11.3698039266));
#6337 = CARTESIAN_POINT('',(-2.367600094367,-1.872877110669,
    11.353219141914));
#6338 = CARTESIAN_POINT('',(-2.573323221229,-1.602774545428,
    11.344289306401));
#6339 = CARTESIAN_POINT('',(-2.742725308589,-1.306650858329,
    11.33536448926));
#6340 = CARTESIAN_POINT('',(-2.87209326623,-0.990433712206,
    11.326441218929));
#6341 = CARTESIAN_POINT('',(-2.958823172252,-0.660487837112,
    11.317516469955));
#6342 = CARTESIAN_POINT('',(-3.001408609166,-0.323643749392,
    11.308586682396));
#6343 = CARTESIAN_POINT('',(-2.999763846102,6.173413448342E-02,
    11.29836411141));
#6344 = CARTESIAN_POINT('',(-2.998623929522,0.110660697016,
    11.297066167303));
#6345 = CARTESIAN_POINT('',(-2.99655301981,0.159562020979,
    11.295768214593));
#6346 = CARTESIAN_POINT('',(-2.993551814509,0.20841683689,
    11.294470253854));
#6347 = CARTESIAN_POINT('',(-2.989621616772,0.257203924246,
    11.293172285436));
#6348 = CARTESIAN_POINT('',(-2.984764335372,0.305902111521,
    11.291874309468));
#6349 = CARTESIAN_POINT('',(-2.944939942283,0.640569033162,11.2829340216
    ));
#6350 = CARTESIAN_POINT('',(-2.87883375672,0.922930652277,
    11.275288940136));
#6351 = CARTESIAN_POINT('',(-2.781162215085,1.197083615024,
    11.26764552973));
#6352 = CARTESIAN_POINT('',(-2.653225144913,1.45885871796,
    11.260003310148));
#6353 = CARTESIAN_POINT('',(-2.496927038589,1.704359150216,
    11.252360103753));
#6354 = CARTESIAN_POINT('',(-2.31475878972,1.929997845667,
    11.244715321033));
#6355 = CARTESIAN_POINT('',(-1.906449611795,2.333967789261,
    11.229479502201));
#6356 = CARTESIAN_POINT('',(-1.68045758291,2.512722980297,11.22188349227
    ));
#6357 = CARTESIAN_POINT('',(-1.435107853367,2.66574622404,
    11.214289497852));
#6358 = CARTESIAN_POINT('',(-1.173942511519,2.790626551327,
    11.206696691335));
#6359 = CARTESIAN_POINT('',(-0.900800896669,2.885528088146,
    11.199102606163));
#6360 = CARTESIAN_POINT('',(-0.619783369986,2.949207415148,
    11.19150650895));
#6361 = CARTESIAN_POINT('',(-0.287598567637,2.986568442355,
    11.182639491224));
#6362 = CARTESIAN_POINT('',(-0.239799178071,2.991042820215,
    11.181366250406));
#6363 = CARTESIAN_POINT('',(-0.191919602011,2.994624568747,
    11.180093005964));
#6364 = CARTESIAN_POINT('',(-0.143979845146,2.997312003398,
    11.178819758382));
#6365 = CARTESIAN_POINT('',(-9.599994339155E-02,2.999104001047,
    11.177546508176));
#6366 = CARTESIAN_POINT('',(-4.799996288784E-02,3.000000000001,
    11.176273255901));
#6367 = CARTESIAN_POINT('',(8.9E-16,3.,11.175000002141));
#6368 = ORIENTED_EDGE('',*,*,#6369,.T.);
#6369 = EDGE_CURVE('',#6303,#6370,#6372,.T.);
#6370 = VERTEX_POINT('',#6371);
#6371 = CARTESIAN_POINT('',(3.,-6.E-15,11.049999827466));
#6372 = B_SPLINE_CURVE_WITH_KNOTS('',6,(#6373,#6374,#6375,#6376,#6377,
    #6378,#6379,#6380,#6381,#6382,#6383,#6384,#6385,#6386,#6387,#6388,
    #6389,#6390,#6391,#6392,#6393,#6394),.UNSPECIFIED.,.F.,.F.,(7,5,5,5,
    7),(0.,0.135404251689,0.471111186967,0.825177461602,1.),
  .UNSPECIFIED.);
#6373 = CARTESIAN_POINT('',(1.01E-15,3.,11.175000002141));
#6374 = CARTESIAN_POINT('',(0.106342730468,2.999999999999,
    11.172179139932));
#6375 = CARTESIAN_POINT('',(0.212685958256,2.995476460334,
    11.169358265287));
#6376 = CARTESIAN_POINT('',(0.318788008729,2.986429440626,
    11.166537387643));
#6377 = CARTESIAN_POINT('',(0.424409011454,2.972875967791,
    11.163716516236));
#6378 = CARTESIAN_POINT('',(0.529310900197,2.954850036045,
    11.160895660096));
#6379 = CARTESIAN_POINT('',(0.890971367887,2.876748832756,
    11.151081156366));
#6380 = CARTESIAN_POINT('',(1.142855879332,2.793907336073,
    11.144086537278));
#6381 = CARTESIAN_POINT('',(1.385235023993,2.684656317899,
    11.137093360002));
#6382 = CARTESIAN_POINT('',(1.614727407853,2.550430011013,
    11.130100389889));
#6383 = CARTESIAN_POINT('',(1.828204662138,2.393153068214,11.12310601787
    ));
#6384 = CARTESIAN_POINT('',(2.228247876979,2.02786499361,11.108736228304
    ));
#6385 = CARTESIAN_POINT('',(2.412776510103,1.817483058949,
    11.101358303336));
#6386 = CARTESIAN_POINT('',(2.573209786456,1.587189945557,
    11.093981458307));
#6387 = CARTESIAN_POINT('',(2.707006333545,1.340467000675,
    11.086603732056));
#6388 = CARTESIAN_POINT('',(2.812195708473,1.081147666914,
    11.079225100727));
#6389 = CARTESIAN_POINT('',(2.924830365762,0.681336051684,
    11.068207086129));
#6390 = CARTESIAN_POINT('',(2.954803646431,0.547133318576,
    11.064565369053));
#6391 = CARTESIAN_POINT('',(2.977378073437,0.411385848804,
    11.060924011553));
#6392 = CARTESIAN_POINT('',(2.992459306183,0.274603032213,
    11.057282959259));
#6393 = CARTESIAN_POINT('',(2.999999993157,0.137300750471,
    11.053641843436));
#6394 = CARTESIAN_POINT('',(3.,-3.292E-14,11.049999827466));
#6395 = ORIENTED_EDGE('',*,*,#6396,.T.);
#6396 = EDGE_CURVE('',#6370,#6397,#6399,.T.);
#6397 = VERTEX_POINT('',#6398);
#6398 = CARTESIAN_POINT('',(0.,3.,10.675000036648));
#6399 = B_SPLINE_CURVE_WITH_KNOTS('',7,(#6400,#6401,#6402,#6403,#6404,
    #6405,#6406,#6407,#6408,#6409,#6410,#6411,#6412,#6413,#6414,#6415,
    #6416,#6417,#6418,#6419,#6420,#6421,#6422,#6423,#6424,#6425,#6426,
    #6427,#6428,#6429,#6430,#6431,#6432,#6433,#6434,#6435,#6436,#6437,
    #6438,#6439,#6440,#6441,#6442,#6443,#6444,#6445,#6446,#6447,#6448,
    #6449,#6450,#6451,#6452,#6453,#6454,#6455,#6456,#6457,#6458,#6459,
    #6460,#6461),.UNSPECIFIED.,.F.,.F.,(8,6,6,6,6,6,6,6,6,6,8),(0.,
    5.949044964416E-02,0.176791423101,0.289358055694,0.357963154805,
    0.501050071764,0.668606291129,0.691015752204,0.8350127391,
    0.977448269,1.),.UNSPECIFIED.);
#6400 = CARTESIAN_POINT('',(3.,2.043E-14,11.049999827466));
#6401 = CARTESIAN_POINT('',(2.999999994012,-0.120135487908,
    11.046813141131));
#6402 = CARTESIAN_POINT('',(2.99438726841,-0.240272151626,11.04362571935
    ));
#6403 = CARTESIAN_POINT('',(2.983161916011,-0.360093246598,
    11.040438174731));
#6404 = CARTESIAN_POINT('',(2.966345995108,-0.47928444249,
    11.037250782362));
#6405 = CARTESIAN_POINT('',(2.943983456261,-0.59753426823,
    11.034063609851));
#6406 = CARTESIAN_POINT('',(2.916140069079,-0.714534557048,
    11.030876647368));
#6407 = CARTESIAN_POINT('',(2.817368466652,-1.05761351987,11.02140650647
    ));
#6408 = CARTESIAN_POINT('',(2.730853902941,-1.279244522181,
    11.015122967498));
#6409 = CARTESIAN_POINT('',(2.624034300348,-1.492488886695,
    11.008840709259));
#6410 = CARTESIAN_POINT('',(2.4979142333,-1.695141203451,11.002558733503
    ));
#6411 = CARTESIAN_POINT('',(2.353767238437,-1.885155040604,
    10.996275773824));
#6412 = CARTESIAN_POINT('',(2.193128268744,-2.060655187144,
    10.989991715339));
#6413 = CARTESIAN_POINT('',(1.849625636115,-2.372879775965,
    10.977678517617));
#6414 = CARTESIAN_POINT('',(1.667873133417,-2.510926574391,
    10.971647659503));
#6415 = CARTESIAN_POINT('',(1.474193454879,-2.632646291152,
    10.965617216504));
#6416 = CARTESIAN_POINT('',(1.27035696769,-2.736835035129,
    10.959587174379));
#6417 = CARTESIAN_POINT('',(1.058260298687,-2.822523367618,
    10.953556911519));
#6418 = CARTESIAN_POINT('',(0.839916096623,-2.888981540005,
    10.947526209665));
#6419 = CARTESIAN_POINT('',(0.481889921042,-2.964283366702,
    10.937821448315));
#6420 = CARTESIAN_POINT('',(0.344775796715,-2.985494136323,
    10.934146474596));
#6421 = CARTESIAN_POINT('',(0.206599357842,-2.999300834892,
    10.930471575653));
#6422 = CARTESIAN_POINT('',(6.78402663979E-02,-3.005642444178,
    10.926796718799));
#6423 = CARTESIAN_POINT('',(-7.101955914768E-02,-3.004496936159,
    10.923121826255));
#6424 = CARTESIAN_POINT('',(-0.209496891326,-2.995881315798,
    10.919446866426));
#6425 = CARTESIAN_POINT('',(-0.634118432418,-2.94641925847,
    10.908107308637));
#6426 = CARTESIAN_POINT('',(-0.91747010971,-2.880723647566,
    10.900440003637));
#6427 = CARTESIAN_POINT('',(-1.192629546454,-2.783256116795,
    10.892774383953));
#6428 = CARTESIAN_POINT('',(-1.455387726804,-2.655320442393,
    10.885109824918));
#6429 = CARTESIAN_POINT('',(-1.701810223519,-2.498832182782,
    10.877444089883));
#6430 = CARTESIAN_POINT('',(-1.928275166566,-2.316300346351,
    10.869776660124));
#6431 = CARTESIAN_POINT('',(-2.369693694106,-1.87057263496,
    10.853136667147));
#6432 = CARTESIAN_POINT('',(-2.576302886575,-1.598670742718,
    10.844155919569));
#6433 = CARTESIAN_POINT('',(-2.746134507957,-1.300494619665,
    10.835180333183));
#6434 = CARTESIAN_POINT('',(-2.875422792464,-0.982081896185,
    10.82620631789));
#6435 = CARTESIAN_POINT('',(-2.961536444343,-0.649912847545,
    10.817230789691));
#6436 = CARTESIAN_POINT('',(-3.00296614277,-0.310941405218,
    10.808250074911));
#6437 = CARTESIAN_POINT('',(-2.999461346926,7.26604059045E-02,
    10.798074267581));
#6438 = CARTESIAN_POINT('',(-2.998251525074,0.117905063237,
    10.796873862423));
#6439 = CARTESIAN_POINT('',(-2.996245482092,0.163125619934,
    10.795673450074));
#6440 = CARTESIAN_POINT('',(-2.993443815609,0.208305259593,
    10.794473030797));
#6441 = CARTESIAN_POINT('',(-2.989847566356,0.25342719748,
    10.793272604808));
#6442 = CARTESIAN_POINT('',(-2.985458218163,0.29847468053,
    10.792072172281));
#6443 = CARTESIAN_POINT('',(-2.946989110699,0.632307756925,
    10.783158045389));
#6444 = CARTESIAN_POINT('',(-2.881020845378,0.917521652052,
    10.775441455327));
#6445 = CARTESIAN_POINT('',(-2.782867586674,1.194448537019,
    10.767726616182));
#6446 = CARTESIAN_POINT('',(-2.653858690917,1.458798595104,
    10.760013021924));
#6447 = CARTESIAN_POINT('',(-2.49595028929,1.706563566553,
    10.752298390081));
#6448 = CARTESIAN_POINT('',(-2.311706094535,1.934056058998,
    10.744582101448));
#6449 = CARTESIAN_POINT('',(-1.899474962831,2.33981385536,
    10.729238934071));
#6450 = CARTESIAN_POINT('',(-1.671843639122,2.518724436955,
    10.721606902825));
#6451 = CARTESIAN_POINT('',(-1.424752596987,2.671592947723,
    10.713976929996));
#6452 = CARTESIAN_POINT('',(-1.161803355652,2.795986740841,
    10.706348166885));
#6453 = CARTESIAN_POINT('',(-0.886897837291,2.89005990825,
    10.698718091539));
#6454 = CARTESIAN_POINT('',(-0.604201094523,2.952570930522,
    10.691085959188));
#6455 = CARTESIAN_POINT('',(-0.272903980671,2.987908534591,
    10.682248185842));
#6456 = CARTESIAN_POINT('',(-0.22753418433,2.991936747693,
    10.681040167488));
#6457 = CARTESIAN_POINT('',(-0.182095897384,2.995161138163,
    10.679832145993));
#6458 = CARTESIAN_POINT('',(-0.136606207871,2.997580341239,
    10.678624121674));
#6459 = CARTESIAN_POINT('',(-9.108223020711E-02,2.999193446928,
    10.677416094963));
#6460 = CARTESIAN_POINT('',(-4.554110519098E-02,3.000000000001,
    10.676208066403));
#6461 = CARTESIAN_POINT('',(4.4E-16,3.,10.675000036648));
#6462 = ORIENTED_EDGE('',*,*,#6463,.T.);
#6463 = EDGE_CURVE('',#6397,#6464,#6466,.T.);
#6464 = VERTEX_POINT('',#6465);
#6465 = CARTESIAN_POINT('',(3.,4.3E-14,10.549999861973));
#6466 = B_SPLINE_CURVE_WITH_KNOTS('',6,(#6467,#6468,#6469,#6470,#6471,
    #6472,#6473,#6474,#6475,#6476,#6477,#6478,#6479,#6480,#6481,#6482,
    #6483,#6484,#6485,#6486,#6487,#6488),.UNSPECIFIED.,.F.,.F.,(7,5,5,5,
    7),(0.,0.13558800612,0.471380866507,0.825925690678,1.),
  .UNSPECIFIED.);
#6467 = CARTESIAN_POINT('',(3.6E-16,3.,10.675000036648));
#6468 = CARTESIAN_POINT('',(0.106487032058,2.999999999998,
    10.672175346675));
#6469 = CARTESIAN_POINT('',(0.212974567084,2.995464175262,
    10.669350644155));
#6470 = CARTESIAN_POINT('',(0.319219939744,2.986392586028,
    10.666525938637));
#6471 = CARTESIAN_POINT('',(0.424982302708,2.972802351745,
    10.663701239421));
#6472 = CARTESIAN_POINT('',(0.530022626652,2.95472765107,10.66087655556)
  );
#6473 = CARTESIAN_POINT('',(0.891867512987,2.876477314087,
    10.651056435199));
#6474 = CARTESIAN_POINT('',(1.143791077012,2.793534948443,
    10.644060026081));
#6475 = CARTESIAN_POINT('',(1.386195824718,2.684172484679,10.63706506051
    ));
#6476 = CARTESIAN_POINT('',(1.615698256138,2.549826418041,
    10.630070301849));
#6477 = CARTESIAN_POINT('',(1.829168308188,2.392424036022,10.62307413861
    ));
#6478 = CARTESIAN_POINT('',(2.229383974536,2.026667529089,
    10.608692588291));
#6479 = CARTESIAN_POINT('',(2.414044723008,1.815891934723,
    10.601304682016));
#6480 = CARTESIAN_POINT('',(2.574531902841,1.585165583323,
    10.593917865267));
#6481 = CARTESIAN_POINT('',(2.708296371577,1.337985842882,
    10.586530164069));
#6482 = CARTESIAN_POINT('',(2.813363011612,1.078203455502,
    10.579141561101));
#6483 = CARTESIAN_POINT('',(2.92547046779,0.678463706344,10.568129184461
    ));
#6484 = CARTESIAN_POINT('',(2.955189312517,0.544809103967,
    10.564503060921));
#6485 = CARTESIAN_POINT('',(2.977571311459,0.409629442279,
    10.560877292712));
#6486 = CARTESIAN_POINT('',(2.99252372206,0.273427659805,10.557251823962
    ));
#6487 = CARTESIAN_POINT('',(2.999999993186,0.136713066727,
    10.553626289146));
#6488 = CARTESIAN_POINT('',(3.,-7.04E-15,10.549999861973));
#6489 = ORIENTED_EDGE('',*,*,#6490,.T.);
#6490 = EDGE_CURVE('',#6464,#6491,#6493,.T.);
#6491 = VERTEX_POINT('',#6492);
#6492 = CARTESIAN_POINT('',(0.,3.,10.175000071155));
#6493 = B_SPLINE_CURVE_WITH_KNOTS('',7,(#6494,#6495,#6496,#6497,#6498,
    #6499,#6500,#6501,#6502,#6503,#6504,#6505,#6506,#6507,#6508,#6509,
    #6510,#6511,#6512,#6513,#6514,#6515,#6516,#6517,#6518,#6519,#6520,
    #6521,#6522,#6523,#6524,#6525,#6526,#6527,#6528,#6529,#6530,#6531,
    #6532,#6533,#6534,#6535,#6536,#6537,#6538,#6539,#6540,#6541,#6542,
    #6543,#6544,#6545,#6546,#6547,#6548,#6549,#6550,#6551,#6552,#6553,
    #6554,#6555),.UNSPECIFIED.,.F.,.F.,(8,6,6,6,6,6,6,6,6,6,8),(0.,
    5.949039000551E-02,0.176791294152,0.289359813618,0.357996060368,
    0.500141340686,0.667376064303,0.691736858406,0.834400807458,
    0.977075662941,1.),.UNSPECIFIED.);
#6494 = CARTESIAN_POINT('',(3.,3.508E-14,10.549999861973));
#6495 = CARTESIAN_POINT('',(2.999999994012,-0.120135488195,
    10.546813175631));
#6496 = CARTESIAN_POINT('',(2.994387268384,-0.240272152202,
    10.543625753845));
#6497 = CARTESIAN_POINT('',(2.98316191593,-0.360093247459,
    10.540438209222));
#6498 = CARTESIAN_POINT('',(2.966345994947,-0.479284443632,
    10.537250816848));
#6499 = CARTESIAN_POINT('',(2.943983455993,-0.597534269646,
    10.534063644332));
#6500 = CARTESIAN_POINT('',(2.916140068679,-0.714534558729,
    10.530876681842));
#6501 = CARTESIAN_POINT('',(2.81736843881,-1.057613616004,
    10.521406538335));
#6502 = CARTESIAN_POINT('',(2.730853830435,-1.279244707571,
    10.515122996757));
#6503 = CARTESIAN_POINT('',(2.624034166639,-1.492489153382,
    10.508840735911));
#6504 = CARTESIAN_POINT('',(2.497914023252,-1.695141540798,
    10.50255875755));
#6505 = CARTESIAN_POINT('',(2.353766938732,-1.88515543558,
    10.496275795264));
#6506 = CARTESIAN_POINT('',(2.193127868278,-2.060655624628,
    10.489991734175));
#6507 = CARTESIAN_POINT('',(1.849622102723,-2.372882917102,
    10.477678426718));
#6508 = CARTESIAN_POINT('',(1.667866097372,-2.510931863724,
    10.471647461393));
#6509 = CARTESIAN_POINT('',(1.474182524699,-2.632653118924,
    10.465616911232));
#6510 = CARTESIAN_POINT('',(1.270341850091,-2.736842732556,
    10.459586761985));
#6511 = CARTESIAN_POINT('',(1.058240806279,-2.822531223619,
    10.453556391981));
#6512 = CARTESIAN_POINT('',(0.839892154594,-2.888988818377,
    10.447525582938));
#6513 = CARTESIAN_POINT('',(0.481799610147,-2.964300993625,
    10.437819042303));
#6514 = CARTESIAN_POINT('',(0.344622187604,-2.985516765395,
    10.434142396304));
#6515 = CARTESIAN_POINT('',(0.206381772469,-2.999321670671,
    10.430465825204));
#6516 = CARTESIAN_POINT('',(6.755868560652E-02,-3.005654630068,
    10.426789296257));
#6517 = CARTESIAN_POINT('',(-7.136449451676E-02,-3.004493625662,
    10.423112731524));
#6518 = CARTESIAN_POINT('',(-0.209903881715,-2.995855743754,
    10.419436099357));
#6519 = CARTESIAN_POINT('',(-0.632691822691,-2.946540100465,
    10.408145301491));
#6520 = CARTESIAN_POINT('',(-0.914190951922,-2.881443754149,
    10.40052851064));
#6521 = CARTESIAN_POINT('',(-1.187630416678,-2.784990896607,
    10.39291334841));
#6522 = CARTESIAN_POINT('',(-1.448882414863,-2.658454484048,
    10.385299209114));
#6523 = CARTESIAN_POINT('',(-1.69408586746,-2.50370453823,
    10.377683928999));
#6524 = CARTESIAN_POINT('',(-1.919683082825,-2.323190516053,
    10.370067009356));
#6525 = CARTESIAN_POINT('',(-2.361203967496,-1.881161168576,
    10.353494639847));
#6526 = CARTESIAN_POINT('',(-2.568636252476,-1.610727486507,
    10.344531143558));
#6527 = CARTESIAN_POINT('',(-2.739555041651,-1.313953828284,
    10.335572761708));
#6528 = CARTESIAN_POINT('',(-2.870187603004,-0.996824794601,
    10.32661595094));
#6529 = CARTESIAN_POINT('',(-2.957885241811,-0.665770410946,
    10.317657648472));
#6530 = CARTESIAN_POINT('',(-3.001110916015,-0.327696255741,
    10.308694213984));
#6531 = CARTESIAN_POINT('',(-2.999819014985,5.921119568583E-02,
    10.298431108995));
#6532 = CARTESIAN_POINT('',(-2.998713611074,0.108402242833,
    10.297126176129));
#6533 = CARTESIAN_POINT('',(-2.99666713793,0.157568541405,
    10.295821234449));
#6534 = CARTESIAN_POINT('',(-2.993680287642,0.20668846927,10.29451628471
    ));
#6535 = CARTESIAN_POINT('',(-2.989754371038,0.25574045856,
    10.293211327319));
#6536 = CARTESIAN_POINT('',(-2.984891317687,0.304702995671,
    10.291906362334));
#6537 = CARTESIAN_POINT('',(-2.945140986626,0.639644056421,
    10.282959085919));
#6538 = CARTESIAN_POINT('',(-2.879123488256,0.922026424429,
    10.275314005002));
#6539 = CARTESIAN_POINT('',(-2.781538057145,1.196210050484,
    10.267670594786));
#6540 = CARTESIAN_POINT('',(-2.653683211326,1.458025323056,
    10.260028374921));
#6541 = CARTESIAN_POINT('',(-2.497462219217,1.703574833287,
    10.252385167871));
#6542 = CARTESIAN_POINT('',(-2.315364847712,1.929270732908,
    10.24474038439));
#6543 = CARTESIAN_POINT('',(-1.905874999784,2.334663383656,
    10.229455757874));
#6544 = CARTESIAN_POINT('',(-1.678340215879,2.514494078448,
    10.221810866019));
#6545 = CARTESIAN_POINT('',(-1.431210174584,2.668245866655,
    10.214168050604));
#6546 = CARTESIAN_POINT('',(-1.168098497532,2.793464618967,
    10.206526458411));
#6547 = CARTESIAN_POINT('',(-0.892922511359,2.888285979689,
    10.198883545764));
#6548 = CARTESIAN_POINT('',(-0.609865705749,2.951453282235,
    10.191238558643));
#6549 = CARTESIAN_POINT('',(-0.277401946263,2.987505859908,
    10.182367990914));
#6550 = CARTESIAN_POINT('',(-0.231288242234,2.991668143761,
    10.181140011068));
#6551 = CARTESIAN_POINT('',(-0.185102597281,2.994999914196,
    10.17991202792));
#6552 = CARTESIAN_POINT('',(-0.138862959668,2.997499713892,
    10.178684041825));
#6553 = CARTESIAN_POINT('',(-9.258730609424E-02,2.999166571171,
    10.177456053255));
#6554 = CARTESIAN_POINT('',(-4.629364168584E-02,3.000000000002,
    10.176228062797));
#6555 = CARTESIAN_POINT('',(4.4E-16,3.,10.175000071155));
#6556 = ORIENTED_EDGE('',*,*,#6557,.T.);
#6557 = EDGE_CURVE('',#6491,#5455,#6558,.T.);
#6558 = B_SPLINE_CURVE_WITH_KNOTS('',6,(#6559,#6560,#6561,#6562,#6563,
    #6564,#6565,#6566,#6567,#6568,#6569,#6570,#6571,#6572,#6573,#6574,
    #6575,#6576,#6577,#6578,#6579,#6580),.UNSPECIFIED.,.F.,.F.,(7,5,5,5,
    7),(0.,0.13314586684,0.4707052655,0.823358622748,1.),.UNSPECIFIED.);
#6559 = CARTESIAN_POINT('',(4.6E-16,3.,10.175000071155));
#6560 = CARTESIAN_POINT('',(0.104569032055,2.999999999996,
    10.172226258321));
#6561 = CARTESIAN_POINT('',(0.209138534286,2.995626100145,
    10.169452433305));
#6562 = CARTESIAN_POINT('',(0.313478749501,2.986878353895,10.16667860528
    ));
#6563 = CARTESIAN_POINT('',(0.417361584336,2.973772681012,10.16390478312
    ));
#6564 = CARTESIAN_POINT('',(0.520560609264,2.956340867576,
    10.161130975403));
#6565 = CARTESIAN_POINT('',(0.882183949513,2.879589305422,
    10.151324924076));
#6566 = CARTESIAN_POINT('',(1.135721128987,2.797038568338,10.14429167935
    ));
#6567 = CARTESIAN_POINT('',(1.379721592967,2.687756218801,
    10.137259912762));
#6568 = CARTESIAN_POINT('',(1.610744125476,2.553192249129,
    10.130228360542));
#6569 = CARTESIAN_POINT('',(1.825604689136,2.395297620406,
    10.123195373117));
#6570 = CARTESIAN_POINT('',(2.226135584308,2.030031890798,
    10.108816431895));
#6571 = CARTESIAN_POINT('',(2.41014351735,1.820698043944,10.101467976141
    ));
#6572 = CARTESIAN_POINT('',(2.570274011843,1.59158460022,10.094120572189
    ));
#6573 = CARTESIAN_POINT('',(2.704010714566,1.346127451926,10.08677229797
    ));
#6574 = CARTESIAN_POINT('',(2.809399346822,1.088110461462,
    10.079423116041));
#6575 = CARTESIAN_POINT('',(2.923263124106,0.688315689241,
    10.068396600466));
#6576 = CARTESIAN_POINT('',(2.953859310255,0.552782002767,
    10.064716979115));
#6577 = CARTESIAN_POINT('',(2.976904901546,0.41565503265,10.061037727256
    ));
#6578 = CARTESIAN_POINT('',(2.992301578753,0.27746006894,10.057358794163
    ));
#6579 = CARTESIAN_POINT('',(2.999999993085,0.138729228173,
    10.053679804003));
#6580 = CARTESIAN_POINT('',(3.,-4.836E-14,10.04999989648));
#6581 = ORIENTED_EDGE('',*,*,#5461,.T.);
#6582 = ORIENTED_EDGE('',*,*,#4526,.T.);
#6583 = ORIENTED_EDGE('',*,*,#6584,.F.);
#6584 = EDGE_CURVE('',#6585,#4500,#6587,.T.);
#6585 = VERTEX_POINT('',#6586);
#6586 = CARTESIAN_POINT('',(3.,5.32E-13,10.112502070353));
#6587 = B_SPLINE_CURVE_WITH_KNOTS('',6,(#6588,#6589,#6590,#6591,#6592,
    #6593,#6594,#6595,#6596,#6597,#6598,#6599,#6600,#6601,#6602,#6603,
    #6604,#6605,#6606,#6607,#6608,#6609,#6610,#6611,#6612,#6613,#6614,
    #6615,#6616,#6617,#6618,#6619,#6620,#6621,#6622,#6623,#6624,#6625,
    #6626,#6627,#6628,#6629,#6630,#6631,#6632,#6633,#6634,#6635,#6636,
    #6637,#6638,#6639,#6640,#6641,#6642,#6643,#6644),.UNSPECIFIED.,.F.,
  .F.,(7,5,5,5,5,5,5,5,5,5,5,7),(0.,5.819642860804E-02,0.172921615156,
    0.284458192597,0.356365699221,0.498104708482,0.633757986388,
    0.664550787256,0.735029595667,0.832365836404,0.97366061378,1.),
  .UNSPECIFIED.);
#6588 = CARTESIAN_POINT('',(3.,5.2758E-13,10.112502070353));
#6589 = CARTESIAN_POINT('',(2.999999993166,-0.137114424331,
    10.108864940908));
#6590 = CARTESIAN_POINT('',(2.992479758999,-0.2742304247,10.105228633604
    ));
#6591 = CARTESIAN_POINT('',(2.977439421121,-0.410829080432,
    10.101592379138));
#6592 = CARTESIAN_POINT('',(2.954926077203,-0.546396593245,
    10.097955841347));
#6593 = CARTESIAN_POINT('',(2.925033561011,-0.680425631979,
    10.094318976138));
#6594 = CARTESIAN_POINT('',(2.814703523502,-1.072616446657,
    10.083511942932));
#6595 = CARTESIAN_POINT('',(2.713359411431,-1.324946525918,
    10.076339784589));
#6596 = CARTESIAN_POINT('',(2.58495062497,-1.565499787151,
    10.069168470765));
#6597 = CARTESIAN_POINT('',(2.431262984327,-1.790743696103,
    10.061997923372));
#6598 = CARTESIAN_POINT('',(2.254599642575,-1.99745899932,
    10.054826453493));
#6599 = CARTESIAN_POINT('',(1.866711654132,-2.363142981403,
    10.040685924286));
#6600 = CARTESIAN_POINT('',(1.656522956704,-2.52333664793,
    10.033714577964));
#6601 = CARTESIAN_POINT('',(1.430052734431,-2.660896100762,
    10.026744599357));
#6602 = CARTESIAN_POINT('',(1.190366510467,-2.773864390367,
    10.019774414723));
#6603 = CARTESIAN_POINT('',(0.940787703334,-2.860764862672,
    10.012802807793));
#6604 = CARTESIAN_POINT('',(0.519997513807,-2.959443401729,
    10.001338148005));
#6605 = CARTESIAN_POINT('',(0.35242809389,-2.986946831214,9.996843998388
    ));
#6606 = CARTESIAN_POINT('',(0.183189161906,-3.003049460039,
    9.992349956659));
#6607 = CARTESIAN_POINT('',(1.32477851437E-02,-3.007637189198,
    9.987855924352));
#6608 = CARTESIAN_POINT('',(-0.156422269088,-3.000705712552,
    9.983361798912));
#6609 = CARTESIAN_POINT('',(-0.656827548146,-2.946200545072,
    9.970009664371));
#6610 = CARTESIAN_POINT('',(-0.984111431076,-2.865679618732,
    9.96114827077));
#6611 = CARTESIAN_POINT('',(-1.298983827569,-2.741577105318,
    9.952291198044));
#6612 = CARTESIAN_POINT('',(-1.594441747885,-2.576499711661,
    9.943434202734));
#6613 = CARTESIAN_POINT('',(-1.864033387318,-2.374215529652,
    9.934572880728));
#6614 = CARTESIAN_POINT('',(-2.330278529706,-1.916233529743,
    9.917236774347));
#6615 = CARTESIAN_POINT('',(-2.529729578315,-1.663042241557,
    9.908755825262));
#6616 = CARTESIAN_POINT('',(-2.695759148451,-1.385339225432,
    9.90027774091));
#6617 = CARTESIAN_POINT('',(-2.824893910657,-1.088676105413,
    9.891799488885));
#6618 = CARTESIAN_POINT('',(-2.914642050165,-0.779108921218,
    9.883318195065));
#6619 = CARTESIAN_POINT('',(-2.975208947115,-0.391656977195,
    9.872915435909));
#6620 = CARTESIAN_POINT('',(-2.984333807498,-0.319652483021,
    9.870990923489));
#6621 = CARTESIAN_POINT('',(-2.99136673581,-0.24739837048,9.869066428098
    ));
#6622 = CARTESIAN_POINT('',(-2.996299598366,-0.17497057037,
    9.867141951011));
#6623 = CARTESIAN_POINT('',(-2.999127943768,-0.102445321279,
    9.86521749304));
#6624 = CARTESIAN_POINT('',(-3.001505946445,0.136145041448,9.85888838433
    ));
#6625 = CARTESIAN_POINT('',(-2.992131801652,0.302303175344,
    9.854483705456));
#6626 = CARTESIAN_POINT('',(-2.971719839322,0.467651005544,
    9.850079245703));
#6627 = CARTESIAN_POINT('',(-2.940362238367,0.631276326211,
    9.845674865265));
#6628 = CARTESIAN_POINT('',(-2.898251452882,0.792282752518,
    9.841270412435));
#6629 = CARTESIAN_POINT('',(-2.773074087341,1.16732708062,9.830783382371
    ));
#6630 = CARTESIAN_POINT('',(-2.680507283436,1.378219735492,
    9.824700181446));
#6631 = CARTESIAN_POINT('',(-2.56875089025,1.580138071416,9.818617553338
    ));
#6632 = CARTESIAN_POINT('',(-2.438928005351,1.770942999491,
    9.812534779528));
#6633 = CARTESIAN_POINT('',(-2.292441383605,1.948667468543,
    9.806451208398));
#6634 = CARTESIAN_POINT('',(-1.896712150618,2.348042810585,
    9.791537588939));
#6635 = CARTESIAN_POINT('',(-1.630817789439,2.553406271679,
    9.782703477836));
#6636 = CARTESIAN_POINT('',(-1.338704066736,2.722165345547,
    9.773873071146));
#6637 = CARTESIAN_POINT('',(-1.026707897221,2.850494924695,
    9.765042801644));
#6638 = CARTESIAN_POINT('',(-0.701727523778,2.935711254143,
    9.756208880092));
#6639 = CARTESIAN_POINT('',(-0.309808879855,2.984605428414,
    9.745732360346));
#6640 = CARTESIAN_POINT('',(-0.248038159036,2.990759305113,
    9.744086248243));
#6641 = CARTESIAN_POINT('',(-0.186124201722,2.995378666039,
    9.742440139985));
#6642 = CARTESIAN_POINT('',(-0.124114672322,2.998459556326,
    9.740794035493));
#6643 = CARTESIAN_POINT('',(-6.205732426463E-02,3.000000000003,
    9.739147933593));
#6644 = CARTESIAN_POINT('',(4.4E-16,3.,9.737501832017));
#6645 = ORIENTED_EDGE('',*,*,#6646,.F.);
#6646 = EDGE_CURVE('',#6647,#6585,#6649,.T.);
#6647 = VERTEX_POINT('',#6648);
#6648 = CARTESIAN_POINT('',(0.,3.,10.2375023496));
#6649 = B_SPLINE_CURVE_WITH_KNOTS('',6,(#6650,#6651,#6652,#6653,#6654,
    #6655,#6656,#6657,#6658,#6659,#6660,#6661,#6662,#6663,#6664,#6665,
    #6666,#6667,#6668,#6669,#6670,#6671),.UNSPECIFIED.,.F.,.F.,(7,5,5,5,
    7),(0.,0.120082074666,0.460078196151,0.822098256817,1.),
  .UNSPECIFIED.);
#6650 = CARTESIAN_POINT('',(1.26E-15,3.,10.2375023496));
#6651 = CARTESIAN_POINT('',(9.430882840496E-02,2.999999999998,
    10.235000760742));
#6652 = CARTESIAN_POINT('',(0.188617932759,2.996442323521,
    10.232499170913));
#6653 = CARTESIAN_POINT('',(0.282758915598,2.98932699991,10.22999757556)
  );
#6654 = CARTESIAN_POINT('',(0.3765643722,2.978664564868,10.227495970713)
  );
#6655 = CARTESIAN_POINT('',(0.469867890589,2.964476060469,
    10.224994352988));
#6656 = CARTESIAN_POINT('',(0.824790787652,2.896725945276,
    10.215409683599));
#6657 = CARTESIAN_POINT('',(1.081772604435,2.818636004041,10.20832536823
    ));
#6658 = CARTESIAN_POINT('',(1.329609990521,2.713239386864,
    10.201242168148));
#6659 = CARTESIAN_POINT('',(1.564759151415,2.581950764486,
    10.194158759259));
#6660 = CARTESIAN_POINT('',(1.783930726573,2.426703994192,
    10.187074221878));
#6661 = CARTESIAN_POINT('',(2.197454845463,2.062045064376,
    10.172449432345));
#6662 = CARTESIAN_POINT('',(2.389361649195,1.849703606594,
    10.164906566307));
#6663 = CARTESIAN_POINT('',(2.556362287399,1.616181624806,
    10.157366149433));
#6664 = CARTESIAN_POINT('',(2.695694841663,1.365167331508,10.14982672792
    ));
#6665 = CARTESIAN_POINT('',(2.805211999493,1.100737582061,
    10.142284605595));
#6666 = CARTESIAN_POINT('',(2.922168307233,0.693147655552,
    10.131036392754));
#6667 = CARTESIAN_POINT('',(2.953199579698,0.556693355937,
    10.127329772653));
#6668 = CARTESIAN_POINT('',(2.976574315428,0.418611598942,
    10.123622842827));
#6669 = CARTESIAN_POINT('',(2.992191378083,0.279438839656,
    10.119915569718));
#6670 = CARTESIAN_POINT('',(2.999999993036,0.139718612912,
    10.116208269972));
#6671 = CARTESIAN_POINT('',(3.,5.7224E-13,10.112502070353));
#6672 = ORIENTED_EDGE('',*,*,#6673,.F.);
#6673 = EDGE_CURVE('',#6674,#6647,#6676,.T.);
#6674 = VERTEX_POINT('',#6675);
#6675 = CARTESIAN_POINT('',(3.,6.73E-13,10.612502587935));
#6676 = B_SPLINE_CURVE_WITH_KNOTS('',6,(#6677,#6678,#6679,#6680,#6681,
    #6682,#6683,#6684,#6685,#6686,#6687,#6688,#6689,#6690,#6691,#6692,
    #6693,#6694,#6695,#6696,#6697,#6698,#6699,#6700,#6701,#6702,#6703,
    #6704,#6705,#6706,#6707,#6708,#6709,#6710,#6711,#6712,#6713,#6714,
    #6715,#6716,#6717,#6718,#6719,#6720,#6721,#6722,#6723,#6724,#6725,
    #6726,#6727,#6728,#6729,#6730,#6731,#6732,#6733),.UNSPECIFIED.,.F.,
  .F.,(7,5,5,5,5,5,5,5,5,5,5,7),(0.,5.819665077413E-02,0.172924112766,
    0.283157278468,0.355945084122,0.497320138173,0.6339081739,
    0.669281543502,0.735951589759,0.831954616999,0.973649394244,1.),
  .UNSPECIFIED.);
#6677 = CARTESIAN_POINT('',(3.,6.99E-13,10.612502587935));
#6678 = CARTESIAN_POINT('',(2.999999993166,-0.137114949818,
    10.608865444551));
#6679 = CARTESIAN_POINT('',(2.992479701355,-0.274231475704,
    10.605229123309));
#6680 = CARTESIAN_POINT('',(2.977439248193,-0.410830650991,
    10.601592854904));
#6681 = CARTESIAN_POINT('',(2.954925732072,-0.546398671503,
    10.597956303171));
#6682 = CARTESIAN_POINT('',(2.925032988193,-0.68042820031,
    10.594319424018));
#6683 = CARTESIAN_POINT('',(2.814700943277,-1.072624569542,
    10.583512234543));
#6684 = CARTESIAN_POINT('',(2.713353995035,-1.324959397124,
    10.576339933724));
#6685 = CARTESIAN_POINT('',(2.584941331258,-1.565516831468,
    10.569168477566));
#6686 = CARTESIAN_POINT('',(2.431248897742,-1.790764137358,
    10.561997787911));
#6687 = CARTESIAN_POINT('',(2.254580008789,-1.997481886426,
    10.554826175642));
#6688 = CARTESIAN_POINT('',(1.868918311186,-2.361058434469,
    10.540766962543));
#6689 = CARTESIAN_POINT('',(1.661404165358,-2.519608537233,
    10.533877126043));
#6690 = CARTESIAN_POINT('',(1.437956093315,-2.656080247987,
    10.526988586954));
#6691 = CARTESIAN_POINT('',(1.201528613082,-2.768577236098,
    10.520099854189));
#6692 = CARTESIAN_POINT('',(0.955324608517,-2.855662345325,
    10.513209773084));
#6693 = CARTESIAN_POINT('',(0.536116479974,-2.956685449403,
    10.501771567586));
#6694 = CARTESIAN_POINT('',(0.366635979398,-2.985426760903,
    10.497222396246));
#6695 = CARTESIAN_POINT('',(0.195385288879,-3.002494236576,
    10.492673338193));
#6696 = CARTESIAN_POINT('',(2.336689810411E-02,-3.007764768627,
    10.488124288239));
#6697 = CARTESIAN_POINT('',(-0.14840920653,-3.001230494007,
    10.483575137195));
#6698 = CARTESIAN_POINT('',(-0.65013128894,-2.947588408957,
    10.470190726949));
#6699 = CARTESIAN_POINT('',(-0.976744460559,-2.86803544972,
    10.461352110402));
#6700 = CARTESIAN_POINT('',(-1.291116017833,-2.745098427263,
    10.452517767434));
#6701 = CARTESIAN_POINT('',(-1.586290003747,-2.581344809058,
    10.443683503679));
#6702 = CARTESIAN_POINT('',(-1.85585304398,-2.380495220392,
    10.434844979731));
#6703 = CARTESIAN_POINT('',(-2.324752117061,-1.923301672174,
    10.417473206874));
#6704 = CARTESIAN_POINT('',(-2.526323402092,-1.66890496814,
    10.408933743737));
#6705 = CARTESIAN_POINT('',(-2.694067404917,-1.389565390633,
    10.40039724775));
#6706 = CARTESIAN_POINT('',(-2.824428227829,-1.090944070274,
    10.391860578674));
#6707 = CARTESIAN_POINT('',(-2.914854652534,-0.779220195226,
    10.383320758399));
#6708 = CARTESIAN_POINT('',(-2.977144919692,-0.378885209642,
    10.372573290125));
#6709 = CARTESIAN_POINT('',(-2.987213056987,-0.296106885603,
    10.370362499085));
#6710 = CARTESIAN_POINT('',(-2.994518054023,-0.213015982723,
    10.368151730445));
#6711 = CARTESIAN_POINT('',(-2.999048490265,-0.129727700377,
    10.365940986195));
#6712 = CARTESIAN_POINT('',(-3.000799365148,-4.635771374253E-02,
    10.363730267882));
#6713 = CARTESIAN_POINT('',(-2.997835953897,0.194044692186,
    10.35735297075));
#6714 = CARTESIAN_POINT('',(-2.986030801205,0.350992875831,
    10.353186372645));
#6715 = CARTESIAN_POINT('',(-2.964366637654,0.507040862397,
    10.349019950971));
#6716 = CARTESIAN_POINT('',(-2.932934053964,0.661418004251,
    10.344853595673));
#6717 = CARTESIAN_POINT('',(-2.891903748265,0.813367356599,
    10.340687188501));
#6718 = CARTESIAN_POINT('',(-2.768983531055,1.176389274006,10.3305214949
    ));
#6719 = CARTESIAN_POINT('',(-2.6770513099,1.384084745907,10.324521643644
    ));
#6720 = CARTESIAN_POINT('',(-2.566479393453,1.583000553427,
    10.318522323136));
#6721 = CARTESIAN_POINT('',(-2.438349244132,1.771086460618,
    10.312522861135));
#6722 = CARTESIAN_POINT('',(-2.294007631536,1.946455881648,
    10.306522648403));
#6723 = CARTESIAN_POINT('',(-1.900597967357,2.345032549375,
    10.291667364736));
#6724 = CARTESIAN_POINT('',(-1.634260114815,2.551406379847,
    10.282808214834));
#6725 = CARTESIAN_POINT('',(-1.341498275306,2.721003036593,
    10.273952818836));
#6726 = CARTESIAN_POINT('',(-1.02869925351,2.849957680053,
    10.265097560983));
#6727 = CARTESIAN_POINT('',(-0.702817571493,2.935557490182,
    10.256238594573));
#6728 = CARTESIAN_POINT('',(-0.309940326225,2.984592330092,
    10.245736380818));
#6729 = CARTESIAN_POINT('',(-0.248143558383,2.990751439296,
    10.244089568085));
#6730 = CARTESIAN_POINT('',(-0.186203371683,2.995374731707,
    10.242442759213));
#6731 = CARTESIAN_POINT('',(-0.124167495992,2.998458245069,
    10.240795954248));
#6732 = CARTESIAN_POINT('',(-6.208374175524E-02,3.000000000001,
    10.239149151911));
#6733 = CARTESIAN_POINT('',(1.33E-15,3.,10.2375023496));
#6734 = ORIENTED_EDGE('',*,*,#6735,.F.);
#6735 = EDGE_CURVE('',#6736,#6674,#6738,.T.);
#6736 = VERTEX_POINT('',#6737);
#6737 = CARTESIAN_POINT('',(0.,3.,10.737502867181));
#6738 = B_SPLINE_CURVE_WITH_KNOTS('',6,(#6739,#6740,#6741,#6742,#6743,
    #6744,#6745,#6746,#6747,#6748,#6749,#6750,#6751,#6752,#6753,#6754,
    #6755,#6756,#6757,#6758,#6759,#6760),.UNSPECIFIED.,.F.,.F.,(7,5,5,5,
    7),(0.,0.118882942675,0.458615721037,0.82096762191,1.),
  .UNSPECIFIED.);
#6739 = CARTESIAN_POINT('',(1.05E-15,3.,10.737502867181));
#6740 = CARTESIAN_POINT('',(9.336707649313E-02,2.999999999999,
    10.735026258763));
#6741 = CARTESIAN_POINT('',(0.186734413028,2.99651302237,10.732549649512
    ));
#6742 = CARTESIAN_POINT('',(0.279938623151,2.989539094035,
    10.730073034888));
#6743 = CARTESIAN_POINT('',(0.372817260909,2.979088336345,
    10.727596411002));
#6744 = CARTESIAN_POINT('',(0.465208820853,2.965180965071,
    10.725119774614));
#6745 = CARTESIAN_POINT('',(0.819130096535,2.89831270355,10.715565575507
    ));
#6746 = CARTESIAN_POINT('',(1.076063367207,2.82078874708,10.708486753939
    ));
#6747 = CARTESIAN_POINT('',(1.323920765125,2.71598272309,10.701409043008
    ));
#6748 = CARTESIAN_POINT('',(1.559163843796,2.585298761891,
    10.694331120938));
#6749 = CARTESIAN_POINT('',(1.778506790614,2.43065923304,10.687252069048
    ));
#6750 = CARTESIAN_POINT('',(2.192907971152,2.066915709426,
    10.672625833287));
#6751 = CARTESIAN_POINT('',(2.385458927493,1.854799061393,
    10.665076037311));
#6752 = CARTESIAN_POINT('',(2.553103527665,1.621408605848,
    10.657528696773));
#6753 = CARTESIAN_POINT('',(2.693064501987,1.370437024715,
    10.649982362526));
#6754 = CARTESIAN_POINT('',(2.803180480979,1.105967899045,
    10.642433336481));
#6755 = CARTESIAN_POINT('',(2.921179161848,0.697482974618,
    10.631154691716));
#6756 = CARTESIAN_POINT('',(2.952603494612,0.560203256204,
    10.627424523916));
#6757 = CARTESIAN_POINT('',(2.976275618245,0.421264971775,
    10.623694042605));
#6758 = CARTESIAN_POINT('',(2.992091808999,0.281214759479,
    10.619963208963));
#6759 = CARTESIAN_POINT('',(2.999999992992,0.140606553926,
    10.616232341228));
#6760 = CARTESIAN_POINT('',(3.,6.7407E-13,10.612502587935));
#6761 = ORIENTED_EDGE('',*,*,#6762,.F.);
#6762 = EDGE_CURVE('',#6763,#6736,#6765,.T.);
#6763 = VERTEX_POINT('',#6764);
#6764 = CARTESIAN_POINT('',(3.,9.15E-13,11.112503105515));
#6765 = B_SPLINE_CURVE_WITH_KNOTS('',6,(#6766,#6767,#6768,#6769,#6770,
    #6771,#6772,#6773,#6774,#6775,#6776,#6777,#6778,#6779,#6780,#6781,
    #6782,#6783,#6784,#6785,#6786,#6787,#6788,#6789,#6790,#6791,#6792,
    #6793,#6794,#6795,#6796,#6797,#6798,#6799,#6800,#6801,#6802,#6803,
    #6804,#6805,#6806,#6807,#6808,#6809,#6810,#6811,#6812,#6813,#6814,
    #6815,#6816,#6817,#6818,#6819,#6820,#6821,#6822),.UNSPECIFIED.,.F.,
  .F.,(7,5,5,5,5,5,5,5,5,5,5,7),(0.,5.8196670711E-02,0.17292382539,
    0.283151601393,0.356055289408,0.498236302033,0.63533610604,
    0.669173985459,0.735844130587,0.831847299928,0.974802082646,1.),
  .UNSPECIFIED.);
#6766 = CARTESIAN_POINT('',(3.,9.1127E-13,11.112503105515));
#6767 = CARTESIAN_POINT('',(2.999999993166,-0.137114862302,
    11.108865964452));
#6768 = CARTESIAN_POINT('',(2.992479710956,-0.274231300666,
    11.105229645528));
#6769 = CARTESIAN_POINT('',(2.977439276992,-0.410830389425,
    11.10159337944));
#6770 = CARTESIAN_POINT('',(2.954925789551,-0.546398325384,
    11.097956830025));
#6771 = CARTESIAN_POINT('',(2.925033083592,-0.680427772573,
    11.094319953193));
#6772 = CARTESIAN_POINT('',(2.814701398898,-1.072623124659,
    11.083512792281));
#6773 = CARTESIAN_POINT('',(2.713354968838,-1.324957074891,
    11.076340517736));
#6774 = CARTESIAN_POINT('',(2.584943015421,-1.565513737431,
    11.069169087829));
#6775 = CARTESIAN_POINT('',(2.431251461356,-1.790760414149,
    11.061998424408));
#6776 = CARTESIAN_POINT('',(2.254583591276,-1.99747770897,
    11.054826838393));
#6777 = CARTESIAN_POINT('',(1.86893282166,-2.36104552367,11.040767995111
    ));
#6778 = CARTESIAN_POINT('',(1.661430295464,-2.519589139742,
    11.03387850241));
#6779 = CARTESIAN_POINT('',(1.437995254279,-2.656056727194,
    11.026990306835));
#6780 = CARTESIAN_POINT('',(1.201581749737,-2.768552202362,
    11.02010191764));
#6781 = CARTESIAN_POINT('',(0.955392160522,-2.855638567749,
    11.013212180409));
#6782 = CARTESIAN_POINT('',(0.535934197919,-2.956734334181,
    11.001767080763));
#6783 = CARTESIAN_POINT('',(0.366180432372,-2.985507917119,
    10.99721067063));
#6784 = CARTESIAN_POINT('',(0.194652100396,-3.002570155749,
    10.992654374839));
#6785 = CARTESIAN_POINT('',(2.235650793467E-02,-3.007797507965,
    10.988098087266));
#6786 = CARTESIAN_POINT('',(-0.149691521748,-3.00118241342,
    10.983541697767));
#6787 = CARTESIAN_POINT('',(-0.653544752831,-2.947048651922,
    10.970099690416));
#6788 = CARTESIAN_POINT('',(-0.981953717755,-2.866618971194,
    10.961210626017));
#6789 = CARTESIAN_POINT('',(-1.297912948986,-2.74231923585,
    10.952325948238));
#6790 = CARTESIAN_POINT('',(-1.594352210572,-2.57677680603,
    10.943441349534));
#6791 = CARTESIAN_POINT('',(-1.86475787806,-2.37379323733,
    10.934552359504));
#6792 = CARTESIAN_POINT('',(-2.333891868443,-1.912403634742,
    10.917098238034));
#6793 = CARTESIAN_POINT('',(-2.535005936933,-1.656070972771,
    10.908526737162));
#6794 = CARTESIAN_POINT('',(-2.701911061048,-1.374773941199,
    10.899958266132));
#6795 = CARTESIAN_POINT('',(-2.831041960005,-1.074256778739,
    10.89138963032));
#6796 = CARTESIAN_POINT('',(-2.919854100932,-0.760783129076,
    10.882817794956));
#6797 = CARTESIAN_POINT('',(-2.979094569499,-0.362424440239,
    10.872134345723));
#6798 = CARTESIAN_POINT('',(-2.988306781351,-0.283193473381,
    10.870019527865));
#6799 = CARTESIAN_POINT('',(-2.994989351143,-0.203688924541,
    10.867904730731));
#6800 = CARTESIAN_POINT('',(-2.999132717479,-0.124011675644,
    10.865789955951));
#6801 = CARTESIAN_POINT('',(-3.000732695618,-4.426299086244E-02,
    10.863675204795));
#6802 = CARTESIAN_POINT('',(-2.997934042548,0.192523312057,
    10.857393871594));
#6803 = CARTESIAN_POINT('',(-2.986208540109,0.349477466794,10.8532272728
    ));
#6804 = CARTESIAN_POINT('',(-2.964623571196,0.505536427877,
    10.849060850519));
#6805 = CARTESIAN_POINT('',(-2.933269335422,0.659929501791,
    10.844894494755));
#6806 = CARTESIAN_POINT('',(-2.892316146755,0.811899657201,
    10.840728087289));
#6807 = CARTESIAN_POINT('',(-2.769580172986,1.174983908246,
    10.830562393417));
#6808 = CARTESIAN_POINT('',(-2.677753365767,1.382726007493,
    10.824562542373));
#6809 = CARTESIAN_POINT('',(-2.567282410127,1.581697902819,
    10.818563222455));
#6810 = CARTESIAN_POINT('',(-2.439247727901,1.769848809698,
    10.812563761309));
#6811 = CARTESIAN_POINT('',(-2.294995131128,1.94529145908,
    10.806563549482));
#6812 = CARTESIAN_POINT('',(-1.899703797682,2.346181230941,
    10.791629535074));
#6813 = CARTESIAN_POINT('',(-1.630815585557,2.554248812597,
    10.782691497622));
#6814 = CARTESIAN_POINT('',(-1.335061648092,2.724843069151,
    10.773757386208));
#6815 = CARTESIAN_POINT('',(-1.019009470604,2.854008860595,
    10.764823423774));
#6816 = CARTESIAN_POINT('',(-0.689808746359,2.938980225587,
    10.755885579668));
#6817 = CARTESIAN_POINT('',(-0.296420532495,2.985910146011,
    10.745376683485));
#6818 = CARTESIAN_POINT('',(-0.237303715803,2.991542777119,
    10.743801914687));
#6819 = CARTESIAN_POINT('',(-0.178061486656,2.995770560625,
    10.742227149524));
#6820 = CARTESIAN_POINT('',(-0.118735566767,2.998590186667,
    10.740652387295));
#6821 = CARTESIAN_POINT('',(-5.936776952579E-02,3.000000000001,
    10.73907762697));
#6822 = CARTESIAN_POINT('',(8.9E-16,3.,10.737502867181));
#6823 = ORIENTED_EDGE('',*,*,#6824,.F.);
#6824 = EDGE_CURVE('',#6825,#6763,#6827,.T.);
#6825 = VERTEX_POINT('',#6826);
#6826 = CARTESIAN_POINT('',(0.,3.,11.237503384758));
#6827 = B_SPLINE_CURVE_WITH_KNOTS('',6,(#6828,#6829,#6830,#6831,#6832,
    #6833,#6834,#6835,#6836,#6837,#6838,#6839,#6840,#6841,#6842,#6843,
    #6844,#6845,#6846,#6847,#6848,#6849),.UNSPECIFIED.,.F.,.F.,(7,5,5,5,
    7),(0.,0.113600768721,0.457291510961,0.817359075021,1.),
  .UNSPECIFIED.);
#6828 = CARTESIAN_POINT('',(8.8E-16,3.,11.237503384758));
#6829 = CARTESIAN_POINT('',(8.921855001229E-02,2.999999999996,
    11.23513681808));
#6830 = CARTESIAN_POINT('',(0.178437322706,2.996816008995,
    11.232770250424));
#6831 = CARTESIAN_POINT('',(0.267513784894,2.990448048583,
    11.230403678286));
#6832 = CARTESIAN_POINT('',(0.356306164553,2.980904558528,
    11.228037098345));
#6833 = CARTESIAN_POINT('',(0.444673450828,2.968202396777,
    11.225670507461));
#6834 = CARTESIAN_POINT('',(0.798113693571,2.904457529437,
    11.216143914568));
#6835 = CARTESIAN_POINT('',(1.05862439249,2.827859089394,11.208982587498
    ));
#6836 = CARTESIAN_POINT('',(1.310031839366,2.723270728443,
    11.201822442613));
#6837 = CARTESIAN_POINT('',(1.548663892082,2.592125167913,
    11.194662070796));
#6838 = CARTESIAN_POINT('',(1.771109370602,2.436397068762,
    11.187500484758));
#6839 = CARTESIAN_POINT('',(2.187255312518,2.072650997378,
    11.172839373557));
#6840 = CARTESIAN_POINT('',(2.379162630423,1.86242361182,11.165337195551
    ));
#6841 = CARTESIAN_POINT('',(2.54654338744,1.631119364002,11.157837411696
    ));
#6842 = CARTESIAN_POINT('',(2.68665974111,1.38235161487,11.150338616734)
  );
#6843 = CARTESIAN_POINT('',(2.797374250843,1.120118388916,
    11.142837266249));
#6844 = CARTESIAN_POINT('',(2.917980681483,0.711311419241,
    11.131531138441));
#6845 = CARTESIAN_POINT('',(2.950675779843,0.571402474686,
    11.127725812671));
#6846 = CARTESIAN_POINT('',(2.975309589001,0.429733029439,
    11.123920161474));
#6847 = CARTESIAN_POINT('',(2.991769789893,0.286883073503,
    11.120114128238));
#6848 = CARTESIAN_POINT('',(2.999999992851,0.143440630968,
    11.116308036015));
#6849 = CARTESIAN_POINT('',(3.,8.3777E-13,11.112503105515));
#6850 = ORIENTED_EDGE('',*,*,#6851,.F.);
#6851 = EDGE_CURVE('',#6852,#6825,#6854,.T.);
#6852 = VERTEX_POINT('',#6853);
#6853 = CARTESIAN_POINT('',(3.,1.246E-12,11.612503623089));
#6854 = B_SPLINE_CURVE_WITH_KNOTS('',6,(#6855,#6856,#6857,#6858,#6859,
    #6860,#6861,#6862,#6863,#6864,#6865,#6866,#6867,#6868,#6869,#6870,
    #6871,#6872,#6873,#6874,#6875,#6876,#6877,#6878,#6879,#6880,#6881,
    #6882,#6883,#6884,#6885,#6886,#6887,#6888,#6889,#6890,#6891,#6892,
    #6893,#6894,#6895,#6896,#6897,#6898,#6899,#6900,#6901,#6902,#6903,
    #6904,#6905,#6906,#6907,#6908,#6909,#6910,#6911),.UNSPECIFIED.,.F.,
  .F.,(7,5,5,5,5,5,5,5,5,5,5,7),(0.,5.819638047111E-02,0.172920635466,
    0.284444069711,0.356345138916,0.497371483828,0.63416820558,
    0.669008190015,0.735678312185,0.831681448051,0.975157382533,1.),
  .UNSPECIFIED.);
#6855 = CARTESIAN_POINT('',(3.,1.31806E-12,11.612503623089));
#6856 = CARTESIAN_POINT('',(2.999999993166,-0.137114221809,
    11.608866499017));
#6857 = CARTESIAN_POINT('',(2.992479781215,-0.274230019645,
    11.605230197072));
#6858 = CARTESIAN_POINT('',(2.977439487767,-0.41082847514,
    11.601593947966));
#6859 = CARTESIAN_POINT('',(2.954926210216,-0.546395792286,
    11.597957415541));
#6860 = CARTESIAN_POINT('',(2.925033781773,-0.680424642147,
    11.594320555703));
#6861 = CARTESIAN_POINT('',(2.814704599898,-1.072613024674,
    11.583513590754));
#6862 = CARTESIAN_POINT('',(2.713361725949,-1.324940999985,
    11.576341495375));
#6863 = CARTESIAN_POINT('',(2.584954638308,-1.565492409804,
    11.569170244463));
#6864 = CARTESIAN_POINT('',(2.431269101907,-1.790734808764,
    11.561999759938));
#6865 = CARTESIAN_POINT('',(2.254608198776,-1.997449020835,
    11.554828352977));
#6866 = CARTESIAN_POINT('',(1.866746473225,-2.363112014087,
    11.540688712543));
#6867 = CARTESIAN_POINT('',(1.656585763621,-2.523290149708,
    11.533718192673));
#6868 = CARTESIAN_POINT('',(1.430146949314,-2.660839831409,11.5267490398
    ));
#6869 = CARTESIAN_POINT('',(1.190494403344,-2.773804713372,
    11.519779681037));
#6870 = CARTESIAN_POINT('',(0.940950299077,-2.860708526415,
    11.512808900744));
#6871 = CARTESIAN_POINT('',(0.520211952129,-2.959404840685,
    11.501345472253));
#6872 = CARTESIAN_POINT('',(0.352659734926,-2.98691809656,
    11.496851727955));
#6873 = CARTESIAN_POINT('',(0.183437451404,-3.003032740534,
    11.492358091461));
#6874 = CARTESIAN_POINT('',(1.351189825534E-02,-3.007634629479,
    11.487864464358));
#6875 = CARTESIAN_POINT('',(-0.156143421313,-3.000719373,11.483370744145
    ));
#6876 = CARTESIAN_POINT('',(-0.654869409507,-2.946446565895,
    11.470063559261));
#6877 = CARTESIAN_POINT('',(-0.980536876973,-2.866584647593,
    11.461246792596));
#6878 = CARTESIAN_POINT('',(-1.293961261292,-2.743573998847,
    11.452434243879));
#6879 = CARTESIAN_POINT('',(-1.588240823113,-2.579971218347,
    11.44362177543));
#6880 = CARTESIAN_POINT('',(-1.857013493492,-2.37947514371,
    11.434805086381));
#6881 = CARTESIAN_POINT('',(-2.325565898665,-1.92239990497,
    11.417442086684));
#6882 = CARTESIAN_POINT('',(-2.527339901339,-1.667520548389,
    11.408889569705));
#6883 = CARTESIAN_POINT('',(-2.695169257438,-1.387637663913,
    11.40034004408));
#6884 = CARTESIAN_POINT('',(-2.825485531905,-1.088440772236,
    11.391790345958));
#6885 = CARTESIAN_POINT('',(-2.9157307227,-0.776139502758,
    11.383237474108));
#6886 = CARTESIAN_POINT('',(-2.977414457068,-0.376485215067,
    11.372510317423));
#6887 = CARTESIAN_POINT('',(-2.987271808842,-0.294949425291,
    11.370332865766));
#6888 = CARTESIAN_POINT('',(-2.99444861917,-0.213112012383,
    11.368155435942));
#6889 = CARTESIAN_POINT('',(-2.998934019002,-0.131083045392,
    11.365978029798));
#6890 = CARTESIAN_POINT('',(-3.000723180082,-4.897303766653E-02,
    11.363800648654));
#6891 = CARTESIAN_POINT('',(-2.998083842886,0.19017628756,
    11.357456685635));
#6892 = CARTESIAN_POINT('',(-2.986481217273,0.347139574209,
    11.353290085774));
#6893 = CARTESIAN_POINT('',(-2.965018427321,0.503215386092,
    11.349123662559));
#6894 = CARTESIAN_POINT('',(-2.933785069262,0.657632959304,
    11.344957306073));
#6895 = CARTESIAN_POINT('',(-2.892950864361,0.80963512939,
    11.340790898151));
#6896 = CARTESIAN_POINT('',(-2.770499172119,1.17281535482,
    11.330625203856));
#6897 = CARTESIAN_POINT('',(-2.678835026022,1.380629277907,
    11.324625353135));
#6898 = CARTESIAN_POINT('',(-2.568519871386,1.579687595495,
    11.318626034125));
#6899 = CARTESIAN_POINT('',(-2.440632524269,1.76793867784,
    11.312626574299));
#6900 = CARTESIAN_POINT('',(-2.296517318866,1.943494202898,
    11.306626363868));
#6901 = CARTESIAN_POINT('',(-1.900678444974,2.345568382455,
    11.291659779285));
#6902 = CARTESIAN_POINT('',(-1.630853851435,2.554490568168,
    11.282689108863));
#6903 = CARTESIAN_POINT('',(-1.333958188191,2.725664865246,
    11.273722433574));
#6904 = CARTESIAN_POINT('',(-1.016632574299,2.855094618593,
    11.264755913412));
#6905 = CARTESIAN_POINT('',(-0.686106577965,2.939987622827,
    11.255785431301));
#6906 = CARTESIAN_POINT('',(-0.292252321103,2.98630447514,
    11.245266173769));
#6907 = CARTESIAN_POINT('',(-0.233962177289,2.991779557415,
    11.243713610789));
#6908 = CARTESIAN_POINT('',(-0.17555184443,2.995888996131,
    11.242161051206));
#6909 = CARTESIAN_POINT('',(-0.117061300505,2.998629664939,
    11.240608494151));
#6910 = CARTESIAN_POINT('',(-5.853062521782E-02,3.000000000003,
    11.239055938877));
#6911 = CARTESIAN_POINT('',(8.9E-16,3.,11.237503384758));
#6912 = ORIENTED_EDGE('',*,*,#6913,.F.);
#6913 = EDGE_CURVE('',#6914,#6852,#6916,.T.);
#6914 = VERTEX_POINT('',#6915);
#6915 = CARTESIAN_POINT('',(0.,3.,11.737503902331));
#6916 = B_SPLINE_CURVE_WITH_KNOTS('',6,(#6917,#6918,#6919,#6920,#6921,
    #6922,#6923,#6924,#6925,#6926,#6927,#6928,#6929,#6930,#6931,#6932,
    #6933,#6934,#6935,#6936,#6937,#6938),.UNSPECIFIED.,.F.,.F.,(7,5,5,5,
    7),(0.,0.114584027278,0.460913166078,0.817804929815,1.),
  .UNSPECIFIED.);
#6917 = CARTESIAN_POINT('',(3.1E-16,3.,11.737503902331));
#6918 = CARTESIAN_POINT('',(8.999080555711E-02,2.999999999996,
    11.735116851189));
#6919 = CARTESIAN_POINT('',(0.17998183157,2.996760651282,11.732729799325
    ));
#6920 = CARTESIAN_POINT('',(0.269826818347,2.990281975083,
    11.730342742738));
#6921 = CARTESIAN_POINT('',(0.35938028935,2.980572706974,11.727955677928
    ));
#6922 = CARTESIAN_POINT('',(0.448497551194,2.967650296875,11.7255686019)
  );
#6923 = CARTESIAN_POINT('',(0.804637369401,2.902850436714,
    11.715966556011));
#6924 = CARTESIAN_POINT('',(1.066989515464,2.825036531237,
    11.708750210717));
#6925 = CARTESIAN_POINT('',(1.320022546778,2.718820832472,
    11.701535098513));
#6926 = CARTESIAN_POINT('',(1.559983785878,2.585681470148,
    11.694319757168));
#6927 = CARTESIAN_POINT('',(1.783390837148,2.42765301586,11.687103166663
    ));
#6928 = CARTESIAN_POINT('',(2.197144336155,2.061824520614,11.67245329245
    ));
#6929 = CARTESIAN_POINT('',(2.386354155023,1.852583184852,11.66501736124
    ));
#6930 = CARTESIAN_POINT('',(2.551382032974,1.622745898612,
    11.657583741447));
#6931 = CARTESIAN_POINT('',(2.689574832649,1.375840770848,
    11.650151065695));
#6932 = CARTESIAN_POINT('',(2.79886199843,1.115766573545,11.642715908132
    ));
#6933 = CARTESIAN_POINT('',(2.918379230536,0.709603790057,
    11.631485213809));
#6934 = CARTESIAN_POINT('',(2.950916004266,0.570019215446,
    11.627689172915));
#6935 = CARTESIAN_POINT('',(2.975429975997,0.428686955702,
    11.623892808136));
#6936 = CARTESIAN_POINT('',(2.991809918735,0.286182813629,
    11.620096065235));
#6937 = CARTESIAN_POINT('',(2.999999992868,0.143090521179,
    11.616299266518));
#6938 = CARTESIAN_POINT('',(3.,1.19637E-12,11.612503623089));
#6939 = ORIENTED_EDGE('',*,*,#6940,.F.);
#6940 = EDGE_CURVE('',#6941,#6914,#6943,.T.);
#6941 = VERTEX_POINT('',#6942);
#6942 = CARTESIAN_POINT('',(3.,1.783E-12,12.112504140661));
#6943 = B_SPLINE_CURVE_WITH_KNOTS('',6,(#6944,#6945,#6946,#6947,#6948,
    #6949,#6950,#6951,#6952,#6953,#6954,#6955,#6956,#6957,#6958,#6959,
    #6960,#6961,#6962,#6963,#6964,#6965,#6966,#6967,#6968,#6969,#6970,
    #6971,#6972,#6973,#6974,#6975,#6976,#6977,#6978,#6979,#6980,#6981,
    #6982,#6983,#6984,#6985,#6986,#6987,#6988,#6989,#6990,#6991,#6992,
    #6993,#6994,#6995,#6996,#6997,#6998,#6999,#7000),.UNSPECIFIED.,.F.,
  .F.,(7,5,5,5,5,5,5,5,5,5,5,7),(0.,5.819634204395E-02,0.172920355371,
    0.284441186253,0.356340956937,0.497114039877,0.633918280119,
    0.66943248457,0.736102594722,0.832105714349,0.975083249033,1.),
  .UNSPECIFIED.);
#6944 = CARTESIAN_POINT('',(3.,1.73594E-12,12.112504140661));
#6945 = CARTESIAN_POINT('',(2.999999993166,-0.137114186292,
    12.108867017531));
#6946 = CARTESIAN_POINT('',(2.992479785111,-0.274229948608,
    12.105230716524));
#6947 = CARTESIAN_POINT('',(2.977439499455,-0.410828368987,
    12.101594468357));
#6948 = CARTESIAN_POINT('',(2.954926233543,-0.546395651817,
    12.097957936871));
#6949 = CARTESIAN_POINT('',(2.925033820489,-0.680424468555,
    12.094321077975));
#6950 = CARTESIAN_POINT('',(2.814704800912,-1.072612381031,
    12.083514126195));
#6951 = CARTESIAN_POINT('',(2.713362165758,-1.32493994646,
    12.076342043062));
#6952 = CARTESIAN_POINT('',(2.584955406583,-1.56549099529,
    12.069170804385));
#6953 = CARTESIAN_POINT('',(2.431270277597,-1.790733099454,
    12.062000332086));
#6954 = CARTESIAN_POINT('',(2.254609847042,-1.997447097991,
    12.054828937359));
#6955 = CARTESIAN_POINT('',(1.866753206278,-2.363106024999,
    12.040689469049));
#6956 = CARTESIAN_POINT('',(1.656597914614,-2.523281152956,
    12.033719109183));
#6957 = CARTESIAN_POINT('',(1.430165180444,-2.660828941963,
    12.026750116175));
#6958 = CARTESIAN_POINT('',(1.190519154196,-2.773793163076,
    12.019780917303));
#6959 = CARTESIAN_POINT('',(0.940981768198,-2.860697621643,
    12.012810297051));
#6960 = CARTESIAN_POINT('',(0.520253490744,-2.959397367383,
    12.001347107839));
#6961 = CARTESIAN_POINT('',(0.352704637901,-2.986912521592,
    11.996853442907));
#6962 = CARTESIAN_POINT('',(0.183485611979,-3.00302949221,
    11.992359885763));
#6963 = CARTESIAN_POINT('',(1.356315670777E-02,-3.007634127621,
    11.987866338003));
#6964 = CARTESIAN_POINT('',(-0.156089276415,-3.000722021085,
    11.983372697138));
#6965 = CARTESIAN_POINT('',(-0.654220256014,-2.946523558728,
    11.970081415972));
#6966 = CARTESIAN_POINT('',(-0.979312165348,-2.866890005261,
    11.96128050258));
#6967 = CARTESIAN_POINT('',(-1.292219765071,-2.744261174502,
    11.95248377107));
#6968 = CARTESIAN_POINT('',(-1.586077105334,-2.581176153384,
    11.943687120792));
#6969 = CARTESIAN_POINT('',(-1.854553875947,-2.381309495207,
    11.934886287035));
#6970 = CARTESIAN_POINT('',(-2.323245517042,-1.925206459725,
    11.917538644577));
#6971 = CARTESIAN_POINT('',(-2.525338073055,-1.670556251665,
    11.908985657357));
#6972 = CARTESIAN_POINT('',(-2.693512299303,-1.390858846611,
    11.900435660965));
#6973 = CARTESIAN_POINT('',(-2.82419234261,-1.091800472173,
    11.891885490274));
#6974 = CARTESIAN_POINT('',(-2.914812373578,-0.779588669384,
    11.883332141774));
#6975 = CARTESIAN_POINT('',(-2.977213393014,-0.37841999415,
    11.872562369598));
#6976 = CARTESIAN_POINT('',(-2.98730679851,-0.295310003233,
    11.870342778808));
#6977 = CARTESIAN_POINT('',(-2.994614937024,-0.211885530801,
    11.868123210621));
#6978 = CARTESIAN_POINT('',(-2.999126282185,-0.128263160899,
    11.865903667066));
#6979 = CARTESIAN_POINT('',(-3.000835830681,-4.455995648363E-02,
    11.86368414967));
#6980 = CARTESIAN_POINT('',(-2.997697499452,0.196171992577,
    11.857298054589));
#6981 = CARTESIAN_POINT('',(-2.985780974901,0.353111758915,
    11.853131457446));
#6982 = CARTESIAN_POINT('',(-2.964006080848,0.509144332146,
    11.848965036612));
#6983 = CARTESIAN_POINT('',(-2.932463954868,0.66349912913,11.84479868196
    ));
#6984 = CARTESIAN_POINT('',(-2.891325832198,0.815419326414,
    11.84063227519));
#6985 = CARTESIAN_POINT('',(-2.768148035824,1.178353924353,
    11.830466581946));
#6986 = CARTESIAN_POINT('',(-2.676068451405,1.385984106371,
    11.824466730382));
#6987 = CARTESIAN_POINT('',(-2.565355406666,1.584821399,11.818467409037)
  );
#6988 = CARTESIAN_POINT('',(-2.437091818628,1.772816334269,
    11.81246794583));
#6989 = CARTESIAN_POINT('',(-2.292625795294,1.948083282515,
    11.80646773183));
#6990 = CARTESIAN_POINT('',(-1.89680902038,2.348529892877,
    11.791532286127));
#6991 = CARTESIAN_POINT('',(-1.627619494006,2.556298264074,
    11.782592814052));
#6992 = CARTESIAN_POINT('',(-1.33160223981,2.726547638834,
    11.773657275296));
#6993 = CARTESIAN_POINT('',(-1.015332787058,2.85532933115,
    11.764721886264));
#6994 = CARTESIAN_POINT('',(-0.685968032365,2.93988520573,
    11.755782617221));
#6995 = CARTESIAN_POINT('',(-0.293122327984,2.986222634289,
    11.745289864345));
#6996 = CARTESIAN_POINT('',(-0.234659621172,2.991730415398,
    11.743732666692));
#6997 = CARTESIAN_POINT('',(-0.176075647101,2.995864415826,
    11.742175472479));
#6998 = CARTESIAN_POINT('',(-0.117410743686,2.998621471557,
    11.740618280874));
#6999 = CARTESIAN_POINT('',(-5.870534874591E-02,3.000000000002,
    11.739061091079));
#7000 = CARTESIAN_POINT('',(4.4E-16,3.,11.737503902331));
#7001 = ORIENTED_EDGE('',*,*,#7002,.F.);
#7002 = EDGE_CURVE('',#7003,#6941,#7005,.T.);
#7003 = VERTEX_POINT('',#7004);
#7004 = CARTESIAN_POINT('',(0.,3.,12.237504419903));
#7005 = B_SPLINE_CURVE_WITH_KNOTS('',6,(#7006,#7007,#7008,#7009,#7010,
    #7011,#7012,#7013,#7014,#7015,#7016,#7017,#7018,#7019,#7020,#7021,
    #7022,#7023,#7024,#7025,#7026,#7027),.UNSPECIFIED.,.F.,.F.,(7,5,5,5,
    7),(0.,0.116517995095,0.457963394972,0.818169871783,1.),
  .UNSPECIFIED.);
#7006 = CARTESIAN_POINT('',(5.E-17,3.,12.237504419903));
#7007 = CARTESIAN_POINT('',(9.150973863055E-02,2.999999999995,
    12.2350770783));
#7008 = CARTESIAN_POINT('',(0.183019725385,2.996650374904,
    12.232649735649));
#7009 = CARTESIAN_POINT('',(0.274376143294,2.989951148168,12.23022238795
    ));
#7010 = CARTESIAN_POINT('',(0.365426030982,2.979911659833,
    12.227795031649));
#7011 = CARTESIAN_POINT('',(0.456017282673,2.966550566552,
    12.225367663642));
#7012 = CARTESIAN_POINT('',(0.809680865726,2.901090683006,12.21582705774
    ));
#7013 = CARTESIAN_POINT('',(1.068171721692,2.823993621136,
    12.208712531757));
#7014 = CARTESIAN_POINT('',(1.317577467637,2.719308195852,
    12.201599147366));
#7015 = CARTESIAN_POINT('',(1.554302053839,2.588450494201,
    12.194485544619));
#7016 = CARTESIAN_POINT('',(1.775005550227,2.433365084416,
    12.187370776632));
#7017 = CARTESIAN_POINT('',(2.189523390421,2.070269823191,
    12.172753543007));
#7018 = CARTESIAN_POINT('',(2.38127454976,1.859749560576,12.165248477627
    ));
#7019 = CARTESIAN_POINT('',(2.54845670729,1.62816317448,12.157745805574)
  );
#7020 = CARTESIAN_POINT('',(2.688332885062,1.379131510639,
    12.150244123287));
#7021 = CARTESIAN_POINT('',(2.798767888116,1.116659259404,
    12.142739854919));
#7022 = CARTESIAN_POINT('',(2.918704859066,0.708205378793,
    12.131447703143));
#7023 = CARTESIAN_POINT('',(2.951112269578,0.56888650701,12.127659265158
    ));
#7024 = CARTESIAN_POINT('',(2.97552833329,0.427830390384,12.123870504354
    ));
#7025 = CARTESIAN_POINT('',(2.991842707031,0.285609411444,
    12.120081368254));
#7026 = CARTESIAN_POINT('',(2.999999992882,0.142803817541,12.11629217894
    ));
#7027 = CARTESIAN_POINT('',(3.,1.80911E-12,12.112504140661));
#7028 = ORIENTED_EDGE('',*,*,#7029,.F.);
#7029 = EDGE_CURVE('',#7030,#7003,#7032,.T.);
#7030 = VERTEX_POINT('',#7031);
#7031 = CARTESIAN_POINT('',(3.,2.099E-12,12.612504658232));
#7032 = B_SPLINE_CURVE_WITH_KNOTS('',6,(#7033,#7034,#7035,#7036,#7037,
    #7038,#7039,#7040,#7041,#7042,#7043,#7044,#7045,#7046,#7047,#7048,
    #7049,#7050,#7051,#7052,#7053,#7054,#7055,#7056,#7057,#7058,#7059,
    #7060,#7061,#7062,#7063,#7064,#7065,#7066,#7067,#7068,#7069,#7070,
    #7071,#7072,#7073,#7074,#7075,#7076,#7077,#7078,#7079,#7080,#7081,
    #7082,#7083,#7084,#7085,#7086,#7087,#7088,#7089),.UNSPECIFIED.,.F.,
  .F.,(7,5,5,5,5,5,5,5,5,5,5,7),(0.,5.819649901809E-02,0.172921987962,
    0.283128659119,0.356361932249,0.497980713306,0.634810215962,
    0.668040532284,0.736043993737,0.832047080828,0.974601734304,1.),
  .UNSPECIFIED.);
#7033 = CARTESIAN_POINT('',(3.,2.08988E-12,12.612504658232));
#7034 = CARTESIAN_POINT('',(2.999999993166,-0.137114523448,
    12.608867526159));
#7035 = CARTESIAN_POINT('',(2.992479748126,-0.27423062294,
    12.605231216208));
#7036 = CARTESIAN_POINT('',(2.977439388503,-0.410829376671,
    12.601594959096));
#7037 = CARTESIAN_POINT('',(2.954926012104,-0.546396985246,
    12.597958418664));
#7038 = CARTESIAN_POINT('',(2.925033452966,-0.680426116418,
    12.59432155082));
#7039 = CARTESIAN_POINT('',(2.814703153574,-1.072617563771,
    12.583514499576));
#7040 = CARTESIAN_POINT('',(2.713358713147,-1.324948148531,
    12.57634232583));
#7041 = CARTESIAN_POINT('',(2.58494948661,-1.565501850707,
    12.569170996632));
#7042 = CARTESIAN_POINT('',(2.431261308065,-1.790746114437,
    12.562000433855));
#7043 = CARTESIAN_POINT('',(2.254597348312,-1.997461667528,
    12.554828948569));
#7044 = CARTESIAN_POINT('',(1.868988436902,-2.360996043915,
    12.540771521575));
#7045 = CARTESIAN_POINT('',(1.661530406596,-2.519514824654,
    12.53388334534));
#7046 = CARTESIAN_POINT('',(1.438145264241,-2.655966625622,
    12.526996465138));
#7047 = CARTESIAN_POINT('',(1.201785275979,-2.768456308631,
    12.520109391525));
#7048 = CARTESIAN_POINT('',(0.955650886602,-2.855547483912,
    12.513220971048));
#7049 = CARTESIAN_POINT('',(0.535497043936,-2.956858754559,
    12.501756587135));
#7050 = CARTESIAN_POINT('',(0.364966246932,-2.985728662752,
    12.497179574108));
#7051 = CARTESIAN_POINT('',(0.192648096256,-3.002780185253,
    12.492602678456));
#7052 = CARTESIAN_POINT('',(1.956368499736E-02,-3.00788851299,
    12.488025791299));
#7053 = CARTESIAN_POINT('',(-0.153258312513,-3.001046935097,
    12.483448799763));
#7054 = CARTESIAN_POINT('',(-0.656488046053,-2.946244101594,
    12.470021329932));
#7055 = CARTESIAN_POINT('',(-0.983499380547,-2.865835581974,
    12.461167468495));
#7056 = CARTESIAN_POINT('',(-1.298127893788,-2.741918642875,
    12.452317910396));
#7057 = CARTESIAN_POINT('',(-1.593387740794,-2.577091460177,
    12.44346843021));
#7058 = CARTESIAN_POINT('',(-1.862842303425,-2.375110351499,
    12.434614641358));
#7059 = CARTESIAN_POINT('',(-2.331131812566,-1.915659793735,
    12.41721255025));
#7060 = CARTESIAN_POINT('',(-2.532214380093,-1.660133626449,
    12.40865797166));
#7061 = CARTESIAN_POINT('',(-2.699263062277,-1.379690752797,
    12.40010639071));
#7062 = CARTESIAN_POINT('',(-2.828723615209,-1.08003521521,
    12.39155464235));
#7063 = CARTESIAN_POINT('',(-2.918054580415,-0.767388733144,
    12.382999722494));
#7064 = CARTESIAN_POINT('',(-2.977973005632,-0.371223002278,
    12.372371127379));
#7065 = CARTESIAN_POINT('',(-2.987256974987,-0.293443977998,
    12.370294278522));
#7066 = CARTESIAN_POINT('',(-2.994102250169,-0.215393324829,
    12.368217449729));
#7067 = CARTESIAN_POINT('',(-2.998499447709,-0.137166555252,
    12.366140642548));
#7068 = CARTESIAN_POINT('',(-3.000444182743,-5.885954489424E-02,
    12.364063857872));
#7069 = CARTESIAN_POINT('',(-2.998899297116,0.17964841483,12.35773715143
    ));
#7070 = CARTESIAN_POINT('',(-2.987593251089,0.339802125941,
    12.353487210357));
#7071 = CARTESIAN_POINT('',(-2.966024713298,0.499062942759,
    12.349237459537));
#7072 = CARTESIAN_POINT('',(-2.934286751835,0.656612650863,
    12.344987778708));
#7073 = CARTESIAN_POINT('',(-2.892559189086,0.811647633987,
    12.340738038631));
#7074 = CARTESIAN_POINT('',(-2.768472558306,1.177591275941,
    12.330489020691));
#7075 = CARTESIAN_POINT('',(-2.676450177921,1.385246817289,
    12.324489169242));
#7076 = CARTESIAN_POINT('',(-2.565791915554,1.584114602953,
    12.318489848218));
#7077 = CARTESIAN_POINT('',(-2.437580123583,1.77214486669,
    12.312490385477));
#7078 = CARTESIAN_POINT('',(-2.293162390494,1.947451607522,
    12.306490171968));
#7079 = CARTESIAN_POINT('',(-1.898156081522,2.34729853655,
    12.291581152899));
#7080 = CARTESIAN_POINT('',(-1.629916090222,2.554619308707,
    12.282668160902));
#7081 = CARTESIAN_POINT('',(-1.334980079761,2.724667705759,
    12.273759042199));
#7082 = CARTESIAN_POINT('',(-1.01986077593,2.853522477639,
    12.264850069289));
#7083 = CARTESIAN_POINT('',(-0.691647806313,2.938440109364,
    12.255937273451));
#7084 = CARTESIAN_POINT('',(-0.298770985073,2.985685299585,
    12.245440850304));
#7085 = CARTESIAN_POINT('',(-0.239188100415,2.991407762851,
    12.243853558599));
#7086 = CARTESIAN_POINT('',(-0.179476785149,2.995703027109,
    12.242266270486));
#7087 = CARTESIAN_POINT('',(-0.119679764351,2.998567675644,
    12.240678985315));
#7088 = CARTESIAN_POINT('',(-5.983986180456E-02,3.000000000003,
    12.239091702177));
#7089 = CARTESIAN_POINT('',(0.,3.,12.237504419903));
#7090 = ORIENTED_EDGE('',*,*,#7091,.F.);
#7091 = EDGE_CURVE('',#7092,#7030,#7094,.T.);
#7092 = VERTEX_POINT('',#7093);
#7093 = CARTESIAN_POINT('',(0.,3.,12.737504937472));
#7094 = B_SPLINE_CURVE_WITH_KNOTS('',6,(#7095,#7096,#7097,#7098,#7099,
    #7100,#7101,#7102,#7103,#7104,#7105,#7106,#7107,#7108,#7109,#7110,
    #7111,#7112,#7113,#7114,#7115,#7116),.UNSPECIFIED.,.F.,.F.,(7,5,5,5,
    7),(0.,0.11859198565,0.458185896043,0.820422198608,1.),
  .UNSPECIFIED.);
#7095 = CARTESIAN_POINT('',(1.38E-15,3.,12.737504937472));
#7096 = CARTESIAN_POINT('',(9.313859090261E-02,2.999999999998,
    12.735034389749));
#7097 = CARTESIAN_POINT('',(0.186277441905,2.996530067992,
    12.732563841123));
#7098 = CARTESIAN_POINT('',(0.279254363382,2.989590230402,
    12.730093287156));
#7099 = CARTESIAN_POINT('',(0.371908095987,2.979190509898,
    12.727622724022));
#7100 = CARTESIAN_POINT('',(0.46407831065,2.965350925405,12.725152148497
    ));
#7101 = CARTESIAN_POINT('',(0.817698471286,2.898706902096,
    12.715606902012));
#7102 = CARTESIAN_POINT('',(1.074564261209,2.821343422096,
    12.708530974689));
#7103 = CARTESIAN_POINT('',(1.322375644907,2.716715741923,
    12.701456155551));
#7104 = CARTESIAN_POINT('',(1.557597750519,2.586224343668,
    12.694381124828));
#7105 = CARTESIAN_POINT('',(1.776947670699,2.431787313808,
    12.687304965059));
#7106 = CARTESIAN_POINT('',(2.191444110864,2.06845522309,12.672684020997
    ));
#7107 = CARTESIAN_POINT('',(2.384083375311,1.85654411734,12.66513663476)
  );
#7108 = CARTESIAN_POINT('',(2.551847795008,1.623354952128,
    12.657591697917));
#7109 = CARTESIAN_POINT('',(2.691959943859,1.372574856053,
    12.650047769224));
#7110 = CARTESIAN_POINT('',(2.802257322125,1.108281546137,
    12.642501156794));
#7111 = CARTESIAN_POINT('',(2.920699810227,0.699573759123,
    12.631213576857));
#7112 = CARTESIAN_POINT('',(2.952314613119,0.561896159657,
    12.627472050221));
#7113 = CARTESIAN_POINT('',(2.976130857045,0.422544849248,
    12.623730208306));
#7114 = CARTESIAN_POINT('',(2.992043553231,0.282071423864,
    12.619988009716));
#7115 = CARTESIAN_POINT('',(2.99999999297,0.141034879607,12.616245773363
    ));
#7116 = CARTESIAN_POINT('',(3.,2.09883E-12,12.612504658232));
#7117 = ORIENTED_EDGE('',*,*,#7118,.F.);
#7118 = EDGE_CURVE('',#7119,#7092,#7121,.T.);
#7119 = VERTEX_POINT('',#7120);
#7120 = CARTESIAN_POINT('',(3.,2.44E-12,13.1125051758));
#7121 = B_SPLINE_CURVE_WITH_KNOTS('',6,(#7122,#7123,#7124,#7125,#7126,
    #7127,#7128,#7129,#7130,#7131,#7132,#7133,#7134,#7135,#7136,#7137,
    #7138,#7139,#7140,#7141,#7142,#7143,#7144,#7145,#7146,#7147,#7148,
    #7149,#7150,#7151,#7152,#7153,#7154,#7155,#7156,#7157,#7158,#7159,
    #7160,#7161,#7162,#7163,#7164,#7165,#7166,#7167,#7168,#7169,#7170,
    #7171,#7172,#7173,#7174,#7175,#7176,#7177,#7178),.UNSPECIFIED.,.F.,
  .F.,(7,5,5,5,5,5,5,5,5,5,5,7),(0.,5.819646508608E-02,0.172921552852,
    0.284456014203,0.356362493808,0.498003900921,0.6348633133,
    0.668626241817,0.735296354152,0.83263272709,0.974764641466,1.),
  .UNSPECIFIED.);
#7122 = CARTESIAN_POINT('',(3.,2.51887E-12,13.1125051758));
#7123 = CARTESIAN_POINT('',(2.999999993166,-0.137114437898,
    13.108868045996));
#7124 = CARTESIAN_POINT('',(2.992479757511,-0.274230451836,
    13.105231738311));
#7125 = CARTESIAN_POINT('',(2.977439416656,-0.410829120983,
    13.101595483464));
#7126 = CARTESIAN_POINT('',(2.954926068292,-0.546396646905,
    13.097958945299));
#7127 = CARTESIAN_POINT('',(2.925033546221,-0.680425698293,
    13.094322079724));
#7128 = CARTESIAN_POINT('',(2.814703596058,-1.072616161655,
    13.083515056117));
#7129 = CARTESIAN_POINT('',(2.713359657035,-1.324945898461,
    13.07634290777));
#7130 = CARTESIAN_POINT('',(2.58495111766,-1.565498854765,
    13.069171603949));
#7131 = CARTESIAN_POINT('',(2.431263789706,-1.790742510549,
    13.062001066533));
#7132 = CARTESIAN_POINT('',(2.254600815291,-1.997457624834,
    13.054829606627));
#7133 = CARTESIAN_POINT('',(1.866717093311,-2.363138115,13.040689223299)
  );
#7134 = CARTESIAN_POINT('',(1.656532982279,-2.523329199694,
    13.033718012981));
#7135 = CARTESIAN_POINT('',(1.430067912076,-2.660887016655,
    13.026748170256));
#7136 = CARTESIAN_POINT('',(1.190387216798,-2.773854716094,
    13.019778121532));
#7137 = CARTESIAN_POINT('',(0.940814110203,-2.860755707691,
    13.012806650642));
#7138 = CARTESIAN_POINT('',(0.520032435521,-2.959437121857,
    13.00134219336));
#7139 = CARTESIAN_POINT('',(0.352465838216,-2.986942148522,
    12.996848110315));
#7140 = CARTESIAN_POINT('',(0.183229638941,-3.003046733857,
    12.992354135145));
#7141 = CARTESIAN_POINT('',(1.329086055065E-02,-3.007636771706,
    12.987860169393));
#7142 = CARTESIAN_POINT('',(-0.156376773025,-3.000707942186,
    12.983366110509));
#7143 = CARTESIAN_POINT('',(-0.656551649129,-2.946235964871,
    12.970020146938));
#7144 = CARTESIAN_POINT('',(-0.983614239891,-2.865806340555,
    12.961164869179));
#7145 = CARTESIAN_POINT('',(-1.298288626206,-2.741854542167,
    12.952313898048));
#7146 = CARTESIAN_POINT('',(-1.593585741011,-2.576980347529,
    12.943463004737));
#7147 = CARTESIAN_POINT('',(-1.86306611187,-2.37494228567,
    12.934607799376));
#7148 = CARTESIAN_POINT('',(-2.331393289336,-1.915353423192,
    12.917202425081));
#7149 = CARTESIAN_POINT('',(-2.53248532728,-1.659742683551,
    12.908645974051));
#7150 = CARTESIAN_POINT('',(-2.699524708829,-1.379209165147,
    12.900092524198));
#7151 = CARTESIAN_POINT('',(-2.828955834767,-1.079461266967,
    12.891538907179));
#7152 = CARTESIAN_POINT('',(-2.918236758566,-0.766725279983,
    12.882982115531));
#7153 = CARTESIAN_POINT('',(-2.978253520012,-0.369234042469,
    12.872318364478));
#7154 = CARTESIAN_POINT('',(-2.987626957609,-0.290200055322,
    12.870208228706));
#7155 = CARTESIAN_POINT('',(-2.994482591973,-0.210887867585,
    12.868098113544));
#7156 = CARTESIAN_POINT('',(-2.998810690154,-0.131397669033,
    12.865988020624));
#7157 = CARTESIAN_POINT('',(-3.000606847114,-5.183003737618E-02,
    12.863877951118));
#7158 = CARTESIAN_POINT('',(-2.998420888537,0.184786159925,
    12.857601295529));
#7159 = CARTESIAN_POINT('',(-2.98710046311,0.341770052906,
    12.853434693216));
#7160 = CARTESIAN_POINT('',(-2.965918293643,0.497884198771,
    12.849268267843));
#7161 = CARTESIAN_POINT('',(-2.934962590566,0.652357673753,
    12.845101909688));
#7162 = CARTESIAN_POINT('',(-2.89440171367,0.804433009464,
    12.840935500708));
#7163 = CARTESIAN_POINT('',(-2.771604879079,1.170811172365,
    12.83068648847));
#7164 = CARTESIAN_POINT('',(-2.678773112497,1.381587329,12.824603287019)
  );
#7165 = CARTESIAN_POINT('',(-2.566763050093,1.583365057618,
    12.818520657416));
#7166 = CARTESIAN_POINT('',(-2.436700476759,1.774006682491,
    12.812437881433));
#7167 = CARTESIAN_POINT('',(-2.289990618252,1.951546916869,
    12.806354308021));
#7168 = CARTESIAN_POINT('',(-1.892370099295,2.351823590891,
    12.791388377541));
#7169 = CARTESIAN_POINT('',(-1.624451730823,2.557883244771,
    12.782501855017));
#7170 = CARTESIAN_POINT('',(-1.330081492529,2.726835634019,
    12.773619152832));
#7171 = CARTESIAN_POINT('',(-1.015721430658,2.854806519141,
    12.76473659716));
#7172 = CARTESIAN_POINT('',(-0.688402782944,2.939088372626,
    12.755850278867));
#7173 = CARTESIAN_POINT('',(-0.296859979288,2.985868244342,
    12.745390459951));
#7174 = CARTESIAN_POINT('',(-0.237656020518,2.991517616411,
    12.743813349905));
#7175 = CARTESIAN_POINT('',(-0.178326088841,2.995757975355,
    12.742236243489));
#7176 = CARTESIAN_POINT('',(-0.118912091944,2.998585991584,
    12.740659140004));
#7177 = CARTESIAN_POINT('',(-5.945603086654E-02,3.000000000001,
    12.739082038438));
#7178 = CARTESIAN_POINT('',(1.33E-15,3.,12.737504937472));
#7179 = ORIENTED_EDGE('',*,*,#7180,.F.);
#7180 = EDGE_CURVE('',#7181,#7119,#7183,.T.);
#7181 = VERTEX_POINT('',#7182);
#7182 = CARTESIAN_POINT('',(0.,3.,13.237505455039));
#7183 = B_SPLINE_CURVE_WITH_KNOTS('',6,(#7184,#7185,#7186,#7187,#7188,
    #7189,#7190,#7191,#7192,#7193,#7194,#7195,#7196,#7197,#7198,#7199,
    #7200,#7201,#7202,#7203,#7204,#7205),.UNSPECIFIED.,.F.,.F.,(7,5,5,5,
    7),(0.,0.118059713376,0.457386959757,0.82209697406,1.),
  .UNSPECIFIED.);
#7184 = CARTESIAN_POINT('',(7.6E-16,3.,13.237505455039));
#7185 = CARTESIAN_POINT('',(9.272046948302E-02,2.999999999997,
    13.235045998195));
#7186 = CARTESIAN_POINT('',(0.185441197681,2.996561152858,
    13.232586540363));
#7187 = CARTESIAN_POINT('',(0.278002171205,2.989683484124,
    13.230127077257));
#7188 = CARTESIAN_POINT('',(0.370244287836,2.979376837769,
    13.227667605139));
#7189 = CARTESIAN_POINT('',(0.462009356536,2.965660876204,
    13.225208120826));
#7190 = CARTESIAN_POINT('',(0.815068086982,2.899428340973,13.21567952886
    ));
#7191 = CARTESIAN_POINT('',(1.071800478868,2.82236233587,13.208609169626
    ));
#7192 = CARTESIAN_POINT('',(1.319518527775,2.718066907013,
    13.201539913867));
#7193 = CARTESIAN_POINT('',(1.554694297483,2.587935684959,
    13.194470445725));
#7194 = CARTESIAN_POINT('',(1.774050553223,2.433878673374,
    13.187399850148));
#7195 = CARTESIAN_POINT('',(2.190307410928,2.069926754284,
    13.172732931286));
#7196 = CARTESIAN_POINT('',(2.384384752683,1.856643571943,
    13.165133956645));
#7197 = CARTESIAN_POINT('',(2.553247692632,1.621780726653,
    13.157537504407));
#7198 = CARTESIAN_POINT('',(2.694062859959,1.369102392244,
    13.149942085999));
#7199 = CARTESIAN_POINT('',(2.804627343447,1.102773193722,
    13.142343891451));
#7200 = CARTESIAN_POINT('',(2.922167291043,0.693152124037,
    13.131039619487));
#7201 = CARTESIAN_POINT('',(2.95319896733,0.556696973377,13.12733297513)
  );
#7202 = CARTESIAN_POINT('',(2.976574008576,0.418614333476,
    13.123626021054));
#7203 = CARTESIAN_POINT('',(2.992191275797,0.279440669847,
    13.119918723694));
#7204 = CARTESIAN_POINT('',(2.999999993036,0.139719527978,13.11621139969
    ));
#7205 = CARTESIAN_POINT('',(3.,2.42575E-12,13.1125051758));
#7206 = ORIENTED_EDGE('',*,*,#7207,.F.);
#7207 = EDGE_CURVE('',#7208,#7181,#7210,.T.);
#7208 = VERTEX_POINT('',#7209);
#7209 = CARTESIAN_POINT('',(3.,2.994E-12,13.612505693365));
#7210 = B_SPLINE_CURVE_WITH_KNOTS('',6,(#7211,#7212,#7213,#7214,#7215,
    #7216,#7217,#7218,#7219,#7220,#7221,#7222,#7223,#7224,#7225,#7226,
    #7227,#7228,#7229,#7230,#7231,#7232,#7233,#7234,#7235,#7236,#7237,
    #7238,#7239,#7240,#7241,#7242,#7243,#7244,#7245,#7246,#7247,#7248,
    #7249,#7250,#7251,#7252,#7253,#7254,#7255,#7256,#7257,#7258,#7259,
    #7260,#7261,#7262,#7263,#7264,#7265,#7266,#7267),.UNSPECIFIED.,.F.,
  .F.,(7,5,5,5,5,5,5,5,5,5,5,7),(0.,5.819636657557E-02,0.172920559706,
    0.284443788905,0.356344744234,0.497357336092,0.634097470542,
    0.668631836881,0.741968763802,0.831305488502,0.974713254048,1.),
  .UNSPECIFIED.);
#7211 = CARTESIAN_POINT('',(3.,2.97629E-12,13.612505693365));
#7212 = CARTESIAN_POINT('',(2.999999993166,-0.137114254188,
    13.608868568435));
#7213 = CARTESIAN_POINT('',(2.992479777663,-0.274230084405,
    13.605232265617));
#7214 = CARTESIAN_POINT('',(2.977439477111,-0.410828571915,
    13.601596015638));
#7215 = CARTESIAN_POINT('',(2.954926188949,-0.546395920345,
    13.597959482345));
#7216 = CARTESIAN_POINT('',(2.925033746477,-0.680424800403,
    13.594322621643));
#7217 = CARTESIAN_POINT('',(2.814704535143,-1.072613190222,
    13.583515656296));
#7218 = CARTESIAN_POINT('',(2.713361653182,-1.324941143241,
    13.576343561397));
#7219 = CARTESIAN_POINT('',(2.584954561707,-1.565492530785,
    13.569172310974));
#7220 = CARTESIAN_POINT('',(2.43126902548,-1.790734908263,
    13.562001826925));
#7221 = CARTESIAN_POINT('',(2.254608126232,-1.997449100366,
    13.554830420432));
#7222 = CARTESIAN_POINT('',(1.866746663079,-2.36311182427,
    13.540690789963));
#7223 = CARTESIAN_POINT('',(1.656586261254,-2.523289762413,
    13.533720279597));
#7224 = CARTESIAN_POINT('',(1.430147796095,-2.660839311463,
    13.526751136217));
#7225 = CARTESIAN_POINT('',(1.190495627597,-2.773804132815,
    13.519781786952));
#7226 = CARTESIAN_POINT('',(0.940951914917,-2.860707962018,
    13.51281101617));
#7227 = CARTESIAN_POINT('',(0.520214167475,-2.959404440512,
    13.501347602168));
#7228 = CARTESIAN_POINT('',(0.352662157882,-2.986917793341,
    13.496853862854));
#7229 = CARTESIAN_POINT('',(0.18344007678,-3.003032560943,
    13.492360231345));
#7230 = CARTESIAN_POINT('',(1.351471755076E-02,-3.007634599785,
    13.487866609225));
#7231 = CARTESIAN_POINT('',(-0.156140419846,-3.000719518576,
    13.483372893996));
#7232 = CARTESIAN_POINT('',(-0.654834222947,-2.946450750074,
    13.470066569422));
#7233 = CARTESIAN_POINT('',(-0.980470584162,-2.866601193966,
    13.461250659651));
#7234 = CARTESIAN_POINT('',(-1.293867045366,-2.743611208247,
    13.452438965866));
#7235 = CARTESIAN_POINT('',(-1.588123804526,-2.58003644248,
    13.443627352399));
#7236 = CARTESIAN_POINT('',(-1.856880511625,-2.37957441846,
    13.434811520348));
#7237 = CARTESIAN_POINT('',(-2.325344478406,-1.922645410951,
    13.417452908775));
#7238 = CARTESIAN_POINT('',(-2.52706367321,-1.667897009295,
    13.408903930558));
#7239 = CARTESIAN_POINT('',(-2.694870072246,-1.388161508978,
    13.400357937123));
#7240 = CARTESIAN_POINT('',(-2.825198637823,-1.089120723255,
    13.391811771035));
#7241 = CARTESIAN_POINT('',(-2.915493203261,-0.776976017791,
    13.383262437329));
#7242 = CARTESIAN_POINT('',(-2.977179216536,-0.378185393856,
    13.372557912126));
#7243 = CARTESIAN_POINT('',(-2.987000097134,-0.297371641446,
    13.370399559901));
#7244 = CARTESIAN_POINT('',(-2.994187500011,-0.216259710961,
    13.368241229059));
#7245 = CARTESIAN_POINT('',(-2.998730752748,-0.134956790828,
    13.366082921369));
#7246 = CARTESIAN_POINT('',(-3.00062501397,-5.357050937582E-02,
    13.363924638229));
#7247 = CARTESIAN_POINT('',(-2.998270635315,0.200569907779,
    13.357183120729));
#7248 = CARTESIAN_POINT('',(-2.984728041313,0.373242854942,
    13.352599839727));
#7249 = CARTESIAN_POINT('',(-2.959253776789,0.544767991477,
    13.348016808456));
#7250 = CARTESIAN_POINT('',(-2.921976044441,0.714120227805,
    13.34343385412));
#7251 = CARTESIAN_POINT('',(-2.873140093725,0.880296022796,
    13.338850792729));
#7252 = CARTESIAN_POINT('',(-2.739977361244,1.239688284293,
    13.328685079629));
#7253 = CARTESIAN_POINT('',(-2.650225523709,1.430913903662,
    13.323101953759));
#7254 = CARTESIAN_POINT('',(-2.54450628128,1.614217015807,
    13.317519177407));
#7255 = CARTESIAN_POINT('',(-2.423717786526,1.787960292988,
    13.31193627672));
#7256 = CARTESIAN_POINT('',(-2.288958636187,1.950633573951,
    13.306352824866));
#7257 = CARTESIAN_POINT('',(-1.904944390212,2.342081976844,
    13.291807128618));
#7258 = CARTESIAN_POINT('',(-1.63563379626,2.551397795376,
    13.282840718322));
#7259 = CARTESIAN_POINT('',(-1.339208486349,2.723052253075,
    13.273878297306));
#7260 = CARTESIAN_POINT('',(-1.022292128219,2.85304181933,
    13.264916020749));
#7261 = CARTESIAN_POINT('',(-0.692099254096,2.938564239928,
    13.255949805448));
#7262 = CARTESIAN_POINT('',(-0.297462830785,2.985810659961,
    13.245407036778));
#7263 = CARTESIAN_POINT('',(-0.238139330492,2.99148303861,
    13.243826714859));
#7264 = CARTESIAN_POINT('',(-0.178689085385,2.995740679712,
    13.242246396558));
#7265 = CARTESIAN_POINT('',(-0.119154259638,2.998580226404,
    13.240666081185));
#7266 = CARTESIAN_POINT('',(-5.957711284048E-02,3.000000000002,
    13.239085767766));
#7267 = CARTESIAN_POINT('',(8.9E-16,3.,13.237505455039));
#7268 = ORIENTED_EDGE('',*,*,#7269,.F.);
#7269 = EDGE_CURVE('',#7270,#7208,#7272,.T.);
#7270 = VERTEX_POINT('',#7271);
#7271 = CARTESIAN_POINT('',(0.,3.,13.737505972603));
#7272 = B_SPLINE_CURVE_WITH_KNOTS('',6,(#7273,#7274,#7275,#7276,#7277,
    #7278,#7279,#7280,#7281,#7282,#7283,#7284,#7285,#7286,#7287,#7288,
    #7289,#7290,#7291,#7292,#7293,#7294),.UNSPECIFIED.,.F.,.F.,(7,5,5,5,
    7),(0.,0.117084398088,0.459359435394,0.816561649362,1.),
  .UNSPECIFIED.);
#7273 = CARTESIAN_POINT('',(1.49E-15,3.,13.737505972603));
#7274 = CARTESIAN_POINT('',(9.195459379625E-02,2.999999999996,
    13.735066830994));
#7275 = CARTESIAN_POINT('',(0.18390944032,2.996617728595,13.732627688338
    ));
#7276 = CARTESIAN_POINT('',(0.275708464391,2.989853209918,
    13.730188540545));
#7277 = CARTESIAN_POINT('',(0.367196466633,2.979715966857,
    13.727749384003));
#7278 = CARTESIAN_POINT('',(0.458219123469,2.966225021069,
    13.725310215584));
#7279 = CARTESIAN_POINT('',(0.81290231306,2.900249987421,13.715740522978
    ));
#7280 = CARTESIAN_POINT('',(1.071940036383,2.822666107153,
    13.708608695824));
#7281 = CARTESIAN_POINT('',(1.321814077649,2.717369400397,13.70147802544
    ));
#7282 = CARTESIAN_POINT('',(1.558904106687,2.585791449731,
    13.694347136766));
#7283 = CARTESIAN_POINT('',(1.779849013241,2.42989665019,13.687215072971
    ));
#7284 = CARTESIAN_POINT('',(2.19228733389,2.06702121397,13.672643157281)
  );
#7285 = CARTESIAN_POINT('',(2.382154647621,1.858039983125,
    13.665200733545));
#7286 = CARTESIAN_POINT('',(2.547845278713,1.628370430216,
    13.657760627885));
#7287 = CARTESIAN_POINT('',(2.686691206218,1.381543975009,
    13.650321476458));
#7288 = CARTESIAN_POINT('',(2.796608048998,1.121465031101,
    13.642879857227));
#7289 = CARTESIAN_POINT('',(2.917265198554,0.71436619186,13.631616820648
    ));
#7290 = CARTESIAN_POINT('',(2.950244513282,0.573877190445,
    13.627794882227));
#7291 = CARTESIAN_POINT('',(2.975093457624,0.431604612061,
    13.623972615894));
#7292 = CARTESIAN_POINT('',(2.991697743479,0.288135993487,
    13.620149960852));
#7293 = CARTESIAN_POINT('',(2.999999992819,0.14406707449,13.616327241011
    ));
#7294 = CARTESIAN_POINT('',(3.,3.02551E-12,13.612505693365));
#7295 = ORIENTED_EDGE('',*,*,#7296,.F.);
#7296 = EDGE_CURVE('',#7297,#7270,#7299,.T.);
#7297 = VERTEX_POINT('',#7298);
#7298 = CARTESIAN_POINT('',(3.,3.605E-12,14.112506210927));
#7299 = B_SPLINE_CURVE_WITH_KNOTS('',6,(#7300,#7301,#7302,#7303,#7304,
    #7305,#7306,#7307,#7308,#7309,#7310,#7311,#7312,#7313,#7314,#7315,
    #7316,#7317,#7318,#7319,#7320,#7321,#7322,#7323,#7324,#7325,#7326,
    #7327,#7328,#7329,#7330,#7331,#7332,#7333,#7334,#7335,#7336,#7337,
    #7338,#7339,#7340,#7341,#7342,#7343,#7344,#7345,#7346,#7347,#7348,
    #7349,#7350,#7351,#7352,#7353,#7354,#7355,#7356,#7357,#7358,#7359,
    #7360,#7361),.UNSPECIFIED.,.F.,.F.,(7,5,5,5,5,5,5,5,5,5,5,5,7),(0.,
    5.819624179907E-02,0.172919828338,0.284437223374,0.356335256684,
    0.496709370099,0.502510990357,0.633174358985,0.668827563445,
    0.736830819764,0.83150036323,0.975570468559,1.),.UNSPECIFIED.);
#7300 = CARTESIAN_POINT('',(3.,3.50031E-12,14.112506210927));
#7301 = CARTESIAN_POINT('',(2.999999993166,-0.137114165801,
    14.108869088341));
#7302 = CARTESIAN_POINT('',(2.992479787359,-0.274229907626,
    14.105232787864));
#7303 = CARTESIAN_POINT('',(2.977439506198,-0.410828307746,
    14.101596540226));
#7304 = CARTESIAN_POINT('',(2.954926247,-0.546395570781,14.097960009274)
  );
#7305 = CARTESIAN_POINT('',(2.925033842825,-0.680424368409,
    14.094323150917));
#7306 = CARTESIAN_POINT('',(2.814705002027,-1.072611707029,
    14.083516215077));
#7307 = CARTESIAN_POINT('',(2.713362655307,-1.324938751472,
    14.076344147373));
#7308 = CARTESIAN_POINT('',(2.584956298041,-1.565489339564,
    14.069172924121));
#7309 = CARTESIAN_POINT('',(2.431271671108,-1.790731065108,
    14.062002467226));
#7310 = CARTESIAN_POINT('',(2.254611825549,-1.997444786227,
    14.054831087908));
#7311 = CARTESIAN_POINT('',(1.86676163593,-2.363098511798,
    14.040691838746));
#7312 = CARTESIAN_POINT('',(1.656613238077,-2.523269793713,
    14.033721682768));
#7313 = CARTESIAN_POINT('',(1.430188242982,-2.660815156391,
    14.026752893467));
#7314 = CARTESIAN_POINT('',(1.190550517525,-2.773778520018,
    14.01978389834));
#7315 = CARTESIAN_POINT('',(0.941021687007,-2.860683785118,
    14.012813482025));
#7316 = CARTESIAN_POINT('',(0.520306249321,-2.959387873038,
    14.00135059812));
#7317 = CARTESIAN_POINT('',(0.352761696944,-2.986905434056,
    13.996857034721));
#7318 = CARTESIAN_POINT('',(0.183546836395,-3.003025359189,
    13.992363579089));
#7319 = CARTESIAN_POINT('',(1.362834366676E-02,-3.007633486089,
    13.987870132833));
#7320 = CARTESIAN_POINT('',(-0.156020395891,-3.000725387234,
    13.983376593479));
#7321 = CARTESIAN_POINT('',(-0.653214916132,-2.94664100087,
    13.970110334108));
#7322 = CARTESIAN_POINT('',(-0.977399921025,-2.867364590557,
    13.961334385937));
#7323 = CARTESIAN_POINT('',(-1.289492538349,-2.745334083641,
    13.95256256347));
#7324 = CARTESIAN_POINT('',(-1.582682963083,-2.58306121533,
    13.943790823669));
#7325 = CARTESIAN_POINT('',(-1.85069072445,-2.384182569911,
    13.935014958473));
#7326 = CARTESIAN_POINT('',(-2.097966975605,-2.144462965564,
    13.92587946071));
#7327 = CARTESIAN_POINT('',(-2.107729188031,-2.13489499086,
    13.92551687821));
#7328 = CARTESIAN_POINT('',(-2.117439017275,-2.125273707395,
    13.925154294991));
#7329 = CARTESIAN_POINT('',(-2.127096101865,-2.115599471932,
    13.924791710973));
#7330 = CARTESIAN_POINT('',(-2.136700080107,-2.105872647996,
    13.924429126207));
#7331 = CARTESIAN_POINT('',(-2.361345985815,-1.875851237533,
    13.915900439203));
#7332 = CARTESIAN_POINT('',(-2.549382040306,-1.629058451482,
    13.907731755571));
#7333 = CARTESIAN_POINT('',(-2.706114277774,-1.360007245301,
    13.899565434094));
#7334 = CARTESIAN_POINT('',(-2.828492288058,-1.073690666647,
    13.891398978253));
#7335 = CARTESIAN_POINT('',(-2.914329548493,-0.775535963311,
    13.883230011167));
#7336 = CARTESIAN_POINT('',(-2.975917151746,-0.388552877863,
    13.872835310745));
#7337 = CARTESIAN_POINT('',(-2.986332260679,-0.305151732998,
    13.870607023709));
#7338 = CARTESIAN_POINT('',(-2.993941299272,-0.221424243501,
    13.868378759469));
#7339 = CARTESIAN_POINT('',(-2.998732216749,-0.137488327213,
    13.866150520082));
#7340 = CARTESIAN_POINT('',(-3.000699585694,-5.346239907586E-02,
    13.86392230681));
#7341 = CARTESIAN_POINT('',(-2.998213846191,0.190746635293,
    13.857444180927));
#7342 = CARTESIAN_POINT('',(-2.986315120921,0.350857401067,
    13.85319424501));
#7343 = CARTESIAN_POINT('',(-2.964157279304,0.510037295271,
    13.848944498711));
#7344 = CARTESIAN_POINT('',(-2.93183641718,0.667468453619,
    13.844694821348));
#7345 = CARTESIAN_POINT('',(-2.889535330033,0.822347930998,
    13.840445083414));
#7346 = CARTESIAN_POINT('',(-2.765114872681,1.184858682797,
    13.830279384728));
#7347 = CARTESIAN_POINT('',(-2.673878609268,1.38938312716,
    13.824362881851));
#7348 = CARTESIAN_POINT('',(-2.564542087793,1.585325762095,
    13.818446870137));
#7349 = CARTESIAN_POINT('',(-2.438145664831,1.770722450463,
    13.812530721172));
#7350 = CARTESIAN_POINT('',(-2.295981215866,1.943764545281,
    13.806613865784));
#7351 = CARTESIAN_POINT('',(-1.901707028689,2.34493692299,
    13.791693443392));
#7352 = CARTESIAN_POINT('',(-1.630806799747,2.55482556063,13.78268553453
    ));
#7353 = CARTESIAN_POINT('',(-1.332601560523,2.726650718389,
    13.773681703602));
#7354 = CARTESIAN_POINT('',(-1.013817158207,2.856368340081,
    13.764678032626));
#7355 = CARTESIAN_POINT('',(-0.681775421254,2.941156387114,
    13.755670312382));
#7356 = CARTESIAN_POINT('',(-0.287406645659,2.98675581461,
    13.745139705404));
#7357 = CARTESIAN_POINT('',(-0.230077776147,2.992050563873,
    13.743612953906));
#7358 = CARTESIAN_POINT('',(-0.17263461014,2.996024550005,
    13.742086205684));
#7359 = CARTESIAN_POINT('',(-0.115115167134,2.998674849531,
    13.740559459865));
#7360 = CARTESIAN_POINT('',(-5.755756100355E-02,3.000000000003,
    13.739032715707));
#7361 = CARTESIAN_POINT('',(1.33E-15,3.,13.737505972603));
#7362 = ORIENTED_EDGE('',*,*,#7363,.F.);
#7363 = EDGE_CURVE('',#7364,#7297,#7366,.T.);
#7364 = VERTEX_POINT('',#7365);
#7365 = CARTESIAN_POINT('',(0.,3.,14.237506490164));
#7366 = B_SPLINE_CURVE_WITH_KNOTS('',6,(#7367,#7368,#7369,#7370,#7371,
    #7372,#7373,#7374,#7375,#7376,#7377,#7378,#7379,#7380,#7381,#7382,
    #7383,#7384,#7385,#7386,#7387,#7388),.UNSPECIFIED.,.F.,.F.,(7,5,5,5,
    7),(0.,0.1152815054,0.461141885259,0.818672782293,1.),
  .UNSPECIFIED.);
#7367 = CARTESIAN_POINT('',(8.1E-16,3.,14.237506490164));
#7368 = CARTESIAN_POINT('',(9.053857083673E-02,2.999999999995,
    14.235104909271));
#7369 = CARTESIAN_POINT('',(0.181077379237,2.996721095204,
    14.232703327349));
#7370 = CARTESIAN_POINT('',(0.27146746161,2.99016330801,14.230301740602)
  );
#7371 = CARTESIAN_POINT('',(0.361560668134,2.980335588477,
    14.227900145587));
#7372 = CARTESIAN_POINT('',(0.451209662764,2.967255814346,
    14.225498539208));
#7373 = CARTESIAN_POINT('',(0.807454959746,2.902033477415,
    14.215891726776));
#7374 = CARTESIAN_POINT('',(1.069373667255,2.824077305458,
    14.208685153674));
#7375 = CARTESIAN_POINT('',(1.321973052131,2.717805443027,
    14.201479804541));
#7376 = CARTESIAN_POINT('',(1.561516846264,2.584692990315,
    14.194274228561));
#7377 = CARTESIAN_POINT('',(1.784538131422,2.426768543492,
    14.187067413953));
#7378 = CARTESIAN_POINT('',(2.198260451384,2.060702844529,
    14.172413993556));
#7379 = CARTESIAN_POINT('',(2.38769676684,1.850976262916,14.164964738876
    ));
#7380 = CARTESIAN_POINT('',(2.552850711146,1.620594003254,
    14.157517812594));
#7381 = CARTESIAN_POINT('',(2.691057589763,1.373105247979,
    14.150071834996));
#7382 = CARTESIAN_POINT('',(2.800239408183,1.112431761546,
    14.142623342856));
#7383 = CARTESIAN_POINT('',(2.919152357896,0.706278833043,
    14.131397389292));
#7384 = CARTESIAN_POINT('',(2.951381986563,0.567326097537,
    14.127619424158));
#7385 = CARTESIAN_POINT('',(2.975663497592,0.426650439844,
    14.123841137942));
#7386 = CARTESIAN_POINT('',(2.991887762034,0.284819560237,
    14.120062480752));
#7387 = CARTESIAN_POINT('',(2.999999992902,0.142408911163,
    14.116283773851));
#7388 = CARTESIAN_POINT('',(3.,3.69797E-12,14.112506210927));
#7389 = ORIENTED_EDGE('',*,*,#7390,.F.);
#7390 = EDGE_CURVE('',#7391,#7364,#7393,.T.);
#7391 = VERTEX_POINT('',#7392);
#7392 = CARTESIAN_POINT('',(3.,4.086E-12,14.612506728486));
#7393 = B_SPLINE_CURVE_WITH_KNOTS('',6,(#7394,#7395,#7396,#7397,#7398,
    #7399,#7400,#7401,#7402,#7403,#7404,#7405,#7406,#7407,#7408,#7409,
    #7410,#7411,#7412,#7413,#7414,#7415,#7416,#7417,#7418,#7419,#7420,
    #7421,#7422,#7423,#7424,#7425,#7426,#7427,#7428,#7429,#7430,#7431,
    #7432,#7433,#7434,#7435,#7436,#7437,#7438,#7439,#7440,#7441,#7442,
    #7443,#7444,#7445,#7446,#7447,#7448,#7449,#7450),.UNSPECIFIED.,.F.,
  .F.,(7,5,5,5,5,5,5,5,5,5,5,7),(0.,5.819634337474E-02,0.172919833606,
    0.284432766943,0.356328607296,0.497193999125,0.634476959388,
    0.668753412512,0.736756920174,0.83142681336,0.975320043968,1.),
  .UNSPECIFIED.);
#7394 = CARTESIAN_POINT('',(3.,4.06164E-12,14.612506728486));
#7395 = CARTESIAN_POINT('',(2.999999993166,-0.137114092802,
    14.608869607837));
#7396 = CARTESIAN_POINT('',(2.992479795366,-0.274229761625,
    14.605233309292));
#7397 = CARTESIAN_POINT('',(2.97743953022,-0.410828089571,
    14.601597063586));
#7398 = CARTESIAN_POINT('',(2.954926294944,-0.546395282079,
    14.597960534569));
#7399 = CARTESIAN_POINT('',(2.925033922398,-0.680424011629,
    14.594323678147));
#7400 = CARTESIAN_POINT('',(2.814705386802,-1.072610484988,
    14.583516766596));
#7401 = CARTESIAN_POINT('',(2.713363480682,-1.324936781784,
    14.576344721273));
#7402 = CARTESIAN_POINT('',(2.584957727747,-1.565486712045,
    14.569173520383));
#7403 = CARTESIAN_POINT('',(2.431273849218,-1.790727901169,
    14.562003085833));
#7404 = CARTESIAN_POINT('',(2.254614870884,-1.997441234789,
    14.554831728879));
#7405 = CARTESIAN_POINT('',(1.866774048258,-2.363087471153,
    14.54069279677));
#7406 = CARTESIAN_POINT('',(1.656635636122,-2.523253209826,
    14.533722935691));
#7407 = CARTESIAN_POINT('',(1.430221847156,-2.660795084093,
    14.526754441035));
#7408 = CARTESIAN_POINT('',(1.190596137985,-2.773757229538,
    14.519785740601));
#7409 = CARTESIAN_POINT('',(0.941079689737,-2.860663684034,
    14.512815619252));
#7410 = CARTESIAN_POINT('',(0.52038284921,-2.95937408674,14.501353177395
    ));
#7411 = CARTESIAN_POINT('',(0.352844537085,-2.9868951425,14.496859761312
    ));
#7412 = CARTESIAN_POINT('',(0.183635720613,-3.003019357074,
    14.492366452967));
#7413 = CARTESIAN_POINT('',(1.372297750746E-02,-3.007632552531,
    14.487873153986));
#7414 = CARTESIAN_POINT('',(-0.155920402854,-3.000730271183,
    14.483379761916));
#7415 = CARTESIAN_POINT('',(-0.654261254763,-2.946538918025,
    14.470082966628));
#7416 = CARTESIAN_POINT('',(-0.979568023457,-2.866843814333,
    14.46127628068));
#7417 = CARTESIAN_POINT('',(-1.292671972562,-2.744096777796,
    14.452473789264));
#7418 = CARTESIAN_POINT('',(-1.586693948526,-2.580842813965,
    14.443671379187));
#7419 = CARTESIAN_POINT('',(-1.855291865457,-2.380764840006,
    14.434864771168));
#7420 = CARTESIAN_POINT('',(-2.324775752939,-1.923547642418,
    14.417481453318));
#7421 = CARTESIAN_POINT('',(-2.527378742725,-1.667824814107,
    14.408898500897));
#7422 = CARTESIAN_POINT('',(-2.695797666606,-1.38690915708,
    14.400318595932));
#7423 = CARTESIAN_POINT('',(-2.826426765506,-1.08655174693,
    14.391738517041));
#7424 = CARTESIAN_POINT('',(-2.916683478309,-0.773029982778,
    14.383155208928));
#7425 = CARTESIAN_POINT('',(-2.977758296833,-0.373466569528,
    14.372432891666));
#7426 = CARTESIAN_POINT('',(-2.987381911947,-0.293242105377,
    14.370290661424));
#7427 = CARTESIAN_POINT('',(-2.99441084189,-0.212727753767,
    14.368148452438));
#7428 = CARTESIAN_POINT('',(-2.998834796257,-0.132028334491,
    14.366006266433));
#7429 = CARTESIAN_POINT('',(-3.000649143669,-5.12490773519E-02,
    14.363864104497));
#7430 = CARTESIAN_POINT('',(-2.998279178291,0.189716935113,
    14.357472027396));
#7431 = CARTESIAN_POINT('',(-2.986435441203,0.349831778128,
    14.353222091001));
#7432 = CARTESIAN_POINT('',(-2.964332268644,0.50901927297,
    14.348972344283));
#7433 = CARTESIAN_POINT('',(-2.932065475565,0.666461522391,14.3447226666
    ));
#7434 = CARTESIAN_POINT('',(-2.88981758168,0.821355518537,
    14.340472928469));
#7435 = CARTESIAN_POINT('',(-2.765521629972,1.183908979384,
    14.330307229617));
#7436 = CARTESIAN_POINT('',(-2.674355612528,1.388464745273,
    14.324390726888));
#7437 = CARTESIAN_POINT('',(-2.565086390812,1.58444491847,
    14.318474715571));
#7438 = CARTESIAN_POINT('',(-2.438753646801,1.769885004644,
    14.312558567175));
#7439 = CARTESIAN_POINT('',(-2.296648634766,1.942975913251,
    14.306641712389));
#7440 = CARTESIAN_POINT('',(-1.902805128029,2.343985464309,
    14.291732378634));
#7441 = CARTESIAN_POINT('',(-1.632351267352,2.553747925001,
    14.282735575022));
#7442 = CARTESIAN_POINT('',(-1.334639600154,2.725557423346,
    14.273742826831));
#7443 = CARTESIAN_POINT('',(-1.016368059306,2.855380118826,
    14.264750232929));
#7444 = CARTESIAN_POINT('',(-0.684829542498,2.940398553792,
    14.25575362299));
#7445 = CARTESIAN_POINT('',(-0.290343963336,2.986483133329,
    14.245218451259));
#7446 = CARTESIAN_POINT('',(-0.232432364767,2.991886833406,
    14.243676053986));
#7447 = CARTESIAN_POINT('',(-0.174402920962,2.99594265428,
    14.242133660048));
#7448 = CARTESIAN_POINT('',(-0.116294829142,2.998647550912,
    14.240591268533));
#7449 = CARTESIAN_POINT('',(-5.814738846083E-02,3.000000000003,
    14.239048878737));
#7450 = CARTESIAN_POINT('',(8.9E-16,3.,14.237506490164));
#7451 = ORIENTED_EDGE('',*,*,#7452,.F.);
#7452 = EDGE_CURVE('',#7453,#7391,#7455,.T.);
#7453 = VERTEX_POINT('',#7454);
#7454 = CARTESIAN_POINT('',(0.,3.,14.737507007722));
#7455 = B_SPLINE_CURVE_WITH_KNOTS('',6,(#7456,#7457,#7458,#7459,#7460,
    #7461,#7462,#7463,#7464,#7465,#7466,#7467,#7468,#7469,#7470,#7471,
    #7472,#7473,#7474,#7475,#7476,#7477),.UNSPECIFIED.,.F.,.F.,(7,5,5,5,
    7),(0.,0.113707580971,0.458469744251,0.816550374947,1.),
  .UNSPECIFIED.);
#7456 = CARTESIAN_POINT('',(1.67E-15,3.,14.737507007722));
#7457 = CARTESIAN_POINT('',(8.930247634018E-02,2.999999999996,
    14.735138214855));
#7458 = CARTESIAN_POINT('',(0.178605176422,2.996810015911,
    14.732769421004));
#7459 = CARTESIAN_POINT('',(0.267765163739,2.990430069378,
    14.730400622648));
#7460 = CARTESIAN_POINT('',(0.356640266258,2.98086863194,14.728031816461
    ));
#7461 = CARTESIAN_POINT('',(0.445089076417,2.968142625058,
    14.725662999307));
#7462 = CARTESIAN_POINT('',(0.799429396366,2.904174010164,
    14.716111856251));
#7463 = CARTESIAN_POINT('',(1.060723788292,2.827203084617,
    14.708928185914));
#7464 = CARTESIAN_POINT('',(1.312840616605,2.722071048828,
    14.701745717822));
#7465 = CARTESIAN_POINT('',(1.552074469677,2.590227246942,
    14.694563021557));
#7466 = CARTESIAN_POINT('',(1.774984450554,2.433668899258,
    14.687379094761));
#7467 = CARTESIAN_POINT('',(2.189915934713,2.069627043147,
    14.672737064594));
#7468 = CARTESIAN_POINT('',(2.38049166316,1.8603395541,14.665276326434)
  );
#7469 = CARTESIAN_POINT('',(2.54679208202,1.630235338806,14.657817927097
    ));
#7470 = CARTESIAN_POINT('',(2.686126428483,1.382869796821,
    14.650360494693));
#7471 = CARTESIAN_POINT('',(2.796392578935,1.122174816492,
    14.642900567907));
#7472 = CARTESIAN_POINT('',(2.917255246116,0.714408587808,
    14.631619009097));
#7473 = CARTESIAN_POINT('',(2.950238514305,0.573911537099,
    14.627796840073));
#7474 = CARTESIAN_POINT('',(2.975090450621,0.431630590051,
    14.623974343168));
#7475 = CARTESIAN_POINT('',(2.991696740598,0.288153388179,
    14.620151457512));
#7476 = CARTESIAN_POINT('',(2.999999992819,0.144075775991,
    14.616328506949));
#7477 = CARTESIAN_POINT('',(3.,4.04257E-12,14.612506728486));
#7478 = ORIENTED_EDGE('',*,*,#7479,.F.);
#7479 = EDGE_CURVE('',#7480,#7453,#7482,.T.);
#7480 = VERTEX_POINT('',#7481);
#7481 = CARTESIAN_POINT('',(3.,4.697E-12,15.112507246042));
#7482 = B_SPLINE_CURVE_WITH_KNOTS('',6,(#7483,#7484,#7485,#7486,#7487,
    #7488,#7489,#7490,#7491,#7492,#7493,#7494,#7495,#7496,#7497,#7498,
    #7499,#7500,#7501,#7502,#7503,#7504,#7505,#7506,#7507,#7508,#7509,
    #7510,#7511,#7512,#7513,#7514,#7515,#7516,#7517,#7518,#7519,#7520,
    #7521,#7522,#7523,#7524,#7525,#7526,#7527,#7528,#7529,#7530,#7531,
    #7532,#7533,#7534,#7535,#7536,#7537,#7538,#7539),.UNSPECIFIED.,.F.,
  .F.,(7,5,5,5,5,5,5,5,5,5,5,7),(0.,5.819622067106E-02,0.172918850118,
    0.284421788602,0.356312574316,0.498609296528,0.634560982065,
    0.66762498832,0.755628497025,0.831632016572,0.974444305124,1.),
  .UNSPECIFIED.);
#7483 = CARTESIAN_POINT('',(3.,4.67093E-12,15.112507246042));
#7484 = CARTESIAN_POINT('',(2.999999993166,-0.13711393159,15.10887012967
    ));
#7485 = CARTESIAN_POINT('',(2.992479813051,-0.274229439191,
    15.105233835396));
#7486 = CARTESIAN_POINT('',(2.977439583272,-0.410827607744,
    15.101597593962));
#7487 = CARTESIAN_POINT('',(2.954926400825,-0.546394644496,
    15.097961069219));
#7488 = CARTESIAN_POINT('',(2.92503409813,-0.680423223698,
    15.094324217074));
#7489 = CARTESIAN_POINT('',(2.814706213582,-1.07260786784,
    15.083517356913));
#7490 = CARTESIAN_POINT('',(2.713365239848,-1.324932590264,
    15.076345358758));
#7491 = CARTESIAN_POINT('',(2.584960764228,-1.565481135863,
    15.069174204992));
#7492 = CARTESIAN_POINT('',(2.431278466465,-1.790721196594,
    15.062003817539));
#7493 = CARTESIAN_POINT('',(2.254621319064,-1.997433716051,
    15.054832507722));
#7494 = CARTESIAN_POINT('',(1.866800161546,-2.363064251323,
    15.040694240836));
#7495 = CARTESIAN_POINT('',(1.656682698798,-2.523218370178,
    15.03372499829));
#7496 = CARTESIAN_POINT('',(1.430292418091,-2.660752934688,
    15.026757121631));
#7497 = CARTESIAN_POINT('',(1.19069191561,-2.773712532077,
    15.019789039295));
#7498 = CARTESIAN_POINT('',(0.941201440959,-2.860621488171,
    15.012819536617));
#7499 = CARTESIAN_POINT('',(0.520543712253,-2.959345123123,
    15.001358024704));
#7500 = CARTESIAN_POINT('',(0.353018595136,-2.986873503341,
    14.996864920391));
#7501 = CARTESIAN_POINT('',(0.183822563428,-3.003006723437,
    14.992371923751));
#7502 = CARTESIAN_POINT('',(1.392198691412E-02,-3.007630572919,
    14.987878936451));
#7503 = CARTESIAN_POINT('',(-0.155710048114,-3.000740530687,
    14.983385856081));
#7504 = CARTESIAN_POINT('',(-0.657396104156,-2.946222968637,
    14.969999911124));
#7505 = CARTESIAN_POINT('',(-0.985970960752,-2.865292077232,
    14.961103599129));
#7506 = CARTESIAN_POINT('',(-1.302015902329,-2.740435335432,
    14.952211688418));
#7507 = CARTESIAN_POINT('',(-1.598447137213,-2.574296907686,
    14.943319855133));
#7508 = CARTESIAN_POINT('',(-1.868740983402,-2.370697424184,
    14.934423607371));
#7509 = CARTESIAN_POINT('',(-2.335330818775,-1.910190773793,
    14.917033988345));
#7510 = CARTESIAN_POINT('',(-2.534553741712,-1.655903019146,
    14.908534354309));
#7511 = CARTESIAN_POINT('',(-2.700138304874,-1.377086036353,
    14.900037620026));
#7512 = CARTESIAN_POINT('',(-2.828604888743,-1.079338643651,
    14.891540723013));
#7513 = CARTESIAN_POINT('',(-2.917464533873,-0.768764942314,
    14.883040755914));
#7514 = CARTESIAN_POINT('',(-2.977476674087,-0.375101579939,
    14.872477412024));
#7515 = CARTESIAN_POINT('',(-2.986816979044,-0.29772453464,
    14.870410956148));
#7516 = CARTESIAN_POINT('',(-2.993743326741,-0.220075267512,
    14.868344520033));
#7517 = CARTESIAN_POINT('',(-2.998246339157,-0.142247849882,
    14.866278105191));
#7518 = CARTESIAN_POINT('',(-3.000321536916,-6.433672183491E-02,
    14.86421171263));
#7519 = CARTESIAN_POINT('',(-2.999031926366,0.220902850404,
    14.856645471199));
#7520 = CARTESIAN_POINT('',(-2.980898392727,0.428177019506,
    14.851145427056));
#7521 = CARTESIAN_POINT('',(-2.945573206022,0.63357564963,
    14.845645908609));
#7522 = CARTESIAN_POINT('',(-2.893321411705,0.83533345667,
    14.840146490349));
#7523 = CARTESIAN_POINT('',(-2.824627232899,1.031732305503,
    14.83464671895));
#7524 = CARTESIAN_POINT('',(-2.667342636893,1.384683696607,
    14.824397659276));
#7525 = CARTESIAN_POINT('',(-2.582736025151,1.543031237186,
    14.819647904306));
#7526 = CARTESIAN_POINT('',(-2.486884159877,1.695103131944,
    14.814898261923));
#7527 = CARTESIAN_POINT('',(-2.380376894753,1.839912120525,
    14.810148527746));
#7528 = CARTESIAN_POINT('',(-2.263917534272,1.976548274022,
    14.805398515219));
#7529 = CARTESIAN_POINT('',(-1.902318179874,2.344013781661,
    14.79172330304));
#7530 = CARTESIAN_POINT('',(-1.633941541847,2.552177617465,
    14.782794191243));
#7531 = CARTESIAN_POINT('',(-1.338709105669,2.722976103917,
    14.773868978439));
#7532 = CARTESIAN_POINT('',(-1.02316377746,2.852457246531,
    14.764943916009));
#7533 = CARTESIAN_POINT('',(-0.694429423447,2.937853407168,
    14.756014979261));
#7534 = CARTESIAN_POINT('',(-0.300617287812,2.985507423784,
    14.74549262508));
#7535 = CARTESIAN_POINT('',(-0.240668345233,2.991300951947,
    14.743895495858));
#7536 = CARTESIAN_POINT('',(-0.180588570085,2.995649600526,
    14.742298370261));
#7537 = CARTESIAN_POINT('',(-0.120421488208,2.998549866932,
    14.740701247718));
#7538 = CARTESIAN_POINT('',(-6.02107239164E-02,3.000000000003,
    14.7391041273));
#7539 = CARTESIAN_POINT('',(1.78E-15,3.,14.737507007722));
#7540 = ORIENTED_EDGE('',*,*,#7541,.F.);
#7541 = EDGE_CURVE('',#7542,#7480,#7544,.T.);
#7542 = VERTEX_POINT('',#7543);
#7543 = CARTESIAN_POINT('',(0.,3.,15.237507525277));
#7544 = B_SPLINE_CURVE_WITH_KNOTS('',6,(#7545,#7546,#7547,#7548,#7549,
    #7550,#7551,#7552,#7553,#7554,#7555,#7556,#7557,#7558,#7559,#7560,
    #7561,#7562,#7563,#7564,#7565,#7566),.UNSPECIFIED.,.F.,.F.,(7,5,5,5,
    7),(0.,0.119285423263,0.459201726287,0.817714466356,1.),
  .UNSPECIFIED.);
#7545 = CARTESIAN_POINT('',(9.9E-16,3.,15.237507525277));
#7546 = CARTESIAN_POINT('',(9.368325561687E-02,3.,15.23502253005));
#7547 = CARTESIAN_POINT('',(0.187366770025,2.996489365746,
    15.232537534115));
#7548 = CARTESIAN_POINT('',(0.280885491912,2.989468124878,
    15.230052532765));
#7549 = CARTESIAN_POINT('',(0.374075324232,2.978946536501,
    15.227567522015));
#7550 = CARTESIAN_POINT('',(0.466773124206,2.964945091182,
    15.225082498598));
#7551 = CARTESIAN_POINT('',(0.821104519154,2.897767255474,
    15.215516082221));
#7552 = CARTESIAN_POINT('',(1.078124917857,2.820023647923,
    15.208433427115));
#7553 = CARTESIAN_POINT('',(1.326040234417,2.714974562026,
    15.201351885917));
#7554 = CARTESIAN_POINT('',(1.561307325124,2.584029064876,
    15.194270134226));
#7555 = CARTESIAN_POINT('',(1.780636582199,2.429115297317,
    15.187187251751));
#7556 = CARTESIAN_POINT('',(2.192546903406,2.066885847973,
    15.172637167559));
#7557 = CARTESIAN_POINT('',(2.383086988391,1.857097585475,
    15.165167416625));
#7558 = CARTESIAN_POINT('',(2.54926476442,1.626473929855,15.157700018269
    ));
#7559 = CARTESIAN_POINT('',(2.688384832646,1.378586993471,15.15023358676
    ));
#7560 = CARTESIAN_POINT('',(2.79834354434,1.117386401128,15.142764631782
    ));
#7561 = CARTESIAN_POINT('',(2.91829830982,0.70995085938,15.131498275387)
  );
#7562 = CARTESIAN_POINT('',(2.950867227531,0.57030035524,15.127700347611
    ));
#7563 = CARTESIAN_POINT('',(2.975405531312,0.42889956692,15.123902095647
    ));
#7564 = CARTESIAN_POINT('',(2.991801771669,0.286325136435,
    15.120103464513));
#7565 = CARTESIAN_POINT('',(2.999999992864,0.14316167133,15.11630477681)
  );
#7566 = CARTESIAN_POINT('',(3.,4.64786E-12,15.112507246042));
#7567 = ORIENTED_EDGE('',*,*,#7568,.F.);
#7568 = EDGE_CURVE('',#7569,#7542,#7571,.T.);
#7569 = VERTEX_POINT('',#7570);
#7570 = CARTESIAN_POINT('',(-2.753152184169,1.191701744496,
    15.330000000495));
#7571 = B_SPLINE_CURVE_WITH_KNOTS('',6,(#7572,#7573,#7574,#7575,#7576,
    #7577,#7578,#7579,#7580,#7581,#7582,#7583,#7584,#7585,#7586,#7587,
    #7588,#7589,#7590,#7591,#7592,#7593,#7594,#7595,#7596,#7597,#7598,
    #7599,#7600,#7601,#7602,#7603,#7604,#7605,#7606,#7607,#7608,#7609,
    #7610,#7611,#7612,#7613,#7614,#7615,#7616,#7617,#7618,#7619,#7620,
    #7621,#7622,#7623,#7624,#7625,#7626,#7627,#7628),.UNSPECIFIED.,.F.,
  .F.,(7,5,5,5,5,5,5,5,5,5,5,7),(0.,5.819619022607E-02,0.172918351862,
    0.284414799785,0.356302280494,0.498175829197,0.63524349509,
    0.669315457737,0.735985584808,0.831988728504,0.97394077005,1.),
  .UNSPECIFIED.);
#7572 = CARTESIAN_POINT('',(3.,5.32552E-12,15.612507763596));
#7573 = CARTESIAN_POINT('',(2.999999993166,-0.137113826955,15.60887065)
  );
#7574 = CARTESIAN_POINT('',(2.992479824529,-0.274229229916,
    15.605234358496));
#7575 = CARTESIAN_POINT('',(2.977439617705,-0.410827295016,
    15.601598119833));
#7576 = CARTESIAN_POINT('',(2.954926469547,-0.546394230676,
    15.597961597864));
#7577 = CARTESIAN_POINT('',(2.925034212188,-0.680422712295,
    15.594324748495));
#7578 = CARTESIAN_POINT('',(2.814706754093,-1.072606155353,
    15.583517922069));
#7579 = CARTESIAN_POINT('',(2.713366392405,-1.324929842931,
    15.576345954911));
#7580 = CARTESIAN_POINT('',(2.584962755529,-1.565477478274,
    15.569174832116));
#7581 = CARTESIAN_POINT('',(2.431281495959,-1.790716797092,
    15.562004475613));
#7582 = CARTESIAN_POINT('',(2.254625551194,-1.997428781063,
    15.554833196771));
#7583 = CARTESIAN_POINT('',(1.866817345633,-2.363048968905,
    15.540695368133));
#7584 = CARTESIAN_POINT('',(1.656713685204,-2.523195428921,
    15.533726533153));
#7585 = CARTESIAN_POINT('',(1.430338893054,-2.660725174189,
    15.526759063707));
#7586 = CARTESIAN_POINT('',(1.190754998525,-2.773683089528,
    15.51979138865));
#7587 = CARTESIAN_POINT('',(0.94128163752,-2.860593690527,
    15.512822293629));
#7588 = CARTESIAN_POINT('',(0.520649761896,-2.959326019216,
    15.501361396718));
#7589 = CARTESIAN_POINT('',(0.35313342396,-2.986859215199,
    15.496868500075));
#7590 = CARTESIAN_POINT('',(0.183945902501,-3.002998370148,
    15.492375711064));
#7591 = CARTESIAN_POINT('',(1.405342885817E-02,-3.007629252253,
    15.487882931377));
#7592 = CARTESIAN_POINT('',(-0.155571045939,-3.000747298551,
    15.483390058632));
#7593 = CARTESIAN_POINT('',(-0.656260713206,-2.946362793456,
    15.470030770121));
#7594 = CARTESIAN_POINT('',(-0.983875101039,-2.865821350351,
    15.461160957068));
#7595 = CARTESIAN_POINT('',(-1.299059987116,-2.74161246147,
    15.45229548292));
#7596 = CARTESIAN_POINT('',(-1.594792269601,-2.576350183076,
    15.443430087902));
#7597 = CARTESIAN_POINT('',(-1.864602033081,-2.373813557213,
    15.434560342486));
#7598 = CARTESIAN_POINT('',(-2.333296218337,-1.913117568893,
    15.417127440542));
#7599 = CARTESIAN_POINT('',(-2.534442558447,-1.656908903336,
    15.408557949548));
#7600 = CARTESIAN_POINT('',(-2.701404267462,-1.375736722491,
    15.399991484489));
#7601 = CARTESIAN_POINT('',(-2.830616568462,-1.075339981494,
    15.39142485404));
#7602 = CARTESIAN_POINT('',(-2.919534411685,-0.761976980634,
    15.382855027159));
#7603 = CARTESIAN_POINT('',(-2.979018176648,-0.363173345082,
    15.372158951569));
#7604 = CARTESIAN_POINT('',(-2.988311267851,-0.283395669475,
    15.370029502939));
#7605 = CARTESIAN_POINT('',(-2.995039610564,-0.203340204708,
    15.367900075289));
#7606 = CARTESIAN_POINT('',(-2.999193436604,-0.123109941026,
    15.36577067031));
#7607 = CARTESIAN_POINT('',(-3.000768505084,-4.28082616456E-02,
    15.363641289349));
#7608 = CARTESIAN_POINT('',(-2.997804656456,0.194527609201,
    15.357345327762));
#7609 = CARTESIAN_POINT('',(-2.985974221241,0.351473889007,
    15.35317872987));
#7610 = CARTESIAN_POINT('',(-2.964284920323,0.507518383559,
    15.349012308378));
#7611 = CARTESIAN_POINT('',(-2.932827468565,0.66189045983,
    15.344845953216));
#7612 = CARTESIAN_POINT('',(-2.89177268603,0.813833200538,
    15.340679546122));
#7613 = CARTESIAN_POINT('',(-2.768793991557,1.176835312001,
    15.330513852569));
#7614 = CARTESIAN_POINT('',(-2.676828314101,1.384515971928,
    15.324514001223));
#7615 = CARTESIAN_POINT('',(-2.566224355901,1.583413964941,
    15.318514680506));
#7616 = CARTESIAN_POINT('',(-2.438063909625,1.771479229334,
    15.312515218218));
#7617 = CARTESIAN_POINT('',(-2.293694048757,1.946825396247,
    15.306515005193));
#7618 = CARTESIAN_POINT('',(-1.89979460489,2.345769713737,15.29164365354
    ));
#7619 = CARTESIAN_POINT('',(-1.63288185797,2.552418753635,
    15.282768404059));
#7620 = CARTESIAN_POINT('',(-1.339465009835,2.722142121581,
    15.273896943946));
#7621 = CARTESIAN_POINT('',(-1.025968457054,2.851058340988,
    15.265025624276));
#7622 = CARTESIAN_POINT('',(-0.699387025251,2.936445624946,
    15.256150562207));
#7623 = CARTESIAN_POINT('',(-0.30652305194,2.984931024779,
    15.245650494697));
#7624 = CARTESIAN_POINT('',(-0.245403464286,2.990954828215,
    15.244021894514));
#7625 = CARTESIAN_POINT('',(-0.184145166117,2.995476468527,
    15.242393298236));
#7626 = CARTESIAN_POINT('',(-0.122794317114,2.998492156898,
    15.240764705699));
#7627 = CARTESIAN_POINT('',(-6.139715589312E-02,3.,15.239136115555));
#7628 = CARTESIAN_POINT('',(8.9E-16,3.,15.237507525277));
#7629 = ORIENTED_EDGE('',*,*,#7630,.F.);
#7630 = EDGE_CURVE('',#5555,#7569,#7631,.T.);
#7631 = CIRCLE('',#7632,3.);
#7632 = AXIS2_PLACEMENT_3D('',#7633,#7634,#7635);
#7633 = CARTESIAN_POINT('',(0.,0.,15.33));
#7634 = DIRECTION('',(0.,0.,-1.));
#7635 = DIRECTION('',(0.,1.,0.));
#7636 = CYLINDRICAL_SURFACE('',#7637,3.);
#7637 = AXIS2_PLACEMENT_3D('',#7638,#7639,#7640);
#7638 = CARTESIAN_POINT('',(0.,0.,17.8));
#7639 = DIRECTION('',(0.,0.,-1.));
#7640 = DIRECTION('',(1.1E-16,1.,0.));
#7641 = ADVANCED_FACE('',(#7642),#7668,.T.);
#7642 = FACE_BOUND('',#7643,.T.);
#7643 = EDGE_LOOP('',(#7644,#7645,#7652,#7667));
#7644 = ORIENTED_EDGE('',*,*,#6584,.F.);
#7645 = ORIENTED_EDGE('',*,*,#7646,.T.);
#7646 = EDGE_CURVE('',#6585,#7647,#7649,.T.);
#7647 = VERTEX_POINT('',#7648);
#7648 = CARTESIAN_POINT('',(2.72936945199,5.4918335E-08,10.268747929633)
  );
#7649 = B_SPLINE_CURVE_WITH_KNOTS('',1,(#7650,#7651),.UNSPECIFIED.,.F.,
  .F.,(2,2),(0.,0.35),.PIECEWISE_BEZIER_KNOTS.);
#7650 = CARTESIAN_POINT('',(3.032479682078,-6.59042087E-09,
    10.093750248459));
#7651 = CARTESIAN_POINT('',(2.72936945199,5.491834633E-08,
    10.268747929633));
#7652 = ORIENTED_EDGE('',*,*,#7653,.T.);
#7653 = EDGE_CURVE('',#7647,#4402,#7654,.T.);
#7654 = B_SPLINE_CURVE_WITH_KNOTS('',11,(#7655,#7656,#7657,#7658,#7659,
    #7660,#7661,#7662,#7663,#7664,#7665,#7666),.UNSPECIFIED.,.F.,.F.,(12
    ,12),(0.,6.303048278758),.PIECEWISE_BEZIER_KNOTS.);
#7655 = CARTESIAN_POINT('',(2.72936945199,5.491833664E-08,
    10.268747929633));
#7656 = CARTESIAN_POINT('',(2.729368734498,-1.55904522565,
    10.223294032693));
#7657 = CARTESIAN_POINT('',(1.749990217976,-3.117755915924,
    10.177850136504));
#7658 = CARTESIAN_POINT('',(-0.210562200219,-3.994240578654,
    10.132328276519));
#7659 = CARTESIAN_POINT('',(-2.606282124876,-3.497662136361,
    10.087068364015));
#7660 = CARTESIAN_POINT('',(-4.39176121505,-1.445346286133,
    10.041265479398));
#7661 = CARTESIAN_POINT('',(-4.392201587956,1.44534086659,9.996230897507
    ));
#7662 = CARTESIAN_POINT('',(-2.605986143765,3.49767123151,9.950428012736
    ));
#7663 = CARTESIAN_POINT('',(-0.210686845276,3.994235732607,
    9.905168100404));
#7664 = CARTESIAN_POINT('',(1.750015387487,3.117756918392,9.859646240333
    ));
#7665 = CARTESIAN_POINT('',(2.729369579655,1.559045321756,9.814202344157
    ));
#7666 = CARTESIAN_POINT('',(2.729368854322,4.118874483E-08,
    9.768748447221));
#7667 = ORIENTED_EDGE('',*,*,#4499,.T.);
#7668 = B_SPLINE_SURFACE_WITH_KNOTS('',1,11,(
    (#7669,#7670,#7671,#7672,#7673,#7674,#7675,#7676,#7677,#7678,#7679
      ,#7680)
    ,(#7681,#7682,#7683,#7684,#7685,#7686,#7687,#7688,#7689,#7690,#7691
      ,#7692
    )),.UNSPECIFIED.,.F.,.F.,.F.,(2,2),(12,12),(0.,0.35),(0.,
    6.303048278758),.PIECEWISE_BEZIER_KNOTS.);
#7669 = CARTESIAN_POINT('',(3.032479682078,-6.59042822E-09,
    10.093750248459));
#7670 = CARTESIAN_POINT('',(3.032478510109,-1.732144091853,
    10.048295625171));
#7671 = CARTESIAN_POINT('',(1.944355350698,-3.464284047537,
    10.002839801661));
#7672 = CARTESIAN_POINT('',(-0.234009929132,-4.436880220563,
    9.957393334875));
#7673 = CARTESIAN_POINT('',(-2.895650491781,-3.888043266474,
    9.91191543084));
#7674 = CARTESIAN_POINT('',(-4.879461217173,-1.603090996561,
    9.866502690669));
#7675 = CARTESIAN_POINT('',(-4.880148110589,1.60308280198,9.820997744213
    ));
#7676 = CARTESIAN_POINT('',(-2.895188556185,3.88805760891,9.775585003799
    ));
#7677 = CARTESIAN_POINT('',(-0.234204138424,4.436872673289,
    9.730107100037));
#7678 = CARTESIAN_POINT('',(1.944394799478,3.464285507837,9.684660633111
    ));
#7679 = CARTESIAN_POINT('',(3.032479920752,1.73214408032,9.639204809627)
  );
#7680 = CARTESIAN_POINT('',(3.032478749722,-4.94288069E-09,
    9.593750186342));
#7681 = CARTESIAN_POINT('',(2.72936945199,5.491833664E-08,
    10.268747929633));
#7682 = CARTESIAN_POINT('',(2.729368734498,-1.55904522565,
    10.223294032693));
#7683 = CARTESIAN_POINT('',(1.749990217976,-3.117755915924,
    10.177850136504));
#7684 = CARTESIAN_POINT('',(-0.210562200219,-3.994240578654,
    10.132328276519));
#7685 = CARTESIAN_POINT('',(-2.606282124876,-3.497662136361,
    10.087068364015));
#7686 = CARTESIAN_POINT('',(-4.39176121505,-1.445346286133,
    10.041265479398));
#7687 = CARTESIAN_POINT('',(-4.392201587956,1.44534086659,9.996230897507
    ));
#7688 = CARTESIAN_POINT('',(-2.605986143765,3.49767123151,9.950428012736
    ));
#7689 = CARTESIAN_POINT('',(-0.210686845276,3.994235732607,
    9.905168100404));
#7690 = CARTESIAN_POINT('',(1.750015387487,3.117756918392,9.859646240333
    ));
#7691 = CARTESIAN_POINT('',(2.729369579655,1.559045321756,9.814202344157
    ));
#7692 = CARTESIAN_POINT('',(2.729368854322,4.118874483E-08,
    9.768748447221));
#7693 = ADVANCED_FACE('',(#7694),#7725,.T.);
#7694 = FACE_BOUND('',#7695,.T.);
#7695 = EDGE_LOOP('',(#7696,#7697,#7709,#7724));
#7696 = ORIENTED_EDGE('',*,*,#7653,.F.);
#7697 = ORIENTED_EDGE('',*,*,#7698,.T.);
#7698 = EDGE_CURVE('',#7647,#7699,#7701,.T.);
#7699 = VERTEX_POINT('',#7700);
#7700 = CARTESIAN_POINT('',(2.729368495724,5.4918389E-08,10.393747929629
    ));
#7701 = ( BOUNDED_CURVE() B_SPLINE_CURVE(6,(#7702,#7703,#7704,#7705,
#7706,#7707,#7708),.UNSPECIFIED.,.F.,.F.) B_SPLINE_CURVE_WITH_KNOTS((7,7
),(4.188790204786,6.28318530718),.PIECEWISE_BEZIER_KNOTS.) CURVE() 
GEOMETRIC_REPRESENTATION_ITEM() RATIONAL_B_SPLINE_CURVE((1.056590953773,
    1.017435169568,0.996326512422,0.989390034249,0.996326512422,
1.017435169568,1.056590953773)) REPRESENTATION_ITEM('') );
#7702 = CARTESIAN_POINT('',(2.72936945199,5.491834809E-08,
    10.268747929633));
#7703 = CARTESIAN_POINT('',(2.706713703312,5.951577481E-08,
    10.281828001139));
#7704 = CARTESIAN_POINT('',(2.690748033639,6.275559888E-08,
    10.303966617132));
#7705 = CARTESIAN_POINT('',(2.68497722926,6.392661472E-08,
    10.331247590029));
#7706 = CARTESIAN_POINT('',(2.690747616233,6.275562398E-08,
    10.358528651217));
#7707 = CARTESIAN_POINT('',(2.706712947178,5.95158165E-08,
    10.380667511486));
#7708 = CARTESIAN_POINT('',(2.729368495724,5.491840027E-08,
    10.393747929629));
#7709 = ORIENTED_EDGE('',*,*,#7710,.T.);
#7710 = EDGE_CURVE('',#7699,#4380,#7711,.T.);
#7711 = ( BOUNDED_CURVE() B_SPLINE_CURVE(11,(#7712,#7713,#7714,#7715,
    #7716,#7717,#7718,#7719,#7720,#7721,#7722,#7723),.UNSPECIFIED.,.F.,
.F.) B_SPLINE_CURVE_WITH_KNOTS((12,12),(0.,6.303048278758),
.PIECEWISE_BEZIER_KNOTS.) CURVE() GEOMETRIC_REPRESENTATION_ITEM() 
RATIONAL_B_SPLINE_CURVE((1.056590953773,1.056590953773,1.056590953773,
    1.056590953775,1.056590953771,1.056590953776,1.05659095377,
    1.056590953775,1.056590953772,1.056590953774,1.056590953773,
1.056590953773)) REPRESENTATION_ITEM('') );
#7712 = CARTESIAN_POINT('',(2.729368495724,5.49183935E-08,
    10.393747929629));
#7713 = CARTESIAN_POINT('',(2.729368077771,-1.559044747811,
    10.348294032693));
#7714 = CARTESIAN_POINT('',(1.749994737263,-3.117755147503,
    10.302850136535));
#7715 = CARTESIAN_POINT('',(-0.210587036196,-3.994238389035,
    10.257328276336));
#7716 = CARTESIAN_POINT('',(-2.606222105673,-3.49766289608,
    10.212068364447));
#7717 = CARTESIAN_POINT('',(-4.391847932477,-1.445344797713,
    10.166265478754));
#7718 = CARTESIAN_POINT('',(-4.392112177263,1.445341484113,
    10.121230898125));
#7719 = CARTESIAN_POINT('',(-2.606044565829,3.497668316487,
    10.07542801234));
#7720 = CARTESIAN_POINT('',(-0.210661879653,3.994235478427,
    10.030168100553));
#7721 = CARTESIAN_POINT('',(1.750009795075,3.117755773635,9.984646240303
    ));
#7722 = CARTESIAN_POINT('',(2.729368562915,1.559044843918,9.939202344153
    ));
#7723 = CARTESIAN_POINT('',(2.729368137122,4.11887825E-08,9.893748447219
    ));
#7724 = ORIENTED_EDGE('',*,*,#4401,.T.);
#7725 = ( BOUNDED_SURFACE() B_SPLINE_SURFACE(6,11,(
    (#7726,#7727,#7728,#7729,#7730,#7731,#7732,#7733,#7734,#7735,#7736
      ,#7737)
    ,(#7738,#7739,#7740,#7741,#7742,#7743,#7744,#7745,#7746,#7747,#7748
      ,#7749)
    ,(#7750,#7751,#7752,#7753,#7754,#7755,#7756,#7757,#7758,#7759,#7760
      ,#7761)
    ,(#7762,#7763,#7764,#7765,#7766,#7767,#7768,#7769,#7770,#7771,#7772
      ,#7773)
    ,(#7774,#7775,#7776,#7777,#7778,#7779,#7780,#7781,#7782,#7783,#7784
      ,#7785)
    ,(#7786,#7787,#7788,#7789,#7790,#7791,#7792,#7793,#7794,#7795,#7796
      ,#7797)
    ,(#7798,#7799,#7800,#7801,#7802,#7803,#7804,#7805,#7806,#7807,#7808
,#7809
    )),.UNSPECIFIED.,.F.,.F.,.F.) B_SPLINE_SURFACE_WITH_KNOTS((7,7),(12,
    12),(4.188790204786,6.28318530718),(0.,6.303048278758),
.PIECEWISE_BEZIER_KNOTS.) GEOMETRIC_REPRESENTATION_ITEM() 
RATIONAL_B_SPLINE_SURFACE((
    (1.056590953773,1.056590953773,1.056590953773,1.056590953775
      ,1.056590953771,1.056590953776,1.05659095377,1.056590953775
      ,1.056590953772,1.056590953774,1.056590953773,1.056590953773)
    ,(1.017435169568,1.017435169568,1.017435169568,1.017435169569
      ,1.017435169567,1.01743516957,1.017435169567,1.017435169569
      ,1.017435169568,1.017435169568,1.017435169568,1.017435169568)
    ,(0.996326512422,0.996326512422,0.996326512422,0.996326512423
      ,0.99632651242,0.996326512424,0.99632651242,0.996326512423
      ,0.996326512421,0.996326512422,0.996326512422,0.996326512422)
    ,(0.989390034249,0.989390034249,0.989390034248,0.98939003425
      ,0.989390034246,0.989390034251,0.989390034246,0.98939003425
      ,0.989390034248,0.989390034249,0.989390034248,0.989390034249)
    ,(0.996326512422,0.996326512422,0.996326512422,0.996326512423
      ,0.99632651242,0.996326512424,0.99632651242,0.996326512423
      ,0.996326512421,0.996326512422,0.996326512422,0.996326512422)
    ,(1.017435169568,1.017435169568,1.017435169568,1.017435169569
      ,1.017435169566,1.017435169571,1.017435169566,1.01743516957
      ,1.017435169567,1.017435169568,1.017435169568,1.017435169568)
    ,(1.056590953773,1.056590953773,1.056590953773,1.056590953775
      ,1.056590953771,1.056590953776,1.05659095377,1.056590953775
      ,1.056590953772,1.056590953774,1.056590953773,1.056590953773
))) REPRESENTATION_ITEM('') SURFACE() );
#7726 = CARTESIAN_POINT('',(2.72936945199,5.491834043E-08,
    10.268747929633));
#7727 = CARTESIAN_POINT('',(2.729368734497,-1.559045225649,
    10.223294032694));
#7728 = CARTESIAN_POINT('',(1.749990217977,-3.117755915926,10.1778501365
    ));
#7729 = CARTESIAN_POINT('',(-0.210562200219,-3.994240578648,
    10.132328276528));
#7730 = CARTESIAN_POINT('',(-2.606282124881,-3.49766213637,10.087068364)
  );
#7731 = CARTESIAN_POINT('',(-4.391761215038,-1.445346286128,
    10.041265479417));
#7732 = CARTESIAN_POINT('',(-4.392201587966,1.445340866593,
    9.996230897489));
#7733 = CARTESIAN_POINT('',(-2.605986143761,3.497671231504,
    9.950428012749));
#7734 = CARTESIAN_POINT('',(-0.210686845276,3.994235732611,
    9.905168100397));
#7735 = CARTESIAN_POINT('',(1.750015387486,3.11775691839,9.859646240336)
  );
#7736 = CARTESIAN_POINT('',(2.729369579656,1.559045321756,9.814202344157
    ));
#7737 = CARTESIAN_POINT('',(2.729368854322,4.118874286E-08,
    9.768748447221));
#7738 = CARTESIAN_POINT('',(2.706713703313,5.951576243E-08,
    10.281828001139));
#7739 = CARTESIAN_POINT('',(2.70671301979,-1.546107079656,
    10.236374158491));
#7740 = CARTESIAN_POINT('',(1.735462540711,-3.091854928495,
    10.190931153795));
#7741 = CARTESIAN_POINT('',(-0.208809617163,-3.961155807876,
    10.145403658615));
#7742 = CARTESIAN_POINT('',(-2.584653501544,-3.468483389184,
    10.100160039701));
#7743 = CARTESIAN_POINT('',(-4.355308441162,-1.433555775089,
    10.054327994062));
#7744 = CARTESIAN_POINT('',(-4.35573038809,1.43355056297,10.009328569184
    ));
#7745 = CARTESIAN_POINT('',(-2.584369924572,3.468492092118,
    9.963496523393));
#7746 = CARTESIAN_POINT('',(-0.208929062693,3.961151163737,
    9.918252904649));
#7747 = CARTESIAN_POINT('',(1.735486642928,3.09185589674,9.872725409383)
  );
#7748 = CARTESIAN_POINT('',(2.706713822681,1.546107183808,9.827282404702
    ));
#7749 = CARTESIAN_POINT('',(2.706713130661,4.463681574E-08,
    9.781828562057));
#7750 = CARTESIAN_POINT('',(2.690748033639,6.275558295E-08,
    10.303966617132));
#7751 = CARTESIAN_POINT('',(2.690747405017,-1.536989481813,
    10.258512812743));
#7752 = CARTESIAN_POINT('',(1.725225312185,-3.073602349218,
    10.213070436292));
#7753 = CARTESIAN_POINT('',(-0.207577134132,-3.937840649043,
    10.167538969941));
#7754 = CARTESIAN_POINT('',(-2.569405544791,-3.447921121205,
    10.122306833251));
#7755 = CARTESIAN_POINT('',(-4.329629031099,-1.425246814413,
    10.076454237617));
#7756 = CARTESIAN_POINT('',(-4.330019787092,1.425241966149,
    10.031479588146));
#7757 = CARTESIAN_POINT('',(-2.569142952142,3.4479291679,9.985626992373)
  );
#7758 = CARTESIAN_POINT('',(-0.207687767628,3.937836347247,
    9.940394855838));
#7759 = CARTESIAN_POINT('',(1.725247617046,3.073603254446,9.894863389409
    ));
#7760 = CARTESIAN_POINT('',(2.690748140909,1.536989591635,9.849421012971
    ));
#7761 = CARTESIAN_POINT('',(2.690747503328,4.706669005E-08,
    9.803967208585));
#7762 = CARTESIAN_POINT('',(2.68497722926,6.392660368E-08,
    10.331247590029));
#7763 = CARTESIAN_POINT('',(2.684976666681,-1.533693929134,
    10.285793799468));
#7764 = CARTESIAN_POINT('',(1.721525849144,-3.067004989587,
    10.240351650097));
#7765 = CARTESIAN_POINT('',(-0.20713549405,-3.929413243458,
    10.194818748364));
#7766 = CARTESIAN_POINT('',(-2.563885042235,-3.440489179728,
    10.149590761926));
#7767 = CARTESIAN_POINT('',(-4.320360799234,-1.422243380967,
    10.103730738498));
#7768 = CARTESIAN_POINT('',(-4.320713116712,1.422238989023,
    10.05876504409));
#7769 = CARTESIAN_POINT('',(-2.563648301775,3.440496422462,
    10.012905020537));
#7770 = CARTESIAN_POINT('',(-0.207235261447,3.929409363909,
    9.967677034238));
#7771 = CARTESIAN_POINT('',(1.721545944806,3.067005813995,9.922144132435
    ));
#7772 = CARTESIAN_POINT('',(2.68497732283,1.533694041006,9.876701983076)
  );
#7773 = CARTESIAN_POINT('',(2.684976751125,4.794494934E-08,
    9.831248192518));
#7774 = CARTESIAN_POINT('',(2.690747616233,6.275560893E-08,
    10.358528651217));
#7775 = CARTESIAN_POINT('',(2.690747118359,-1.536989273239,
    10.313074846828));
#7776 = CARTESIAN_POINT('',(1.725227284836,-3.073602013804,
    10.267632470394));
#7777 = CARTESIAN_POINT('',(-0.207587974943,-3.937839693284,
    10.222101003943));
#7778 = CARTESIAN_POINT('',(-2.569379346631,-3.447921452817,
    10.176868867532));
#7779 = CARTESIAN_POINT('',(-4.329666882937,-1.425246164725,
    10.131016271414));
#7780 = CARTESIAN_POINT('',(-4.329980759653,1.425242235694,
    10.086041622509));
#7781 = CARTESIAN_POINT('',(-2.569168453156,3.447927895507,
    10.04018902628));
#7782 = CARTESIAN_POINT('',(-0.207676870227,3.937836236296,
    9.994956889992));
#7783 = CARTESIAN_POINT('',(1.72524517598,3.073602754765,9.94942542348)
  );
#7784 = CARTESIAN_POINT('',(2.690747697106,1.536989383061,9.903983047055
    ));
#7785 = CARTESIAN_POINT('',(2.690747190273,4.706670537E-08,9.85852924267
    ));
#7786 = CARTESIAN_POINT('',(2.706712947178,5.951580506E-08,
    10.380667511486));
#7787 = CARTESIAN_POINT('',(2.706712500506,-1.546106701822,
    10.335213668839));
#7788 = CARTESIAN_POINT('',(1.735466114184,-3.091854320891,
    10.289770664173));
#7789 = CARTESIAN_POINT('',(-0.20882925537,-3.961154076513,
    10.244243168813));
#7790 = CARTESIAN_POINT('',(-2.584606043391,-3.4684839899,
    10.198999550404));
#7791 = CARTESIAN_POINT('',(-4.355377010035,-1.433554598175,
    10.153167503888));
#7792 = CARTESIAN_POINT('',(-4.35565968961,1.433551051253,
    10.108168080036));
#7793 = CARTESIAN_POINT('',(-2.58441611984,3.468489787167,10.06233603342
    ));
#7794 = CARTESIAN_POINT('',(-0.208909321974,3.96115096275,
    10.017092415122));
#7795 = CARTESIAN_POINT('',(1.735482220918,3.091854991564,9.971564919707
    ));
#7796 = CARTESIAN_POINT('',(2.706713018728,1.546106805974,9.926121915049
    ));
#7797 = CARTESIAN_POINT('',(2.706712563559,4.463684972E-08,
    9.880668072405));
#7798 = CARTESIAN_POINT('',(2.729368495724,5.49183935E-08,
    10.393747929629));
#7799 = CARTESIAN_POINT('',(2.729368077771,-1.559044747811,
    10.348294032693));
#7800 = CARTESIAN_POINT('',(1.749994737263,-3.117755147503,
    10.302850136535));
#7801 = CARTESIAN_POINT('',(-0.210587036196,-3.994238389035,
    10.257328276336));
#7802 = CARTESIAN_POINT('',(-2.606222105673,-3.49766289608,
    10.212068364447));
#7803 = CARTESIAN_POINT('',(-4.391847932477,-1.445344797713,
    10.166265478754));
#7804 = CARTESIAN_POINT('',(-4.392112177263,1.445341484113,
    10.121230898125));
#7805 = CARTESIAN_POINT('',(-2.606044565829,3.497668316487,
    10.07542801234));
#7806 = CARTESIAN_POINT('',(-0.210661879653,3.994235478427,
    10.030168100553));
#7807 = CARTESIAN_POINT('',(1.750009795075,3.117755773635,9.984646240303
    ));
#7808 = CARTESIAN_POINT('',(2.729368562915,1.559044843918,9.939202344153
    ));
#7809 = CARTESIAN_POINT('',(2.729368137122,4.11887825E-08,9.893748447219
    ));
#7810 = ADVANCED_FACE('',(#7811),#7823,.T.);
#7811 = FACE_BOUND('',#7812,.T.);
#7812 = EDGE_LOOP('',(#7813,#7814,#7819,#7820,#7821,#7822));
#7813 = ORIENTED_EDGE('',*,*,#7710,.F.);
#7814 = ORIENTED_EDGE('',*,*,#7815,.T.);
#7815 = EDGE_CURVE('',#7699,#6464,#7816,.T.);
#7816 = B_SPLINE_CURVE_WITH_KNOTS('',1,(#7817,#7818),.UNSPECIFIED.,.F.,
  .F.,(2,2),(0.,0.35),.PIECEWISE_BEZIER_KNOTS.);
#7817 = CARTESIAN_POINT('',(2.729368495724,5.491840566E-08,
    10.393747929629));
#7818 = CARTESIAN_POINT('',(3.032476048267,-6.59021484E-09,
    10.568750248446));
#7819 = ORIENTED_EDGE('',*,*,#6490,.T.);
#7820 = ORIENTED_EDGE('',*,*,#6557,.T.);
#7821 = ORIENTED_EDGE('',*,*,#5454,.F.);
#7822 = ORIENTED_EDGE('',*,*,#4379,.T.);
#7823 = B_SPLINE_SURFACE_WITH_KNOTS('',1,11,(
    (#7824,#7825,#7826,#7827,#7828,#7829,#7830,#7831,#7832,#7833,#7834
      ,#7835)
    ,(#7836,#7837,#7838,#7839,#7840,#7841,#7842,#7843,#7844,#7845,#7846
      ,#7847
    )),.UNSPECIFIED.,.F.,.F.,.F.,(2,2),(12,12),(0.,0.35),(0.,
    6.303048278758),.PIECEWISE_BEZIER_KNOTS.);
#7824 = CARTESIAN_POINT('',(2.729368495724,5.491838996E-08,
    10.393747929629));
#7825 = CARTESIAN_POINT('',(2.729368077772,-1.559044747812,
    10.348294032692));
#7826 = CARTESIAN_POINT('',(1.749994737262,-3.117755147501,
    10.302850136539));
#7827 = CARTESIAN_POINT('',(-0.210587036195,-3.99423838904,
    10.257328276328));
#7828 = CARTESIAN_POINT('',(-2.606222105668,-3.497662896072,
    10.212068364461));
#7829 = CARTESIAN_POINT('',(-4.391847932488,-1.445344797717,
    10.166265478737));
#7830 = CARTESIAN_POINT('',(-4.392112177252,1.445341484109,
    10.121230898141));
#7831 = CARTESIAN_POINT('',(-2.606044565833,3.497668316494,
    10.075428012328));
#7832 = CARTESIAN_POINT('',(-0.210661879654,3.994235478422,
    10.030168100559));
#7833 = CARTESIAN_POINT('',(1.750009795076,3.117755773636,9.984646240301
    ));
#7834 = CARTESIAN_POINT('',(2.729368562915,1.559044843918,9.939202344153
    ));
#7835 = CARTESIAN_POINT('',(2.729368137122,4.118878216E-08,
    9.893748447219));
#7836 = CARTESIAN_POINT('',(3.032476048268,-6.5902244E-09,
    10.568750248446));
#7837 = CARTESIAN_POINT('',(3.03247601455,-1.732142276069,
    10.523295625166));
#7838 = CARTESIAN_POINT('',(1.944372523983,-3.464281127529,
    10.477839801795));
#7839 = CARTESIAN_POINT('',(-0.234104305839,-4.436871900033,
    10.432393334149));
#7840 = CARTESIAN_POINT('',(-2.895422418795,-3.888046153374,
    10.386915432533));
#7841 = CARTESIAN_POINT('',(-4.879790743436,-1.603085340585,
    10.341502688155));
#7842 = CARTESIAN_POINT('',(-4.879808349919,1.603085148555,
    10.295997746624));
#7843 = CARTESIAN_POINT('',(-2.895410560037,3.888046531849,
    10.250585002248));
#7844 = CARTESIAN_POINT('',(-0.234109269061,4.436871707387,
    10.205107100629));
#7845 = CARTESIAN_POINT('',(1.944373548315,3.464281157767,
    10.159660632987));
#7846 = CARTESIAN_POINT('',(3.032476057138,1.732142264536,
    10.114204809613));
#7847 = CARTESIAN_POINT('',(3.032476024361,-4.9427266E-09,
    10.068750186334));
#7848 = ADVANCED_FACE('',(#7849),#7853,.T.);
#7849 = FACE_BOUND('',#7850,.T.);
#7850 = EDGE_LOOP('',(#7851,#7852));
#7851 = ORIENTED_EDGE('',*,*,#4561,.T.);
#7852 = ORIENTED_EDGE('',*,*,#5438,.T.);
#7853 = PLANE('',#7854);
#7854 = AXIS2_PLACEMENT_3D('',#7855,#7856,#7857);
#7855 = CARTESIAN_POINT('',(-5.865567799459,2.25,4.));
#7856 = DIRECTION('',(0.,0.,1.));
#7857 = DIRECTION('',(1.,0.,0.));
#7858 = ADVANCED_FACE('',(#7859),#7863,.T.);
#7859 = FACE_BOUND('',#7860,.F.);
#7860 = EDGE_LOOP('',(#7861,#7862));
#7861 = ORIENTED_EDGE('',*,*,#4568,.F.);
#7862 = ORIENTED_EDGE('',*,*,#5402,.T.);
#7863 = PLANE('',#7864);
#7864 = AXIS2_PLACEMENT_3D('',#7865,#7866,#7867);
#7865 = CARTESIAN_POINT('',(-5.865567799459,-2.25,4.));
#7866 = DIRECTION('',(0.,0.,1.));
#7867 = DIRECTION('',(-1.,0.,0.));
#7868 = ADVANCED_FACE('',(#7869),#7879,.T.);
#7869 = FACE_BOUND('',#7870,.T.);
#7870 = EDGE_LOOP('',(#7871,#7872));
#7871 = ORIENTED_EDGE('',*,*,#4625,.T.);
#7872 = ORIENTED_EDGE('',*,*,#7873,.T.);
#7873 = EDGE_CURVE('',#4626,#4618,#7874,.T.);
#7874 = CIRCLE('',#7875,0.5);
#7875 = AXIS2_PLACEMENT_3D('',#7876,#7877,#7878);
#7876 = CARTESIAN_POINT('',(5.775,-2.25,4.));
#7877 = DIRECTION('',(0.,0.,1.));
#7878 = DIRECTION('',(-1.,0.,0.));
#7879 = PLANE('',#7880);
#7880 = AXIS2_PLACEMENT_3D('',#7881,#7882,#7883);
#7881 = CARTESIAN_POINT('',(5.865567799459,-2.25,4.));
#7882 = DIRECTION('',(0.,0.,1.));
#7883 = DIRECTION('',(-1.,0.,0.));
#7884 = ADVANCED_FACE('',(#7885),#7895,.T.);
#7885 = FACE_BOUND('',#7886,.F.);
#7886 = EDGE_LOOP('',(#7887,#7888));
#7887 = ORIENTED_EDGE('',*,*,#4641,.F.);
#7888 = ORIENTED_EDGE('',*,*,#7889,.T.);
#7889 = EDGE_CURVE('',#4634,#4642,#7890,.T.);
#7890 = CIRCLE('',#7891,0.5);
#7891 = AXIS2_PLACEMENT_3D('',#7892,#7893,#7894);
#7892 = CARTESIAN_POINT('',(5.775,2.25,4.));
#7893 = DIRECTION('',(0.,0.,-1.));
#7894 = DIRECTION('',(-1.,-0.,-0.));
#7895 = PLANE('',#7896);
#7896 = AXIS2_PLACEMENT_3D('',#7897,#7898,#7899);
#7897 = CARTESIAN_POINT('',(5.865567799459,2.25,4.));
#7898 = DIRECTION('',(0.,0.,1.));
#7899 = DIRECTION('',(1.,0.,0.));
#7900 = ADVANCED_FACE('',(#7901),#8032,.T.);
#7901 = FACE_BOUND('',#7902,.T.);
#7902 = EDGE_LOOP('',(#7903,#7920,#7921,#7922));
#7903 = ORIENTED_EDGE('',*,*,#7904,.F.);
#7904 = EDGE_CURVE('',#4905,#7905,#7907,.T.);
#7905 = VERTEX_POINT('',#7906);
#7906 = CARTESIAN_POINT('',(1.756008394338,-2.089467010433,
    9.199365836357));
#7907 = B_SPLINE_CURVE_WITH_KNOTS('',11,(#7908,#7909,#7910,#7911,#7912,
    #7913,#7914,#7915,#7916,#7917,#7918,#7919),.UNSPECIFIED.,.F.,.F.,(12
    ,12),(0.,6.303048278758),.PIECEWISE_BEZIER_KNOTS.);
#7908 = CARTESIAN_POINT('',(2.729368256655,2.745920649E-08,
    9.268748964811));
#7909 = CARTESIAN_POINT('',(2.729367523477,-1.559044570481,
    9.223295067883));
#7910 = CARTESIAN_POINT('',(1.749989420111,-3.117754566973,
    9.177851171717));
#7911 = CARTESIAN_POINT('',(-0.210562147921,-3.994238830948,
    9.13232931148));
#7912 = CARTESIAN_POINT('',(-2.606281018939,-3.49766057066,
    9.087069399768));
#7913 = CARTESIAN_POINT('',(-4.391759306293,-1.445345619853,
    9.041266513698));
#7914 = CARTESIAN_POINT('',(-4.392199649181,1.4453402887,8.996231933572)
  );
#7915 = CARTESIAN_POINT('',(-2.60598496807,3.497669718217,8.950429047341
    ));
#7916 = CARTESIAN_POINT('',(-0.210686712363,3.994233989154,8.90516913581
    ));
#7917 = CARTESIAN_POINT('',(1.750014652312,3.117755534227,8.859647275478
    ));
#7918 = CARTESIAN_POINT('',(2.729368400003,1.55904461167,8.814203379332)
  );
#7919 = CARTESIAN_POINT('',(2.729367658986,1.372962356E-08,
    8.768749482405));
#7920 = ORIENTED_EDGE('',*,*,#5018,.T.);
#7921 = ORIENTED_EDGE('',*,*,#4682,.T.);
#7922 = ORIENTED_EDGE('',*,*,#7923,.T.);
#7923 = EDGE_CURVE('',#4685,#7905,#7924,.T.);
#7924 = B_SPLINE_CURVE_WITH_KNOTS('',6,(#7925,#7926,#7927,#7928,#7929,
    #7930,#7931,#7932,#7933,#7934,#7935,#7936,#7937,#7938,#7939,#7940,
    #7941,#7942,#7943,#7944,#7945,#7946,#7947,#7948,#7949,#7950,#7951,
    #7952,#7953,#7954,#7955,#7956,#7957,#7958,#7959,#7960,#7961,#7962,
    #7963,#7964,#7965,#7966,#7967,#7968,#7969,#7970,#7971,#7972,#7973,
    #7974,#7975,#7976,#7977,#7978,#7979,#7980,#7981,#7982,#7983,#7984,
    #7985,#7986,#7987,#7988,#7989,#7990,#7991,#7992,#7993,#7994,#7995,
    #7996,#7997,#7998,#7999,#8000,#8001,#8002,#8003,#8004,#8005,#8006,
    #8007,#8008,#8009,#8010,#8011,#8012,#8013,#8014,#8015,#8016,#8017,
    #8018,#8019,#8020,#8021,#8022,#8023,#8024,#8025,#8026,#8027,#8028,
    #8029,#8030,#8031),.UNSPECIFIED.,.F.,.F.,(7,5,5,5,5,5,5,5,5,5,5,5,5,
    5,5,5,5,5,5,5,5,7),(0.,2.743618294165E-02,3.721073335137E-02,
    5.347538893089E-02,6.649028971238E-02,7.357017693154E-02,
    8.806110995662E-02,0.111389934279,0.136138124255,0.162701577335,
    0.190355779457,0.218334433741,0.246859809724,0.274435027546,
    0.300455460133,0.324403561593,0.344700580976,0.416615584413,
    0.547494879782,0.75436321336,0.927297737427,1.),.UNSPECIFIED.);
#7925 = CARTESIAN_POINT('',(-2.089370986287,-1.75612963774,
    9.199370334507));
#7926 = CARTESIAN_POINT('',(-2.099060333497,-1.7428427292,9.198238611105
    ));
#7927 = CARTESIAN_POINT('',(-2.108197923248,-1.729979105113,
    9.197075001814));
#7928 = CARTESIAN_POINT('',(-2.116719416154,-1.717636310833,
    9.195875749435));
#7929 = CARTESIAN_POINT('',(-2.124510025646,-1.70598570709,
    9.194639184835));
#7930 = CARTESIAN_POINT('',(-2.131411992617,-1.695266456501,
    9.193366165282));
#7931 = CARTESIAN_POINT('',(-2.13930554613,-1.682399643567,
    9.191595354549));
#7932 = CARTESIAN_POINT('',(-2.141241219732,-1.679176976831,
    9.19112619679));
#7933 = CARTESIAN_POINT('',(-2.143029695596,-1.676126114343,
    9.190653320227));
#7934 = CARTESIAN_POINT('',(-2.144661453567,-1.67326209749,
    9.190177154265));
#7935 = CARTESIAN_POINT('',(-2.146126838619,-1.670600404573,
    9.189698276991));
#7936 = CARTESIAN_POINT('',(-2.149561300778,-1.664091092817,
    9.188417270761));
#7937 = CARTESIAN_POINT('',(-2.151219888054,-1.66062748874,
    9.187611333055));
#7938 = CARTESIAN_POINT('',(-2.152346365694,-1.657840740924,
    9.186803609471));
#7939 = CARTESIAN_POINT('',(-2.152902462888,-1.655796422041,
    9.185998895216));
#7940 = CARTESIAN_POINT('',(-2.152866892112,-1.654536054481,
    9.185202646345));
#7941 = CARTESIAN_POINT('',(-2.151747628075,-1.653682825398,
    9.183795265294));
#7942 = CARTESIAN_POINT('',(-2.150874619741,-1.653806945421,
    9.183178705965));
#7943 = CARTESIAN_POINT('',(-2.149628536182,-1.654436293837,
    9.182574171114));
#7944 = CARTESIAN_POINT('',(-2.148021886924,-1.655556407816,
    9.181983955471));
#7945 = CARTESIAN_POINT('',(-2.146074361882,-1.657141086068,
    9.181409755946));
#7946 = CARTESIAN_POINT('',(-2.14257809736,-1.660253557242,
    9.180549787314));
#7947 = CARTESIAN_POINT('',(-2.14125234211,-1.661477916627,
    9.180251866224));
#7948 = CARTESIAN_POINT('',(-2.139836450662,-1.662824665865,
    9.179959169773));
#7949 = CARTESIAN_POINT('',(-2.138334284824,-1.664288241523,
    9.179671804228));
#7950 = CARTESIAN_POINT('',(-2.136749768997,-1.665862886252,
    9.17938982445));
#7951 = CARTESIAN_POINT('',(-2.131683352113,-1.670980743994,
    9.17854711541));
#7952 = CARTESIAN_POINT('',(-2.12795165811,-1.674859183719,
    9.178003632892));
#7953 = CARTESIAN_POINT('',(-2.12392479797,-1.679128423461,
    9.177482732942));
#7954 = CARTESIAN_POINT('',(-2.119634096906,-1.68374041676,
    9.176983819365));
#7955 = CARTESIAN_POINT('',(-2.11510714491,-1.688651901261,
    9.176505942727));
#7956 = CARTESIAN_POINT('',(-2.102732558148,-1.702160132685,
    9.175310735757));
#7957 = CARTESIAN_POINT('',(-2.094546673001,-1.711174144623,
    9.174625400111));
#7958 = CARTESIAN_POINT('',(-2.085897531776,-1.720723570725,
    9.173986986663));
#7959 = CARTESIAN_POINT('',(-2.076854760893,-1.730694281094,
    9.173390957208));
#7960 = CARTESIAN_POINT('',(-2.067468669096,-1.741001490713,
    9.172833153968));
#7961 = CARTESIAN_POINT('',(-2.047482822666,-1.762816723622,
    9.171754443317));
#7962 = CARTESIAN_POINT('',(-2.036847774516,-1.774355434697,
    9.171238046065));
#7963 = CARTESIAN_POINT('',(-2.025907075171,-1.786129586963,
    9.170756130827));
#7964 = CARTESIAN_POINT('',(-2.014692187772,-1.798083527151,
    9.170305218272));
#7965 = CARTESIAN_POINT('',(-2.003226021563,-1.810175781177,
    9.169882451908));
#7966 = CARTESIAN_POINT('',(-1.978964410184,-1.835469554136,
    9.169059019254));
#7967 = CARTESIAN_POINT('',(-1.966134696922,-1.848685774867,
    9.168662304945));
#7968 = CARTESIAN_POINT('',(-1.953056104762,-1.861984295694,
    9.168292121052));
#7969 = CARTESIAN_POINT('',(-1.939745030526,-1.875334311152,
    9.167946055293));
#7970 = CARTESIAN_POINT('',(-1.926214061733,-1.888711854027,
    9.167622130831));
#7971 = CARTESIAN_POINT('',(-1.898166977958,-1.916033433765,
    9.167002640307));
#7972 = CARTESIAN_POINT('',(-1.88363381363,-1.929977610177,
    9.166708800084));
#7973 = CARTESIAN_POINT('',(-1.868884280581,-1.943908454051,
    9.16643517768));
#7974 = CARTESIAN_POINT('',(-1.853927606381,-1.957808185812,
    9.16618020452));
#7975 = CARTESIAN_POINT('',(-1.838771374516,-1.971662256324,
    9.165942566971));
#7976 = CARTESIAN_POINT('',(-1.807892099385,-1.999416537602,
    9.165497057177));
#7977 = CARTESIAN_POINT('',(-1.792164723467,-2.013315119205,
    9.16528956194));
#7978 = CARTESIAN_POINT('',(-1.776246181642,-2.027141704426,
    9.165097469017));
#7979 = CARTESIAN_POINT('',(-1.760142290314,-2.040885345651,
    9.164919762998));
#7980 = CARTESIAN_POINT('',(-1.743858154188,-2.054536653178,
    9.164755569519));
#7981 = CARTESIAN_POINT('',(-1.710616539122,-2.081903735682,
    9.16444978227));
#7982 = CARTESIAN_POINT('',(-1.693652242796,-2.095615363643,
    9.164308679966));
#7983 = CARTESIAN_POINT('',(-1.676510037763,-2.109214217248,
    9.164180061661));
#7984 = CARTESIAN_POINT('',(-1.659194342869,-2.122692704209,
    9.164063227143));
#7985 = CARTESIAN_POINT('',(-1.641709235333,-2.136044101806,
    9.163957562679));
#7986 = CARTESIAN_POINT('',(-1.606995600112,-2.162040715473,
    9.163770684444));
#7987 = CARTESIAN_POINT('',(-1.589777974045,-2.174694560683,
    9.163688767246));
#7988 = CARTESIAN_POINT('',(-1.572408986862,-2.187218739405,
    9.163616308287));
#7989 = CARTESIAN_POINT('',(-1.554891912859,-2.199608337505,
    9.16355287249));
#7990 = CARTESIAN_POINT('',(-1.537229886319,-2.211858879825,
    9.163498070835));
#7991 = CARTESIAN_POINT('',(-1.502625766339,-2.235391121024,
    9.163407672291));
#7992 = CARTESIAN_POINT('',(-1.485699247354,-2.246688470404,
    9.163371164054));
#7993 = CARTESIAN_POINT('',(-1.468648873657,-2.257854963616,
    9.163341745466));
#7994 = CARTESIAN_POINT('',(-1.451477120319,-2.268887410834,
    9.163319150345));
#7995 = CARTESIAN_POINT('',(-1.434186408378,-2.279782847111,
    9.163303136498));
#7996 = CARTESIAN_POINT('',(-1.400758161687,-2.300437608478,
    9.163284603562));
#7997 = CARTESIAN_POINT('',(-1.384638464911,-2.310218295775,
    9.163281110134));
#7998 = CARTESIAN_POINT('',(-1.368421864242,-2.319878449696,
    9.163282834519));
#7999 = CARTESIAN_POINT('',(-1.352110190621,-2.329416040575,
    9.163289617882));
#8000 = CARTESIAN_POINT('',(-1.335705256211,-2.338829153666,
    9.163301313479));
#8001 = CARTESIAN_POINT('',(-1.305227462661,-2.355986971308,
    9.16333174837));
#8002 = CARTESIAN_POINT('',(-1.291180369193,-2.363767241213,
    9.163349141555));
#8003 = CARTESIAN_POINT('',(-1.277068667152,-2.371455700228,
    9.163369883926));
#8004 = CARTESIAN_POINT('',(-1.26289344525,-2.37905129584,9.163393897877
    ));
#8005 = CARTESIAN_POINT('',(-1.248655787739,-2.386553021645,
    9.163421110486));
#8006 = CARTESIAN_POINT('',(-1.183693493613,-2.420203520913,
    9.163558962836));
#8007 = CARTESIAN_POINT('',(-1.132260036753,-2.445256585678,
    9.163705766379));
#8008 = CARTESIAN_POINT('',(-1.080104317517,-2.469076445923,
    9.163888827563));
#8009 = CARTESIAN_POINT('',(-1.027274138904,-2.491626544209,
    9.164105717613));
#8010 = CARTESIAN_POINT('',(-0.973817393563,-2.512875260074,
    9.164354446915));
#8011 = CARTESIAN_POINT('',(-0.821442844965,-2.569046524929,
    9.165140779063));
#8012 = CARTESIAN_POINT('',(-0.721187561892,-2.600895689802,
    9.165748008757));
#8013 = CARTESIAN_POINT('',(-0.619307754214,-2.62817529564,
    9.166444801345));
#8014 = CARTESIAN_POINT('',(-0.516097791193,-2.650759423181,
    9.167223902124));
#8015 = CARTESIAN_POINT('',(-0.411855948517,-2.668556882974,
    9.168079971055));
#8016 = CARTESIAN_POINT('',(-0.14096823717,-2.701970656144,
    9.170476312071));
#8017 = CARTESIAN_POINT('',(2.677874418409E-02,-2.710322532515,
    9.17212537413));
#8018 = CARTESIAN_POINT('',(0.195149475944,-2.706312523775,
    9.173938557212));
#8019 = CARTESIAN_POINT('',(0.362950361784,-2.689891974937,
    9.175905827579));
#8020 = CARTESIAN_POINT('',(0.52899782556,-2.661165732396,9.17802055638)
  );
#8021 = CARTESIAN_POINT('',(0.828495663176,-2.586348047127,
    9.182166603928));
#8022 = CARTESIAN_POINT('',(0.962833984262,-2.543875570063,
    9.184154817381));
#8023 = CARTESIAN_POINT('',(1.094464009823,-2.493159230494,
    9.186241207715));
#8024 = CARTESIAN_POINT('',(1.222739107703,-2.434435472592,
    9.188425056852));
#8025 = CARTESIAN_POINT('',(1.347045449653,-2.368013737524,
    9.190707005503));
#8026 = CARTESIAN_POINT('',(1.517151335444,-2.263275144361,
    9.194090258216));
#8027 = CARTESIAN_POINT('',(1.566695178531,-2.230981730711,
    9.195109291421));
#8028 = CARTESIAN_POINT('',(1.615393172699,-2.197423011944,
    9.196146144862));
#8029 = CARTESIAN_POINT('',(1.66320418627,-2.162629167033,9.197201013881
    ));
#8030 = CARTESIAN_POINT('',(1.710088617452,-2.126632414102,
    9.198274145087));
#8031 = CARTESIAN_POINT('',(1.756008394338,-2.089467010433,
    9.199365836357));
#8032 = ( BOUNDED_SURFACE() B_SPLINE_SURFACE(6,11,(
    (#8033,#8034,#8035,#8036,#8037,#8038,#8039,#8040,#8041,#8042,#8043
      ,#8044)
    ,(#8045,#8046,#8047,#8048,#8049,#8050,#8051,#8052,#8053,#8054,#8055
      ,#8056)
    ,(#8057,#8058,#8059,#8060,#8061,#8062,#8063,#8064,#8065,#8066,#8067
      ,#8068)
    ,(#8069,#8070,#8071,#8072,#8073,#8074,#8075,#8076,#8077,#8078,#8079
      ,#8080)
    ,(#8081,#8082,#8083,#8084,#8085,#8086,#8087,#8088,#8089,#8090,#8091
      ,#8092)
    ,(#8093,#8094,#8095,#8096,#8097,#8098,#8099,#8100,#8101,#8102,#8103
      ,#8104)
    ,(#8105,#8106,#8107,#8108,#8109,#8110,#8111,#8112,#8113,#8114,#8115
,#8116
    )),.UNSPECIFIED.,.F.,.F.,.F.) B_SPLINE_SURFACE_WITH_KNOTS((7,7),(12,
    12),(4.188790204786,6.28318530718),(0.,6.303048278758),
.PIECEWISE_BEZIER_KNOTS.) GEOMETRIC_REPRESENTATION_ITEM() 
RATIONAL_B_SPLINE_SURFACE((
    (1.056590953773,1.056590953773,1.056590953773,1.056590953773
      ,1.056590953773,1.056590953773,1.056590953773,1.056590953773
      ,1.056590953773,1.056590953773,1.056590953773,1.056590953773)
    ,(1.017435169568,1.017435169568,1.017435169568,1.017435169568
      ,1.017435169569,1.017435169568,1.017435169569,1.017435169568
      ,1.017435169568,1.017435169568,1.017435169568,1.017435169568)
    ,(0.996326512422,0.996326512422,0.996326512422,0.996326512422
      ,0.996326512422,0.996326512422,0.996326512422,0.996326512422
      ,0.996326512422,0.996326512422,0.996326512422,0.996326512422)
    ,(0.989390034249,0.989390034249,0.989390034249,0.989390034248
      ,0.989390034249,0.989390034248,0.989390034249,0.989390034248
      ,0.989390034249,0.989390034249,0.989390034249,0.989390034249)
    ,(0.996326512422,0.996326512422,0.996326512422,0.996326512422
      ,0.996326512423,0.996326512422,0.996326512423,0.996326512422
      ,0.996326512422,0.996326512422,0.996326512422,0.996326512422)
    ,(1.017435169568,1.017435169568,1.017435169568,1.017435169568
      ,1.017435169569,1.017435169567,1.017435169569,1.017435169567
      ,1.017435169569,1.017435169568,1.017435169568,1.017435169568)
    ,(1.056590953773,1.056590953773,1.056590953773,1.056590953773
      ,1.056590953773,1.056590953773,1.056590953773,1.056590953773
      ,1.056590953773,1.056590953773,1.056590953773,1.056590953773
))) REPRESENTATION_ITEM('') SURFACE() );
#8033 = CARTESIAN_POINT('',(2.729368256655,2.745920402E-08,
    9.268748964811));
#8034 = CARTESIAN_POINT('',(2.729367523477,-1.559044570481,
    9.223295067883));
#8035 = CARTESIAN_POINT('',(1.749989420111,-3.117754566973,
    9.177851171718));
#8036 = CARTESIAN_POINT('',(-0.210562147921,-3.994238830948,
    9.132329311478));
#8037 = CARTESIAN_POINT('',(-2.606281018939,-3.497660570661,
    9.087069399771));
#8038 = CARTESIAN_POINT('',(-4.391759306293,-1.445345619853,
    9.041266513693));
#8039 = CARTESIAN_POINT('',(-4.39219964918,1.4453402887,8.996231933577)
  );
#8040 = CARTESIAN_POINT('',(-2.605984968071,3.497669718216,
    8.950429047337));
#8041 = CARTESIAN_POINT('',(-0.210686712363,3.994233989154,
    8.905169135813));
#8042 = CARTESIAN_POINT('',(1.750014652312,3.117755534227,8.859647275477
    ));
#8043 = CARTESIAN_POINT('',(2.729368400003,1.55904461167,8.814203379332)
  );
#8044 = CARTESIAN_POINT('',(2.729367658986,1.372962327E-08,
    8.768749482405));
#8045 = CARTESIAN_POINT('',(2.70671255801,2.975792762E-08,9.281829122976
    ));
#8046 = CARTESIAN_POINT('',(2.70671185749,-1.546106455358,9.236375280339
    ));
#8047 = CARTESIAN_POINT('',(1.735461772304,-3.091853638216,9.19093227567
    ));
#8048 = CARTESIAN_POINT('',(-0.208809572116,-3.96115413306,
    9.145404780234));
#8049 = CARTESIAN_POINT('',(-2.584652446271,-3.468481885722,
    9.100161162107));
#8050 = CARTESIAN_POINT('',(-4.355306614196,-1.43355513115,
    9.054329115036));
#8051 = CARTESIAN_POINT('',(-4.355728528569,1.433550014815,
    9.009329691892));
#8052 = CARTESIAN_POINT('',(-2.584368793712,3.46849064546,8.963497644667
    ));
#8053 = CARTESIAN_POINT('',(-0.208928930282,3.961149493524,
    8.918254026714));
#8054 = CARTESIAN_POINT('',(1.735485942462,3.091854568301,8.872726531186
    ));
#8055 = CARTESIAN_POINT('',(2.706712694373,1.546106499995,8.827283526537
    ));
#8056 = CARTESIAN_POINT('',(2.706711985357,1.487898271E-08,8.7818296839)
  );
#8057 = CARTESIAN_POINT('',(2.690746973018,3.137784776E-08,
    9.303967800039));
#8058 = CARTESIAN_POINT('',(2.690746326475,-1.536988907495,
    9.258513995661));
#8059 = CARTESIAN_POINT('',(1.72522459623,-3.07360115679,9.213071619234)
  );
#8060 = CARTESIAN_POINT('',(-0.207577098021,-3.937839097762,
    9.167540152648));
#8061 = CARTESIAN_POINT('',(-2.569404572397,-3.447919725263,
    9.122308016682));
#8062 = CARTESIAN_POINT('',(-4.329627341302,-1.425246211935,
    9.076455419726));
#8063 = CARTESIAN_POINT('',(-4.330018062973,1.425241464673,
    9.031480771858));
#8064 = CARTESIAN_POINT('',(-2.569141900042,3.447927831849,
    8.985628174759));
#8065 = CARTESIAN_POINT('',(-0.2076876394,3.937834800823,8.940396038954)
  );
#8066 = CARTESIAN_POINT('',(1.725246972733,3.073602021779,8.894864572285
    ));
#8067 = CARTESIAN_POINT('',(2.690747098208,1.536988954562,8.849422195875
    ));
#8068 = CARTESIAN_POINT('',(2.690746442706,1.568893881E-08,
    8.803968391498));
#8069 = CARTESIAN_POINT('',(2.68497627299,3.19633599E-08,9.331248795009)
  );
#8070 = CARTESIAN_POINT('',(2.684975692156,-1.533693414994,
    9.285795004459));
#8071 = CARTESIAN_POINT('',(1.721525199437,-3.067003916834,
    9.240352855107));
#8072 = CARTESIAN_POINT('',(-0.207135466884,-3.929411844517,
    9.194819953167));
#8073 = CARTESIAN_POINT('',(-2.563884170174,-3.440487917626,
    9.149591967377));
#8074 = CARTESIAN_POINT('',(-4.320359277705,-1.42224283185,
    9.103731942761));
#8075 = CARTESIAN_POINT('',(-4.320711560209,1.422238542791,
    9.058766249795));
#8076 = CARTESIAN_POINT('',(-2.563647348528,3.44049522137,9.01290622505)
  );
#8077 = CARTESIAN_POINT('',(-0.207235140444,3.929407969915,
    8.967678239406));
#8078 = CARTESIAN_POINT('',(1.721545368078,3.067004700253,8.922145337389
    ));
#8079 = CARTESIAN_POINT('',(2.684976384814,1.53369346294,8.876703188053)
  );
#8080 = CARTESIAN_POINT('',(2.684975794854,1.598169486E-08,
    8.831249397504));
#8081 = CARTESIAN_POINT('',(2.690746764314,3.137785715E-08,
    9.358529834125));
#8082 = CARTESIAN_POINT('',(2.69074624852,-1.536988818106,9.313076029747
    ));
#8083 = CARTESIAN_POINT('',(1.725226702713,-3.073601059975,
    9.267633653327));
#8084 = CARTESIAN_POINT('',(-0.207587955001,-3.937838446776,
    9.222102186695));
#8085 = CARTESIAN_POINT('',(-2.569378573418,-3.447920325671,
    9.176870050857));
#8086 = CARTESIAN_POINT('',(-4.329665529032,-1.425245670857,
    9.131017453685));
#8087 = CARTESIAN_POINT('',(-4.329979371413,1.425241842829,
    9.086042806061));
#8088 = CARTESIAN_POINT('',(-2.569167600244,3.44792682825,9.040190208774
    ));
#8089 = CARTESIAN_POINT('',(-0.207676758167,3.937834994646,
    8.994958073066));
#8090 = CARTESIAN_POINT('',(1.7252446655,3.073601760696,8.949426606366)
  );
#8091 = CARTESIAN_POINT('',(2.690746863106,1.536988865173,8.903984229961
    ));
#8092 = CARTESIAN_POINT('',(2.690746338354,1.568894642E-08,
    8.858530425584));
#8093 = CARTESIAN_POINT('',(2.706712179942,2.975795277E-08,
    9.380668633326));
#8094 = CARTESIAN_POINT('',(2.706711716274,-1.546106293429,
    9.335214790689));
#8095 = CARTESIAN_POINT('',(1.735465588212,-3.091853462836,
    9.289771786035));
#8096 = CARTESIAN_POINT('',(-0.208829239609,-3.961152953793,
    9.244244290513));
#8097 = CARTESIAN_POINT('',(-2.584605348943,-3.468482973366,
    9.199000672618));
#8098 = CARTESIAN_POINT('',(-4.355375791529,-1.433554150984,
    9.153168625157));
#8099 = CARTESIAN_POINT('',(-4.355658438544,1.433550699849,
    9.108169202453));
#8100 = CARTESIAN_POINT('',(-2.584415349804,3.468488827431,
    9.062337154888));
#8101 = CARTESIAN_POINT('',(-0.208909218854,3.961149844637,9.01709353711
    ));
#8102 = CARTESIAN_POINT('',(1.735481762893,3.091854095346,8.971566041528
    ));
#8103 = CARTESIAN_POINT('',(2.706712268485,1.546106338066,8.926123036886
    ));
#8104 = CARTESIAN_POINT('',(2.706711796323,1.487899215E-08,8.88066919425
    ));
#8105 = CARTESIAN_POINT('',(2.729367778521,2.745923783E-08,9.39374896481
    ));
#8106 = CARTESIAN_POINT('',(2.729367344886,-1.559044365693,
    9.348295067883));
#8107 = CARTESIAN_POINT('',(1.749994246,-3.117754345173,9.302851171737)
  );
#8108 = CARTESIAN_POINT('',(-0.210587020937,-3.994237339558,
    9.257329311388));
#8109 = CARTESIAN_POINT('',(-2.606221456057,-3.497661946177,
    9.212069399976));
#8110 = CARTESIAN_POINT('',(-4.391846793235,-1.445344380262,
    9.166266513403));
#8111 = CARTESIAN_POINT('',(-4.392111007979,1.44534115505,9.121231933844
    ));
#8112 = CARTESIAN_POINT('',(-2.606043846462,3.497667418994,
    9.075429047174));
#8113 = CARTESIAN_POINT('',(-0.210661783785,3.994234433201,
    9.030169135872));
#8114 = CARTESIAN_POINT('',(1.75000936651,3.117754936091,8.984647275466)
  );
#8115 = CARTESIAN_POINT('',(2.729367861393,1.559044406882,8.939203379331
    ));
#8116 = CARTESIAN_POINT('',(2.729367419919,1.372963687E-08,
    8.893749482405));
#8117 = ADVANCED_FACE('',(#8118),#8155,.T.);
#8118 = FACE_BOUND('',#8119,.F.);
#8119 = EDGE_LOOP('',(#8120,#8135,#8143,#8150,#8151,#8152,#8153,#8154));
#8120 = ORIENTED_EDGE('',*,*,#8121,.F.);
#8121 = EDGE_CURVE('',#4922,#7905,#8122,.T.);
#8122 = B_SPLINE_CURVE_WITH_KNOTS('',6,(#8123,#8124,#8125,#8126,#8127,
    #8128,#8129,#8130,#8131,#8132,#8133,#8134),.UNSPECIFIED.,.F.,.F.,(7,
    5,7),(0.,0.499690668849,1.),.UNSPECIFIED.);
#8123 = CARTESIAN_POINT('',(2.773354004895,-1.33E-15,9.243354004895));
#8124 = CARTESIAN_POINT('',(2.769713779093,-0.20011449198,9.239713779121
    ));
#8125 = CARTESIAN_POINT('',(2.748742757725,-0.399862123817,
    9.236070163558));
#8126 = CARTESIAN_POINT('',(2.710455980164,-0.597334472511,
    9.232421236475));
#8127 = CARTESIAN_POINT('',(2.655158531614,-0.790669036628,
    9.228767052454));
#8128 = CARTESIAN_POINT('',(2.583397927664,-0.978052289867,
    9.225107638661));
#8129 = CARTESIAN_POINT('',(2.408514370132,-1.337662303868,
    9.217775460891));
#8130 = CARTESIAN_POINT('',(2.30534027931,-1.509895556152,9.214102167467
    ));
#8131 = CARTESIAN_POINT('',(2.187319598433,-1.672696211119,
    9.210424777588));
#8132 = CARTESIAN_POINT('',(2.055530643498,-1.824481163276,
    9.206743101008));
#8133 = CARTESIAN_POINT('',(1.911254895969,-1.96381745975,9.203056646313
    ));
#8134 = CARTESIAN_POINT('',(1.756008394338,-2.089467010433,
    9.199365836357));
#8135 = ORIENTED_EDGE('',*,*,#8136,.T.);
#8136 = EDGE_CURVE('',#4922,#8137,#8139,.T.);
#8137 = VERTEX_POINT('',#8138);
#8138 = CARTESIAN_POINT('',(2.58001,0.,9.05001));
#8139 = LINE('',#8140,#8141);
#8140 = CARTESIAN_POINT('',(3.03,0.,9.5));
#8141 = VECTOR('',#8142,1.);
#8142 = DIRECTION('',(-0.707106781187,0.,-0.707106781187));
#8143 = ORIENTED_EDGE('',*,*,#8144,.T.);
#8144 = EDGE_CURVE('',#8137,#8137,#8145,.T.);
#8145 = CIRCLE('',#8146,2.58001);
#8146 = AXIS2_PLACEMENT_3D('',#8147,#8148,#8149);
#8147 = CARTESIAN_POINT('',(0.,0.,9.05001));
#8148 = DIRECTION('',(0.,0.,-1.));
#8149 = DIRECTION('',(1.,0.,0.));
#8150 = ORIENTED_EDGE('',*,*,#8136,.F.);
#8151 = ORIENTED_EDGE('',*,*,#4928,.T.);
#8152 = ORIENTED_EDGE('',*,*,#4887,.F.);
#8153 = ORIENTED_EDGE('',*,*,#4774,.T.);
#8154 = ORIENTED_EDGE('',*,*,#7923,.T.);
#8155 = CONICAL_SURFACE('',#8156,3.03,0.785398163397);
#8156 = AXIS2_PLACEMENT_3D('',#8157,#8158,#8159);
#8157 = CARTESIAN_POINT('',(0.,0.,9.5));
#8158 = DIRECTION('',(0.,0.,1.));
#8159 = DIRECTION('',(1.,0.,0.));
#8160 = ADVANCED_FACE('',(#8161),#8166,.T.);
#8161 = FACE_BOUND('',#8162,.T.);
#8162 = EDGE_LOOP('',(#8163,#8164,#8165));
#8163 = ORIENTED_EDGE('',*,*,#8121,.F.);
#8164 = ORIENTED_EDGE('',*,*,#4921,.T.);
#8165 = ORIENTED_EDGE('',*,*,#7904,.T.);
#8166 = B_SPLINE_SURFACE_WITH_KNOTS('',1,11,(
    (#8167,#8168,#8169,#8170,#8171,#8172,#8173,#8174,#8175,#8176,#8177
      ,#8178)
    ,(#8179,#8180,#8181,#8182,#8183,#8184,#8185,#8186,#8187,#8188,#8189
      ,#8190
    )),.UNSPECIFIED.,.F.,.F.,.F.,(2,2),(12,12),(0.,0.35),(0.,
    6.303048278758),.PIECEWISE_BEZIER_KNOTS.);
#8167 = CARTESIAN_POINT('',(3.032477817366,-3.29528603E-09,
    9.093750124227));
#8168 = CARTESIAN_POINT('',(3.032476647268,-1.732143023664,
    9.048295500944));
#8169 = CARTESIAN_POINT('',(1.944354158703,-3.464281913596,
    9.002839677497));
#8170 = CARTESIAN_POINT('',(-0.234009779834,-4.436877497749,
    8.957393210277));
#8171 = CARTESIAN_POINT('',(-2.895648707938,-3.888040867982,
    8.911915307527));
#8172 = CARTESIAN_POINT('',(-4.879458214291,-1.603090031442,
    8.866502565035));
#8173 = CARTESIAN_POINT('',(-4.880145111349,1.603081826231,
    8.820997621388));
#8174 = CARTESIAN_POINT('',(-2.895186780696,3.888055204174,
    8.775584878643));
#8175 = CARTESIAN_POINT('',(-0.234203998795,4.436869949929,
    8.730106976178));
#8176 = CARTESIAN_POINT('',(1.944393599941,3.464283378135,8.684660508809
    ));
#8177 = CARTESIAN_POINT('',(3.032478054161,1.732143018721,8.639204685392
    ));
#8178 = CARTESIAN_POINT('',(3.032476885004,-1.64761059E-09,
    8.593750062112));
#8179 = CARTESIAN_POINT('',(2.729368256655,2.745920649E-08,
    9.268748964811));
#8180 = CARTESIAN_POINT('',(2.729367523477,-1.559044570481,
    9.223295067883));
#8181 = CARTESIAN_POINT('',(1.749989420111,-3.117754566973,
    9.177851171717));
#8182 = CARTESIAN_POINT('',(-0.210562147921,-3.994238830948,
    9.13232931148));
#8183 = CARTESIAN_POINT('',(-2.606281018939,-3.49766057066,
    9.087069399768));
#8184 = CARTESIAN_POINT('',(-4.391759306293,-1.445345619853,
    9.041266513698));
#8185 = CARTESIAN_POINT('',(-4.392199649181,1.4453402887,8.996231933572)
  );
#8186 = CARTESIAN_POINT('',(-2.60598496807,3.497669718217,8.950429047341
    ));
#8187 = CARTESIAN_POINT('',(-0.210686712363,3.994233989154,8.90516913581
    ));
#8188 = CARTESIAN_POINT('',(1.750014652312,3.117755534227,8.859647275478
    ));
#8189 = CARTESIAN_POINT('',(2.729368400003,1.55904461167,8.814203379332)
  );
#8190 = CARTESIAN_POINT('',(2.729367658986,1.372962356E-08,
    8.768749482405));
#8191 = ADVANCED_FACE('',(#8192),#8204,.F.);
#8192 = FACE_BOUND('',#8193,.T.);
#8193 = EDGE_LOOP('',(#8194,#8195,#8196,#8197));
#8194 = ORIENTED_EDGE('',*,*,#5174,.T.);
#8195 = ORIENTED_EDGE('',*,*,#5225,.T.);
#8196 = ORIENTED_EDGE('',*,*,#5274,.T.);
#8197 = ORIENTED_EDGE('',*,*,#8198,.T.);
#8198 = EDGE_CURVE('',#5275,#5167,#8199,.T.);
#8199 = CIRCLE('',#8200,0.5);
#8200 = AXIS2_PLACEMENT_3D('',#8201,#8202,#8203);
#8201 = CARTESIAN_POINT('',(5.775,2.25,3.5));
#8202 = DIRECTION('',(0.,0.,-1.));
#8203 = DIRECTION('',(-1.,-0.,-0.));
#8204 = PLANE('',#8205);
#8205 = AXIS2_PLACEMENT_3D('',#8206,#8207,#8208);
#8206 = CARTESIAN_POINT('',(5.865567799459,2.25,3.5));
#8207 = DIRECTION('',(0.,0.,1.));
#8208 = DIRECTION('',(1.,0.,0.));
#8209 = ADVANCED_FACE('',(#8210),#8216,.T.);
#8210 = FACE_BOUND('',#8211,.F.);
#8211 = EDGE_LOOP('',(#8212,#8213,#8214,#8215));
#8212 = ORIENTED_EDGE('',*,*,#5282,.T.);
#8213 = ORIENTED_EDGE('',*,*,#8198,.T.);
#8214 = ORIENTED_EDGE('',*,*,#5166,.F.);
#8215 = ORIENTED_EDGE('',*,*,#7889,.F.);
#8216 = CYLINDRICAL_SURFACE('',#8217,0.5);
#8217 = AXIS2_PLACEMENT_3D('',#8218,#8219,#8220);
#8218 = CARTESIAN_POINT('',(5.775,2.25,4.));
#8219 = DIRECTION('',(0.,0.,1.));
#8220 = DIRECTION('',(-1.,0.,0.));
#8221 = ADVANCED_FACE('',(#8222),#8234,.F.);
#8222 = FACE_BOUND('',#8223,.F.);
#8223 = EDGE_LOOP('',(#8224,#8225,#8226,#8227));
#8224 = ORIENTED_EDGE('',*,*,#5249,.T.);
#8225 = ORIENTED_EDGE('',*,*,#5313,.T.);
#8226 = ORIENTED_EDGE('',*,*,#5346,.T.);
#8227 = ORIENTED_EDGE('',*,*,#8228,.T.);
#8228 = EDGE_CURVE('',#5347,#5242,#8229,.T.);
#8229 = CIRCLE('',#8230,0.5);
#8230 = AXIS2_PLACEMENT_3D('',#8231,#8232,#8233);
#8231 = CARTESIAN_POINT('',(5.775,-2.25,3.5));
#8232 = DIRECTION('',(0.,0.,1.));
#8233 = DIRECTION('',(-1.,0.,0.));
#8234 = PLANE('',#8235);
#8235 = AXIS2_PLACEMENT_3D('',#8236,#8237,#8238);
#8236 = CARTESIAN_POINT('',(5.865567799459,-2.25,3.5));
#8237 = DIRECTION('',(0.,0.,1.));
#8238 = DIRECTION('',(-1.,0.,0.));
#8239 = ADVANCED_FACE('',(#8240),#8246,.T.);
#8240 = FACE_BOUND('',#8241,.T.);
#8241 = EDGE_LOOP('',(#8242,#8243,#8244,#8245));
#8242 = ORIENTED_EDGE('',*,*,#5354,.T.);
#8243 = ORIENTED_EDGE('',*,*,#8228,.T.);
#8244 = ORIENTED_EDGE('',*,*,#5241,.F.);
#8245 = ORIENTED_EDGE('',*,*,#7873,.F.);
#8246 = CYLINDRICAL_SURFACE('',#8247,0.5);
#8247 = AXIS2_PLACEMENT_3D('',#8248,#8249,#8250);
#8248 = CARTESIAN_POINT('',(5.775,-2.25,4.));
#8249 = DIRECTION('',(0.,0.,1.));
#8250 = DIRECTION('',(-1.,0.,0.));
#8251 = ADVANCED_FACE('',(#8252),#8322,.T.);
#8252 = FACE_BOUND('',#8253,.T.);
#8253 = EDGE_LOOP('',(#8254,#8273,#8280,#8315,#8316,#8317));
#8254 = ORIENTED_EDGE('',*,*,#8255,.F.);
#8255 = EDGE_CURVE('',#8256,#8258,#8260,.T.);
#8256 = VERTEX_POINT('',#8257);
#8257 = CARTESIAN_POINT('',(2.729372081814,1.92213015E-07,
    15.393742753745));
#8258 = VERTEX_POINT('',#8259);
#8259 = CARTESIAN_POINT('',(2.7293717232,1.78483639E-07,14.893743271331)
  );
#8260 = ( BOUNDED_CURVE() B_SPLINE_CURVE(11,(#8261,#8262,#8263,#8264,
    #8265,#8266,#8267,#8268,#8269,#8270,#8271,#8272),.UNSPECIFIED.,.F.,
.F.) B_SPLINE_CURVE_WITH_KNOTS((12,12),(0.,6.303048278758),
.PIECEWISE_BEZIER_KNOTS.) CURVE() GEOMETRIC_REPRESENTATION_ITEM() 
RATIONAL_B_SPLINE_CURVE((1.056590953773,1.056590953773,1.056590953773,
    1.056590953773,1.056590953773,1.056590953773,1.056590953773,
    1.056590953773,1.056590953773,1.056590953773,1.056590953773,
1.056590953773)) REPRESENTATION_ITEM('') );
#8261 = CARTESIAN_POINT('',(2.729372081814,1.9221301639E-07,
    15.393742753745));
#8262 = CARTESIAN_POINT('',(2.729371742252,-1.559046658442,
    15.348288856806));
#8263 = CARTESIAN_POINT('',(1.749997193626,-3.117759159216,
    15.302844960494));
#8264 = CARTESIAN_POINT('',(-0.210587112488,-3.994243636554,
    15.257323101208));
#8265 = CARTESIAN_POINT('',(-2.606225353827,-3.497667645647,
    15.212063186711));
#8266 = CARTESIAN_POINT('',(-4.3918536288,-1.44534688497,15.166260305667
    ));
#8267 = CARTESIAN_POINT('',(-4.392118023777,1.445343129348,
    15.121225719441));
#8268 = CARTESIAN_POINT('',(-2.606048162727,3.497672804164,15.0754228383
    ));
#8269 = CARTESIAN_POINT('',(-0.210662359001,3.994240704576,
    15.030162923911));
#8270 = CARTESIAN_POINT('',(1.750011937934,3.117759961452,
    14.984641064569));
#8271 = CARTESIAN_POINT('',(2.729372070601,1.559047029139,
    14.939197168269));
#8272 = CARTESIAN_POINT('',(2.7293717232,1.7848366257E-07,
    14.893743271331));
#8273 = ORIENTED_EDGE('',*,*,#8274,.T.);
#8274 = EDGE_CURVE('',#8256,#8275,#8277,.T.);
#8275 = VERTEX_POINT('',#8276);
#8276 = CARTESIAN_POINT('',(2.860529051845,4.9529582E-08,15.469470948155
    ));
#8277 = B_SPLINE_CURVE_WITH_KNOTS('',1,(#8278,#8279),.UNSPECIFIED.,.F.,
  .F.,(2,2),(0.,0.35),.PIECEWISE_BEZIER_KNOTS.);
#8278 = CARTESIAN_POINT('',(2.729372081814,1.9221304126E-07,
    15.393742753745));
#8279 = CARTESIAN_POINT('',(3.032476287324,-2.306588509E-08,
    15.568750869563));
#8280 = ORIENTED_EDGE('',*,*,#8281,.T.);
#8281 = EDGE_CURVE('',#8275,#5555,#8282,.T.);
#8282 = B_SPLINE_CURVE_WITH_KNOTS('',7,(#8283,#8284,#8285,#8286,#8287,
    #8288,#8289,#8290,#8291,#8292,#8293,#8294,#8295,#8296,#8297,#8298,
    #8299,#8300,#8301,#8302,#8303,#8304,#8305,#8306,#8307,#8308,#8309,
    #8310,#8311,#8312,#8313,#8314),.UNSPECIFIED.,.F.,.F.,(8,6,6,6,6,8),(
    0.,0.246672567708,0.493838340052,0.743378206589,0.871027642771,1.),
  .UNSPECIFIED.);
#8283 = CARTESIAN_POINT('',(2.860529053592,4.4E-16,15.469470946408));
#8284 = CARTESIAN_POINT('',(2.865539983177,-0.284133032929,
    15.464460016747));
#8285 = CARTESIAN_POINT('',(2.837620465522,-0.569062647303,
    15.459452837824));
#8286 = CARTESIAN_POINT('',(2.776673974338,-0.850018418695,
    15.454458294589));
#8287 = CARTESIAN_POINT('',(2.683532981944,-1.122473320242,
    15.449473118325));
#8288 = CARTESIAN_POINT('',(2.559696532489,-1.382153017883,
    15.444495383987));
#8289 = CARTESIAN_POINT('',(2.407328401887,-1.625034232134,
    15.43952379092));
#8290 = CARTESIAN_POINT('',(2.051163449281,-2.070397633459,
    15.429589753975));
#8291 = CARTESIAN_POINT('',(1.847132317069,-2.27296274957,15.42462371716
    ));
#8292 = CARTESIAN_POINT('',(1.620275444511,-2.451499586772,
    15.419666624138));
#8293 = CARTESIAN_POINT('',(1.374068075084,-2.603084803481,
    15.414718275631));
#8294 = CARTESIAN_POINT('',(1.112355111286,-2.725394700253,
    15.409777205819));
#8295 = CARTESIAN_POINT('',(0.839306192746,-2.816721173768,
    15.404842906563));
#8296 = CARTESIAN_POINT('',(0.276978812682,-2.936189726655,
    15.394946474889));
#8297 = CARTESIAN_POINT('',(-1.263806770511E-02,-2.963760456171,
    15.38998097204));
#8298 = CARTESIAN_POINT('',(-0.304692498315,-2.957885719908,
    15.385024733734));
#8299 = CARTESIAN_POINT('',(-0.594590191953,-2.918509357426,
    15.380077008665));
#8300 = CARTESIAN_POINT('',(-0.877832568833,-2.846280897923,
    15.375136065096));
#8301 = CARTESIAN_POINT('',(-1.150061653268,-2.742539205761,
    15.370201567604));
#8302 = CARTESIAN_POINT('',(-1.53863302823,-2.541466884171,
    15.362757374975));
#8303 = CARTESIAN_POINT('',(-1.666196219351,-2.465741893955,
    15.36024006498));
#8304 = CARTESIAN_POINT('',(-1.78928217103,-2.382623825194,
    15.357724838778));
#8305 = CARTESIAN_POINT('',(-1.907383622118,-2.292439657782,
    15.355211686796));
#8306 = CARTESIAN_POINT('',(-2.020025994578,-2.195557691636,
    15.352700557858));
#8307 = CARTESIAN_POINT('',(-2.126768295414,-2.092386353091,
    15.350191436897));
#8308 = CARTESIAN_POINT('',(-2.328680627946,-1.873229867347,
    15.345151426494));
#8309 = CARTESIAN_POINT('',(-2.423724117322,-1.757117720881,
    15.342620458855));
#8310 = CARTESIAN_POINT('',(-2.511915850074,-1.635498438569,
    15.340091619275));
#8311 = CARTESIAN_POINT('',(-2.592882871101,-1.508863773094,
    15.337564878908));
#8312 = CARTESIAN_POINT('',(-2.666298356882,-1.377733879107,
    15.335040164194));
#8313 = CARTESIAN_POINT('',(-2.731882065511,-1.24265583917,
    15.332517440519));
#8314 = CARTESIAN_POINT('',(-2.789400786728,-1.104202189705,
    15.329996795877));
#8315 = ORIENTED_EDGE('',*,*,#5554,.T.);
#8316 = ORIENTED_EDGE('',*,*,#5623,.T.);
#8317 = ORIENTED_EDGE('',*,*,#8318,.F.);
#8318 = EDGE_CURVE('',#8258,#5624,#8319,.T.);
#8319 = B_SPLINE_CURVE_WITH_KNOTS('',1,(#8320,#8321),.UNSPECIFIED.,.F.,
  .F.,(2,2),(0.,0.35),.PIECEWISE_BEZIER_KNOTS.);
#8320 = CARTESIAN_POINT('',(2.7293717232,1.7848366314E-07,
    14.893743271331));
#8321 = CARTESIAN_POINT('',(3.032476263418,-2.141831477E-08,
    15.068750807451));
#8322 = B_SPLINE_SURFACE_WITH_KNOTS('',1,11,(
    (#8323,#8324,#8325,#8326,#8327,#8328,#8329,#8330,#8331,#8332,#8333
      ,#8334)
    ,(#8335,#8336,#8337,#8338,#8339,#8340,#8341,#8342,#8343,#8344,#8345
      ,#8346
    )),.UNSPECIFIED.,.F.,.F.,.F.,(2,2),(12,12),(0.,0.35),(0.,
    6.303048278758),.PIECEWISE_BEZIER_KNOTS.);
#8323 = CARTESIAN_POINT('',(2.729372081814,1.9221301692E-07,
    15.393742753745));
#8324 = CARTESIAN_POINT('',(2.729371742252,-1.559046658442,
    15.348288856806));
#8325 = CARTESIAN_POINT('',(1.749997193626,-3.117759159216,
    15.302844960494));
#8326 = CARTESIAN_POINT('',(-0.210587112489,-3.994243636554,
    15.257323101208));
#8327 = CARTESIAN_POINT('',(-2.606225353825,-3.497667645647,
    15.212063186711));
#8328 = CARTESIAN_POINT('',(-4.391853628803,-1.44534688497,
    15.166260305667));
#8329 = CARTESIAN_POINT('',(-4.392118023774,1.445343129347,
    15.121225719441));
#8330 = CARTESIAN_POINT('',(-2.606048162728,3.497672804165,15.0754228383
    ));
#8331 = CARTESIAN_POINT('',(-0.210662359,3.994240704576,15.030162923911)
  );
#8332 = CARTESIAN_POINT('',(1.750011937933,3.117759961452,
    14.984641064569));
#8333 = CARTESIAN_POINT('',(2.729372070602,1.559047029139,
    14.939197168269));
#8334 = CARTESIAN_POINT('',(2.7293717232,1.7848366314E-07,
    14.893743271331));
#8335 = CARTESIAN_POINT('',(3.032476287324,-2.306591204E-08,
    15.568750869563));
#8336 = CARTESIAN_POINT('',(3.032476244199,-1.732142429063,
    15.523296246285));
#8337 = CARTESIAN_POINT('',(1.944372658467,-3.464281411397,
    15.477840422896));
#8338 = CARTESIAN_POINT('',(-0.234104348537,-4.436872247847,
    15.432393955331));
#8339 = CARTESIAN_POINT('',(-2.895422667884,-3.888046445556,
    15.386916053502));
#8340 = CARTESIAN_POINT('',(-4.879791137172,-1.60308543846,
    15.34150330949));
#8341 = CARTESIAN_POINT('',(-4.879808725654,1.603085299473,
    15.295998367527));
#8342 = CARTESIAN_POINT('',(-2.895410767259,3.88804685546,
    15.250585623508));
#8343 = CARTESIAN_POINT('',(-0.234109263401,4.436872057763,
    15.205107721686));
#8344 = CARTESIAN_POINT('',(1.944373720425,3.464281420502,
    15.159661254117));
#8345 = CARTESIAN_POINT('',(3.032476305602,1.732142384579,15.11420543073
    ));
#8346 = CARTESIAN_POINT('',(3.032476263418,-2.141831477E-08,
    15.068750807451));
#8347 = ADVANCED_FACE('',(#8348),#8375,.T.);
#8348 = FACE_BOUND('',#8349,.T.);
#8349 = EDGE_LOOP('',(#8350,#8367,#8368,#8369,#8370));
#8350 = ORIENTED_EDGE('',*,*,#8351,.F.);
#8351 = EDGE_CURVE('',#8258,#8352,#8354,.T.);
#8352 = VERTEX_POINT('',#8353);
#8353 = CARTESIAN_POINT('',(2.729371364587,1.64754232E-07,
    14.393743788917));
#8354 = ( BOUNDED_CURVE() B_SPLINE_CURVE(11,(#8355,#8356,#8357,#8358,
    #8359,#8360,#8361,#8362,#8363,#8364,#8365,#8366),.UNSPECIFIED.,.F.,
.F.) B_SPLINE_CURVE_WITH_KNOTS((12,12),(0.,6.303048278758),
.PIECEWISE_BEZIER_KNOTS.) CURVE() GEOMETRIC_REPRESENTATION_ITEM() 
RATIONAL_B_SPLINE_CURVE((1.056590953773,1.056590953773,1.056590953773,
    1.056590953773,1.056590953773,1.056590953773,1.056590953773,
    1.056590953773,1.056590953773,1.056590953773,1.056590953773,
1.056590953773)) REPRESENTATION_ITEM('') );
#8355 = CARTESIAN_POINT('',(2.7293717232,1.7848364053E-07,
    14.893743271331));
#8356 = CARTESIAN_POINT('',(2.729371375799,-1.559046467376,
    14.848289374393));
#8357 = CARTESIAN_POINT('',(1.749996947987,-3.117758758039,
    14.802845478094));
#8358 = CARTESIAN_POINT('',(-0.210587104859,-3.994243111796,
    14.757323618721));
#8359 = CARTESIAN_POINT('',(-2.606225029005,-3.497667170684,
    14.71206370448));
#8360 = CARTESIAN_POINT('',(-4.391853059162,-1.44534667624,
    14.666260822975));
#8361 = CARTESIAN_POINT('',(-4.392117439116,1.445342964817,
    14.621226237304));
#8362 = CARTESIAN_POINT('',(-2.606047803033,3.497672355394,
    14.575423355703));
#8363 = CARTESIAN_POINT('',(-0.210662311065,3.994240181952,
    14.530163441572));
#8364 = CARTESIAN_POINT('',(1.750011723644,3.117759542665,14.48464158214
    ));
#8365 = CARTESIAN_POINT('',(2.729371719828,1.559046810614,
    14.439197685854));
#8366 = CARTESIAN_POINT('',(2.729371364587,1.6475433884E-07,
    14.393743788917));
#8367 = ORIENTED_EDGE('',*,*,#8318,.T.);
#8368 = ORIENTED_EDGE('',*,*,#5650,.T.);
#8369 = ORIENTED_EDGE('',*,*,#5717,.T.);
#8370 = ORIENTED_EDGE('',*,*,#8371,.F.);
#8371 = EDGE_CURVE('',#8352,#5718,#8372,.T.);
#8372 = B_SPLINE_CURVE_WITH_KNOTS('',1,(#8373,#8374),.UNSPECIFIED.,.F.,
  .F.,(2,2),(0.,0.35),.PIECEWISE_BEZIER_KNOTS.);
#8373 = CARTESIAN_POINT('',(2.729371364587,1.6475434057E-07,
    14.393743788917));
#8374 = CARTESIAN_POINT('',(3.032476239513,-1.977066595E-08,
    14.568750745339));
#8375 = B_SPLINE_SURFACE_WITH_KNOTS('',1,11,(
    (#8376,#8377,#8378,#8379,#8380,#8381,#8382,#8383,#8384,#8385,#8386
      ,#8387)
    ,(#8388,#8389,#8390,#8391,#8392,#8393,#8394,#8395,#8396,#8397,#8398
      ,#8399
    )),.UNSPECIFIED.,.F.,.F.,.F.,(2,2),(12,12),(0.,0.35),(0.,
    6.303048278758),.PIECEWISE_BEZIER_KNOTS.);
#8376 = CARTESIAN_POINT('',(2.7293717232,1.7848363928E-07,
    14.893743271331));
#8377 = CARTESIAN_POINT('',(2.729371375799,-1.559046467376,
    14.848289374393));
#8378 = CARTESIAN_POINT('',(1.749996947987,-3.117758758039,
    14.802845478094));
#8379 = CARTESIAN_POINT('',(-0.210587104858,-3.994243111795,
    14.757323618721));
#8380 = CARTESIAN_POINT('',(-2.606225029006,-3.497667170684,
    14.712063704479));
#8381 = CARTESIAN_POINT('',(-4.39185305916,-1.445346676239,
    14.666260822976));
#8382 = CARTESIAN_POINT('',(-4.392117439117,1.445342964816,
    14.621226237304));
#8383 = CARTESIAN_POINT('',(-2.606047803033,3.497672355395,
    14.575423355703));
#8384 = CARTESIAN_POINT('',(-0.210662311066,3.994240181951,
    14.530163441571));
#8385 = CARTESIAN_POINT('',(1.750011723644,3.117759542665,
    14.484641582141));
#8386 = CARTESIAN_POINT('',(2.729371719828,1.559046810614,
    14.439197685854));
#8387 = CARTESIAN_POINT('',(2.729371364587,1.6475434057E-07,
    14.393743788917));
#8388 = CARTESIAN_POINT('',(3.032476263418,-2.141833072E-08,
    15.068750807451));
#8389 = CARTESIAN_POINT('',(3.032476221235,-1.732142413764,
    15.023296184173));
#8390 = CARTESIAN_POINT('',(1.944372645019,-3.464281383011,
    14.977840360785));
#8391 = CARTESIAN_POINT('',(-0.234104344266,-4.436872213066,
    14.932393893215));
#8392 = CARTESIAN_POINT('',(-2.895422642977,-3.888046416339,
    14.886915991401));
#8393 = CARTESIAN_POINT('',(-4.879791097797,-1.603085428672,
    14.841503247361));
#8394 = CARTESIAN_POINT('',(-4.879808688084,1.60308528438,
    14.795998305431));
#8395 = CARTESIAN_POINT('',(-2.895410746535,3.888046823101,
    14.750585561385));
#8396 = CARTESIAN_POINT('',(-0.234109263968,4.436872022726,
    14.705107659578));
#8397 = CARTESIAN_POINT('',(1.944373703215,3.464281394229,
    14.659661192005));
#8398 = CARTESIAN_POINT('',(3.032476280756,1.732142372575,
    14.614205368618));
#8399 = CARTESIAN_POINT('',(3.032476239513,-1.977066595E-08,
    14.568750745339));
#8400 = ADVANCED_FACE('',(#8401),#8428,.T.);
#8401 = FACE_BOUND('',#8402,.T.);
#8402 = EDGE_LOOP('',(#8403,#8420,#8421,#8422,#8423));
#8403 = ORIENTED_EDGE('',*,*,#8404,.F.);
#8404 = EDGE_CURVE('',#8352,#8405,#8407,.T.);
#8405 = VERTEX_POINT('',#8406);
#8406 = CARTESIAN_POINT('',(2.729371005976,1.51024819E-07,
    13.893744306504));
#8407 = ( BOUNDED_CURVE() B_SPLINE_CURVE(11,(#8408,#8409,#8410,#8411,
    #8412,#8413,#8414,#8415,#8416,#8417,#8418,#8419),.UNSPECIFIED.,.F.,
.F.) B_SPLINE_CURVE_WITH_KNOTS((12,12),(0.,6.303048278758),
.PIECEWISE_BEZIER_KNOTS.) CURVE() GEOMETRIC_REPRESENTATION_ITEM() 
RATIONAL_B_SPLINE_CURVE((1.056590953773,1.056590953773,1.056590953773,
    1.056590953773,1.056590953773,1.056590953773,1.056590953773,
    1.056590953773,1.056590953773,1.056590953773,1.056590953773,
1.056590953773)) REPRESENTATION_ITEM('') );
#8408 = CARTESIAN_POINT('',(2.729371364587,1.6475423326E-07,
    14.393743788917));
#8409 = CARTESIAN_POINT('',(2.729371009347,-1.559046276311,
    14.348289891979));
#8410 = CARTESIAN_POINT('',(1.749996702348,-3.117758356863,
    14.302845995696));
#8411 = CARTESIAN_POINT('',(-0.210587097229,-3.994242587038,
    14.257324136232));
#8412 = CARTESIAN_POINT('',(-2.606224704186,-3.497666695724,
    14.212064222251));
#8413 = CARTESIAN_POINT('',(-4.391852489524,-1.44534646751,
    14.166261340283));
#8414 = CARTESIAN_POINT('',(-4.392116854457,1.445342800288,
    14.12122675517));
#8415 = CARTESIAN_POINT('',(-2.606047443341,3.497671906625,
    14.075423873105));
#8416 = CARTESIAN_POINT('',(-0.21066226313,3.99423965933,14.030163959234
    ));
#8417 = CARTESIAN_POINT('',(1.750011509356,3.11775912388,13.984642099712
    ));
#8418 = CARTESIAN_POINT('',(2.729371369056,1.55904659209,13.939198203441
    ));
#8419 = CARTESIAN_POINT('',(2.729371005976,1.5102483408E-07,
    13.893744306504));
#8420 = ORIENTED_EDGE('',*,*,#8371,.T.);
#8421 = ORIENTED_EDGE('',*,*,#5744,.T.);
#8422 = ORIENTED_EDGE('',*,*,#5811,.T.);
#8423 = ORIENTED_EDGE('',*,*,#8424,.F.);
#8424 = EDGE_CURVE('',#8405,#5812,#8425,.T.);
#8425 = B_SPLINE_CURVE_WITH_KNOTS('',1,(#8426,#8427),.UNSPECIFIED.,.F.,
  .F.,(2,2),(0.,0.35),.PIECEWISE_BEZIER_KNOTS.);
#8426 = CARTESIAN_POINT('',(2.729371005976,1.5102483606E-07,
    13.893744306504));
#8427 = CARTESIAN_POINT('',(3.032476215608,-1.812318392E-08,
    14.068750683227));
#8428 = B_SPLINE_SURFACE_WITH_KNOTS('',1,11,(
    (#8429,#8430,#8431,#8432,#8433,#8434,#8435,#8436,#8437,#8438,#8439
      ,#8440)
    ,(#8441,#8442,#8443,#8444,#8445,#8446,#8447,#8448,#8449,#8450,#8451
      ,#8452
    )),.UNSPECIFIED.,.F.,.F.,.F.,(2,2),(12,12),(0.,0.35),(0.,
    6.303048278758),.PIECEWISE_BEZIER_KNOTS.);
#8429 = CARTESIAN_POINT('',(2.729371364587,1.6475423248E-07,
    14.393743788917));
#8430 = CARTESIAN_POINT('',(2.729371009347,-1.559046276311,
    14.348289891979));
#8431 = CARTESIAN_POINT('',(1.749996702348,-3.117758356863,
    14.302845995696));
#8432 = CARTESIAN_POINT('',(-0.210587097229,-3.994242587039,
    14.257324136232));
#8433 = CARTESIAN_POINT('',(-2.606224704187,-3.497666695722,
    14.212064222251));
#8434 = CARTESIAN_POINT('',(-4.391852489523,-1.445346467512,
    14.166261340283));
#8435 = CARTESIAN_POINT('',(-4.392116854458,1.44534280029,14.12122675517
    ));
#8436 = CARTESIAN_POINT('',(-2.60604744334,3.497671906623,
    14.075423873106));
#8437 = CARTESIAN_POINT('',(-0.21066226313,3.994239659331,
    14.030163959233));
#8438 = CARTESIAN_POINT('',(1.750011509356,3.117759123879,
    13.984642099712));
#8439 = CARTESIAN_POINT('',(2.729371369056,1.55904659209,13.939198203441
    ));
#8440 = CARTESIAN_POINT('',(2.729371005976,1.5102483606E-07,
    13.893744306504));
#8441 = CARTESIAN_POINT('',(3.032476239513,-1.977076698E-08,
    14.568750745339));
#8442 = CARTESIAN_POINT('',(3.03247619827,-1.732142398465,
    14.523296122061));
#8443 = CARTESIAN_POINT('',(1.944372631571,-3.464281354624,
    14.477840298674));
#8444 = CARTESIAN_POINT('',(-0.234104339997,-4.436872178286,
    14.432393831098));
#8445 = CARTESIAN_POINT('',(-2.895422618067,-3.888046387121,
    14.386915929303));
#8446 = CARTESIAN_POINT('',(-4.879791058427,-1.603085418884,
    14.341503185229));
#8447 = CARTESIAN_POINT('',(-4.879808650507,1.603085269288,
    14.29599824334));
#8448 = CARTESIAN_POINT('',(-2.895410725816,3.88804679074,
    14.250585499259));
#8449 = CARTESIAN_POINT('',(-0.234109264533,4.436871987689,
    14.205107597472));
#8450 = CARTESIAN_POINT('',(1.944373686004,3.464281367955,
    14.159661129891));
#8451 = CARTESIAN_POINT('',(3.03247625591,1.732142360571,14.114205306506
    ));
#8452 = CARTESIAN_POINT('',(3.032476215608,-1.812318392E-08,
    14.068750683227));
#8453 = ADVANCED_FACE('',(#8454),#8481,.T.);
#8454 = FACE_BOUND('',#8455,.T.);
#8455 = EDGE_LOOP('',(#8456,#8473,#8474,#8475,#8476));
#8456 = ORIENTED_EDGE('',*,*,#8457,.F.);
#8457 = EDGE_CURVE('',#8405,#8458,#8460,.T.);
#8458 = VERTEX_POINT('',#8459);
#8459 = CARTESIAN_POINT('',(2.729370647365,1.37295387E-07,
    13.393744824092));
#8460 = ( BOUNDED_CURVE() B_SPLINE_CURVE(11,(#8461,#8462,#8463,#8464,
    #8465,#8466,#8467,#8468,#8469,#8470,#8471,#8472),.UNSPECIFIED.,.F.,
.F.) B_SPLINE_CURVE_WITH_KNOTS((12,12),(0.,6.303048278758),
.PIECEWISE_BEZIER_KNOTS.) CURVE() GEOMETRIC_REPRESENTATION_ITEM() 
RATIONAL_B_SPLINE_CURVE((1.056590953773,1.056590953773,1.056590953773,
    1.056590953773,1.056590953773,1.056590953773,1.056590953773,
    1.056590953773,1.056590953773,1.056590953773,1.056590953773,
1.056590953773)) REPRESENTATION_ITEM('') );
#8461 = CARTESIAN_POINT('',(2.729371005976,1.5102481532E-07,
    13.893744306504));
#8462 = CARTESIAN_POINT('',(2.729370642896,-1.559046085246,
    13.848290409567));
#8463 = CARTESIAN_POINT('',(1.74999645671,-3.117757955689,
    13.802846513298));
#8464 = CARTESIAN_POINT('',(-0.210587089599,-3.994242062283,
    13.757324653745));
#8465 = CARTESIAN_POINT('',(-2.606224379368,-3.497666220762,
    13.712064740022));
#8466 = CARTESIAN_POINT('',(-4.391851919888,-1.445346258785,
    13.666261857592));
#8467 = CARTESIAN_POINT('',(-4.3921162698,1.445342635765,13.621227273036
    ));
#8468 = CARTESIAN_POINT('',(-2.606047083649,3.497671457852,
    13.575424390509));
#8469 = CARTESIAN_POINT('',(-0.210662215195,3.994239136711,
    13.530164476896));
#8470 = CARTESIAN_POINT('',(1.750011295068,3.117758705095,
    13.484642617285));
#8471 = CARTESIAN_POINT('',(2.729371018284,1.559046373566,
    13.439198721028));
#8472 = CARTESIAN_POINT('',(2.729370647365,1.3729531356E-07,
    13.393744824092));
#8473 = ORIENTED_EDGE('',*,*,#8424,.T.);
#8474 = ORIENTED_EDGE('',*,*,#5838,.T.);
#8475 = ORIENTED_EDGE('',*,*,#5905,.T.);
#8476 = ORIENTED_EDGE('',*,*,#8477,.F.);
#8477 = EDGE_CURVE('',#8458,#5906,#8478,.T.);
#8478 = B_SPLINE_CURVE_WITH_KNOTS('',1,(#8479,#8480),.UNSPECIFIED.,.F.,
  .F.,(2,2),(0.,0.35),.PIECEWISE_BEZIER_KNOTS.);
#8479 = CARTESIAN_POINT('',(2.729370647365,1.3729531165E-07,
    13.393744824092));
#8480 = CARTESIAN_POINT('',(3.032476191703,-1.647570429E-08,
    13.568750621115));
#8481 = B_SPLINE_SURFACE_WITH_KNOTS('',1,11,(
    (#8482,#8483,#8484,#8485,#8486,#8487,#8488,#8489,#8490,#8491,#8492
      ,#8493)
    ,(#8494,#8495,#8496,#8497,#8498,#8499,#8500,#8501,#8502,#8503,#8504
      ,#8505
    )),.UNSPECIFIED.,.F.,.F.,.F.,(2,2),(12,12),(0.,0.35),(0.,
    6.303048278758),.PIECEWISE_BEZIER_KNOTS.);
#8482 = CARTESIAN_POINT('',(2.729371005976,1.510248182E-07,
    13.893744306504));
#8483 = CARTESIAN_POINT('',(2.729370642896,-1.559046085246,
    13.848290409567));
#8484 = CARTESIAN_POINT('',(1.74999645671,-3.117757955689,
    13.802846513298));
#8485 = CARTESIAN_POINT('',(-0.210587089598,-3.994242062283,
    13.757324653746));
#8486 = CARTESIAN_POINT('',(-2.606224379369,-3.497666220761,
    13.71206474002));
#8487 = CARTESIAN_POINT('',(-4.391851919887,-1.445346258786,
    13.666261857593));
#8488 = CARTESIAN_POINT('',(-4.392116269801,1.445342635766,
    13.621227273034));
#8489 = CARTESIAN_POINT('',(-2.606047083648,3.497671457852,
    13.57542439051));
#8490 = CARTESIAN_POINT('',(-0.210662215196,3.994239136711,
    13.530164476895));
#8491 = CARTESIAN_POINT('',(1.750011295069,3.117758705095,
    13.484642617285));
#8492 = CARTESIAN_POINT('',(2.729371018284,1.559046373566,
    13.439198721028));
#8493 = CARTESIAN_POINT('',(2.729370647365,1.3729531165E-07,
    13.393744824092));
#8494 = CARTESIAN_POINT('',(3.032476215608,-1.812319676E-08,
    14.068750683227));
#8495 = CARTESIAN_POINT('',(3.032476175306,-1.732142383166,
    14.023296059949));
#8496 = CARTESIAN_POINT('',(1.944372618122,-3.464281326238,
    13.977840236563));
#8497 = CARTESIAN_POINT('',(-0.234104335726,-4.436872143504,
    13.93239376898));
#8498 = CARTESIAN_POINT('',(-2.89542259316,-3.888046357904,
    13.886915867204));
#8499 = CARTESIAN_POINT('',(-4.879791019051,-1.603085409097,
    13.841503123097));
#8500 = CARTESIAN_POINT('',(-4.879808612936,1.603085254198,
    13.795998181248));
#8501 = CARTESIAN_POINT('',(-2.895410705093,3.888046758378,
    13.750585437134));
#8502 = CARTESIAN_POINT('',(-0.2341092651,4.436871952651,13.705107535366
    ));
#8503 = CARTESIAN_POINT('',(1.944373668793,3.464281341683,
    13.659661067778));
#8504 = CARTESIAN_POINT('',(3.032476231064,1.732142348567,
    13.614205244394));
#8505 = CARTESIAN_POINT('',(3.032476191703,-1.647570429E-08,
    13.568750621115));
#8506 = ADVANCED_FACE('',(#8507),#8534,.T.);
#8507 = FACE_BOUND('',#8508,.T.);
#8508 = EDGE_LOOP('',(#8509,#8526,#8527,#8528,#8529));
#8509 = ORIENTED_EDGE('',*,*,#8510,.F.);
#8510 = EDGE_CURVE('',#8458,#8511,#8513,.T.);
#8511 = VERTEX_POINT('',#8512);
#8512 = CARTESIAN_POINT('',(2.729370288755,1.23565932E-07,12.89374534168
    ));
#8513 = ( BOUNDED_CURVE() B_SPLINE_CURVE(11,(#8514,#8515,#8516,#8517,
    #8518,#8519,#8520,#8521,#8522,#8523,#8524,#8525),.UNSPECIFIED.,.F.,
.F.) B_SPLINE_CURVE_WITH_KNOTS((12,12),(0.,6.303048278758),
.PIECEWISE_BEZIER_KNOTS.) CURVE() GEOMETRIC_REPRESENTATION_ITEM() 
RATIONAL_B_SPLINE_CURVE((1.056590953773,1.056590953773,1.056590953773,
    1.056590953773,1.056590953773,1.056590953773,1.056590953773,
    1.056590953773,1.056590953773,1.056590953773,1.056590953773,
1.056590953773)) REPRESENTATION_ITEM('') );
#8514 = CARTESIAN_POINT('',(2.729370647365,1.3729538373E-07,
    13.393744824092));
#8515 = CARTESIAN_POINT('',(2.729370276446,-1.559045894182,
    13.348290927156));
#8516 = CARTESIAN_POINT('',(1.749996211073,-3.117757554515,13.3028470309
    ));
#8517 = CARTESIAN_POINT('',(-0.210587081968,-3.99424153753,
    13.257325171259));
#8518 = CARTESIAN_POINT('',(-2.606224054554,-3.4976657458,
    13.212065257792));
#8519 = CARTESIAN_POINT('',(-4.391851350249,-1.44534605006,
    13.166262374903));
#8520 = CARTESIAN_POINT('',(-4.39211568515,1.44534247124,13.121227790901
    ));
#8521 = CARTESIAN_POINT('',(-2.606046723955,3.497671009084,
    13.075424907915));
#8522 = CARTESIAN_POINT('',(-0.210662167262,3.994238614092,
    13.030164994557));
#8523 = CARTESIAN_POINT('',(1.750011080781,3.117758286312,
    12.984643134859));
#8524 = CARTESIAN_POINT('',(2.729370667514,1.559046155043,
    12.939199238615));
#8525 = CARTESIAN_POINT('',(2.729370288755,1.2356593743E-07,
    12.89374534168));
#8526 = ORIENTED_EDGE('',*,*,#8477,.T.);
#8527 = ORIENTED_EDGE('',*,*,#5932,.T.);
#8528 = ORIENTED_EDGE('',*,*,#5999,.T.);
#8529 = ORIENTED_EDGE('',*,*,#8530,.F.);
#8530 = EDGE_CURVE('',#8511,#6000,#8531,.T.);
#8531 = B_SPLINE_CURVE_WITH_KNOTS('',1,(#8532,#8533),.UNSPECIFIED.,.F.,
  .F.,(2,2),(0.,0.35),.PIECEWISE_BEZIER_KNOTS.);
#8532 = CARTESIAN_POINT('',(2.729370288755,1.2356593345E-07,
    12.89374534168));
#8533 = CARTESIAN_POINT('',(3.032476167797,-1.482805809E-08,
    13.068750559004));
#8534 = B_SPLINE_SURFACE_WITH_KNOTS('',1,11,(
    (#8535,#8536,#8537,#8538,#8539,#8540,#8541,#8542,#8543,#8544,#8545
      ,#8546)
    ,(#8547,#8548,#8549,#8550,#8551,#8552,#8553,#8554,#8555,#8556,#8557
      ,#8558
    )),.UNSPECIFIED.,.F.,.F.,.F.,(2,2),(12,12),(0.,0.35),(0.,
    6.303048278758),.PIECEWISE_BEZIER_KNOTS.);
#8535 = CARTESIAN_POINT('',(2.729370647365,1.3729539026E-07,
    13.393744824092));
#8536 = CARTESIAN_POINT('',(2.729370276446,-1.559045894182,
    13.348290927156));
#8537 = CARTESIAN_POINT('',(1.749996211073,-3.117757554515,13.3028470309
    ));
#8538 = CARTESIAN_POINT('',(-0.210587081969,-3.994241537529,
    13.25732517126));
#8539 = CARTESIAN_POINT('',(-2.606224054553,-3.497665745801,
    13.212065257791));
#8540 = CARTESIAN_POINT('',(-4.39185135025,-1.445346050059,
    13.166262374904));
#8541 = CARTESIAN_POINT('',(-4.392115685149,1.445342471239,13.1212277909
    ));
#8542 = CARTESIAN_POINT('',(-2.606046723955,3.497671009085,
    13.075424907916));
#8543 = CARTESIAN_POINT('',(-0.210662167261,3.994238614091,
    13.030164994557));
#8544 = CARTESIAN_POINT('',(1.750011080781,3.117758286312,
    12.984643134859));
#8545 = CARTESIAN_POINT('',(2.729370667514,1.559046155043,
    12.939199238615));
#8546 = CARTESIAN_POINT('',(2.729370288755,1.2356593345E-07,
    12.89374534168));
#8547 = CARTESIAN_POINT('',(3.032476191703,-1.647562694E-08,
    13.568750621115));
#8548 = CARTESIAN_POINT('',(3.032476152341,-1.732142367866,
    13.523295997837));
#8549 = CARTESIAN_POINT('',(1.944372604673,-3.464281297852,
    13.477840174452));
#8550 = CARTESIAN_POINT('',(-0.234104331455,-4.436872108722,
    13.432393706864));
#8551 = CARTESIAN_POINT('',(-2.895422568255,-3.888046328688,
    13.386915805103));
#8552 = CARTESIAN_POINT('',(-4.879790979673,-1.603085399307,
    13.341503060969));
#8553 = CARTESIAN_POINT('',(-4.879808575367,1.603085239102,
    13.295998119152));
#8554 = CARTESIAN_POINT('',(-2.895410684368,3.88804672602,
    13.250585375012));
#8555 = CARTESIAN_POINT('',(-0.234109265667,4.436871917613,
    13.205107473258));
#8556 = CARTESIAN_POINT('',(1.944373651583,3.46428131541,13.159661005666
    ));
#8557 = CARTESIAN_POINT('',(3.032476206218,1.732142336563,
    13.114205182282));
#8558 = CARTESIAN_POINT('',(3.032476167797,-1.482805809E-08,
    13.068750559004));
#8559 = ADVANCED_FACE('',(#8560),#8587,.T.);
#8560 = FACE_BOUND('',#8561,.T.);
#8561 = EDGE_LOOP('',(#8562,#8579,#8580,#8581,#8582));
#8562 = ORIENTED_EDGE('',*,*,#8563,.F.);
#8563 = EDGE_CURVE('',#8511,#8564,#8566,.T.);
#8564 = VERTEX_POINT('',#8565);
#8565 = CARTESIAN_POINT('',(2.729369930147,1.09836461E-07,
    12.393745859269));
#8566 = ( BOUNDED_CURVE() B_SPLINE_CURVE(11,(#8567,#8568,#8569,#8570,
    #8571,#8572,#8573,#8574,#8575,#8576,#8577,#8578),.UNSPECIFIED.,.F.,
.F.) B_SPLINE_CURVE_WITH_KNOTS((12,12),(0.,6.303048278758),
.PIECEWISE_BEZIER_KNOTS.) CURVE() GEOMETRIC_REPRESENTATION_ITEM() 
RATIONAL_B_SPLINE_CURVE((1.056590953773,1.056590953773,1.056590953773,
    1.056590953773,1.056590953773,1.056590953773,1.056590953773,
    1.056590953773,1.056590953773,1.056590953773,1.056590953773,
1.056590953773)) REPRESENTATION_ITEM('') );
#8567 = CARTESIAN_POINT('',(2.729370288755,1.2356593448E-07,
    12.89374534168));
#8568 = CARTESIAN_POINT('',(2.729369909997,-1.559045703118,
    12.848291444746));
#8569 = CARTESIAN_POINT('',(1.749995965436,-3.117757153342,
    12.802847548504));
#8570 = CARTESIAN_POINT('',(-0.21058707434,-3.994241012777,
    12.757325688773));
#8571 = CARTESIAN_POINT('',(-2.606223729736,-3.497665270842,
    12.712065775564));
#8572 = CARTESIAN_POINT('',(-4.391850780619,-1.445345841335,
    12.666262892213));
#8573 = CARTESIAN_POINT('',(-4.392115100493,1.445342306716,
    12.621228308768));
#8574 = CARTESIAN_POINT('',(-2.606046364267,3.497670560315,
    12.575425425321));
#8575 = CARTESIAN_POINT('',(-0.210662119326,3.994238091476,
    12.530165512221));
#8576 = CARTESIAN_POINT('',(1.750010866495,3.117757867529,
    12.484643652433));
#8577 = CARTESIAN_POINT('',(2.729370316745,1.559045936521,
    12.439199756203));
#8578 = CARTESIAN_POINT('',(2.729369930147,1.0983651338E-07,
    12.393745859269));
#8579 = ORIENTED_EDGE('',*,*,#8530,.T.);
#8580 = ORIENTED_EDGE('',*,*,#6026,.T.);
#8581 = ORIENTED_EDGE('',*,*,#6093,.T.);
#8582 = ORIENTED_EDGE('',*,*,#8583,.F.);
#8583 = EDGE_CURVE('',#8564,#6094,#8584,.T.);
#8584 = B_SPLINE_CURVE_WITH_KNOTS('',1,(#8585,#8586),.UNSPECIFIED.,.F.,
  .F.,(2,2),(0.,0.35),.PIECEWISE_BEZIER_KNOTS.);
#8585 = CARTESIAN_POINT('',(2.729369930147,1.098365147E-07,
    12.393745859269));
#8586 = CARTESIAN_POINT('',(3.032476143891,-1.318041884E-08,
    12.568750496892));
#8587 = B_SPLINE_SURFACE_WITH_KNOTS('',1,11,(
    (#8588,#8589,#8590,#8591,#8592,#8593,#8594,#8595,#8596,#8597,#8598
      ,#8599)
    ,(#8600,#8601,#8602,#8603,#8604,#8605,#8606,#8607,#8608,#8609,#8610
      ,#8611
    )),.UNSPECIFIED.,.F.,.F.,.F.,(2,2),(12,12),(0.,0.35),(0.,
    6.303048278758),.PIECEWISE_BEZIER_KNOTS.);
#8588 = CARTESIAN_POINT('',(2.729370288755,1.2356593421E-07,
    12.89374534168));
#8589 = CARTESIAN_POINT('',(2.729369909997,-1.559045703118,
    12.848291444746));
#8590 = CARTESIAN_POINT('',(1.749995965436,-3.117757153343,
    12.802847548504));
#8591 = CARTESIAN_POINT('',(-0.210587074339,-3.994241012777,
    12.757325688772));
#8592 = CARTESIAN_POINT('',(-2.606223729736,-3.497665270842,
    12.712065775566));
#8593 = CARTESIAN_POINT('',(-4.391850780618,-1.445345841335,
    12.666262892211));
#8594 = CARTESIAN_POINT('',(-4.392115100493,1.445342306716,
    12.621228308771));
#8595 = CARTESIAN_POINT('',(-2.606046364266,3.497670560316,
    12.575425425319));
#8596 = CARTESIAN_POINT('',(-0.210662119326,3.994238091475,
    12.530165512222));
#8597 = CARTESIAN_POINT('',(1.750010866495,3.117757867529,
    12.484643652433));
#8598 = CARTESIAN_POINT('',(2.729370316744,1.559045936521,
    12.439199756203));
#8599 = CARTESIAN_POINT('',(2.729369930147,1.098365147E-07,
    12.393745859269));
#8600 = CARTESIAN_POINT('',(3.032476167797,-1.482805697E-08,
    13.068750559004));
#8601 = CARTESIAN_POINT('',(3.032476129376,-1.732142352567,
    13.023295935725));
#8602 = CARTESIAN_POINT('',(1.944372591224,-3.464281269465,
    12.977840112341));
#8603 = CARTESIAN_POINT('',(-0.234104327184,-4.436872073941,
    12.932393644748));
#8604 = CARTESIAN_POINT('',(-2.895422543346,-3.888046299468,
    12.886915743003));
#8605 = CARTESIAN_POINT('',(-4.8797909403,-1.603085389522,
    12.841502998839));
#8606 = CARTESIAN_POINT('',(-4.879808537793,1.603085224013,
    12.795998057059));
#8607 = CARTESIAN_POINT('',(-2.895410663646,3.888046693657,
    12.750585312888));
#8608 = CARTESIAN_POINT('',(-0.234109266233,4.436871882576,
    12.705107411151));
#8609 = CARTESIAN_POINT('',(1.944373634372,3.464281289136,
    12.659660943553));
#8610 = CARTESIAN_POINT('',(3.032476181371,1.732142324558,12.61420512017
    ));
#8611 = CARTESIAN_POINT('',(3.032476143891,-1.318041884E-08,
    12.568750496892));
#8612 = ADVANCED_FACE('',(#8613),#8640,.T.);
#8613 = FACE_BOUND('',#8614,.T.);
#8614 = EDGE_LOOP('',(#8615,#8632,#8633,#8634,#8635));
#8615 = ORIENTED_EDGE('',*,*,#8616,.F.);
#8616 = EDGE_CURVE('',#8564,#8617,#8619,.T.);
#8617 = VERTEX_POINT('',#8618);
#8618 = CARTESIAN_POINT('',(2.72936957154,9.6106957E-08,11.893746376858)
  );
#8619 = ( BOUNDED_CURVE() B_SPLINE_CURVE(11,(#8620,#8621,#8622,#8623,
    #8624,#8625,#8626,#8627,#8628,#8629,#8630,#8631),.UNSPECIFIED.,.F.,
.F.) B_SPLINE_CURVE_WITH_KNOTS((12,12),(0.,6.303048278758),
.PIECEWISE_BEZIER_KNOTS.) CURVE() GEOMETRIC_REPRESENTATION_ITEM() 
RATIONAL_B_SPLINE_CURVE((1.056590953773,1.056590953773,1.056590953773,
    1.056590953775,1.056590953771,1.056590953776,1.05659095377,
    1.056590953775,1.056590953772,1.056590953774,1.056590953773,
1.056590953773)) REPRESENTATION_ITEM('') );
#8620 = CARTESIAN_POINT('',(2.729369930147,1.098364617E-07,
    12.393745859269));
#8621 = CARTESIAN_POINT('',(2.72936954355,-1.559045512056,
    12.348291962331));
#8622 = CARTESIAN_POINT('',(1.749995719801,-3.117756752173,
    12.302848066113));
#8623 = CARTESIAN_POINT('',(-0.210587066712,-3.994240488024,
    12.257326206278));
#8624 = CARTESIAN_POINT('',(-2.606223404922,-3.497664795888,
    12.212066293348));
#8625 = CARTESIAN_POINT('',(-4.391850210983,-1.445345632615,
    12.166263409511));
#8626 = CARTESIAN_POINT('',(-4.392114515849,1.445342142209,
    12.121228826647));
#8627 = CARTESIAN_POINT('',(-2.606046004575,3.497670111532,
    12.075425942716));
#8628 = CARTESIAN_POINT('',(-0.21066207139,3.994237568871,
    12.030166029891));
#8629 = CARTESIAN_POINT('',(1.750010652209,3.117757448745,
    11.984644170002));
#8630 = CARTESIAN_POINT('',(2.729369965976,1.559045717999,
    11.939200273794));
#8631 = CARTESIAN_POINT('',(2.72936957154,9.610689605E-08,
    11.893746376858));
#8632 = ORIENTED_EDGE('',*,*,#8583,.T.);
#8633 = ORIENTED_EDGE('',*,*,#6120,.T.);
#8634 = ORIENTED_EDGE('',*,*,#6181,.T.);
#8635 = ORIENTED_EDGE('',*,*,#8636,.F.);
#8636 = EDGE_CURVE('',#8617,#6182,#8637,.T.);
#8637 = B_SPLINE_CURVE_WITH_KNOTS('',1,(#8638,#8639),.UNSPECIFIED.,.F.,
  .F.,(2,2),(0.,0.35),.PIECEWISE_BEZIER_KNOTS.);
#8638 = CARTESIAN_POINT('',(2.72936957154,9.610689657E-08,
    11.893746376858));
#8639 = CARTESIAN_POINT('',(3.032476119986,-1.153299521E-08,
    12.06875043478));
#8640 = B_SPLINE_SURFACE_WITH_KNOTS('',1,11,(
    (#8641,#8642,#8643,#8644,#8645,#8646,#8647,#8648,#8649,#8650,#8651
      ,#8652)
    ,(#8653,#8654,#8655,#8656,#8657,#8658,#8659,#8660,#8661,#8662,#8663
      ,#8664
    )),.UNSPECIFIED.,.F.,.F.,.F.,(2,2),(12,12),(0.,0.35),(0.,
    6.303048278758),.PIECEWISE_BEZIER_KNOTS.);
#8641 = CARTESIAN_POINT('',(2.729369930147,1.0983646174E-07,
    12.393745859269));
#8642 = CARTESIAN_POINT('',(2.729369543551,-1.559045512056,
    12.348291962331));
#8643 = CARTESIAN_POINT('',(1.749995719799,-3.117756752171,
    12.302848066115));
#8644 = CARTESIAN_POINT('',(-0.210587066712,-3.994240488029,
    12.257326206272));
#8645 = CARTESIAN_POINT('',(-2.606223404917,-3.49766479588,
    12.212066293357));
#8646 = CARTESIAN_POINT('',(-4.391850210993,-1.445345632619,
    12.166263409501));
#8647 = CARTESIAN_POINT('',(-4.392114515839,1.445342142205,
    12.121228826657));
#8648 = CARTESIAN_POINT('',(-2.606046004579,3.497670111539,
    12.075425942709));
#8649 = CARTESIAN_POINT('',(-0.210662071391,3.994237568867,
    12.030166029895));
#8650 = CARTESIAN_POINT('',(1.75001065221,3.117757448746,11.984644170001
    ));
#8651 = CARTESIAN_POINT('',(2.729369965976,1.559045717999,
    11.939200273794));
#8652 = CARTESIAN_POINT('',(2.72936957154,9.610689657E-08,
    11.893746376858));
#8653 = CARTESIAN_POINT('',(3.032476143891,-1.318046992E-08,
    12.568750496892));
#8654 = CARTESIAN_POINT('',(3.032476106411,-1.732142337268,
    12.523295873613));
#8655 = CARTESIAN_POINT('',(1.944372577778,-3.464281241077,
    12.477840050235));
#8656 = CARTESIAN_POINT('',(-0.234104322921,-4.436872039163,
    12.43239358262));
#8657 = CARTESIAN_POINT('',(-2.895422518427,-3.888046270244,
    12.386915680923));
#8658 = CARTESIAN_POINT('',(-4.879790900939,-1.603085379742,
    12.341502936685));
#8659 = CARTESIAN_POINT('',(-4.879808500209,1.60308520893,
    12.295997994988));
#8660 = CARTESIAN_POINT('',(-2.895410642932,3.88804666129,
    12.250585250748));
#8661 = CARTESIAN_POINT('',(-0.234109266794,4.436871847542,
    12.205107349052));
#8662 = CARTESIAN_POINT('',(1.944373617159,3.464281262861,
    12.159660881438));
#8663 = CARTESIAN_POINT('',(3.032476156525,1.732142312554,
    12.114205058059));
#8664 = CARTESIAN_POINT('',(3.032476119986,-1.153299521E-08,
    12.06875043478));
#8665 = ADVANCED_FACE('',(#8666),#8693,.T.);
#8666 = FACE_BOUND('',#8667,.T.);
#8667 = EDGE_LOOP('',(#8668,#8685,#8686,#8687,#8688));
#8668 = ORIENTED_EDGE('',*,*,#8669,.F.);
#8669 = EDGE_CURVE('',#8617,#8670,#8672,.T.);
#8670 = VERTEX_POINT('',#8671);
#8671 = CARTESIAN_POINT('',(2.729369212935,8.2377422E-08,11.393746894446
    ));
#8672 = ( BOUNDED_CURVE() B_SPLINE_CURVE(11,(#8673,#8674,#8675,#8676,
    #8677,#8678,#8679,#8680,#8681,#8682,#8683,#8684),.UNSPECIFIED.,.F.,
.F.) B_SPLINE_CURVE_WITH_KNOTS((12,12),(0.,6.303048278758),
.PIECEWISE_BEZIER_KNOTS.) CURVE() GEOMETRIC_REPRESENTATION_ITEM() 
RATIONAL_B_SPLINE_CURVE((1.056590953773,1.056590953773,1.056590953773,
    1.056590953775,1.056590953771,1.056590953776,1.05659095377,
    1.056590953775,1.056590953772,1.056590953774,1.056590953773,
1.056590953773)) REPRESENTATION_ITEM('') );
#8673 = CARTESIAN_POINT('',(2.72936957154,9.610696011E-08,
    11.893746376858));
#8674 = CARTESIAN_POINT('',(2.729369177104,-1.559045320994,
    11.84829247992));
#8675 = CARTESIAN_POINT('',(1.749995474166,-3.117756351004,
    11.802848583717));
#8676 = CARTESIAN_POINT('',(-0.210587059083,-3.994239963275,
    11.75732672379));
#8677 = CARTESIAN_POINT('',(-2.606223080108,-3.497664320935,
    11.712066811121));
#8678 = CARTESIAN_POINT('',(-4.391849641356,-1.44534542389,
    11.66626392682));
#8679 = CARTESIAN_POINT('',(-4.3921139312,1.445341977686,11.621229344515
    ));
#8680 = CARTESIAN_POINT('',(-2.606045644888,3.497669662769,
    11.57542646012));
#8681 = CARTESIAN_POINT('',(-0.210662023456,3.994237046259,
    11.530166547555));
#8682 = CARTESIAN_POINT('',(1.750010437925,3.117757029967,
    11.484644687576));
#8683 = CARTESIAN_POINT('',(2.72936961521,1.559045499478,11.439200791382
    ));
#8684 = CARTESIAN_POINT('',(2.729369212935,8.2377418E-08,11.393746894446
    ));
#8685 = ORIENTED_EDGE('',*,*,#8636,.T.);
#8686 = ORIENTED_EDGE('',*,*,#6208,.T.);
#8687 = ORIENTED_EDGE('',*,*,#6275,.T.);
#8688 = ORIENTED_EDGE('',*,*,#8689,.F.);
#8689 = EDGE_CURVE('',#8670,#6276,#8690,.T.);
#8690 = B_SPLINE_CURVE_WITH_KNOTS('',1,(#8691,#8692),.UNSPECIFIED.,.F.,
  .F.,(2,2),(0.,0.35),.PIECEWISE_BEZIER_KNOTS.);
#8691 = CARTESIAN_POINT('',(2.729369212935,8.237741778E-08,
    11.393746894446));
#8692 = CARTESIAN_POINT('',(3.03247609608,-9.88539824E-09,
    11.568750372669));
#8693 = B_SPLINE_SURFACE_WITH_KNOTS('',1,11,(
    (#8694,#8695,#8696,#8697,#8698,#8699,#8700,#8701,#8702,#8703,#8704
      ,#8705)
    ,(#8706,#8707,#8708,#8709,#8710,#8711,#8712,#8713,#8714,#8715,#8716
      ,#8717
    )),.UNSPECIFIED.,.F.,.F.,.F.,(2,2),(12,12),(0.,0.35),(0.,
    6.303048278758),.PIECEWISE_BEZIER_KNOTS.);
#8694 = CARTESIAN_POINT('',(2.72936957154,9.610695808E-08,
    11.893746376858));
#8695 = CARTESIAN_POINT('',(2.729369177105,-1.559045320994,
    11.848292479919));
#8696 = CARTESIAN_POINT('',(1.749995474165,-3.117756351002,
    11.80284858372));
#8697 = CARTESIAN_POINT('',(-0.210587059085,-3.99423996328,
    11.757326723784));
#8698 = CARTESIAN_POINT('',(-2.6062230801,-3.497664320927,
    11.712066811131));
#8699 = CARTESIAN_POINT('',(-4.391849641371,-1.445345423893,
    11.666263926807));
#8700 = CARTESIAN_POINT('',(-4.392113931186,1.445341977681,
    11.621229344527));
#8701 = CARTESIAN_POINT('',(-2.606045644895,3.497669662776,
    11.575426460111));
#8702 = CARTESIAN_POINT('',(-0.210662023455,3.994237046255,
    11.53016654756));
#8703 = CARTESIAN_POINT('',(1.750010437925,3.117757029968,
    11.484644687574));
#8704 = CARTESIAN_POINT('',(2.72936961521,1.559045499478,11.439200791382
    ));
#8705 = CARTESIAN_POINT('',(2.729369212935,8.237741778E-08,
    11.393746894446));
#8706 = CARTESIAN_POINT('',(3.032476119986,-1.153293334E-08,
    12.06875043478));
#8707 = CARTESIAN_POINT('',(3.032476083446,-1.732142321968,
    12.023295811501));
#8708 = CARTESIAN_POINT('',(1.94437256433,-3.46428121269,11.977839988126
    ));
#8709 = CARTESIAN_POINT('',(-0.234104318652,-4.436872004382,
    11.9323935205));
#8710 = CARTESIAN_POINT('',(-2.895422493518,-3.888046241025,
    11.886915618828));
#8711 = CARTESIAN_POINT('',(-4.879790861565,-1.603085369955,
    11.841502874549));
#8712 = CARTESIAN_POINT('',(-4.879808462635,1.603085193839,11.7959979329
    ));
#8713 = CARTESIAN_POINT('',(-2.895410622209,3.888046628928,
    11.750585188621));
#8714 = CARTESIAN_POINT('',(-0.23410926736,4.436871812504,
    11.705107286948));
#8715 = CARTESIAN_POINT('',(1.944373599948,3.464281236588,
    11.659660819324));
#8716 = CARTESIAN_POINT('',(3.032476131679,1.73214230055,11.614204995947
    ));
#8717 = CARTESIAN_POINT('',(3.03247609608,-9.88539824E-09,
    11.568750372669));
#8718 = ADVANCED_FACE('',(#8719),#8746,.T.);
#8719 = FACE_BOUND('',#8720,.T.);
#8720 = EDGE_LOOP('',(#8721,#8738,#8739,#8740,#8741));
#8721 = ORIENTED_EDGE('',*,*,#8722,.F.);
#8722 = EDGE_CURVE('',#8670,#8723,#8725,.T.);
#8723 = VERTEX_POINT('',#8724);
#8724 = CARTESIAN_POINT('',(2.729368854329,6.8647916E-08,10.893747412037
    ));
#8725 = ( BOUNDED_CURVE() B_SPLINE_CURVE(11,(#8726,#8727,#8728,#8729,
    #8730,#8731,#8732,#8733,#8734,#8735,#8736,#8737),.UNSPECIFIED.,.F.,
.F.) B_SPLINE_CURVE_WITH_KNOTS((12,12),(0.,6.303048278758),
.PIECEWISE_BEZIER_KNOTS.) CURVE() GEOMETRIC_REPRESENTATION_ITEM() 
RATIONAL_B_SPLINE_CURVE((1.056590953773,1.056590953773,1.056590953773,
    1.056590953773,1.056590953773,1.056590953773,1.056590953773,
    1.056590953773,1.056590953773,1.056590953773,1.056590953773,
1.056590953773)) REPRESENTATION_ITEM('') );
#8726 = CARTESIAN_POINT('',(2.729369212935,8.237742349E-08,
    11.393746894446));
#8727 = CARTESIAN_POINT('',(2.729368810658,-1.559045129932,
    11.348292997514));
#8728 = CARTESIAN_POINT('',(1.749995228531,-3.117755949835,
    11.302849101315));
#8729 = CARTESIAN_POINT('',(-0.210587051452,-3.99423943853,
    11.257327241316));
#8730 = CARTESIAN_POINT('',(-2.606222755295,-3.49766384598,
    11.212067328882));
#8731 = CARTESIAN_POINT('',(-4.391849071732,-1.445345215155,
    11.166264444145));
#8732 = CARTESIAN_POINT('',(-4.392113346547,1.445341813141,
    11.121229862371));
#8733 = CARTESIAN_POINT('',(-2.606045285203,3.497669214027,
    11.075426977537));
#8734 = CARTESIAN_POINT('',(-0.210661975522,3.994236523636,
    11.030167065212));
#8735 = CARTESIAN_POINT('',(1.75001022364,3.117756611191,10.984645205156
    ));
#8736 = CARTESIAN_POINT('',(2.729369264445,1.559045280958,
    10.939201308969));
#8737 = CARTESIAN_POINT('',(2.729368854329,6.864788982E-08,
    10.893747412037));
#8738 = ORIENTED_EDGE('',*,*,#8689,.T.);
#8739 = ORIENTED_EDGE('',*,*,#6302,.T.);
#8740 = ORIENTED_EDGE('',*,*,#6369,.T.);
#8741 = ORIENTED_EDGE('',*,*,#8742,.F.);
#8742 = EDGE_CURVE('',#8723,#6370,#8743,.T.);
#8743 = B_SPLINE_CURVE_WITH_KNOTS('',1,(#8744,#8745),.UNSPECIFIED.,.F.,
  .F.,(2,2),(0.,0.35),.PIECEWISE_BEZIER_KNOTS.);
#8744 = CARTESIAN_POINT('',(2.729368854329,6.864788613E-08,
    10.893747412037));
#8745 = CARTESIAN_POINT('',(3.032476072174,-8.23783841E-09,
    11.068750310557));
#8746 = B_SPLINE_SURFACE_WITH_KNOTS('',1,11,(
    (#8747,#8748,#8749,#8750,#8751,#8752,#8753,#8754,#8755,#8756,#8757
      ,#8758)
    ,(#8759,#8760,#8761,#8762,#8763,#8764,#8765,#8766,#8767,#8768,#8769
      ,#8770
    )),.UNSPECIFIED.,.F.,.F.,.F.,(2,2),(12,12),(0.,0.35),(0.,
    6.303048278758),.PIECEWISE_BEZIER_KNOTS.);
#8747 = CARTESIAN_POINT('',(2.729369212935,8.237742465E-08,
    11.393746894446));
#8748 = CARTESIAN_POINT('',(2.729368810658,-1.559045129932,
    11.348292997514));
#8749 = CARTESIAN_POINT('',(1.749995228531,-3.117755949835,
    11.302849101314));
#8750 = CARTESIAN_POINT('',(-0.210587051451,-3.99423943853,
    11.257327241318));
#8751 = CARTESIAN_POINT('',(-2.606222755297,-3.497663845981,
    11.212067328879));
#8752 = CARTESIAN_POINT('',(-4.391849071731,-1.445345215154,
    11.166264444149));
#8753 = CARTESIAN_POINT('',(-4.392113346549,1.445341813139,
    11.121229862367));
#8754 = CARTESIAN_POINT('',(-2.606045285201,3.497669214029,
    11.07542697754));
#8755 = CARTESIAN_POINT('',(-0.210661975523,3.994236523634,
    11.03016706521));
#8756 = CARTESIAN_POINT('',(1.750010223641,3.117756611192,
    10.984645205157));
#8757 = CARTESIAN_POINT('',(2.729369264445,1.559045280958,
    10.939201308969));
#8758 = CARTESIAN_POINT('',(2.729368854329,6.864788613E-08,
    10.893747412037));
#8759 = CARTESIAN_POINT('',(3.03247609608,-9.88539482E-09,
    11.568750372669));
#8760 = CARTESIAN_POINT('',(3.032476060481,-1.732142306668,
    11.523295749391));
#8761 = CARTESIAN_POINT('',(1.944372550879,-3.464281184305,
    11.477839926009));
#8762 = CARTESIAN_POINT('',(-0.234104314375,-4.436871969594,
    11.432393458399));
#8763 = CARTESIAN_POINT('',(-2.89542246862,-3.888046211819,
    11.386915556702));
#8764 = CARTESIAN_POINT('',(-4.879790822178,-1.603085360151,
    11.341502812452));
#8765 = CARTESIAN_POINT('',(-4.879808425073,1.60308517873,
    11.295997870777));
#8766 = CARTESIAN_POINT('',(-2.895410601479,3.888046596578,
    11.250585126519));
#8767 = CARTESIAN_POINT('',(-0.234109267931,4.436871777461,
    11.20510722483));
#8768 = CARTESIAN_POINT('',(1.944373582739,3.464281210316,
    11.159660757216));
#8769 = CARTESIAN_POINT('',(3.032476106832,1.732142288545,
    11.114204933835));
#8770 = CARTESIAN_POINT('',(3.032476072174,-8.23783841E-09,
    11.068750310557));
#8771 = ADVANCED_FACE('',(#8772),#8793,.T.);
#8772 = FACE_BOUND('',#8773,.T.);
#8773 = EDGE_LOOP('',(#8774,#8789,#8790,#8791,#8792));
#8774 = ORIENTED_EDGE('',*,*,#8775,.F.);
#8775 = EDGE_CURVE('',#8723,#7699,#8776,.T.);
#8776 = ( BOUNDED_CURVE() B_SPLINE_CURVE(11,(#8777,#8778,#8779,#8780,
    #8781,#8782,#8783,#8784,#8785,#8786,#8787,#8788),.UNSPECIFIED.,.F.,
.F.) B_SPLINE_CURVE_WITH_KNOTS((12,12),(0.,6.303048278758),
.PIECEWISE_BEZIER_KNOTS.) CURVE() GEOMETRIC_REPRESENTATION_ITEM() 
RATIONAL_B_SPLINE_CURVE((1.056590953773,1.056590953773,1.056590953773,
    1.056590953773,1.056590953773,1.056590953773,1.056590953773,
    1.056590953773,1.056590953773,1.056590953773,1.056590953773,
1.056590953773)) REPRESENTATION_ITEM('') );
#8777 = CARTESIAN_POINT('',(2.729368854329,6.864791718E-08,
    10.893747412037));
#8778 = CARTESIAN_POINT('',(2.729368444213,-1.559044938871,
    10.848293515106));
#8779 = CARTESIAN_POINT('',(1.749994982896,-3.117755548667,
    10.802849618921));
#8780 = CARTESIAN_POINT('',(-0.210587043822,-3.994238913783,
    10.757327758833));
#8781 = CARTESIAN_POINT('',(-2.606222430486,-3.497663371029,
    10.712067846657));
#8782 = CARTESIAN_POINT('',(-4.391848502101,-1.445345006428,
    10.666264961458));
#8783 = CARTESIAN_POINT('',(-4.392112761905,1.445341648614,
    10.621230380241));
#8784 = CARTESIAN_POINT('',(-2.606044925513,3.497668765268,
    10.575427494945));
#8785 = CARTESIAN_POINT('',(-0.210661927589,3.994236001023,
    10.530167582878));
#8786 = CARTESIAN_POINT('',(1.750010009357,3.117756192414,
    10.484645722733));
#8787 = CARTESIAN_POINT('',(2.729368913679,1.559045062438,10.43920182656
    ));
#8788 = CARTESIAN_POINT('',(2.729368495724,5.491840027E-08,
    10.393747929629));
#8789 = ORIENTED_EDGE('',*,*,#8742,.T.);
#8790 = ORIENTED_EDGE('',*,*,#6396,.T.);
#8791 = ORIENTED_EDGE('',*,*,#6463,.T.);
#8792 = ORIENTED_EDGE('',*,*,#7815,.F.);
#8793 = B_SPLINE_SURFACE_WITH_KNOTS('',1,11,(
    (#8794,#8795,#8796,#8797,#8798,#8799,#8800,#8801,#8802,#8803,#8804
      ,#8805)
    ,(#8806,#8807,#8808,#8809,#8810,#8811,#8812,#8813,#8814,#8815,#8816
      ,#8817
    )),.UNSPECIFIED.,.F.,.F.,.F.,(2,2),(12,12),(0.,0.35),(0.,
    6.303048278758),.PIECEWISE_BEZIER_KNOTS.);
#8794 = CARTESIAN_POINT('',(2.729368854329,6.864790866E-08,
    10.893747412037));
#8795 = CARTESIAN_POINT('',(2.729368444213,-1.559044938871,
    10.848293515106));
#8796 = CARTESIAN_POINT('',(1.749994982896,-3.117755548667,
    10.802849618921));
#8797 = CARTESIAN_POINT('',(-0.210587043821,-3.994238913782,
    10.757327758833));
#8798 = CARTESIAN_POINT('',(-2.606222430486,-3.49766337103,
    10.712067846656));
#8799 = CARTESIAN_POINT('',(-4.391848502101,-1.445345006426,
    10.666264961459));
#8800 = CARTESIAN_POINT('',(-4.392112761905,1.445341648612,
    10.62123038024));
#8801 = CARTESIAN_POINT('',(-2.606044925513,3.49766876527,
    10.575427494946));
#8802 = CARTESIAN_POINT('',(-0.210661927589,3.994236001022,
    10.530167582878));
#8803 = CARTESIAN_POINT('',(1.750010009357,3.117756192414,
    10.484645722733));
#8804 = CARTESIAN_POINT('',(2.729368913679,1.559045062437,10.43920182656
    ));
#8805 = CARTESIAN_POINT('',(2.729368495724,5.491840566E-08,
    10.393747929629));
#8806 = CARTESIAN_POINT('',(3.032476072174,-8.23781211E-09,
    11.068750310557));
#8807 = CARTESIAN_POINT('',(3.032476037516,-1.732142291368,
    11.023295687279));
#8808 = CARTESIAN_POINT('',(1.944372537429,-3.464281155919,
    10.977839863899));
#8809 = CARTESIAN_POINT('',(-0.234104310104,-4.43687193481,
    10.932393396282));
#8810 = CARTESIAN_POINT('',(-2.895422443713,-3.888046182604,
    10.886915494605));
#8811 = CARTESIAN_POINT('',(-4.8797907828,-1.603085350357,10.84150275032
    ));
#8812 = CARTESIAN_POINT('',(-4.879808387503,1.603085163632,
    10.795997808685));
#8813 = CARTESIAN_POINT('',(-2.895410580754,3.88804656422,
    10.750585064394));
#8814 = CARTESIAN_POINT('',(-0.234109268498,4.43687174242,
    10.705107162723));
#8815 = CARTESIAN_POINT('',(1.944373565528,3.464281184042,
    10.659660695103));
#8816 = CARTESIAN_POINT('',(3.032476081985,1.73214227654,10.614204871723
    ));
#8817 = CARTESIAN_POINT('',(3.032476048267,-6.59021484E-09,
    10.568750248446));
#8818 = ADVANCED_FACE('',(#8819),#8846,.T.);
#8819 = FACE_BOUND('',#8820,.T.);
#8820 = EDGE_LOOP('',(#8821,#8822,#8829,#8844,#8845));
#8821 = ORIENTED_EDGE('',*,*,#6673,.F.);
#8822 = ORIENTED_EDGE('',*,*,#8823,.T.);
#8823 = EDGE_CURVE('',#6674,#8824,#8826,.T.);
#8824 = VERTEX_POINT('',#8825);
#8825 = CARTESIAN_POINT('',(2.729370049661,6.8647807E-08,10.768747412043
    ));
#8826 = B_SPLINE_CURVE_WITH_KNOTS('',1,(#8827,#8828),.UNSPECIFIED.,.F.,
  .F.,(2,2),(0.,0.35),.PIECEWISE_BEZIER_KNOTS.);
#8827 = CARTESIAN_POINT('',(3.032480614438,-8.23825332E-09,
    10.593750310579));
#8828 = CARTESIAN_POINT('',(2.729370049661,6.864778134E-08,
    10.768747412043));
#8829 = ORIENTED_EDGE('',*,*,#8830,.T.);
#8830 = EDGE_CURVE('',#8824,#7647,#8831,.T.);
#8831 = B_SPLINE_CURVE_WITH_KNOTS('',11,(#8832,#8833,#8834,#8835,#8836,
    #8837,#8838,#8839,#8840,#8841,#8842,#8843),.UNSPECIFIED.,.F.,.F.,(12
    ,12),(0.,6.303048278758),.PIECEWISE_BEZIER_KNOTS.);
#8832 = CARTESIAN_POINT('',(2.729370049661,6.864780847E-08,
    10.768747412043));
#8833 = CARTESIAN_POINT('',(2.729369340003,-1.559045553234,
    10.723293515109));
#8834 = CARTESIAN_POINT('',(1.749990616917,-3.117756590399,
    10.677849618878));
#8835 = CARTESIAN_POINT('',(-0.210562226369,-3.994241452514,
    10.632327759077));
#8836 = CARTESIAN_POINT('',(-2.606282677854,-3.497662919211,
    10.587067846089));
#8837 = CARTESIAN_POINT('',(-4.391762169416,-1.445346619262,
    10.54126496231));
#8838 = CARTESIAN_POINT('',(-4.392202557358,1.445341155509,
    10.496230379419));
#8839 = CARTESIAN_POINT('',(-2.60598673161,3.497671988186,10.45042749548
    ));
#8840 = CARTESIAN_POINT('',(-0.21068691173,3.99423660432,10.405167582673
    ));
#8841 = CARTESIAN_POINT('',(1.75001575507,3.117757610481,10.359645722778
    ));
#8842 = CARTESIAN_POINT('',(2.729370169487,1.5590456768,10.314201826566)
  );
#8843 = CARTESIAN_POINT('',(2.72936945199,5.491834633E-08,
    10.268747929633));
#8844 = ORIENTED_EDGE('',*,*,#7646,.F.);
#8845 = ORIENTED_EDGE('',*,*,#6646,.F.);
#8846 = B_SPLINE_SURFACE_WITH_KNOTS('',1,11,(
    (#8847,#8848,#8849,#8850,#8851,#8852,#8853,#8854,#8855,#8856,#8857
      ,#8858)
    ,(#8859,#8860,#8861,#8862,#8863,#8864,#8865,#8866,#8867,#8868,#8869
      ,#8870
    )),.UNSPECIFIED.,.F.,.F.,.F.,(2,2),(12,12),(0.,0.35),(0.,
    6.303048278758),.PIECEWISE_BEZIER_KNOTS.);
#8847 = CARTESIAN_POINT('',(3.032480614438,-8.23822598E-09,
    10.593750310579));
#8848 = CARTESIAN_POINT('',(3.03247944152,-1.732144625947,10.54829568729
    ));
#8849 = CARTESIAN_POINT('',(1.944355946707,-3.464285114501,
    10.502839863734));
#8850 = CARTESIAN_POINT('',(-0.234010003782,-4.436881581987,
    10.457393397206));
#8851 = CARTESIAN_POINT('',(-2.895651383716,-3.888044465702,
    10.411915492451));
#8852 = CARTESIAN_POINT('',(-4.879462718588,-1.603091479122,
    10.366502753549));
#8853 = CARTESIAN_POINT('',(-4.880149610233,1.60308328983,
    10.320997805573));
#8854 = CARTESIAN_POINT('',(-2.895189443919,3.888058811311,
    10.275585066418));
#8855 = CARTESIAN_POINT('',(-0.234204208236,4.436874034946,
    10.230107161948));
#8856 = CARTESIAN_POINT('',(1.944395399238,3.464286572697,
    10.184660695272));
#8857 = CARTESIAN_POINT('',(3.032480854054,1.732144611119,
    10.139204871746));
#8858 = CARTESIAN_POINT('',(3.032479682078,-6.59042087E-09,
    10.093750248459));
#8859 = CARTESIAN_POINT('',(2.729370049661,6.864780847E-08,
    10.768747412043));
#8860 = CARTESIAN_POINT('',(2.729369340003,-1.559045553234,
    10.723293515109));
#8861 = CARTESIAN_POINT('',(1.749990616917,-3.117756590399,
    10.677849618878));
#8862 = CARTESIAN_POINT('',(-0.210562226369,-3.994241452514,
    10.632327759077));
#8863 = CARTESIAN_POINT('',(-2.606282677854,-3.497662919211,
    10.587067846089));
#8864 = CARTESIAN_POINT('',(-4.391762169416,-1.445346619262,
    10.54126496231));
#8865 = CARTESIAN_POINT('',(-4.392202557358,1.445341155509,
    10.496230379419));
#8866 = CARTESIAN_POINT('',(-2.60598673161,3.497671988186,10.45042749548
    ));
#8867 = CARTESIAN_POINT('',(-0.21068691173,3.99423660432,10.405167582673
    ));
#8868 = CARTESIAN_POINT('',(1.75001575507,3.117757610481,10.359645722778
    ));
#8869 = CARTESIAN_POINT('',(2.729370169487,1.5590456768,10.314201826566)
  );
#8870 = CARTESIAN_POINT('',(2.72936945199,5.491834633E-08,
    10.268747929633));
#8871 = ADVANCED_FACE('',(#8872),#8899,.T.);
#8872 = FACE_BOUND('',#8873,.T.);
#8873 = EDGE_LOOP('',(#8874,#8875,#8882,#8897,#8898));
#8874 = ORIENTED_EDGE('',*,*,#6762,.F.);
#8875 = ORIENTED_EDGE('',*,*,#8876,.T.);
#8876 = EDGE_CURVE('',#6763,#8877,#8879,.T.);
#8877 = VERTEX_POINT('',#8878);
#8878 = CARTESIAN_POINT('',(2.729370647334,8.2377242E-08,11.268746894454
    ));
#8879 = B_SPLINE_CURVE_WITH_KNOTS('',1,(#8880,#8881),.UNSPECIFIED.,.F.,
  .F.,(2,2),(0.,0.35),.PIECEWISE_BEZIER_KNOTS.);
#8880 = CARTESIAN_POINT('',(3.032481546798,-9.88607827E-09,11.0937503727
    ));
#8881 = CARTESIAN_POINT('',(2.729370647334,8.237724281E-08,
    11.268746894454));
#8882 = ORIENTED_EDGE('',*,*,#8883,.T.);
#8883 = EDGE_CURVE('',#8877,#8824,#8884,.T.);
#8884 = B_SPLINE_CURVE_WITH_KNOTS('',11,(#8885,#8886,#8887,#8888,#8889,
    #8890,#8891,#8892,#8893,#8894,#8895,#8896),.UNSPECIFIED.,.F.,.F.,(12
    ,12),(0.,6.303048278758),.PIECEWISE_BEZIER_KNOTS.);
#8885 = CARTESIAN_POINT('',(2.729370647334,8.237723992E-08,
    11.268746894454));
#8886 = CARTESIAN_POINT('',(2.729369945515,-1.559045880821,
    11.223292997519));
#8887 = CARTESIAN_POINT('',(1.749991015855,-3.117757264879,
    11.177849101264));
#8888 = CARTESIAN_POINT('',(-0.21056225252,-3.994242326375,
    11.132327241612));
#8889 = CARTESIAN_POINT('',(-2.606283230828,-3.497663702065,
    11.087067328194));
#8890 = CARTESIAN_POINT('',(-4.391763123797,-1.445346952401,
    11.041264445184));
#8891 = CARTESIAN_POINT('',(-4.392203526756,1.445341444448,
    10.996229861367));
#8892 = CARTESIAN_POINT('',(-2.605987319461,3.497672744848,
    10.950426978195));
#8893 = CARTESIAN_POINT('',(-0.210686978185,3.994237476045,
    10.90516706496));
#8894 = CARTESIAN_POINT('',(1.750016122658,3.11775830257,10.859645205213
    ));
#8895 = CARTESIAN_POINT('',(2.729370759319,1.559046031846,
    10.814201308977));
#8896 = CARTESIAN_POINT('',(2.729370049661,6.864778134E-08,
    10.768747412043));
#8897 = ORIENTED_EDGE('',*,*,#8823,.F.);
#8898 = ORIENTED_EDGE('',*,*,#6735,.F.);
#8899 = B_SPLINE_SURFACE_WITH_KNOTS('',1,11,(
    (#8900,#8901,#8902,#8903,#8904,#8905,#8906,#8907,#8908,#8909,#8910
      ,#8911)
    ,(#8912,#8913,#8914,#8915,#8916,#8917,#8918,#8919,#8920,#8921,#8922
      ,#8923
    )),.UNSPECIFIED.,.F.,.F.,.F.,(2,2),(12,12),(0.,0.35),(0.,
    6.303048278758),.PIECEWISE_BEZIER_KNOTS.);
#8900 = CARTESIAN_POINT('',(3.032481546798,-9.88607796E-09,11.0937503727
    ));
#8901 = CARTESIAN_POINT('',(3.032480372939,-1.732145160044,
    11.048295749409));
#8902 = CARTESIAN_POINT('',(1.944356542711,-3.464286181471,
    11.002839925816));
#8903 = CARTESIAN_POINT('',(-0.234010078434,-4.436882943406,
    10.95739345952));
#8904 = CARTESIAN_POINT('',(-2.895652275643,-3.888045664939,
    10.911915554095));
#8905 = CARTESIAN_POINT('',(-4.879464220026,-1.603091961689,
    10.866502816392));
#8906 = CARTESIAN_POINT('',(-4.880151109863,1.603083777702,
    10.820997866971));
#8907 = CARTESIAN_POINT('',(-2.895190331664,3.888060013692,
    10.775585129015));
#8908 = CARTESIAN_POINT('',(-0.234204278048,4.436875396621,
    10.730107223875));
#8909 = CARTESIAN_POINT('',(1.944395999004,3.464287637553,10.68466075743
    ));
#8910 = CARTESIAN_POINT('',(3.032481787355,1.73214514192,10.639204933868
    ));
#8911 = CARTESIAN_POINT('',(3.032480614438,-8.23825332E-09,
    10.593750310579));
#8912 = CARTESIAN_POINT('',(2.729370647334,8.237723992E-08,
    11.268746894454));
#8913 = CARTESIAN_POINT('',(2.729369945515,-1.559045880821,
    11.223292997519));
#8914 = CARTESIAN_POINT('',(1.749991015855,-3.117757264879,
    11.177849101264));
#8915 = CARTESIAN_POINT('',(-0.21056225252,-3.994242326375,
    11.132327241612));
#8916 = CARTESIAN_POINT('',(-2.606283230828,-3.497663702065,
    11.087067328194));
#8917 = CARTESIAN_POINT('',(-4.391763123797,-1.445346952401,
    11.041264445184));
#8918 = CARTESIAN_POINT('',(-4.392203526756,1.445341444448,
    10.996229861367));
#8919 = CARTESIAN_POINT('',(-2.605987319461,3.497672744848,
    10.950426978195));
#8920 = CARTESIAN_POINT('',(-0.210686978185,3.994237476045,
    10.90516706496));
#8921 = CARTESIAN_POINT('',(1.750016122658,3.11775830257,10.859645205213
    ));
#8922 = CARTESIAN_POINT('',(2.729370759319,1.559046031846,
    10.814201308977));
#8923 = CARTESIAN_POINT('',(2.729370049661,6.864778134E-08,
    10.768747412043));
#8924 = ADVANCED_FACE('',(#8925),#8952,.T.);
#8925 = FACE_BOUND('',#8926,.T.);
#8926 = EDGE_LOOP('',(#8927,#8928,#8935,#8950,#8951));
#8927 = ORIENTED_EDGE('',*,*,#6851,.F.);
#8928 = ORIENTED_EDGE('',*,*,#8929,.T.);
#8929 = EDGE_CURVE('',#6852,#8930,#8932,.T.);
#8930 = VERTEX_POINT('',#8931);
#8931 = CARTESIAN_POINT('',(2.729371245006,9.6106719E-08,11.768746376869
    ));
#8932 = B_SPLINE_CURVE_WITH_KNOTS('',1,(#8933,#8934),.UNSPECIFIED.,.F.,
  .F.,(2,2),(0.,0.35),.PIECEWISE_BEZIER_KNOTS.);
#8933 = CARTESIAN_POINT('',(3.032482479155,-1.153389976E-08,
    11.593750434823));
#8934 = CARTESIAN_POINT('',(2.729371245006,9.610666103E-08,
    11.768746376869));
#8935 = ORIENTED_EDGE('',*,*,#8936,.T.);
#8936 = EDGE_CURVE('',#8930,#8877,#8937,.T.);
#8937 = B_SPLINE_CURVE_WITH_KNOTS('',11,(#8938,#8939,#8940,#8941,#8942,
    #8943,#8944,#8945,#8946,#8947,#8948,#8949),.UNSPECIFIED.,.F.,.F.,(12
    ,12),(0.,6.303048278758),.PIECEWISE_BEZIER_KNOTS.);
#8938 = CARTESIAN_POINT('',(2.729371245006,9.610672094E-08,
    11.768746376869));
#8939 = CARTESIAN_POINT('',(2.72937055103,-1.559046208408,
    11.723292479926));
#8940 = CARTESIAN_POINT('',(1.749991414791,-3.117757939358,
    11.677848583662));
#8941 = CARTESIAN_POINT('',(-0.210562278671,-3.994243200237,
    11.632326724132));
#8942 = CARTESIAN_POINT('',(-2.606283783799,-3.497664484915,
    11.587066810325));
#8943 = CARTESIAN_POINT('',(-4.391764078185,-1.445347285552,
    11.541263928032));
#8944 = CARTESIAN_POINT('',(-4.392204496148,1.445341733405,
    11.496229343342));
#8945 = CARTESIAN_POINT('',(-2.605987907314,3.497673501493,
    11.450426460893));
#8946 = CARTESIAN_POINT('',(-0.210687044641,3.994238347782,
    11.405166547262));
#8947 = CARTESIAN_POINT('',(1.750016490248,3.117758994657,
    11.359644687642));
#8948 = CARTESIAN_POINT('',(2.72937134915,1.559046386891,11.314200791394
    ));
#8949 = CARTESIAN_POINT('',(2.729370647334,8.237724281E-08,
    11.268746894454));
#8950 = ORIENTED_EDGE('',*,*,#8876,.F.);
#8951 = ORIENTED_EDGE('',*,*,#6824,.F.);
#8952 = B_SPLINE_SURFACE_WITH_KNOTS('',1,11,(
    (#8953,#8954,#8955,#8956,#8957,#8958,#8959,#8960,#8961,#8962,#8963
      ,#8964)
    ,(#8965,#8966,#8967,#8968,#8969,#8970,#8971,#8972,#8973,#8974,#8975
      ,#8976
    )),.UNSPECIFIED.,.F.,.F.,.F.,(2,2),(12,12),(0.,0.35),(0.,
    6.303048278758),.PIECEWISE_BEZIER_KNOTS.);
#8953 = CARTESIAN_POINT('',(3.032482479155,-1.153383186E-08,
    11.593750434823));
#8954 = CARTESIAN_POINT('',(3.032481304362,-1.732145694139,
    11.548295811528));
#8955 = CARTESIAN_POINT('',(1.944357138709,-3.464287248443,
    11.502839987906));
#8956 = CARTESIAN_POINT('',(-0.234010153083,-4.436884304815,
    11.457393521821));
#8957 = CARTESIAN_POINT('',(-2.895653167565,-3.888046864184,
    11.411915615765));
#8958 = CARTESIAN_POINT('',(-4.87946572147,-1.603092444254,
    11.366502879208));
#8959 = CARTESIAN_POINT('',(-4.880152609484,1.603084265584,
    11.320997928397));
#8960 = CARTESIAN_POINT('',(-2.895191219409,3.888061216056,
    11.275585191594));
#8961 = CARTESIAN_POINT('',(-0.234204347862,4.436876758305,
    11.230107285813));
#8962 = CARTESIAN_POINT('',(1.944396598773,3.464288702405,
    11.184660819586));
#8963 = CARTESIAN_POINT('',(3.032482720652,1.732145672719,
    11.139204995992));
#8964 = CARTESIAN_POINT('',(3.032481546798,-9.88607827E-09,11.0937503727
    ));
#8965 = CARTESIAN_POINT('',(2.729371245006,9.610672094E-08,
    11.768746376869));
#8966 = CARTESIAN_POINT('',(2.72937055103,-1.559046208408,
    11.723292479926));
#8967 = CARTESIAN_POINT('',(1.749991414791,-3.117757939358,
    11.677848583662));
#8968 = CARTESIAN_POINT('',(-0.210562278671,-3.994243200237,
    11.632326724132));
#8969 = CARTESIAN_POINT('',(-2.606283783799,-3.497664484915,
    11.587066810325));
#8970 = CARTESIAN_POINT('',(-4.391764078185,-1.445347285552,
    11.541263928032));
#8971 = CARTESIAN_POINT('',(-4.392204496148,1.445341733405,
    11.496229343342));
#8972 = CARTESIAN_POINT('',(-2.605987907314,3.497673501493,
    11.450426460893));
#8973 = CARTESIAN_POINT('',(-0.210687044641,3.994238347782,
    11.405166547262));
#8974 = CARTESIAN_POINT('',(1.750016490248,3.117758994657,
    11.359644687642));
#8975 = CARTESIAN_POINT('',(2.72937134915,1.559046386891,11.314200791394
    ));
#8976 = CARTESIAN_POINT('',(2.729370647334,8.237724281E-08,
    11.268746894454));
#8977 = ADVANCED_FACE('',(#8978),#9005,.T.);
#8978 = FACE_BOUND('',#8979,.T.);
#8979 = EDGE_LOOP('',(#8980,#8981,#8988,#9003,#9004));
#8980 = ORIENTED_EDGE('',*,*,#6940,.F.);
#8981 = ORIENTED_EDGE('',*,*,#8982,.T.);
#8982 = EDGE_CURVE('',#6941,#8983,#8985,.T.);
#8983 = VERTEX_POINT('',#8984);
#8984 = CARTESIAN_POINT('',(2.729371842678,1.0983615E-07,12.268745859284
    ));
#8985 = B_SPLINE_CURVE_WITH_KNOTS('',1,(#8986,#8987),.UNSPECIFIED.,.F.,
  .F.,(2,2),(0.,0.35),.PIECEWISE_BEZIER_KNOTS.);
#8986 = CARTESIAN_POINT('',(3.032483411512,-1.318160734E-08,
    12.093750496947));
#8987 = CARTESIAN_POINT('',(2.729371842678,1.0983620261E-07,
    12.268745859284));
#8988 = ORIENTED_EDGE('',*,*,#8989,.T.);
#8989 = EDGE_CURVE('',#8983,#8930,#8990,.T.);
#8990 = B_SPLINE_CURVE_WITH_KNOTS('',11,(#8991,#8992,#8993,#8994,#8995,
    #8996,#8997,#8998,#8999,#9000,#9001,#9002),.UNSPECIFIED.,.F.,.F.,(12
    ,12),(0.,6.303048278758),.PIECEWISE_BEZIER_KNOTS.);
#8991 = CARTESIAN_POINT('',(2.729371842678,1.0983614982E-07,
    12.268745859284));
#8992 = CARTESIAN_POINT('',(2.729371156542,-1.559046535995,
    12.223291962341));
#8993 = CARTESIAN_POINT('',(1.749991813729,-3.117758613837,
    12.177848066051));
#8994 = CARTESIAN_POINT('',(-0.21056230482,-3.9942440741,12.132326206672
    ));
#8995 = CARTESIAN_POINT('',(-2.606284336776,-3.497665267767,
    12.087066292432));
#8996 = CARTESIAN_POINT('',(-4.391765032562,-1.445347618692,
    12.041263410914));
#8997 = CARTESIAN_POINT('',(-4.39220546555,1.445342022343,
    11.996228825291));
#8998 = CARTESIAN_POINT('',(-2.605988495162,3.497674258156,
    11.950425943615));
#8999 = CARTESIAN_POINT('',(-0.210687111097,3.994239219508,
    11.905166029551));
#9000 = CARTESIAN_POINT('',(1.750016857836,3.117759686745,
    11.859644170082));
#9001 = CARTESIAN_POINT('',(2.729371938983,1.559046741937,
    11.814200273809));
#9002 = CARTESIAN_POINT('',(2.729371245006,9.610666103E-08,
    11.768746376869));
#9003 = ORIENTED_EDGE('',*,*,#8929,.F.);
#9004 = ORIENTED_EDGE('',*,*,#6913,.F.);
#9005 = B_SPLINE_SURFACE_WITH_KNOTS('',1,11,(
    (#9006,#9007,#9008,#9009,#9010,#9011,#9012,#9013,#9014,#9015,#9016
      ,#9017)
    ,(#9018,#9019,#9020,#9021,#9022,#9023,#9024,#9025,#9026,#9027,#9028
      ,#9029
    )),.UNSPECIFIED.,.F.,.F.,.F.,(2,2),(12,12),(0.,0.35),(0.,
    6.303048278758),.PIECEWISE_BEZIER_KNOTS.);
#9006 = CARTESIAN_POINT('',(3.032483411512,-1.318165336E-08,
    12.093750496947));
#9007 = CARTESIAN_POINT('',(3.032482235777,-1.732146228234,
    12.048295873651));
#9008 = CARTESIAN_POINT('',(1.944357734711,-3.464288315409,
    12.002840049991));
#9009 = CARTESIAN_POINT('',(-0.234010227734,-4.43688566623,
    11.95739358414));
#9010 = CARTESIAN_POINT('',(-2.895654059489,-3.888048063418,
    11.91191567741));
#9011 = CARTESIAN_POINT('',(-4.8794672229,-1.603092926816,
    11.866502942057));
#9012 = CARTESIAN_POINT('',(-4.880154109111,1.60308475345,
    11.820997989796));
#9013 = CARTESIAN_POINT('',(-2.895192107149,3.888062418436,
    11.775585254195));
#9014 = CARTESIAN_POINT('',(-0.234204417674,4.436878119974,
    11.730107347743));
#9015 = CARTESIAN_POINT('',(1.944397198536,3.464289767258,
    11.684660881748));
#9016 = CARTESIAN_POINT('',(3.03248365395,1.732146203518,11.639205058117
    ));
#9017 = CARTESIAN_POINT('',(3.032482479155,-1.153389976E-08,
    11.593750434823));
#9018 = CARTESIAN_POINT('',(2.729371842678,1.0983614982E-07,
    12.268745859284));
#9019 = CARTESIAN_POINT('',(2.729371156542,-1.559046535995,
    12.223291962341));
#9020 = CARTESIAN_POINT('',(1.749991813729,-3.117758613837,
    12.177848066051));
#9021 = CARTESIAN_POINT('',(-0.21056230482,-3.9942440741,12.132326206672
    ));
#9022 = CARTESIAN_POINT('',(-2.606284336776,-3.497665267767,
    12.087066292432));
#9023 = CARTESIAN_POINT('',(-4.391765032562,-1.445347618692,
    12.041263410914));
#9024 = CARTESIAN_POINT('',(-4.39220546555,1.445342022343,
    11.996228825291));
#9025 = CARTESIAN_POINT('',(-2.605988495162,3.497674258156,
    11.950425943615));
#9026 = CARTESIAN_POINT('',(-0.210687111097,3.994239219508,
    11.905166029551));
#9027 = CARTESIAN_POINT('',(1.750016857836,3.117759686745,
    11.859644170082));
#9028 = CARTESIAN_POINT('',(2.729371938983,1.559046741937,
    11.814200273809));
#9029 = CARTESIAN_POINT('',(2.729371245006,9.610666103E-08,
    11.768746376869));
#9030 = ADVANCED_FACE('',(#9031),#9058,.T.);
#9031 = FACE_BOUND('',#9032,.T.);
#9032 = EDGE_LOOP('',(#9033,#9034,#9041,#9056,#9057));
#9033 = ORIENTED_EDGE('',*,*,#7029,.F.);
#9034 = ORIENTED_EDGE('',*,*,#9035,.T.);
#9035 = EDGE_CURVE('',#7030,#9036,#9038,.T.);
#9036 = VERTEX_POINT('',#9037);
#9037 = CARTESIAN_POINT('',(2.729372440354,1.23565516E-07,
    12.768745341699));
#9038 = B_SPLINE_CURVE_WITH_KNOTS('',1,(#9039,#9040),.UNSPECIFIED.,.F.,
  .F.,(2,2),(0.,0.35),.PIECEWISE_BEZIER_KNOTS.);
#9039 = CARTESIAN_POINT('',(3.032484343872,-1.482963754E-08,
    12.593750559074));
#9040 = CARTESIAN_POINT('',(2.729372440354,1.2356551707E-07,
    12.768745341699));
#9041 = ORIENTED_EDGE('',*,*,#9042,.T.);
#9042 = EDGE_CURVE('',#9036,#8983,#9043,.T.);
#9043 = B_SPLINE_CURVE_WITH_KNOTS('',11,(#9044,#9045,#9046,#9047,#9048,
    #9049,#9050,#9051,#9052,#9053,#9054,#9055),.UNSPECIFIED.,.F.,.F.,(12
    ,12),(0.,6.303048278758),.PIECEWISE_BEZIER_KNOTS.);
#9044 = CARTESIAN_POINT('',(2.729372440354,1.2356551376E-07,
    12.768745341699));
#9045 = CARTESIAN_POINT('',(2.729371762053,-1.559046863582,
    12.723291444759));
#9046 = CARTESIAN_POINT('',(1.749992212671,-3.117759288319,
    12.677847548433));
#9047 = CARTESIAN_POINT('',(-0.210562330971,-3.994244947964,
    12.632325689227));
#9048 = CARTESIAN_POINT('',(-2.606284889756,-3.497666050626,
    12.587065774521));
#9049 = CARTESIAN_POINT('',(-4.39176598694,-1.445347951823,
    12.541262893817));
#9050 = CARTESIAN_POINT('',(-4.392206434955,1.445342311266,
    12.49622830722));
#9051 = CARTESIAN_POINT('',(-2.605989083014,3.497675014837,
    12.450425426354));
#9052 = CARTESIAN_POINT('',(-0.21068717755,3.994240091227,12.40516551183
    ));
#9053 = CARTESIAN_POINT('',(1.750017225423,3.11776037884,12.359643652528
    ));
#9054 = CARTESIAN_POINT('',(2.729372528818,1.559047096983,
    12.314199756223));
#9055 = CARTESIAN_POINT('',(2.729371842678,1.0983620261E-07,
    12.268745859284));
#9056 = ORIENTED_EDGE('',*,*,#8982,.F.);
#9057 = ORIENTED_EDGE('',*,*,#7002,.F.);
#9058 = B_SPLINE_SURFACE_WITH_KNOTS('',1,11,(
    (#9059,#9060,#9061,#9062,#9063,#9064,#9065,#9066,#9067,#9068,#9069
      ,#9070)
    ,(#9071,#9072,#9073,#9074,#9075,#9076,#9077,#9078,#9079,#9080,#9081
      ,#9082
    )),.UNSPECIFIED.,.F.,.F.,.F.,(2,2),(12,12),(0.,0.35),(0.,
    6.303048278758),.PIECEWISE_BEZIER_KNOTS.);
#9059 = CARTESIAN_POINT('',(3.032484343872,-1.482964515E-08,
    12.593750559074));
#9060 = CARTESIAN_POINT('',(3.03248316719,-1.732146762328,
    12.548295935776));
#9061 = CARTESIAN_POINT('',(1.944358330718,-3.464289382376,
    12.502840112073));
#9062 = CARTESIAN_POINT('',(-0.234010302384,-4.436887027651,
    12.457393646473));
#9063 = CARTESIAN_POINT('',(-2.895654951423,-3.888049262649,
    12.411915739035));
#9064 = CARTESIAN_POINT('',(-4.87946872432,-1.603093409376,
    12.366503004935));
#9065 = CARTESIAN_POINT('',(-4.88015560875,1.603085241304,12.32099805117
    ));
#9066 = CARTESIAN_POINT('',(-2.895192994886,3.888063620835,
    12.275585316818));
#9067 = CARTESIAN_POINT('',(-0.234204487486,4.436879481633,
    12.230107409664));
#9068 = CARTESIAN_POINT('',(1.944397798298,3.464290832117,
    12.184660943916));
#9069 = CARTESIAN_POINT('',(3.032484587252,1.732146734317,
    12.139205120243));
#9070 = CARTESIAN_POINT('',(3.032483411512,-1.318160734E-08,
    12.093750496947));
#9071 = CARTESIAN_POINT('',(2.729372440354,1.2356551376E-07,
    12.768745341699));
#9072 = CARTESIAN_POINT('',(2.729371762053,-1.559046863582,
    12.723291444759));
#9073 = CARTESIAN_POINT('',(1.749992212671,-3.117759288319,
    12.677847548433));
#9074 = CARTESIAN_POINT('',(-0.210562330971,-3.994244947964,
    12.632325689227));
#9075 = CARTESIAN_POINT('',(-2.606284889756,-3.497666050626,
    12.587065774521));
#9076 = CARTESIAN_POINT('',(-4.39176598694,-1.445347951823,
    12.541262893817));
#9077 = CARTESIAN_POINT('',(-4.392206434955,1.445342311266,
    12.49622830722));
#9078 = CARTESIAN_POINT('',(-2.605989083014,3.497675014837,
    12.450425426354));
#9079 = CARTESIAN_POINT('',(-0.21068717755,3.994240091227,12.40516551183
    ));
#9080 = CARTESIAN_POINT('',(1.750017225423,3.11776037884,12.359643652528
    ));
#9081 = CARTESIAN_POINT('',(2.729372528818,1.559047096983,
    12.314199756223));
#9082 = CARTESIAN_POINT('',(2.729371842678,1.0983620261E-07,
    12.268745859284));
#9083 = ADVANCED_FACE('',(#9084),#9111,.T.);
#9084 = FACE_BOUND('',#9085,.T.);
#9085 = EDGE_LOOP('',(#9086,#9087,#9094,#9109,#9110));
#9086 = ORIENTED_EDGE('',*,*,#7118,.F.);
#9087 = ORIENTED_EDGE('',*,*,#9088,.T.);
#9088 = EDGE_CURVE('',#7119,#9089,#9091,.T.);
#9089 = VERTEX_POINT('',#9090);
#9090 = CARTESIAN_POINT('',(2.729373038031,1.37294853E-07,
    13.268744824114));
#9091 = B_SPLINE_CURVE_WITH_KNOTS('',1,(#9092,#9093),.UNSPECIFIED.,.F.,
  .F.,(2,2),(0.,0.35),.PIECEWISE_BEZIER_KNOTS.);
#9092 = CARTESIAN_POINT('',(3.032485276232,-1.647773422E-08,
    13.093750621202));
#9093 = CARTESIAN_POINT('',(2.729373038031,1.3729478049E-07,
    13.268744824114));
#9094 = ORIENTED_EDGE('',*,*,#9095,.T.);
#9095 = EDGE_CURVE('',#9089,#9036,#9096,.T.);
#9096 = B_SPLINE_CURVE_WITH_KNOTS('',11,(#9097,#9098,#9099,#9100,#9101,
    #9102,#9103,#9104,#9105,#9106,#9107,#9108),.UNSPECIFIED.,.F.,.F.,(12
    ,12),(0.,6.303048278758),.PIECEWISE_BEZIER_KNOTS.);
#9097 = CARTESIAN_POINT('',(2.729373038031,1.3729485309E-07,
    13.268744824114));
#9098 = CARTESIAN_POINT('',(2.729372367569,-1.559047191171,
    13.223290927174));
#9099 = CARTESIAN_POINT('',(1.749992611612,-3.117759962803,
    13.177847030823));
#9100 = CARTESIAN_POINT('',(-0.210562357122,-3.994245821831,
    13.132325171769));
#9101 = CARTESIAN_POINT('',(-2.606285442736,-3.497666833486,
    13.087065256627));
#9102 = CARTESIAN_POINT('',(-4.391766941324,-1.445348284961,
    13.0412623767));
#9103 = CARTESIAN_POINT('',(-4.392207404363,1.445342600203,
    12.996227789167));
#9104 = CARTESIAN_POINT('',(-2.605989670866,3.497675771507,
    12.950424909078));
#9105 = CARTESIAN_POINT('',(-0.210687244006,3.994240962958,
    12.905164994119));
#9106 = CARTESIAN_POINT('',(1.750017593013,3.117761070934,
    12.859643134969));
#9107 = CARTESIAN_POINT('',(2.729373118655,1.559047452031,
    12.814199238638));
#9108 = CARTESIAN_POINT('',(2.729372440354,1.2356551707E-07,
    12.768745341699));
#9109 = ORIENTED_EDGE('',*,*,#9035,.F.);
#9110 = ORIENTED_EDGE('',*,*,#7091,.F.);
#9111 = B_SPLINE_SURFACE_WITH_KNOTS('',1,11,(
    (#9112,#9113,#9114,#9115,#9116,#9117,#9118,#9119,#9120,#9121,#9122
      ,#9123)
    ,(#9124,#9125,#9126,#9127,#9128,#9129,#9130,#9131,#9132,#9133,#9134
      ,#9135
    )),.UNSPECIFIED.,.F.,.F.,.F.,(2,2),(12,12),(0.,0.35),(0.,
    6.303048278758),.PIECEWISE_BEZIER_KNOTS.);
#9112 = CARTESIAN_POINT('',(3.032485276232,-1.647765759E-08,
    13.093750621202));
#9113 = CARTESIAN_POINT('',(3.032484098609,-1.732147296424,
    13.048295997902));
#9114 = CARTESIAN_POINT('',(1.944358926721,-3.464290449346,
    13.002840174162));
#9115 = CARTESIAN_POINT('',(-0.234010377035,-4.436888389068,
    12.957393708795));
#9116 = CARTESIAN_POINT('',(-2.895655843352,-3.888050461889,
    12.911915800685));
#9117 = CARTESIAN_POINT('',(-4.879470225754,-1.603093891937,
    12.866503067787));
#9118 = CARTESIAN_POINT('',(-4.880157108385,1.60308572917,
    12.820998112573));
#9119 = CARTESIAN_POINT('',(-2.895193882627,3.88806482322,
    12.775585379422));
#9120 = CARTESIAN_POINT('',(-0.234204557299,4.436880843307,
    12.730107471597));
#9121 = CARTESIAN_POINT('',(1.944398398064,3.464291896974,
    12.684661006081));
#9122 = CARTESIAN_POINT('',(3.032485520553,1.732147265117,
    12.639205182372));
#9123 = CARTESIAN_POINT('',(3.032484343872,-1.482963754E-08,
    12.593750559074));
#9124 = CARTESIAN_POINT('',(2.729373038031,1.3729485309E-07,
    13.268744824114));
#9125 = CARTESIAN_POINT('',(2.729372367569,-1.559047191171,
    13.223290927174));
#9126 = CARTESIAN_POINT('',(1.749992611612,-3.117759962803,
    13.177847030823));
#9127 = CARTESIAN_POINT('',(-0.210562357122,-3.994245821831,
    13.132325171769));
#9128 = CARTESIAN_POINT('',(-2.606285442736,-3.497666833486,
    13.087065256627));
#9129 = CARTESIAN_POINT('',(-4.391766941324,-1.445348284961,
    13.0412623767));
#9130 = CARTESIAN_POINT('',(-4.392207404363,1.445342600203,
    12.996227789167));
#9131 = CARTESIAN_POINT('',(-2.605989670866,3.497675771507,
    12.950424909078));
#9132 = CARTESIAN_POINT('',(-0.210687244006,3.994240962958,
    12.905164994119));
#9133 = CARTESIAN_POINT('',(1.750017593013,3.117761070934,
    12.859643134969));
#9134 = CARTESIAN_POINT('',(2.729373118655,1.559047452031,
    12.814199238638));
#9135 = CARTESIAN_POINT('',(2.729372440354,1.2356551707E-07,
    12.768745341699));
#9136 = ADVANCED_FACE('',(#9137),#9164,.T.);
#9137 = FACE_BOUND('',#9138,.T.);
#9138 = EDGE_LOOP('',(#9139,#9140,#9147,#9162,#9163));
#9139 = ORIENTED_EDGE('',*,*,#7207,.F.);
#9140 = ORIENTED_EDGE('',*,*,#9141,.T.);
#9141 = EDGE_CURVE('',#7208,#9142,#9144,.T.);
#9142 = VERTEX_POINT('',#9143);
#9143 = CARTESIAN_POINT('',(2.729373635708,1.51024154E-07,
    13.768744306532));
#9144 = B_SPLINE_CURVE_WITH_KNOTS('',1,(#9145,#9146),.UNSPECIFIED.,.F.,
  .F.,(2,2),(0.,0.35),.PIECEWISE_BEZIER_KNOTS.);
#9145 = CARTESIAN_POINT('',(3.032486208591,-1.812571027E-08,
    13.593750683332));
#9146 = CARTESIAN_POINT('',(2.729373635708,1.51024167E-07,
    13.768744306532));
#9147 = ORIENTED_EDGE('',*,*,#9148,.T.);
#9148 = EDGE_CURVE('',#9142,#9089,#9149,.T.);
#9149 = B_SPLINE_CURVE_WITH_KNOTS('',11,(#9150,#9151,#9152,#9153,#9154,
    #9155,#9156,#9157,#9158,#9159,#9160,#9161),.UNSPECIFIED.,.F.,.F.,(12
    ,12),(0.,6.303048278758),.PIECEWISE_BEZIER_KNOTS.);
#9150 = CARTESIAN_POINT('',(2.729373635708,1.5102415203E-07,
    13.768744306532));
#9151 = CARTESIAN_POINT('',(2.729372973086,-1.55904751876,
    13.723290409589));
#9152 = CARTESIAN_POINT('',(1.749993010553,-3.117760637288,
    13.677846513217));
#9153 = CARTESIAN_POINT('',(-0.210562383272,-3.994246695699,
    13.632324654307));
#9154 = CARTESIAN_POINT('',(-2.606285995716,-3.497667616347,
    13.587064738742));
#9155 = CARTESIAN_POINT('',(-4.391767895714,-1.445348618103,
    13.541261859576));
#9156 = CARTESIAN_POINT('',(-4.392208373768,1.445342889145,
    13.496227271124));
#9157 = CARTESIAN_POINT('',(-2.605990258722,3.497676528174,
    13.450424391796));
#9158 = CARTESIAN_POINT('',(-0.210687310462,3.994241834693,
    13.405164476414));
#9159 = CARTESIAN_POINT('',(1.750017960605,3.117761763028,
    13.359642617408));
#9160 = CARTESIAN_POINT('',(2.729373708492,1.559047807079,
    13.314198721056));
#9161 = CARTESIAN_POINT('',(2.729373038031,1.3729478049E-07,
    13.268744824114));
#9162 = ORIENTED_EDGE('',*,*,#9088,.F.);
#9163 = ORIENTED_EDGE('',*,*,#7180,.F.);
#9164 = B_SPLINE_SURFACE_WITH_KNOTS('',1,11,(
    (#9165,#9166,#9167,#9168,#9169,#9170,#9171,#9172,#9173,#9174,#9175
      ,#9176)
    ,(#9177,#9178,#9179,#9180,#9181,#9182,#9183,#9184,#9185,#9186,#9187
      ,#9188
    )),.UNSPECIFIED.,.F.,.F.,.F.,(2,2),(12,12),(0.,0.35),(0.,
    6.303048278758),.PIECEWISE_BEZIER_KNOTS.);
#9165 = CARTESIAN_POINT('',(3.032486208591,-1.812572584E-08,
    13.593750683332));
#9166 = CARTESIAN_POINT('',(3.032485030028,-1.73214783052,13.54829606003
    ));
#9167 = CARTESIAN_POINT('',(1.944359522723,-3.464291516317,
    13.502840236254));
#9168 = CARTESIAN_POINT('',(-0.234010451685,-4.436889750485,
    13.457393771117));
#9169 = CARTESIAN_POINT('',(-2.895656735281,-3.88805166113,
    13.41191586234));
#9170 = CARTESIAN_POINT('',(-4.879471727189,-1.6030943745,
    13.366503130637));
#9171 = CARTESIAN_POINT('',(-4.880158608016,1.60308621704,
    13.320998173982));
#9172 = CARTESIAN_POINT('',(-2.895194770369,3.8880660256,13.275585442025
    ));
#9173 = CARTESIAN_POINT('',(-0.234204627113,4.436882204982,
    13.230107533534));
#9174 = CARTESIAN_POINT('',(1.944398997832,3.46429296183,13.184661068248
    ));
#9175 = CARTESIAN_POINT('',(3.032486453853,1.732147795917,
    13.139205244502));
#9176 = CARTESIAN_POINT('',(3.032485276232,-1.647773422E-08,
    13.093750621202));
#9177 = CARTESIAN_POINT('',(2.729373635708,1.5102415203E-07,
    13.768744306532));
#9178 = CARTESIAN_POINT('',(2.729372973086,-1.55904751876,
    13.723290409589));
#9179 = CARTESIAN_POINT('',(1.749993010553,-3.117760637288,
    13.677846513217));
#9180 = CARTESIAN_POINT('',(-0.210562383272,-3.994246695699,
    13.632324654307));
#9181 = CARTESIAN_POINT('',(-2.606285995716,-3.497667616347,
    13.587064738742));
#9182 = CARTESIAN_POINT('',(-4.391767895714,-1.445348618103,
    13.541261859576));
#9183 = CARTESIAN_POINT('',(-4.392208373768,1.445342889145,
    13.496227271124));
#9184 = CARTESIAN_POINT('',(-2.605990258722,3.497676528174,
    13.450424391796));
#9185 = CARTESIAN_POINT('',(-0.210687310462,3.994241834693,
    13.405164476414));
#9186 = CARTESIAN_POINT('',(1.750017960605,3.117761763028,
    13.359642617408));
#9187 = CARTESIAN_POINT('',(2.729373708492,1.559047807079,
    13.314198721056));
#9188 = CARTESIAN_POINT('',(2.729373038031,1.3729478049E-07,
    13.268744824114));
#9189 = ADVANCED_FACE('',(#9190),#9217,.T.);
#9190 = FACE_BOUND('',#9191,.T.);
#9191 = EDGE_LOOP('',(#9192,#9193,#9200,#9215,#9216));
#9192 = ORIENTED_EDGE('',*,*,#7296,.F.);
#9193 = ORIENTED_EDGE('',*,*,#9194,.T.);
#9194 = EDGE_CURVE('',#7297,#9195,#9197,.T.);
#9195 = VERTEX_POINT('',#9196);
#9196 = CARTESIAN_POINT('',(2.729374233387,1.64753428E-07,14.26874378895
    ));
#9197 = B_SPLINE_CURVE_WITH_KNOTS('',1,(#9198,#9199),.UNSPECIFIED.,.F.,
  .F.,(2,2),(0.,0.35),.PIECEWISE_BEZIER_KNOTS.);
#9198 = CARTESIAN_POINT('',(3.03248714095,-1.97737216E-08,
    14.093750745464));
#9199 = CARTESIAN_POINT('',(2.729374233387,1.6475353575E-07,
    14.26874378895));
#9200 = ORIENTED_EDGE('',*,*,#9201,.T.);
#9201 = EDGE_CURVE('',#9195,#9142,#9202,.T.);
#9202 = B_SPLINE_CURVE_WITH_KNOTS('',11,(#9203,#9204,#9205,#9206,#9207,
    #9208,#9209,#9210,#9211,#9212,#9213,#9214),.UNSPECIFIED.,.F.,.F.,(12
    ,12),(0.,6.303048278758),.PIECEWISE_BEZIER_KNOTS.);
#9203 = CARTESIAN_POINT('',(2.729374233387,1.6475342841E-07,
    14.26874378895));
#9204 = CARTESIAN_POINT('',(2.729373578604,-1.55904784635,
    14.223289892006));
#9205 = CARTESIAN_POINT('',(1.749993409495,-3.117761311774,
    14.17784599561));
#9206 = CARTESIAN_POINT('',(-0.210562409423,-3.994247569569,
    14.132324136849));
#9207 = CARTESIAN_POINT('',(-2.606286548697,-3.49766839921,
    14.087064220853));
#9208 = CARTESIAN_POINT('',(-4.391768850103,-1.445348951241,
    14.041261342458));
#9209 = CARTESIAN_POINT('',(-4.392209343178,1.445343178083,
    13.996226753077));
#9210 = CARTESIAN_POINT('',(-2.605990846577,3.497677284846,
    13.95042387452));
#9211 = CARTESIAN_POINT('',(-0.210687376917,3.994242706427,
    13.905163958707));
#9212 = CARTESIAN_POINT('',(1.750018328196,3.117762455124,
    13.859642099851));
#9213 = CARTESIAN_POINT('',(2.72937429833,1.559048162128,13.814198203475
    ));
#9214 = CARTESIAN_POINT('',(2.729373635708,1.51024167E-07,
    13.768744306532));
#9215 = ORIENTED_EDGE('',*,*,#9141,.F.);
#9216 = ORIENTED_EDGE('',*,*,#7269,.F.);
#9217 = B_SPLINE_SURFACE_WITH_KNOTS('',1,11,(
    (#9218,#9219,#9220,#9221,#9222,#9223,#9224,#9225,#9226,#9227,#9228
      ,#9229)
    ,(#9230,#9231,#9232,#9233,#9234,#9235,#9236,#9237,#9238,#9239,#9240
      ,#9241
    )),.UNSPECIFIED.,.F.,.F.,.F.,(2,2),(12,12),(0.,0.35),(0.,
    6.303048278758),.PIECEWISE_BEZIER_KNOTS.);
#9218 = CARTESIAN_POINT('',(3.03248714095,-1.977382446E-08,
    14.093750745464));
#9219 = CARTESIAN_POINT('',(3.032485961446,-1.732148364616,
    14.04829612216));
#9220 = CARTESIAN_POINT('',(1.944360118727,-3.464292583287,
    14.002840298347));
#9221 = CARTESIAN_POINT('',(-0.234010526336,-4.4368911119,
    13.957393833443));
#9222 = CARTESIAN_POINT('',(-2.895657627208,-3.888052860373,
    13.911915923993));
#9223 = CARTESIAN_POINT('',(-4.879473228623,-1.603094857055,
    13.866503193493));
#9224 = CARTESIAN_POINT('',(-4.880160107647,1.6030867049,13.820998235387
    ));
#9225 = CARTESIAN_POINT('',(-2.895195658112,3.888067227989,
    13.775585504636));
#9226 = CARTESIAN_POINT('',(-0.234204696925,4.436883566652,
    13.73010759547));
#9227 = CARTESIAN_POINT('',(1.944399597598,3.464294026687,
    13.684661130417));
#9228 = CARTESIAN_POINT('',(3.032487387154,1.732148326717,
    13.639205306635));
#9229 = CARTESIAN_POINT('',(3.032486208591,-1.812571027E-08,
    13.593750683332));
#9230 = CARTESIAN_POINT('',(2.729374233387,1.6475342841E-07,
    14.26874378895));
#9231 = CARTESIAN_POINT('',(2.729373578604,-1.55904784635,
    14.223289892006));
#9232 = CARTESIAN_POINT('',(1.749993409495,-3.117761311774,
    14.17784599561));
#9233 = CARTESIAN_POINT('',(-0.210562409423,-3.994247569569,
    14.132324136849));
#9234 = CARTESIAN_POINT('',(-2.606286548697,-3.49766839921,
    14.087064220853));
#9235 = CARTESIAN_POINT('',(-4.391768850103,-1.445348951241,
    14.041261342458));
#9236 = CARTESIAN_POINT('',(-4.392209343178,1.445343178083,
    13.996226753077));
#9237 = CARTESIAN_POINT('',(-2.605990846577,3.497677284846,
    13.95042387452));
#9238 = CARTESIAN_POINT('',(-0.210687376917,3.994242706427,
    13.905163958707));
#9239 = CARTESIAN_POINT('',(1.750018328196,3.117762455124,
    13.859642099851));
#9240 = CARTESIAN_POINT('',(2.72937429833,1.559048162128,13.814198203475
    ));
#9241 = CARTESIAN_POINT('',(2.729373635708,1.51024167E-07,
    13.768744306532));
#9242 = ADVANCED_FACE('',(#9243),#9270,.T.);
#9243 = FACE_BOUND('',#9244,.T.);
#9244 = EDGE_LOOP('',(#9245,#9246,#9253,#9268,#9269));
#9245 = ORIENTED_EDGE('',*,*,#7390,.F.);
#9246 = ORIENTED_EDGE('',*,*,#9247,.T.);
#9247 = EDGE_CURVE('',#7391,#9248,#9250,.T.);
#9248 = VERTEX_POINT('',#9249);
#9249 = CARTESIAN_POINT('',(2.729374831066,1.7848268E-07,14.768743271369
    ));
#9250 = B_SPLINE_CURVE_WITH_KNOTS('',1,(#9251,#9252),.UNSPECIFIED.,.F.,
  .F.,(2,2),(0.,0.35),.PIECEWISE_BEZIER_KNOTS.);
#9251 = CARTESIAN_POINT('',(3.03248807331,-2.142195625E-08,
    14.593750807598));
#9252 = CARTESIAN_POINT('',(2.729374831066,1.7848270288E-07,
    14.768743271369));
#9253 = ORIENTED_EDGE('',*,*,#9254,.T.);
#9254 = EDGE_CURVE('',#9248,#9195,#9255,.T.);
#9255 = B_SPLINE_CURVE_WITH_KNOTS('',11,(#9256,#9257,#9258,#9259,#9260,
    #9261,#9262,#9263,#9264,#9265,#9266,#9267),.UNSPECIFIED.,.F.,.F.,(12
    ,12),(0.,6.303048278758),.PIECEWISE_BEZIER_KNOTS.);
#9256 = CARTESIAN_POINT('',(2.729374831066,1.7848267815E-07,
    14.768743271369));
#9257 = CARTESIAN_POINT('',(2.729374184122,-1.559048173941,
    14.723289374424));
#9258 = CARTESIAN_POINT('',(1.749993808437,-3.117761986261,
    14.677845478004));
#9259 = CARTESIAN_POINT('',(-0.210562435574,-3.994248443441,
    14.632323619393));
#9260 = CARTESIAN_POINT('',(-2.60628710168,-3.49766918207,
    14.587063702966));
#9261 = CARTESIAN_POINT('',(-4.391769804492,-1.445349284385,
    14.541260825341));
#9262 = CARTESIAN_POINT('',(-4.39221031259,1.445343467026,
    14.496226235032));
#9263 = CARTESIAN_POINT('',(-2.605991434432,3.497678041518,
    14.450423357245));
#9264 = CARTESIAN_POINT('',(-0.210687443374,3.994243578163,
    14.405163441001));
#9265 = CARTESIAN_POINT('',(1.750018695789,3.117763147221,
    14.359641582294));
#9266 = CARTESIAN_POINT('',(2.72937488817,1.559048517177,14.314197685894
    ));
#9267 = CARTESIAN_POINT('',(2.729374233387,1.6475353575E-07,
    14.26874378895));
#9268 = ORIENTED_EDGE('',*,*,#9194,.F.);
#9269 = ORIENTED_EDGE('',*,*,#7363,.F.);
#9270 = B_SPLINE_SURFACE_WITH_KNOTS('',1,11,(
    (#9271,#9272,#9273,#9274,#9275,#9276,#9277,#9278,#9279,#9280,#9281
      ,#9282)
    ,(#9283,#9284,#9285,#9286,#9287,#9288,#9289,#9290,#9291,#9292,#9293
      ,#9294
    )),.UNSPECIFIED.,.F.,.F.,.F.,(2,2),(12,12),(0.,0.35),(0.,
    6.303048278758),.PIECEWISE_BEZIER_KNOTS.);
#9271 = CARTESIAN_POINT('',(3.03248807331,-2.142197968E-08,
    14.593750807598));
#9272 = CARTESIAN_POINT('',(3.032486892864,-1.732148898712,
    14.548296184291));
#9273 = CARTESIAN_POINT('',(1.94436071473,-3.464293650256,
    14.502840360442));
#9274 = CARTESIAN_POINT('',(-0.234010600986,-4.436892473319,
    14.457393895768));
#9275 = CARTESIAN_POINT('',(-2.895658519138,-3.888054059608,
    14.411915985651));
#9276 = CARTESIAN_POINT('',(-4.879474730055,-1.603095339621,
    14.366503256347));
#9277 = CARTESIAN_POINT('',(-4.88016160728,1.603087192771,
    14.320998296799));
#9278 = CARTESIAN_POINT('',(-2.895196545852,3.88806843037,
    14.275585567243));
#9279 = CARTESIAN_POINT('',(-0.234204766737,4.436884928326,
    14.23010765741));
#9280 = CARTESIAN_POINT('',(1.944400197363,3.464295091542,
    14.184661192587));
#9281 = CARTESIAN_POINT('',(3.032488320454,1.732148857517,
    14.139205368769));
#9282 = CARTESIAN_POINT('',(3.03248714095,-1.97737216E-08,
    14.093750745464));
#9283 = CARTESIAN_POINT('',(2.729374831066,1.7848267815E-07,
    14.768743271369));
#9284 = CARTESIAN_POINT('',(2.729374184122,-1.559048173941,
    14.723289374424));
#9285 = CARTESIAN_POINT('',(1.749993808437,-3.117761986261,
    14.677845478004));
#9286 = CARTESIAN_POINT('',(-0.210562435574,-3.994248443441,
    14.632323619393));
#9287 = CARTESIAN_POINT('',(-2.60628710168,-3.49766918207,
    14.587063702966));
#9288 = CARTESIAN_POINT('',(-4.391769804492,-1.445349284385,
    14.541260825341));
#9289 = CARTESIAN_POINT('',(-4.39221031259,1.445343467026,
    14.496226235032));
#9290 = CARTESIAN_POINT('',(-2.605991434432,3.497678041518,
    14.450423357245));
#9291 = CARTESIAN_POINT('',(-0.210687443374,3.994243578163,
    14.405163441001));
#9292 = CARTESIAN_POINT('',(1.750018695789,3.117763147221,
    14.359641582294));
#9293 = CARTESIAN_POINT('',(2.72937488817,1.559048517177,14.314197685894
    ));
#9294 = CARTESIAN_POINT('',(2.729374233387,1.6475353575E-07,
    14.26874378895));
#9295 = ADVANCED_FACE('',(#9296),#9323,.T.);
#9296 = FACE_BOUND('',#9297,.T.);
#9297 = EDGE_LOOP('',(#9298,#9299,#9306,#9321,#9322));
#9298 = ORIENTED_EDGE('',*,*,#7479,.F.);
#9299 = ORIENTED_EDGE('',*,*,#9300,.T.);
#9300 = EDGE_CURVE('',#7480,#9301,#9303,.T.);
#9301 = VERTEX_POINT('',#9302);
#9302 = CARTESIAN_POINT('',(2.729375428747,1.92211891E-07,15.26874275379
    ));
#9303 = B_SPLINE_CURVE_WITH_KNOTS('',1,(#9304,#9305),.UNSPECIFIED.,.F.,
  .F.,(2,2),(0.,0.35),.PIECEWISE_BEZIER_KNOTS.);
#9304 = CARTESIAN_POINT('',(3.032489005669,-2.30701537E-08,
    15.093750869733));
#9305 = CARTESIAN_POINT('',(2.729375428747,1.9221191945E-07,
    15.26874275379));
#9306 = ORIENTED_EDGE('',*,*,#9307,.T.);
#9307 = EDGE_CURVE('',#9301,#9248,#9308,.T.);
#9308 = B_SPLINE_CURVE_WITH_KNOTS('',11,(#9309,#9310,#9311,#9312,#9313,
    #9314,#9315,#9316,#9317,#9318,#9319,#9320),.UNSPECIFIED.,.F.,.F.,(12
    ,12),(0.,6.303048278758),.PIECEWISE_BEZIER_KNOTS.);
#9309 = CARTESIAN_POINT('',(2.729375428747,1.9221189323E-07,
    15.26874275379));
#9310 = CARTESIAN_POINT('',(2.729374789642,-1.559048501532,
    15.223288856843));
#9311 = CARTESIAN_POINT('',(1.74999420738,-3.117762660751,15.1778449604)
  );
#9312 = CARTESIAN_POINT('',(-0.210562461726,-3.994249317313,
    15.132323101936));
#9313 = CARTESIAN_POINT('',(-2.606287654663,-3.497669964935,
    15.087063185081));
#9314 = CARTESIAN_POINT('',(-4.391770758886,-1.445349617527,
    15.041260308224));
#9315 = CARTESIAN_POINT('',(-4.392211281999,1.445343755969,
    14.996225716988));
#9316 = CARTESIAN_POINT('',(-2.605992022291,3.49767879819,14.95042283997
    ));
#9317 = CARTESIAN_POINT('',(-0.210687509828,3.994244449901,
    14.905162923297));
#9318 = CARTESIAN_POINT('',(1.750019063382,3.117763839319,
    14.859641064738));
#9319 = CARTESIAN_POINT('',(2.72937547801,1.559048872227,14.814197168315
    ));
#9320 = CARTESIAN_POINT('',(2.729374831066,1.7848270288E-07,
    14.768743271369));
#9321 = ORIENTED_EDGE('',*,*,#9247,.F.);
#9322 = ORIENTED_EDGE('',*,*,#7452,.F.);
#9323 = B_SPLINE_SURFACE_WITH_KNOTS('',1,11,(
    (#9324,#9325,#9326,#9327,#9328,#9329,#9330,#9331,#9332,#9333,#9334
      ,#9335)
    ,(#9336,#9337,#9338,#9339,#9340,#9341,#9342,#9343,#9344,#9345,#9346
      ,#9347
    )),.UNSPECIFIED.,.F.,.F.,.F.,(2,2),(12,12),(0.,0.35),(0.,
    6.303048278758),.PIECEWISE_BEZIER_KNOTS.);
#9324 = CARTESIAN_POINT('',(3.032489005669,-2.307018058E-08,
    15.093750869733));
#9325 = CARTESIAN_POINT('',(3.032487824282,-1.732149432808,
    15.048296246424));
#9326 = CARTESIAN_POINT('',(1.944361310732,-3.464294717226,
    15.002840422539));
#9327 = CARTESIAN_POINT('',(-0.234010675638,-4.436893834735,
    14.957393958097));
#9328 = CARTESIAN_POINT('',(-2.895659411064,-3.888055258847,
    14.911916047308));
#9329 = CARTESIAN_POINT('',(-4.879476231493,-1.603095822184,
    14.866503319206));
#9330 = CARTESIAN_POINT('',(-4.880163106908,1.603087680641,
    14.820998358209));
#9331 = CARTESIAN_POINT('',(-2.895197433596,3.888069632751,
    14.775585629855));
#9332 = CARTESIAN_POINT('',(-0.234204836549,4.43688629,14.73010771935));
#9333 = CARTESIAN_POINT('',(1.94440079713,3.464296156398,14.68466125476)
  );
#9334 = CARTESIAN_POINT('',(3.032489253755,1.732149388316,
    14.639205430905));
#9335 = CARTESIAN_POINT('',(3.03248807331,-2.142195625E-08,
    14.593750807598));
#9336 = CARTESIAN_POINT('',(2.729375428747,1.9221189323E-07,
    15.26874275379));
#9337 = CARTESIAN_POINT('',(2.729374789642,-1.559048501532,
    15.223288856843));
#9338 = CARTESIAN_POINT('',(1.74999420738,-3.117762660751,15.1778449604)
  );
#9339 = CARTESIAN_POINT('',(-0.210562461726,-3.994249317313,
    15.132323101936));
#9340 = CARTESIAN_POINT('',(-2.606287654663,-3.497669964935,
    15.087063185081));
#9341 = CARTESIAN_POINT('',(-4.391770758886,-1.445349617527,
    15.041260308224));
#9342 = CARTESIAN_POINT('',(-4.392211281999,1.445343755969,
    14.996225716988));
#9343 = CARTESIAN_POINT('',(-2.605992022291,3.49767879819,14.95042283997
    ));
#9344 = CARTESIAN_POINT('',(-0.210687509828,3.994244449901,
    14.905162923297));
#9345 = CARTESIAN_POINT('',(1.750019063382,3.117763839319,
    14.859641064738));
#9346 = CARTESIAN_POINT('',(2.72937547801,1.559048872227,14.814197168315
    ));
#9347 = CARTESIAN_POINT('',(2.729374831066,1.7848270288E-07,
    14.768743271369));
#9348 = ADVANCED_FACE('',(#9349),#9392,.T.);
#9349 = FACE_BOUND('',#9350,.T.);
#9350 = EDGE_LOOP('',(#9351,#9352,#9375,#9390,#9391));
#9351 = ORIENTED_EDGE('',*,*,#7568,.F.);
#9352 = ORIENTED_EDGE('',*,*,#9353,.F.);
#9353 = EDGE_CURVE('',#9354,#7569,#9356,.T.);
#9354 = VERTEX_POINT('',#9355);
#9355 = CARTESIAN_POINT('',(-1.407616653068,-2.338399891517,
    15.60062302079));
#9356 = B_SPLINE_CURVE_WITH_KNOTS('',5,(#9357,#9358,#9359,#9360,#9361,
    #9362,#9363,#9364,#9365,#9366,#9367,#9368,#9369,#9370,#9371,#9372,
    #9373,#9374),.UNSPECIFIED.,.F.,.F.,(6,4,4,4,6),(0.,0.239111211575,
    0.48466716694,0.737877578536,1.),.UNSPECIFIED.);
#9357 = CARTESIAN_POINT('',(-1.407616653068,-2.338399891517,
    15.60062302079));
#9358 = CARTESIAN_POINT('',(-1.581494576638,-2.249420095034,
    15.587182913344));
#9359 = CARTESIAN_POINT('',(-1.747638173422,-2.144724261138,
    15.573806134399));
#9360 = CARTESIAN_POINT('',(-1.904182814563,-2.025322962451,
    15.56049265381));
#9361 = CARTESIAN_POINT('',(-2.049515657832,-1.892517491306,
    15.547239518655));
#9362 = CARTESIAN_POINT('',(-2.318629593449,-1.599289797783,
    15.520499471862));
#9363 = CARTESIAN_POINT('',(-2.441734336466,-1.438208622352,
    15.507014872081));
#9364 = CARTESIAN_POINT('',(-2.550135128136,-1.26628409578,
    15.493593872515));
#9365 = CARTESIAN_POINT('',(-2.6427257643,-1.085385190261,15.48023378411
    ));
#9366 = CARTESIAN_POINT('',(-2.797137630846,-0.703813242302,
    15.45322231458));
#9367 = CARTESIAN_POINT('',(-2.857915823645,-0.502684422255,
    15.439573754231));
#9368 = CARTESIAN_POINT('',(-2.900252278072,-0.296350034017,
    15.425990230547));
#9369 = CARTESIAN_POINT('',(-2.923749823606,-8.70799643255E-02,
    15.412468698117));
#9370 = CARTESIAN_POINT('',(-2.933244434473,0.34014853154,
    15.385076948248));
#9371 = CARTESIAN_POINT('',(-2.917892849949,0.558171613375,
    15.371210039058));
#9372 = CARTESIAN_POINT('',(-2.882371162504,0.774375395332,
    15.357409333494));
#9373 = CARTESIAN_POINT('',(-2.827153859926,0.986332711348,
    15.343671215519));
#9374 = CARTESIAN_POINT('',(-2.753132088174,1.191757516559,
    15.329996287801));
#9375 = ORIENTED_EDGE('',*,*,#9376,.T.);
#9376 = EDGE_CURVE('',#9354,#9301,#9377,.T.);
#9377 = B_SPLINE_CURVE_WITH_KNOTS('',11,(#9378,#9379,#9380,#9381,#9382,
    #9383,#9384,#9385,#9386,#9387,#9388,#9389),.UNSPECIFIED.,.F.,.F.,(12
    ,12),(0.,6.303048278758),.PIECEWISE_BEZIER_KNOTS.);
#9378 = CARTESIAN_POINT('',(2.729376026428,2.0594108849E-07,
    15.768742236211));
#9379 = CARTESIAN_POINT('',(2.729375395163,-1.559048829124,
    15.723288339263));
#9380 = CARTESIAN_POINT('',(1.749994606324,-3.11776333524,
    15.677844442796));
#9381 = CARTESIAN_POINT('',(-0.210562487878,-3.994250191189,
    15.632322584482));
#9382 = CARTESIAN_POINT('',(-2.606288207645,-3.497670747799,
    15.587062667196));
#9383 = CARTESIAN_POINT('',(-4.391771713282,-1.445349950672,
    15.541259791109));
#9384 = CARTESIAN_POINT('',(-4.392212251412,1.445344044913,
    15.496225198945));
#9385 = CARTESIAN_POINT('',(-2.605992610149,3.497679554864,
    15.450422322697));
#9386 = CARTESIAN_POINT('',(-0.210687576284,3.99424532164,
    15.405162405593));
#9387 = CARTESIAN_POINT('',(1.750019430976,3.117764531418,
    15.359640547184));
#9388 = CARTESIAN_POINT('',(2.729376067851,1.559049227278,
    15.314196650737));
#9389 = CARTESIAN_POINT('',(2.729375428747,1.9221191945E-07,
    15.26874275379));
#9390 = ORIENTED_EDGE('',*,*,#9300,.F.);
#9391 = ORIENTED_EDGE('',*,*,#7541,.F.);
#9392 = B_SPLINE_SURFACE_WITH_KNOTS('',1,11,(
    (#9393,#9394,#9395,#9396,#9397,#9398,#9399,#9400,#9401,#9402,#9403
      ,#9404)
    ,(#9405,#9406,#9407,#9408,#9409,#9410,#9411,#9412,#9413,#9414,#9415
      ,#9416
    )),.UNSPECIFIED.,.F.,.F.,.F.,(2,2),(12,12),(0.,0.35),(0.,
    6.303048278758),.PIECEWISE_BEZIER_KNOTS.);
#9393 = CARTESIAN_POINT('',(3.032489938028,-2.471842955E-08,
    15.593750931871));
#9394 = CARTESIAN_POINT('',(3.0324887557,-1.732149966904,15.548296308559
    ));
#9395 = CARTESIAN_POINT('',(1.944361906734,-3.464295784196,
    15.502840484637));
#9396 = CARTESIAN_POINT('',(-0.234010750288,-4.436895196151,
    15.457394020427));
#9397 = CARTESIAN_POINT('',(-2.895660302993,-3.888056458086,
    15.411916108968));
#9398 = CARTESIAN_POINT('',(-4.879477732925,-1.603096304745,
    15.366503382065));
#9399 = CARTESIAN_POINT('',(-4.880164606541,1.603088168508,
    15.320998419623));
#9400 = CARTESIAN_POINT('',(-2.895198321336,3.888070835135,
    15.275585692467));
#9401 = CARTESIAN_POINT('',(-0.234204906362,4.436887651672,
    15.230107781293));
#9402 = CARTESIAN_POINT('',(1.944401396896,3.464297221254,
    15.184661316935));
#9403 = CARTESIAN_POINT('',(3.032490187055,1.732149919116,
    15.139205493043));
#9404 = CARTESIAN_POINT('',(3.032489005669,-2.30701537E-08,
    15.093750869733));
#9405 = CARTESIAN_POINT('',(2.729376026428,2.0594108849E-07,
    15.768742236211));
#9406 = CARTESIAN_POINT('',(2.729375395163,-1.559048829124,
    15.723288339263));
#9407 = CARTESIAN_POINT('',(1.749994606324,-3.11776333524,
    15.677844442796));
#9408 = CARTESIAN_POINT('',(-0.210562487878,-3.994250191189,
    15.632322584482));
#9409 = CARTESIAN_POINT('',(-2.606288207645,-3.497670747799,
    15.587062667196));
#9410 = CARTESIAN_POINT('',(-4.391771713282,-1.445349950672,
    15.541259791109));
#9411 = CARTESIAN_POINT('',(-4.392212251412,1.445344044913,
    15.496225198945));
#9412 = CARTESIAN_POINT('',(-2.605992610149,3.497679554864,
    15.450422322697));
#9413 = CARTESIAN_POINT('',(-0.210687576284,3.99424532164,
    15.405162405593));
#9414 = CARTESIAN_POINT('',(1.750019430976,3.117764531418,
    15.359640547184));
#9415 = CARTESIAN_POINT('',(2.729376067851,1.559049227278,
    15.314196650737));
#9416 = CARTESIAN_POINT('',(2.729375428747,1.9221191945E-07,
    15.26874275379));
#9417 = ADVANCED_FACE('',(#9418),#9569,.T.);
#9418 = FACE_BOUND('',#9419,.F.);
#9419 = EDGE_LOOP('',(#9420,#9428,#9435,#9436,#9437,#9438,#9439,#9544));
#9420 = ORIENTED_EDGE('',*,*,#9421,.F.);
#9421 = EDGE_CURVE('',#9422,#8275,#9424,.T.);
#9422 = VERTEX_POINT('',#9423);
#9423 = CARTESIAN_POINT('',(2.53,0.,15.8));
#9424 = LINE('',#9425,#9426);
#9425 = CARTESIAN_POINT('',(2.53,0.,15.8));
#9426 = VECTOR('',#9427,1.);
#9427 = DIRECTION('',(0.707106781187,0.,-0.707106781187));
#9428 = ORIENTED_EDGE('',*,*,#9429,.T.);
#9429 = EDGE_CURVE('',#9422,#9422,#9430,.T.);
#9430 = CIRCLE('',#9431,2.53);
#9431 = AXIS2_PLACEMENT_3D('',#9432,#9433,#9434);
#9432 = CARTESIAN_POINT('',(0.,0.,15.8));
#9433 = DIRECTION('',(0.,0.,1.));
#9434 = DIRECTION('',(1.,0.,0.));
#9435 = ORIENTED_EDGE('',*,*,#9421,.T.);
#9436 = ORIENTED_EDGE('',*,*,#8281,.T.);
#9437 = ORIENTED_EDGE('',*,*,#7630,.T.);
#9438 = ORIENTED_EDGE('',*,*,#9353,.F.);
#9439 = ORIENTED_EDGE('',*,*,#9440,.F.);
#9440 = EDGE_CURVE('',#9441,#9354,#9443,.T.);
#9441 = VERTEX_POINT('',#9442);
#9442 = CARTESIAN_POINT('',(-2.338449783644,1.407527976618,
    15.600626006648));
#9443 = B_SPLINE_CURVE_WITH_KNOTS('',8,(#9444,#9445,#9446,#9447,#9448,
    #9449,#9450,#9451,#9452,#9453,#9454,#9455,#9456,#9457,#9458,#9459,
    #9460,#9461,#9462,#9463,#9464,#9465,#9466,#9467,#9468,#9469,#9470,
    #9471,#9472,#9473,#9474,#9475,#9476,#9477,#9478,#9479,#9480,#9481,
    #9482,#9483,#9484,#9485,#9486,#9487,#9488,#9489,#9490,#9491,#9492,
    #9493,#9494,#9495,#9496,#9497,#9498,#9499,#9500,#9501,#9502,#9503,
    #9504,#9505,#9506,#9507,#9508,#9509,#9510,#9511,#9512,#9513,#9514,
    #9515,#9516,#9517,#9518,#9519,#9520,#9521,#9522,#9523,#9524,#9525,
    #9526,#9527,#9528,#9529,#9530,#9531,#9532,#9533,#9534,#9535,#9536,
    #9537,#9538,#9539,#9540,#9541,#9542,#9543),.UNSPECIFIED.,.F.,.F.,(9,
    7,7,7,7,7,7,7,7,7,7,7,7,7,9),(0.,7.338961315042E-02,0.244842469408,
    0.451769702771,0.584006476463,0.731195968451,0.843543601631,
    0.869956287515,0.916324317898,0.928383608459,0.934618257807,
    0.946606202646,0.962838019376,0.972615736816,1.),.UNSPECIFIED.);
#9444 = CARTESIAN_POINT('',(-2.338449783644,1.407527976618,
    15.600626006648));
#9445 = CARTESIAN_POINT('',(-2.360806025608,1.368782410452,
    15.601452758936));
#9446 = CARTESIAN_POINT('',(-2.382449562814,1.329616345346,
    15.602269392045));
#9447 = CARTESIAN_POINT('',(-2.403370141111,1.290045581032,
    15.60307601403));
#9448 = CARTESIAN_POINT('',(-2.423558009289,1.250086182627,
    15.603872721382));
#9449 = CARTESIAN_POINT('',(-2.443003919085,1.209754480629,
    15.604659599032));
#9450 = CARTESIAN_POINT('',(-2.461699125179,1.169067070921,
    15.605436720345));
#9451 = CARTESIAN_POINT('',(-2.479635385195,1.128040814771,
    15.606204147127));
#9452 = CARTESIAN_POINT('',(-2.536916529495,0.990095673756,
    15.608732261507));
#9453 = CARTESIAN_POINT('',(-2.572844178927,0.891740961012,
    15.610449990982));
#9454 = CARTESIAN_POINT('',(-2.604488677847,0.791848722055,
    15.612115728529));
#9455 = CARTESIAN_POINT('',(-2.631766632382,0.690643814176,
    15.61372983436));
#9456 = CARTESIAN_POINT('',(-2.654610573768,0.588355672305,
    15.615292405114));
#9457 = CARTESIAN_POINT('',(-2.672969047175,0.485218050823,
    15.616803260538));
#9458 = CARTESIAN_POINT('',(-2.686806700534,0.381468765368,
    15.61826193019));
#9459 = CARTESIAN_POINT('',(-2.707325777068,0.151687340039,
    15.62136419785));
#9460 = CARTESIAN_POINT('',(-2.711934998901,2.547930600064E-02,
    15.62298370082));
#9461 = CARTESIAN_POINT('',(-2.709897541384,-0.10084733174,
    15.62452473877));
#9462 = CARTESIAN_POINT('',(-2.701216783078,-0.226867359014,
    15.625985343548));
#9463 = CARTESIAN_POINT('',(-2.685931446999,-0.352158126524,
    15.627362910635));
#9464 = CARTESIAN_POINT('',(-2.66411554819,-0.476300004883,
    15.628654010608));
#9465 = CARTESIAN_POINT('',(-2.635880820468,-0.598876851358,
    15.629854090564));
#9466 = CARTESIAN_POINT('',(-2.57933492223,-0.796545642766,
    15.631661921234));
#9467 = CARTESIAN_POINT('',(-2.554729270004,-0.872809271964,
    15.632327147814));
#9468 = CARTESIAN_POINT('',(-2.527604800031,-0.948160664161,
    15.632951124873));
#9469 = CARTESIAN_POINT('',(-2.49800773674,-1.022495152294,
    15.633532033119));
#9470 = CARTESIAN_POINT('',(-2.465991113373,-1.095710127118,
    15.634067739188));
#9471 = CARTESIAN_POINT('',(-2.431615490768,-1.167705050317,
    15.634555680506));
#9472 = CARTESIAN_POINT('',(-2.394949676125,-1.238381467608,
    15.634992750151));
#9473 = CARTESIAN_POINT('',(-2.312797037825,-1.384736349966,
    15.635800856839));
#9474 = CARTESIAN_POINT('',(-2.266783045932,-1.460074340041,
    15.636158815306));
#9475 = CARTESIAN_POINT('',(-2.218135777222,-1.533527799235,
    15.636443793552));
#9476 = CARTESIAN_POINT('',(-2.166975803199,-1.604968840119,
    15.636649484409));
#9477 = CARTESIAN_POINT('',(-2.113443488564,-1.674270806838,
    15.636767813429));
#9478 = CARTESIAN_POINT('',(-2.05770163049,-1.741309205498,
    15.636788680665));
#9479 = CARTESIAN_POINT('',(-1.999944603114,-1.805961775763,
    15.636698727921));
#9480 = CARTESIAN_POINT('',(-1.894991727844,-1.915539516254,
    15.636308977548));
#9481 = CARTESIAN_POINT('',(-1.848565161443,-1.961477450767,
    15.636063996356));
#9482 = CARTESIAN_POINT('',(-1.801226319214,-2.0059013014,
    15.635733898561));
#9483 = CARTESIAN_POINT('',(-1.75310096252,-2.04876071643,
    15.635306772599));
#9484 = CARTESIAN_POINT('',(-1.704356725599,-2.089984148261,
    15.634768557737));
#9485 = CARTESIAN_POINT('',(-1.655253599358,-2.129470507868,
    15.634097544856));
#9486 = CARTESIAN_POINT('',(-1.606122752992,-2.167108725008,
    15.633267799069));
#9487 = CARTESIAN_POINT('',(-1.546141243167,-2.211099158413,
    15.631980018285));
#9488 = CARTESIAN_POINT('',(-1.534757327969,-2.219359371043,
    15.631723171041));
#9489 = CARTESIAN_POINT('',(-1.523415136562,-2.227503734307,
    15.631453908049));
#9490 = CARTESIAN_POINT('',(-1.51212437217,-2.235529024489,
    15.631171475913));
#9491 = CARTESIAN_POINT('',(-1.500896410614,-2.243431335514,
    15.630875037938));
#9492 = CARTESIAN_POINT('',(-1.489744575622,-2.251206029242,
    15.630563649814));
#9493 = CARTESIAN_POINT('',(-1.478684414139,-2.258847685766,
    15.630236235299));
#9494 = CARTESIAN_POINT('',(-1.448510237513,-2.279520619797,
    15.629286480462));
#9495 = CARTESIAN_POINT('',(-1.429666335621,-2.292233339853,
    15.628629477563));
#9496 = CARTESIAN_POINT('',(-1.411249835796,-2.304490454428,
    15.627912872002));
#9497 = CARTESIAN_POINT('',(-1.39338033207,-2.316249946371,
    15.627127764725));
#9498 = CARTESIAN_POINT('',(-1.376249383469,-2.32743467473,
    15.626264351363));
#9499 = CARTESIAN_POINT('',(-1.360128407002,-2.337934331258,
    15.625311645928));
#9500 = CARTESIAN_POINT('',(-1.345384522849,-2.347600219531,
    15.62425661567));
#9501 = CARTESIAN_POINT('',(-1.329154506498,-2.358478013058,
    15.622777424879));
#9502 = CARTESIAN_POINT('',(-1.325932936691,-2.360651799419,
    15.622464277673));
#9503 = CARTESIAN_POINT('',(-1.322848786457,-2.362750264731,
    15.622143091162));
#9504 = CARTESIAN_POINT('',(-1.319912049828,-2.364769014471,
    15.621813701246));
#9505 = CARTESIAN_POINT('',(-1.317133347041,-2.366703305219,
    15.621475984904));
#9506 = CARTESIAN_POINT('',(-1.314523700843,-2.36854813927,
    15.621129871044));
#9507 = CARTESIAN_POINT('',(-1.312094312803,-2.370298359238,
    15.620775351347));
#9508 = CARTESIAN_POINT('',(-1.308699308198,-2.372801990372,
    15.6202248925));
#9509 = CARTESIAN_POINT('',(-1.30759343392,-2.373628550493,
    15.620035067667));
#9510 = CARTESIAN_POINT('',(-1.306540295118,-2.374427681267,
    15.619843027088));
#9511 = CARTESIAN_POINT('',(-1.305541427564,-2.375198652196,
    15.619648788361));
#9512 = CARTESIAN_POINT('',(-1.304598324466,-2.375940744045,
    15.61945237622));
#9513 = CARTESIAN_POINT('',(-1.303712436467,-2.376653248849,
    15.619253822528));
#9514 = CARTESIAN_POINT('',(-1.302885171647,-2.377335469908,
    15.619053166285));
#9515 = CARTESIAN_POINT('',(-1.300642581777,-2.37923894483,
    15.61846067898));
#9516 = CARTESIAN_POINT('',(-1.299388842674,-2.380376820303,
    15.618063264617));
#9517 = CARTESIAN_POINT('',(-1.298366399889,-2.381395394455,
    15.617658592438));
#9518 = CARTESIAN_POINT('',(-1.297583596273,-2.382290274864,
    15.617247120834));
#9519 = CARTESIAN_POINT('',(-1.297047063339,-2.383057775768,
    15.616829391273));
#9520 = CARTESIAN_POINT('',(-1.296761388776,-2.383695063398,
    15.616406034889));
#9521 = CARTESIAN_POINT('',(-1.296728783939,-2.384200301312,
    15.615977779082));
#9522 = CARTESIAN_POINT('',(-1.297246589794,-2.385077157491,
    15.61496008105));
#9523 = CARTESIAN_POINT('',(-1.298007594842,-2.385338283946,
    15.614367071637));
#9524 = CARTESIAN_POINT('',(-1.299230935342,-2.385354241641,
    15.613768552643));
#9525 = CARTESIAN_POINT('',(-1.300906722766,-2.385127405934,
    15.613166534795));
#9526 = CARTESIAN_POINT('',(-1.303017756348,-2.384663679562,
    15.612562899455));
#9527 = CARTESIAN_POINT('',(-1.305541268206,-2.383971711222,
    15.611959385293));
#9528 = CARTESIAN_POINT('',(-1.308450668479,-2.383062114149,
    15.611357574971));
#9529 = CARTESIAN_POINT('',(-1.313685037326,-2.381274772592,
    15.610398241204));
#9530 = CARTESIAN_POINT('',(-1.315782819833,-2.380528021644,
    15.610038674836));
#9531 = CARTESIAN_POINT('',(-1.318004471026,-2.379708999689,
    15.609680441103));
#9532 = CARTESIAN_POINT('',(-1.320343923637,-2.378820259365,
    15.609323766577));
#9533 = CARTESIAN_POINT('',(-1.322795210079,-2.377864338106,
    15.608968846027));
#9534 = CARTESIAN_POINT('',(-1.325352462445,-2.376843758143,
    15.608615842411));
#9535 = CARTESIAN_POINT('',(-1.328009912507,-2.375761026502,
    15.608264886881));
#9536 = CARTESIAN_POINT('',(-1.338469306403,-2.371419161342,
    15.606939178714));
#9537 = CARTESIAN_POINT('',(-1.346914606479,-2.36775324547,
    15.605979716374));
#9538 = CARTESIAN_POINT('',(-1.355981744369,-2.363671851089,
    15.605039034552));
#9539 = CARTESIAN_POINT('',(-1.36556884213,-2.359220532394,
    15.604117848994));
#9540 = CARTESIAN_POINT('',(-1.375588931506,-2.354438757749,
    15.603216294526));
#9541 = CARTESIAN_POINT('',(-1.385970693974,-2.349359233368,
    15.60233397118));
#9542 = CARTESIAN_POINT('',(-1.396659200796,-2.344007226981,
    15.601469990325));
#9543 = CARTESIAN_POINT('',(-1.407616653068,-2.338399891517,
    15.60062302079));
#9544 = ORIENTED_EDGE('',*,*,#9545,.F.);
#9545 = EDGE_CURVE('',#8275,#9441,#9546,.T.);
#9546 = B_SPLINE_CURVE_WITH_KNOTS('',6,(#9547,#9548,#9549,#9550,#9551,
    #9552,#9553,#9554,#9555,#9556,#9557,#9558,#9559,#9560,#9561,#9562,
    #9563,#9564,#9565,#9566,#9567,#9568),.UNSPECIFIED.,.F.,.F.,(7,5,5,5,
    7),(0.,0.255268340609,0.506075781326,0.754579072829,1.),
  .UNSPECIFIED.);
#9547 = CARTESIAN_POINT('',(2.860529053592,-2.8E-16,15.469470946408));
#9548 = CARTESIAN_POINT('',(2.855052058279,0.310558603059,
    15.474947920916));
#9549 = CARTESIAN_POINT('',(2.809106324944,0.620377235488,
    15.480433556962));
#9550 = CARTESIAN_POINT('',(2.722704999207,0.922600793176,
    15.485932053479));
#9551 = CARTESIAN_POINT('',(2.597499191279,1.210783072056,
    15.491440522971));
#9552 = CARTESIAN_POINT('',(2.436227278206,1.478819336625,
    15.496961362589));
#9553 = CARTESIAN_POINT('',(2.053590142022,1.959481222532,
    15.507922203219));
#9554 = CARTESIAN_POINT('',(1.833191433449,2.173160400478,
    15.513365689678));
#9555 = CARTESIAN_POINT('',(1.586065121479,2.357081684361,
    15.518816438367));
#9556 = CARTESIAN_POINT('',(1.317245259524,2.507268686584,15.52427739542
    ));
#9557 = CARTESIAN_POINT('',(1.032401190837,2.620645252151,
    15.529751049066));
#9558 = CARTESIAN_POINT('',(0.446352647091,2.769785108259,15.54066537086
    ));
#9559 = CARTESIAN_POINT('',(0.145122297749,2.806302951659,
    15.546109518622));
#9560 = CARTESIAN_POINT('',(-0.159363770557,2.803414055633,
    15.551561797386));
#9561 = CARTESIAN_POINT('',(-0.460763875291,2.760997143524,
    15.557023908739));
#9562 = CARTESIAN_POINT('',(-0.75277424485,2.680020603159,
    15.562498186561));
#9563 = CARTESIAN_POINT('',(-1.302388597422,2.447558637622,
    15.573395612918));
#9564 = CARTESIAN_POINT('',(-1.560559718994,2.296882023334,
    15.578822137995));
#9565 = CARTESIAN_POINT('',(-1.797891855189,2.113440989754,
    15.584256730954));
#9566 = CARTESIAN_POINT('',(-2.009364022872,1.900890916421,
    15.589701744077));
#9567 = CARTESIAN_POINT('',(-2.190629369021,1.663715272341,
    15.595159488774));
#9568 = CARTESIAN_POINT('',(-2.338449783644,1.407527976618,
    15.600626006648));
#9569 = CONICAL_SURFACE('',#9570,2.53,0.785398163397);
#9570 = AXIS2_PLACEMENT_3D('',#9571,#9572,#9573);
#9571 = CARTESIAN_POINT('',(0.,0.,15.8));
#9572 = DIRECTION('',(-0.,-0.,-1.));
#9573 = DIRECTION('',(1.,0.,0.));
#9574 = ADVANCED_FACE('',(#9575),#9590,.T.);
#9575 = FACE_BOUND('',#9576,.T.);
#9576 = EDGE_LOOP('',(#9577,#9578,#9588,#9589));
#9577 = ORIENTED_EDGE('',*,*,#8830,.F.);
#9578 = ORIENTED_EDGE('',*,*,#9579,.T.);
#9579 = EDGE_CURVE('',#8824,#8723,#9580,.T.);
#9580 = ( BOUNDED_CURVE() B_SPLINE_CURVE(6,(#9581,#9582,#9583,#9584,
#9585,#9586,#9587),.UNSPECIFIED.,.F.,.F.) B_SPLINE_CURVE_WITH_KNOTS((7,7
),(4.188790204786,6.28318530718),.PIECEWISE_BEZIER_KNOTS.) CURVE() 
GEOMETRIC_REPRESENTATION_ITEM() RATIONAL_B_SPLINE_CURVE((1.056590953773,
    1.017435169568,0.996326512422,0.989390034249,0.996326512422,
1.017435169568,1.056590953773)) REPRESENTATION_ITEM('') );
#9581 = CARTESIAN_POINT('',(2.729370049661,6.864777929E-08,
    10.768747412043));
#9582 = CARTESIAN_POINT('',(2.706714275968,7.439456878E-08,
    10.781827440219));
#9583 = CARTESIAN_POINT('',(2.690748563954,7.844435523E-08,
    10.803966025678));
#9584 = CARTESIAN_POINT('',(2.684977707399,7.990813639E-08,
    10.831246987537));
#9585 = CARTESIAN_POINT('',(2.690748042196,7.844441074E-08,
    10.858528059761));
#9586 = CARTESIAN_POINT('',(2.706713330799,7.439465488E-08,
    10.880666950565));
#9587 = CARTESIAN_POINT('',(2.729368854329,6.864788982E-08,
    10.893747412037));
#9588 = ORIENTED_EDGE('',*,*,#8775,.T.);
#9589 = ORIENTED_EDGE('',*,*,#7698,.F.);
#9590 = ( BOUNDED_SURFACE() B_SPLINE_SURFACE(6,11,(
    (#9591,#9592,#9593,#9594,#9595,#9596,#9597,#9598,#9599,#9600,#9601
      ,#9602)
    ,(#9603,#9604,#9605,#9606,#9607,#9608,#9609,#9610,#9611,#9612,#9613
      ,#9614)
    ,(#9615,#9616,#9617,#9618,#9619,#9620,#9621,#9622,#9623,#9624,#9625
      ,#9626)
    ,(#9627,#9628,#9629,#9630,#9631,#9632,#9633,#9634,#9635,#9636,#9637
      ,#9638)
    ,(#9639,#9640,#9641,#9642,#9643,#9644,#9645,#9646,#9647,#9648,#9649
      ,#9650)
    ,(#9651,#9652,#9653,#9654,#9655,#9656,#9657,#9658,#9659,#9660,#9661
      ,#9662)
    ,(#9663,#9664,#9665,#9666,#9667,#9668,#9669,#9670,#9671,#9672,#9673
,#9674
    )),.UNSPECIFIED.,.F.,.F.,.F.) B_SPLINE_SURFACE_WITH_KNOTS((7,7),(12,
    12),(4.188790204786,6.28318530718),(0.,6.303048278758),
.PIECEWISE_BEZIER_KNOTS.) GEOMETRIC_REPRESENTATION_ITEM() 
RATIONAL_B_SPLINE_SURFACE((
    (1.056590953773,1.056590953773,1.056590953773,1.056590953773
      ,1.056590953773,1.056590953773,1.056590953773,1.056590953773
      ,1.056590953773,1.056590953773,1.056590953773,1.056590953773)
    ,(1.017435169568,1.017435169568,1.017435169568,1.017435169568
      ,1.017435169569,1.017435169568,1.017435169569,1.017435169568
      ,1.017435169568,1.017435169568,1.017435169568,1.017435169568)
    ,(0.996326512422,0.996326512422,0.996326512422,0.996326512422
      ,0.996326512422,0.996326512422,0.996326512422,0.996326512422
      ,0.996326512422,0.996326512422,0.996326512422,0.996326512422)
    ,(0.989390034249,0.989390034249,0.989390034249,0.989390034248
      ,0.989390034249,0.989390034248,0.989390034249,0.989390034248
      ,0.989390034249,0.989390034249,0.989390034249,0.989390034249)
    ,(0.996326512422,0.996326512422,0.996326512422,0.996326512422
      ,0.996326512423,0.996326512422,0.996326512423,0.996326512422
      ,0.996326512422,0.996326512422,0.996326512422,0.996326512422)
    ,(1.017435169568,1.017435169568,1.017435169568,1.017435169568
      ,1.017435169569,1.017435169567,1.017435169569,1.017435169567
      ,1.017435169569,1.017435169568,1.017435169568,1.017435169568)
    ,(1.056590953773,1.056590953773,1.056590953773,1.056590953773
      ,1.056590953773,1.056590953773,1.056590953773,1.056590953773
      ,1.056590953773,1.056590953773,1.056590953773,1.056590953773
))) REPRESENTATION_ITEM('') SURFACE() );
#9591 = CARTESIAN_POINT('',(2.729370049661,6.864780444E-08,
    10.768747412043));
#9592 = CARTESIAN_POINT('',(2.729369340004,-1.559045553234,
    10.723293515109));
#9593 = CARTESIAN_POINT('',(1.749990616917,-3.1177565904,10.677849618878
    ));
#9594 = CARTESIAN_POINT('',(-0.210562226369,-3.994241452514,
    10.632327759076));
#9595 = CARTESIAN_POINT('',(-2.606282677854,-3.497662919212,
    10.58706784609));
#9596 = CARTESIAN_POINT('',(-4.391762169415,-1.44534661926,
    10.541264962308));
#9597 = CARTESIAN_POINT('',(-4.39220255736,1.445341155508,
    10.496230379421));
#9598 = CARTESIAN_POINT('',(-2.60598673161,3.497671988187,
    10.450427495478));
#9599 = CARTESIAN_POINT('',(-0.21068691173,3.994236604319,
    10.405167582674));
#9600 = CARTESIAN_POINT('',(1.75001575507,3.117757610481,10.359645722777
    ));
#9601 = CARTESIAN_POINT('',(2.729370169487,1.5590456768,10.314201826566)
  );
#9602 = CARTESIAN_POINT('',(2.72936945199,5.491834809E-08,
    10.268747929633));
#9603 = CARTESIAN_POINT('',(2.706714275968,7.439459054E-08,
    10.781827440219));
#9604 = CARTESIAN_POINT('',(2.706713600936,-1.546107391805,
    10.736373597576));
#9605 = CARTESIAN_POINT('',(1.735462924921,-3.091855573633,
    10.690930592844));
#9606 = CARTESIAN_POINT('',(-0.208809639688,-3.961156645298,
    10.645403097828));
#9607 = CARTESIAN_POINT('',(-2.584654029182,-3.468484140906,
    10.600159478474));
#9608 = CARTESIAN_POINT('',(-4.355309354649,-1.433556097051,
    10.554327433604));
#9609 = CARTESIAN_POINT('',(-4.355731317852,1.433550837015,
    10.509328007806));
#9610 = CARTESIAN_POINT('',(-2.584370490005,3.468492815486,
    10.46349596278));
#9611 = CARTESIAN_POINT('',(-0.208929128896,3.961151998825,
    10.418252343601));
#9612 = CARTESIAN_POINT('',(1.735486993157,3.091856560968,
    10.372724848494));
#9613 = CARTESIAN_POINT('',(2.70671438684,1.546107525715,10.327281843781
    ));
#9614 = CARTESIAN_POINT('',(2.706713703312,5.951577481E-08,
    10.281828001139));
#9615 = CARTESIAN_POINT('',(2.690748563954,7.844438299E-08,
    10.803966025678));
#9616 = CARTESIAN_POINT('',(2.690747944286,-1.536989768973,
    10.758512221293));
#9617 = CARTESIAN_POINT('',(1.725225670167,-3.07360294543,
    10.713069844808));
#9618 = CARTESIAN_POINT('',(-0.207577152186,-3.937841424696,
    10.667538378611));
#9619 = CARTESIAN_POINT('',(-2.569406030993,-3.44792181917,
    10.622306241511));
#9620 = CARTESIAN_POINT('',(-4.329629875996,-1.425247115644,
    10.576453646591));
#9621 = CARTESIAN_POINT('',(-4.330020649157,1.425242216857,
    10.531478996266));
#9622 = CARTESIAN_POINT('',(-2.569143478191,3.447929835961,
    10.485626401203));
#9623 = CARTESIAN_POINT('',(-0.207687831741,3.937837120442,
    10.440394264264));
#9624 = CARTESIAN_POINT('',(1.725247939201,3.073603870787,
    10.394862797983));
#9625 = CARTESIAN_POINT('',(2.690748662265,1.536989910173,
    10.349420421515));
#9626 = CARTESIAN_POINT('',(2.690748033639,6.275559888E-08,
    10.303966617132));
#9627 = CARTESIAN_POINT('',(2.684977707399,7.990816664E-08,
    10.831246987537));
#9628 = CARTESIAN_POINT('',(2.684977153942,-1.533694186205,
    10.785793196982));
#9629 = CARTESIAN_POINT('',(1.721526174002,-3.067005525962,
    10.740351047578));
#9630 = CARTESIAN_POINT('',(-0.207135507632,-3.929413942941,
    10.694818145987));
#9631 = CARTESIAN_POINT('',(-2.563885478268,-3.440489810772,
    10.649590159175));
#9632 = CARTESIAN_POINT('',(-4.320361560004,-1.422243655515,
    10.603730136395));
#9633 = CARTESIAN_POINT('',(-4.320713894962,1.422239212104,
    10.558764441214));
#9634 = CARTESIAN_POINT('',(-2.563648778403,3.440497023048,
    10.512904418304));
#9635 = CARTESIAN_POINT('',(-0.207235321948,3.929410060886,
    10.467676431638));
#9636 = CARTESIAN_POINT('',(1.721546233169,3.067006370875,
    10.422143529971));
#9637 = CARTESIAN_POINT('',(2.684977791843,1.53369433004,10.376701380583
    ));
#9638 = CARTESIAN_POINT('',(2.68497722926,6.392661472E-08,
    10.331247590029));
#9639 = CARTESIAN_POINT('',(2.690748042196,7.844443128E-08,
    10.858528059761));
#9640 = CARTESIAN_POINT('',(2.690747553277,-1.536989500806,
    10.813074255378));
#9641 = CARTESIAN_POINT('',(1.725227575901,-3.073602490718,
    10.767631878913));
#9642 = CARTESIAN_POINT('',(-0.207587984912,-3.93784031655,
    10.722100412591));
#9643 = CARTESIAN_POINT('',(-2.56937973324,-3.447922016385,
    10.676868275844));
#9644 = CARTESIAN_POINT('',(-4.329667559894,-1.425246411648,
    10.631015680306));
#9645 = CARTESIAN_POINT('',(-4.329981453773,1.425242432095,
    10.58604103071));
#9646 = CARTESIAN_POINT('',(-2.569168879614,3.447928429171,
    10.540188435057));
#9647 = CARTESIAN_POINT('',(-0.207676926256,3.937836857105,
    10.494956298439));
#9648 = CARTESIAN_POINT('',(1.725245431218,3.073603251807,10.44942483205
    ));
#9649 = CARTESIAN_POINT('',(2.690748114109,1.536989642006,
    10.403982455599));
#9650 = CARTESIAN_POINT('',(2.690747616233,6.275562398E-08,
    10.358528651217));
#9651 = CARTESIAN_POINT('',(2.706713330799,7.439468108E-08,
    10.880666950565));
#9652 = CARTESIAN_POINT('',(2.70671289262,-1.546106906018,
    10.835213107923));
#9653 = CARTESIAN_POINT('',(1.735466377171,-3.091854749918,
    10.789770103228));
#9654 = CARTESIAN_POINT('',(-0.208829263248,-3.961154637884,
    10.744242607986));
#9655 = CARTESIAN_POINT('',(-2.584606390617,-3.468484498164,
    10.698998989272));
#9656 = CARTESIAN_POINT('',(-4.355377619296,-1.433554821759,
    10.653166943282));
#9657 = CARTESIAN_POINT('',(-4.355660315139,1.433551226922,
    10.608167518803));
#9658 = CARTESIAN_POINT('',(-2.584416504862,3.468490267072,
    10.562335472709));
#9659 = CARTESIAN_POINT('',(-0.208909373534,3.961151521789,
    10.517091854113));
#9660 = CARTESIAN_POINT('',(1.73548244993,3.09185543968,10.471564358809)
  );
#9661 = CARTESIAN_POINT('',(2.706713393853,1.546107039929,
    10.426121354126));
#9662 = CARTESIAN_POINT('',(2.706712947178,5.95158165E-08,
    10.380667511486));
#9663 = CARTESIAN_POINT('',(2.729368854329,6.864791718E-08,
    10.893747412037));
#9664 = CARTESIAN_POINT('',(2.729368444213,-1.559044938871,
    10.848293515106));
#9665 = CARTESIAN_POINT('',(1.749994982896,-3.117755548667,
    10.802849618921));
#9666 = CARTESIAN_POINT('',(-0.210587043822,-3.994238913783,
    10.757327758833));
#9667 = CARTESIAN_POINT('',(-2.606222430486,-3.497663371029,
    10.712067846657));
#9668 = CARTESIAN_POINT('',(-4.391848502101,-1.445345006428,
    10.666264961458));
#9669 = CARTESIAN_POINT('',(-4.392112761905,1.445341648614,
    10.621230380241));
#9670 = CARTESIAN_POINT('',(-2.606044925513,3.497668765268,
    10.575427494945));
#9671 = CARTESIAN_POINT('',(-0.210661927589,3.994236001023,
    10.530167582878));
#9672 = CARTESIAN_POINT('',(1.750010009357,3.117756192414,
    10.484645722733));
#9673 = CARTESIAN_POINT('',(2.729368913679,1.559045062438,10.43920182656
    ));
#9674 = CARTESIAN_POINT('',(2.729368495724,5.491840027E-08,
    10.393747929629));
#9675 = ADVANCED_FACE('',(#9676,#9679),#9690,.F.);
#9676 = FACE_BOUND('',#9677,.F.);
#9677 = EDGE_LOOP('',(#9678));
#9678 = ORIENTED_EDGE('',*,*,#8144,.F.);
#9679 = FACE_BOUND('',#9680,.F.);
#9680 = EDGE_LOOP('',(#9681));
#9681 = ORIENTED_EDGE('',*,*,#9682,.T.);
#9682 = EDGE_CURVE('',#9683,#9683,#9685,.T.);
#9683 = VERTEX_POINT('',#9684);
#9684 = CARTESIAN_POINT('',(2.,0.,9.05001));
#9685 = CIRCLE('',#9686,2.);
#9686 = AXIS2_PLACEMENT_3D('',#9687,#9688,#9689);
#9687 = CARTESIAN_POINT('',(0.,0.,9.05001));
#9688 = DIRECTION('',(0.,0.,-1.));
#9689 = DIRECTION('',(1.,0.,0.));
#9690 = PLANE('',#9691);
#9691 = AXIS2_PLACEMENT_3D('',#9692,#9693,#9694);
#9692 = CARTESIAN_POINT('',(0.,0.,9.05001));
#9693 = DIRECTION('',(0.,0.,1.));
#9694 = DIRECTION('',(0.,1.,0.));
#9695 = ADVANCED_FACE('',(#9696),#9720,.T.);
#9696 = FACE_BOUND('',#9697,.T.);
#9697 = EDGE_LOOP('',(#9698,#9699,#9709,#9710));
#9698 = ORIENTED_EDGE('',*,*,#9307,.F.);
#9699 = ORIENTED_EDGE('',*,*,#9700,.T.);
#9700 = EDGE_CURVE('',#9301,#8256,#9701,.T.);
#9701 = ( BOUNDED_CURVE() B_SPLINE_CURVE(6,(#9702,#9703,#9704,#9705,
#9706,#9707,#9708),.UNSPECIFIED.,.F.,.F.) B_SPLINE_CURVE_WITH_KNOTS((7,7
),(4.188790204786,6.28318530718),.PIECEWISE_BEZIER_KNOTS.) CURVE() 
GEOMETRIC_REPRESENTATION_ITEM() RATIONAL_B_SPLINE_CURVE((1.056590953773,
    1.017435169568,0.996326512422,0.989390034249,0.996326512422,
1.017435169568,1.056590953773)) REPRESENTATION_ITEM('') );
#9702 = CARTESIAN_POINT('',(2.729375428747,1.9221191677E-07,
    15.26874275379));
#9703 = CARTESIAN_POINT('',(2.706719429913,2.0830302194E-07,
    15.281822391995));
#9704 = CARTESIAN_POINT('',(2.690753336834,2.1964257818E-07,
    15.303960702635));
#9705 = CARTESIAN_POINT('',(2.684982010698,2.2374133685E-07,
    15.331241565158));
#9706 = CARTESIAN_POINT('',(2.69075187591,2.1964306668E-07,
    15.358522736701));
#9707 = CARTESIAN_POINT('',(2.706716783439,2.0830390834E-07,
    15.380661902309));
#9708 = CARTESIAN_POINT('',(2.729372081814,1.9221304365E-07,
    15.393742753745));
#9709 = ORIENTED_EDGE('',*,*,#8255,.T.);
#9710 = ORIENTED_EDGE('',*,*,#9711,.F.);
#9711 = EDGE_CURVE('',#9248,#8258,#9712,.T.);
#9712 = ( BOUNDED_CURVE() B_SPLINE_CURVE(6,(#9713,#9714,#9715,#9716,
#9717,#9718,#9719),.UNSPECIFIED.,.F.,.F.) B_SPLINE_CURVE_WITH_KNOTS((7,7
),(4.188790204786,6.28318530718),.PIECEWISE_BEZIER_KNOTS.) CURVE() 
GEOMETRIC_REPRESENTATION_ITEM() RATIONAL_B_SPLINE_CURVE((1.056590953773,
    1.017435169568,0.996326512422,0.989390034249,0.996326512422,
1.017435169568,1.056590953773)) REPRESENTATION_ITEM('') );
#9713 = CARTESIAN_POINT('',(2.729374831066,1.7848270495E-07,
    14.768743271369));
#9714 = CARTESIAN_POINT('',(2.706718857248,1.9342443058E-07,
    14.781822952904));
#9715 = CARTESIAN_POINT('',(2.690752806509,2.0395400302E-07,
    14.80396129408));
#9716 = CARTESIAN_POINT('',(2.684981532549,2.0775998061E-07,
    14.831242167641));
#9717 = CARTESIAN_POINT('',(2.690751449937,2.0395442563E-07,
    14.85852332815));
#9718 = CARTESIAN_POINT('',(2.706716399808,1.9342519142E-07,
    14.880662463224));
#9719 = CARTESIAN_POINT('',(2.7293717232,1.7848366257E-07,
    14.893743271331));
#9720 = ( BOUNDED_SURFACE() B_SPLINE_SURFACE(6,11,(
    (#9721,#9722,#9723,#9724,#9725,#9726,#9727,#9728,#9729,#9730,#9731
      ,#9732)
    ,(#9733,#9734,#9735,#9736,#9737,#9738,#9739,#9740,#9741,#9742,#9743
      ,#9744)
    ,(#9745,#9746,#9747,#9748,#9749,#9750,#9751,#9752,#9753,#9754,#9755
      ,#9756)
    ,(#9757,#9758,#9759,#9760,#9761,#9762,#9763,#9764,#9765,#9766,#9767
      ,#9768)
    ,(#9769,#9770,#9771,#9772,#9773,#9774,#9775,#9776,#9777,#9778,#9779
      ,#9780)
    ,(#9781,#9782,#9783,#9784,#9785,#9786,#9787,#9788,#9789,#9790,#9791
      ,#9792)
    ,(#9793,#9794,#9795,#9796,#9797,#9798,#9799,#9800,#9801,#9802,#9803
,#9804
    )),.UNSPECIFIED.,.F.,.F.,.F.) B_SPLINE_SURFACE_WITH_KNOTS((7,7),(12,
    12),(4.188790204786,6.28318530718),(0.,6.303048278758),
.PIECEWISE_BEZIER_KNOTS.) GEOMETRIC_REPRESENTATION_ITEM() 
RATIONAL_B_SPLINE_SURFACE((
    (1.056590953773,1.056590953773,1.056590953773,1.056590953773
      ,1.056590953773,1.056590953773,1.056590953773,1.056590953773
      ,1.056590953773,1.056590953773,1.056590953773,1.056590953773)
    ,(1.017435169568,1.017435169568,1.017435169568,1.017435169568
      ,1.017435169568,1.017435169568,1.017435169569,1.017435169568
      ,1.017435169568,1.017435169568,1.017435169568,1.017435169568)
    ,(0.996326512422,0.996326512422,0.996326512422,0.996326512422
      ,0.996326512422,0.996326512422,0.996326512422,0.996326512422
      ,0.996326512422,0.996326512422,0.996326512422,0.996326512422)
    ,(0.989390034249,0.989390034249,0.989390034249,0.989390034248
      ,0.989390034249,0.989390034248,0.989390034249,0.989390034248
      ,0.989390034249,0.989390034249,0.989390034249,0.989390034249)
    ,(0.996326512422,0.996326512422,0.996326512422,0.996326512422
      ,0.996326512423,0.996326512422,0.996326512423,0.996326512422
      ,0.996326512422,0.996326512422,0.996326512422,0.996326512422)
    ,(1.017435169568,1.017435169568,1.017435169568,1.017435169568
      ,1.017435169569,1.017435169567,1.017435169569,1.017435169567
      ,1.017435169569,1.017435169568,1.017435169568,1.017435169568)
    ,(1.056590953773,1.056590953773,1.056590953773,1.056590953773
      ,1.056590953773,1.056590953773,1.056590953773,1.056590953773
      ,1.056590953773,1.056590953773,1.056590953773,1.056590953773
))) REPRESENTATION_ITEM('') SURFACE() );
#9721 = CARTESIAN_POINT('',(2.729375428747,1.9221189068E-07,
    15.26874275379));
#9722 = CARTESIAN_POINT('',(2.729374789642,-1.559048501532,
    15.223288856843));
#9723 = CARTESIAN_POINT('',(1.74999420738,-3.11776266075,15.1778449604)
  );
#9724 = CARTESIAN_POINT('',(-0.210562461725,-3.994249317313,
    15.132323101936));
#9725 = CARTESIAN_POINT('',(-2.606287654664,-3.497669964935,
    15.087063185081));
#9726 = CARTESIAN_POINT('',(-4.391770758884,-1.445349617528,
    15.041260308223));
#9727 = CARTESIAN_POINT('',(-4.392211282002,1.44534375597,
    14.996225716989));
#9728 = CARTESIAN_POINT('',(-2.605992022289,3.497678798189,
    14.95042283997));
#9729 = CARTESIAN_POINT('',(-0.210687509829,3.994244449901,
    14.905162923297));
#9730 = CARTESIAN_POINT('',(1.750019063382,3.117763839319,
    14.859641064738));
#9731 = CARTESIAN_POINT('',(2.72937547801,1.559048872227,14.814197168315
    ));
#9732 = CARTESIAN_POINT('',(2.729374831066,1.7848270495E-07,
    14.768743271369));
#9733 = CARTESIAN_POINT('',(2.706719429913,2.0830298963E-07,
    15.281822391995));
#9734 = CARTESIAN_POINT('',(2.706718831341,-1.546110201187,
    15.236368549339));
#9735 = CARTESIAN_POINT('',(1.735466382821,-3.091861379959,
    15.190925544404));
#9736 = CARTESIAN_POINT('',(-0.208809842419,-3.961164182124,
    15.14539805067));
#9737 = CARTESIAN_POINT('',(-2.584658777981,-3.468490906531,
    15.10015442761));
#9738 = CARTESIAN_POINT('',(-4.35531757612,-1.433558994803,
    15.054322389373));
#9739 = CARTESIAN_POINT('',(-4.355739685812,1.433553303659,
    15.009322955577));
#9740 = CARTESIAN_POINT('',(-2.58437557895,3.468499325655,
    14.963490917186));
#9741 = CARTESIAN_POINT('',(-0.208929724737,3.961159514825,14.9182472943
    ));
#9742 = CARTESIAN_POINT('',(1.735490145286,3.09186253905,14.872719800475
    ));
#9743 = CARTESIAN_POINT('',(2.706719464315,1.546110602914,
    14.827276795559));
#9744 = CARTESIAN_POINT('',(2.706718857248,1.9342443058E-07,
    14.781822952904));
#9745 = CARTESIAN_POINT('',(2.690753336834,2.1964255359E-07,
    15.303960702635));
#9746 = CARTESIAN_POINT('',(2.690752797788,-1.536992353448,
    15.258506898239));
#9747 = CARTESIAN_POINT('',(1.725228892029,-3.073608311432,
    15.213064521566));
#9748 = CARTESIAN_POINT('',(-0.207577314696,-3.937848405611,
    15.167533056556));
#9749 = CARTESIAN_POINT('',(-2.569410406847,-3.447928100963,
    15.122300916023));
#9750 = CARTESIAN_POINT('',(-4.329637480199,-1.425249826817,
    15.076448327247));
#9751 = CARTESIAN_POINT('',(-4.330028407818,1.425244473455,
    15.031473669516));
#9752 = CARTESIAN_POINT('',(-2.569148212712,3.447935848394,
    14.985621080596));
#9753 = CARTESIAN_POINT('',(-0.207688408758,3.937844079397,
    14.940388940225));
#9754 = CARTESIAN_POINT('',(1.725250838644,3.073609417894,
    14.894857475131));
#9755 = CARTESIAN_POINT('',(2.690753354513,1.536992777044,
    14.849415098475));
#9756 = CARTESIAN_POINT('',(2.690752806509,2.0395400302E-07,
    14.80396129408));
#9757 = CARTESIAN_POINT('',(2.684982010698,2.2374130815E-07,
    15.331241565158));
#9758 = CARTESIAN_POINT('',(2.684981539367,-1.533696499878,
    15.285787774592));
#9759 = CARTESIAN_POINT('',(1.721529097748,-3.067010353429,
    15.240345625019));
#9760 = CARTESIAN_POINT('',(-0.207135629895,-3.929420238321,
    15.194812724498));
#9761 = CARTESIAN_POINT('',(-2.563889402612,-3.440495490293,
    15.149584734592));
#9762 = CARTESIAN_POINT('',(-4.320368407025,-1.422246126553,
    15.10372471735));
#9763 = CARTESIAN_POINT('',(-4.320720899324,1.422241220082,
    15.058759015491));
#9764 = CARTESIAN_POINT('',(-2.563653068106,3.440502428182,
    15.012898998121));
#9765 = CARTESIAN_POINT('',(-0.207235866454,3.929416333897,
    14.96767100836));
#9766 = CARTESIAN_POINT('',(1.72154882848,3.067011382827,14.922138107763
    ));
#9767 = CARTESIAN_POINT('',(2.684982013005,1.53369693138,14.876695958206
    ));
#9768 = CARTESIAN_POINT('',(2.684981532549,2.0775998061E-07,
    14.831242167641));
#9769 = CARTESIAN_POINT('',(2.69075187591,2.1964304037E-07,
    15.358522736701));
#9770 = CARTESIAN_POINT('',(2.690751467614,-1.536991548945,
    15.313068932309));
#9771 = CARTESIAN_POINT('',(1.725230195514,-3.073606783025,
    15.267626555693));
#9772 = CARTESIAN_POINT('',(-0.207588074663,-3.937845925981,
    15.222095090325));
#9773 = CARTESIAN_POINT('',(-2.56938321276,-3.447927088602,
    15.176862950821));
#9774 = CARTESIAN_POINT('',(-4.329673652614,-1.425248634066,
    15.131010360217));
#9775 = CARTESIAN_POINT('',(-4.329987700945,1.425244199935,
    15.086035704672));
#9776 = CARTESIAN_POINT('',(-2.569172717807,3.447933232027,
    15.040183113953));
#9777 = CARTESIAN_POINT('',(-0.207677430514,3.937842444576,
    14.994950974579));
#9778 = CARTESIAN_POINT('',(1.725247728412,3.07360772522,14.949419509143
    ));
#9779 = CARTESIAN_POINT('',(2.690751867191,1.536991972543,
    14.903977132541));
#9780 = CARTESIAN_POINT('',(2.690751449937,2.0395442563E-07,
    14.85852332815));
#9781 = CARTESIAN_POINT('',(2.706716783439,2.083038762E-07,
    15.380661902309));
#9782 = CARTESIAN_POINT('',(2.70671642172,-1.546108743825,15.33520805966
    ));
#9783 = CARTESIAN_POINT('',(1.735468744094,-3.09185861124,
    15.289765054828));
#9784 = CARTESIAN_POINT('',(-0.208829334173,-3.961159690256,
    15.244237560445));
#9785 = CARTESIAN_POINT('',(-2.584609515706,-3.468489072633,
    15.198993939249));
#9786 = CARTESIAN_POINT('',(-4.355383102698,-1.433556834123,
    15.153161897701));
#9787 = CARTESIAN_POINT('',(-4.355665945031,1.433552808175,
    15.108162467866));
#9788 = CARTESIAN_POINT('',(-2.584419970098,3.468494586087,
    15.062330426215));
#9789 = CARTESIAN_POINT('',(-0.208909837572,3.961156553334,
    15.017086805136));
#9790 = CARTESIAN_POINT('',(1.735484511079,3.091859472758,
    14.971559310691));
#9791 = CARTESIAN_POINT('',(2.706716770022,1.546109145554,
    14.926116305873));
#9792 = CARTESIAN_POINT('',(2.706716399808,1.9342519142E-07,
    14.880662463224));
#9793 = CARTESIAN_POINT('',(2.729372081814,1.9221301639E-07,
    15.393742753745));
#9794 = CARTESIAN_POINT('',(2.729371742252,-1.559046658442,
    15.348288856806));
#9795 = CARTESIAN_POINT('',(1.749997193626,-3.117759159216,
    15.302844960494));
#9796 = CARTESIAN_POINT('',(-0.210587112488,-3.994243636554,
    15.257323101208));
#9797 = CARTESIAN_POINT('',(-2.606225353827,-3.497667645647,
    15.212063186711));
#9798 = CARTESIAN_POINT('',(-4.3918536288,-1.44534688497,15.166260305667
    ));
#9799 = CARTESIAN_POINT('',(-4.392118023777,1.445343129348,
    15.121225719441));
#9800 = CARTESIAN_POINT('',(-2.606048162727,3.497672804164,15.0754228383
    ));
#9801 = CARTESIAN_POINT('',(-0.210662359001,3.994240704576,
    15.030162923911));
#9802 = CARTESIAN_POINT('',(1.750011937934,3.117759961452,
    14.984641064569));
#9803 = CARTESIAN_POINT('',(2.729372070601,1.559047029139,
    14.939197168269));
#9804 = CARTESIAN_POINT('',(2.7293717232,1.7848366257E-07,
    14.893743271331));
#9805 = ADVANCED_FACE('',(#9806),#9825,.T.);
#9806 = FACE_BOUND('',#9807,.T.);
#9807 = EDGE_LOOP('',(#9808,#9823,#9824));
#9808 = ORIENTED_EDGE('',*,*,#9809,.F.);
#9809 = EDGE_CURVE('',#9441,#8256,#9810,.T.);
#9810 = ( BOUNDED_CURVE() B_SPLINE_CURVE(11,(#9811,#9812,#9813,#9814,
    #9815,#9816,#9817,#9818,#9819,#9820,#9821,#9822),.UNSPECIFIED.,.F.,
.F.) B_SPLINE_CURVE_WITH_KNOTS((12,12),(0.,6.303048278758),
.PIECEWISE_BEZIER_KNOTS.) CURVE() GEOMETRIC_REPRESENTATION_ITEM() 
RATIONAL_B_SPLINE_CURVE((1.056590953773,1.056590953773,1.056590953773,
    1.056590953773,1.056590953773,1.056590953773,1.056590953773,
    1.056590953773,1.056590953773,1.056590953773,1.056590953773,
1.056590953773)) REPRESENTATION_ITEM('') );
#9811 = CARTESIAN_POINT('',(2.729372440428,2.059423857E-07,
    15.89374223616));
#9812 = CARTESIAN_POINT('',(2.729372108706,-1.559046849508,
    15.84828833922));
#9813 = CARTESIAN_POINT('',(1.749997439266,-3.117759560394,
    15.802844442894));
#9814 = CARTESIAN_POINT('',(-0.210587120119,-3.994244161314,
    15.757322583698));
#9815 = CARTESIAN_POINT('',(-2.606225678645,-3.497668120611,
    15.712062668943));
#9816 = CARTESIAN_POINT('',(-4.391854198444,-1.445347093699,
    15.666259788359));
#9817 = CARTESIAN_POINT('',(-4.392118608435,1.445343293875,
    15.621225201577));
#9818 = CARTESIAN_POINT('',(-2.606048522423,3.497673252938,
    15.575422320898));
#9819 = CARTESIAN_POINT('',(-0.210662406935,3.9942412272,15.530162406252
    ));
#9820 = CARTESIAN_POINT('',(1.750012152223,3.11776038024,15.484640546998
    ));
#9821 = CARTESIAN_POINT('',(2.729372421376,1.559047247664,
    15.439196650684));
#9822 = CARTESIAN_POINT('',(2.729372081814,1.9221304365E-07,
    15.393742753745));
#9823 = ORIENTED_EDGE('',*,*,#9545,.F.);
#9824 = ORIENTED_EDGE('',*,*,#8274,.F.);
#9825 = B_SPLINE_SURFACE_WITH_KNOTS('',1,11,(
    (#9826,#9827,#9828,#9829,#9830,#9831,#9832,#9833,#9834,#9835,#9836
      ,#9837)
    ,(#9838,#9839,#9840,#9841,#9842,#9843,#9844,#9845,#9846,#9847,#9848
      ,#9849
    )),.UNSPECIFIED.,.F.,.F.,.F.,(2,2),(12,12),(0.,0.35),(0.,
    6.303048278758),.PIECEWISE_BEZIER_KNOTS.);
#9826 = CARTESIAN_POINT('',(2.729372440428,2.0594238616E-07,
    15.89374223616));
#9827 = CARTESIAN_POINT('',(2.729372108706,-1.559046849508,
    15.84828833922));
#9828 = CARTESIAN_POINT('',(1.749997439266,-3.117759560394,
    15.802844442894));
#9829 = CARTESIAN_POINT('',(-0.210587120119,-3.994244161315,
    15.757322583698));
#9830 = CARTESIAN_POINT('',(-2.606225678646,-3.49766812061,
    15.712062668943));
#9831 = CARTESIAN_POINT('',(-4.391854198443,-1.4453470937,
    15.666259788359));
#9832 = CARTESIAN_POINT('',(-4.392118608436,1.445343293876,
    15.621225201577));
#9833 = CARTESIAN_POINT('',(-2.606048522422,3.497673252938,
    15.575422320898));
#9834 = CARTESIAN_POINT('',(-0.210662406936,3.994241227201,
    15.530162406252));
#9835 = CARTESIAN_POINT('',(1.750012152223,3.11776038024,15.484640546998
    ));
#9836 = CARTESIAN_POINT('',(2.729372421376,1.559047247664,
    15.439196650684));
#9837 = CARTESIAN_POINT('',(2.729372081814,1.9221304126E-07,
    15.393742753745));
#9838 = CARTESIAN_POINT('',(3.032476311229,-2.471348947E-08,
    16.068750931675));
#9839 = CARTESIAN_POINT('',(3.032476267163,-1.732142444363,
    16.023296308397));
#9840 = CARTESIAN_POINT('',(1.944372671915,-3.464281439782,
    15.977840485007));
#9841 = CARTESIAN_POINT('',(-0.234104352807,-4.436872282629,
    15.932394017448));
#9842 = CARTESIAN_POINT('',(-2.895422692791,-3.88804647477,
    15.886916115602));
#9843 = CARTESIAN_POINT('',(-4.879791176546,-1.603085448251,
    15.841503371621));
#9844 = CARTESIAN_POINT('',(-4.879808763225,1.603085314568,
    15.79599842962));
#9845 = CARTESIAN_POINT('',(-2.895410787981,3.888046887817,
    15.750585685632));
#9846 = CARTESIAN_POINT('',(-0.234109262835,4.436872092801,
    15.705107783793));
#9847 = CARTESIAN_POINT('',(1.944373737635,3.464281446774,15.65966131623
    ));
#9848 = CARTESIAN_POINT('',(3.032476330448,1.732142396583,
    15.614205492842));
#9849 = CARTESIAN_POINT('',(3.032476287324,-2.306588509E-08,
    15.568750869563));
#9850 = ADVANCED_FACE('',(#9851),#9866,.T.);
#9851 = FACE_BOUND('',#9852,.T.);
#9852 = EDGE_LOOP('',(#9853,#9854,#9855,#9856));
#9853 = ORIENTED_EDGE('',*,*,#9254,.F.);
#9854 = ORIENTED_EDGE('',*,*,#9711,.T.);
#9855 = ORIENTED_EDGE('',*,*,#8351,.T.);
#9856 = ORIENTED_EDGE('',*,*,#9857,.F.);
#9857 = EDGE_CURVE('',#9195,#8352,#9858,.T.);
#9858 = ( BOUNDED_CURVE() B_SPLINE_CURVE(6,(#9859,#9860,#9861,#9862,
#9863,#9864,#9865),.UNSPECIFIED.,.F.,.F.) B_SPLINE_CURVE_WITH_KNOTS((7,7
),(4.188790204786,6.28318530718),.PIECEWISE_BEZIER_KNOTS.) CURVE() 
GEOMETRIC_REPRESENTATION_ITEM() RATIONAL_B_SPLINE_CURVE((1.056590953773,
    1.017435169568,0.996326512422,0.989390034249,0.996326512422,
1.017435169568,1.056590953773)) REPRESENTATION_ITEM('') );
#9859 = CARTESIAN_POINT('',(2.729374233387,1.6475353626E-07,
    14.26874378895));
#9860 = CARTESIAN_POINT('',(2.706718284583,1.7854588524E-07,
    14.281823513815));
#9861 = CARTESIAN_POINT('',(2.690752276185,1.8826547732E-07,
    14.303961885527));
#9862 = CARTESIAN_POINT('',(2.684981054401,1.9177866789E-07,
    14.331242770125));
#9863 = CARTESIAN_POINT('',(2.690751023965,1.882658317E-07,
    14.358523919599));
#9864 = CARTESIAN_POINT('',(2.706716016178,1.7854652212E-07,
    14.380663024139));
#9865 = CARTESIAN_POINT('',(2.729371364587,1.6475433884E-07,
    14.393743788917));
#9866 = ( BOUNDED_SURFACE() B_SPLINE_SURFACE(6,11,(
    (#9867,#9868,#9869,#9870,#9871,#9872,#9873,#9874,#9875,#9876,#9877
      ,#9878)
    ,(#9879,#9880,#9881,#9882,#9883,#9884,#9885,#9886,#9887,#9888,#9889
      ,#9890)
    ,(#9891,#9892,#9893,#9894,#9895,#9896,#9897,#9898,#9899,#9900,#9901
      ,#9902)
    ,(#9903,#9904,#9905,#9906,#9907,#9908,#9909,#9910,#9911,#9912,#9913
      ,#9914)
    ,(#9915,#9916,#9917,#9918,#9919,#9920,#9921,#9922,#9923,#9924,#9925
      ,#9926)
    ,(#9927,#9928,#9929,#9930,#9931,#9932,#9933,#9934,#9935,#9936,#9937
      ,#9938)
    ,(#9939,#9940,#9941,#9942,#9943,#9944,#9945,#9946,#9947,#9948,#9949
,#9950
    )),.UNSPECIFIED.,.F.,.F.,.F.) B_SPLINE_SURFACE_WITH_KNOTS((7,7),(12,
    12),(4.188790204786,6.28318530718),(0.,6.303048278758),
.PIECEWISE_BEZIER_KNOTS.) GEOMETRIC_REPRESENTATION_ITEM() 
RATIONAL_B_SPLINE_SURFACE((
    (1.056590953773,1.056590953773,1.056590953773,1.056590953773
      ,1.056590953773,1.056590953773,1.056590953773,1.056590953773
      ,1.056590953773,1.056590953773,1.056590953773,1.056590953773)
    ,(1.017435169568,1.017435169568,1.017435169568,1.017435169568
      ,1.017435169568,1.017435169568,1.017435169569,1.017435169568
      ,1.017435169568,1.017435169568,1.017435169568,1.017435169568)
    ,(0.996326512422,0.996326512422,0.996326512422,0.996326512422
      ,0.996326512422,0.996326512422,0.996326512422,0.996326512422
      ,0.996326512422,0.996326512422,0.996326512422,0.996326512422)
    ,(0.989390034249,0.989390034249,0.989390034249,0.989390034248
      ,0.989390034249,0.989390034248,0.989390034249,0.989390034248
      ,0.989390034249,0.989390034249,0.989390034249,0.989390034249)
    ,(0.996326512422,0.996326512422,0.996326512422,0.996326512422
      ,0.996326512423,0.996326512422,0.996326512423,0.996326512422
      ,0.996326512422,0.996326512422,0.996326512422,0.996326512422)
    ,(1.017435169568,1.017435169568,1.017435169568,1.017435169568
      ,1.017435169569,1.017435169567,1.017435169569,1.017435169567
      ,1.017435169569,1.017435169568,1.017435169568,1.017435169568)
    ,(1.056590953773,1.056590953773,1.056590953773,1.056590953773
      ,1.056590953773,1.056590953773,1.056590953773,1.056590953773
      ,1.056590953773,1.056590953773,1.056590953773,1.056590953773
))) REPRESENTATION_ITEM('') SURFACE() );
#9867 = CARTESIAN_POINT('',(2.729374831066,1.7848268158E-07,
    14.768743271369));
#9868 = CARTESIAN_POINT('',(2.729374184122,-1.559048173941,
    14.723289374424));
#9869 = CARTESIAN_POINT('',(1.749993808437,-3.117761986261,
    14.677845478004));
#9870 = CARTESIAN_POINT('',(-0.210562435574,-3.994248443441,
    14.632323619393));
#9871 = CARTESIAN_POINT('',(-2.606287101681,-3.49766918207,
    14.587063702966));
#9872 = CARTESIAN_POINT('',(-4.391769804491,-1.445349284386,
    14.54126082534));
#9873 = CARTESIAN_POINT('',(-4.392210312591,1.445343467027,
    14.496226235032));
#9874 = CARTESIAN_POINT('',(-2.605991434431,3.497678041517,
    14.450423357245));
#9875 = CARTESIAN_POINT('',(-0.210687443374,3.994243578163,
    14.405163441001));
#9876 = CARTESIAN_POINT('',(1.750018695789,3.117763147221,
    14.359641582294));
#9877 = CARTESIAN_POINT('',(2.72937488817,1.559048517177,14.314197685894
    ));
#9878 = CARTESIAN_POINT('',(2.729374233387,1.6475353626E-07,
    14.26874378895));
#9879 = CARTESIAN_POINT('',(2.706718857248,1.934244076E-07,
    14.781822952904));
#9880 = CARTESIAN_POINT('',(2.70671825018,-1.54610988903,14.73636911025)
  );
#9881 = CARTESIAN_POINT('',(1.735465998608,-3.091860734806,
    14.690926105337));
#9882 = CARTESIAN_POINT('',(-0.208809819893,-3.961163344692,
    14.645398611462));
#9883 = CARTESIAN_POINT('',(-2.584658250331,-3.468490154788,
    14.600154988812));
#9884 = CARTESIAN_POINT('',(-4.355316662617,-1.433558672827,
    14.55432294984));
#9885 = CARTESIAN_POINT('',(-4.35573875603,1.433553029582,
    14.509323516931));
#9886 = CARTESIAN_POINT('',(-2.584375013508,3.468498602299,
    14.463491477804));
#9887 = CARTESIAN_POINT('',(-0.208929658531,3.961158679705,
    14.418247855329));
#9888 = CARTESIAN_POINT('',(1.735489795045,3.091861874814,
    14.372720361362));
#9889 = CARTESIAN_POINT('',(2.706718900147,1.546110261001,
    14.327277356469));
#9890 = CARTESIAN_POINT('',(2.706718284583,1.7854588524E-07,
    14.281823513815));
#9891 = CARTESIAN_POINT('',(2.690752806509,2.0395398509E-07,
    14.80396129408));
#9892 = CARTESIAN_POINT('',(2.690752258505,-1.536992066281,
    14.758507489686));
#9893 = CARTESIAN_POINT('',(1.725228534041,-3.073607715203,
    14.713065113033));
#9894 = CARTESIAN_POINT('',(-0.207577296639,-3.937847629947,
    14.667533647893));
#9895 = CARTESIAN_POINT('',(-2.569409920636,-3.447927402979,
    14.62230150774));
#9896 = CARTESIAN_POINT('',(-4.32963663528,-1.425249525573,
    14.576448918283));
#9897 = CARTESIAN_POINT('',(-4.330027545737,1.425244222717,
    14.531474261372));
#9898 = CARTESIAN_POINT('',(-2.569147686649,3.447935180341,
    14.485621671772));
#9899 = CARTESIAN_POINT('',(-0.207688344645,3.937843306172,
    14.440389531781));
#9900 = CARTESIAN_POINT('',(1.72525051648,3.073608801544,14.394858066555
    ));
#9901 = CARTESIAN_POINT('',(2.690752833147,1.5369924585,14.34941568992)
  );
#9902 = CARTESIAN_POINT('',(2.690752276185,1.8826547732E-07,
    14.303961885527));
#9903 = CARTESIAN_POINT('',(2.684981532549,2.0775995591E-07,
    14.831242167641));
#9904 = CARTESIAN_POINT('',(2.684981052093,-1.533696242801,
    14.785788377077));
#9905 = CARTESIAN_POINT('',(1.721528772885,-3.067009817038,
    14.740346227522));
#9906 = CARTESIAN_POINT('',(-0.20713561631,-3.929419538828,
    14.694813326883));
#9907 = CARTESIAN_POINT('',(-2.563888966568,-3.440494859228,
    14.649585337319));
#9908 = CARTESIAN_POINT('',(-4.320367646237,-1.42224585199,
    14.603725319464));
#9909 = CARTESIAN_POINT('',(-4.320720121053,1.422240996969,
    14.558759618345));
#9910 = CARTESIAN_POINT('',(-2.563652591468,3.440501827607,
    14.512899600361));
#9911 = CARTESIAN_POINT('',(-0.207235805953,3.929415636887,
    14.467671610943));
#9912 = CARTESIAN_POINT('',(1.721548540108,3.067010825938,
    14.422138710227));
#9913 = CARTESIAN_POINT('',(2.684981543982,1.533696642339,
    14.376696560689));
#9914 = CARTESIAN_POINT('',(2.684981054401,1.9177866789E-07,
    14.331242770125));
#9915 = CARTESIAN_POINT('',(2.690751449937,2.0395440009E-07,
    14.85852332815));
#9916 = CARTESIAN_POINT('',(2.690751032682,-1.536991321372,
    14.813069523759));
#9917 = CARTESIAN_POINT('',(1.725229904443,-3.073606306096,
    14.767627147159));
#9918 = CARTESIAN_POINT('',(-0.20758806469,-3.937845302705,
    14.722095681686));
#9919 = CARTESIAN_POINT('',(-2.569382826144,-3.447926525014,
    14.676863542486));
#9920 = CARTESIAN_POINT('',(-4.329672975635,-1.42524838713,
    14.631010951336));
#9921 = CARTESIAN_POINT('',(-4.329987006809,1.425244003506,
    14.58603629645));
#9922 = CARTESIAN_POINT('',(-2.569172291335,3.44793269837,
    14.540183705185));
#9923 = CARTESIAN_POINT('',(-0.207677374486,3.937841823738,
    14.494951566116));
#9924 = CARTESIAN_POINT('',(1.725247473165,3.073607228169,
    14.449420100574));
#9925 = CARTESIAN_POINT('',(2.690751450177,1.536991713592,
    14.403977723989));
#9926 = CARTESIAN_POINT('',(2.690751023965,1.882658317E-07,
    14.358523919599));
#9927 = CARTESIAN_POINT('',(2.706716399808,1.93425165E-07,
    14.880662463224));
#9928 = CARTESIAN_POINT('',(2.706716029593,-1.546108539622,
    14.835208620576));
#9929 = CARTESIAN_POINT('',(1.7354684811,-3.091858182198,14.789765615759
    ));
#9930 = CARTESIAN_POINT('',(-0.208829326292,-3.961159128876,
    14.744238121281));
#9931 = CARTESIAN_POINT('',(-2.58460916847,-3.468488564351,
    14.698994500359));
#9932 = CARTESIAN_POINT('',(-4.355382493423,-1.433556610526,
    14.65316245832));
#9933 = CARTESIAN_POINT('',(-4.355665319481,1.433552632478,
    14.608163029078));
#9934 = CARTESIAN_POINT('',(-2.584419585067,3.468494106191,
    14.562330986935));
#9935 = CARTESIAN_POINT('',(-0.208909786012,3.961155994266,
    14.51708736613));
#9936 = CARTESIAN_POINT('',(1.735484282059,3.091859024633,
    14.471559871591));
#9937 = CARTESIAN_POINT('',(2.706716394888,1.546108911593,
    14.426116866787));
#9938 = CARTESIAN_POINT('',(2.706716016178,1.7854652212E-07,
    14.380663024139));
#9939 = CARTESIAN_POINT('',(2.7293717232,1.7848364053E-07,
    14.893743271331));
#9940 = CARTESIAN_POINT('',(2.729371375799,-1.559046467376,
    14.848289374393));
#9941 = CARTESIAN_POINT('',(1.749996947987,-3.117758758039,
    14.802845478094));
#9942 = CARTESIAN_POINT('',(-0.210587104859,-3.994243111796,
    14.757323618721));
#9943 = CARTESIAN_POINT('',(-2.606225029005,-3.497667170684,
    14.71206370448));
#9944 = CARTESIAN_POINT('',(-4.391853059162,-1.44534667624,
    14.666260822975));
#9945 = CARTESIAN_POINT('',(-4.392117439116,1.445342964817,
    14.621226237304));
#9946 = CARTESIAN_POINT('',(-2.606047803033,3.497672355394,
    14.575423355703));
#9947 = CARTESIAN_POINT('',(-0.210662311065,3.994240181952,
    14.530163441572));
#9948 = CARTESIAN_POINT('',(1.750011723644,3.117759542665,14.48464158214
    ));
#9949 = CARTESIAN_POINT('',(2.729371719828,1.559046810614,
    14.439197685854));
#9950 = CARTESIAN_POINT('',(2.729371364587,1.6475433884E-07,
    14.393743788917));
#9951 = ADVANCED_FACE('',(#9952),#9967,.T.);
#9952 = FACE_BOUND('',#9953,.T.);
#9953 = EDGE_LOOP('',(#9954,#9955,#9956,#9957));
#9954 = ORIENTED_EDGE('',*,*,#9201,.F.);
#9955 = ORIENTED_EDGE('',*,*,#9857,.T.);
#9956 = ORIENTED_EDGE('',*,*,#8404,.T.);
#9957 = ORIENTED_EDGE('',*,*,#9958,.F.);
#9958 = EDGE_CURVE('',#9142,#8405,#9959,.T.);
#9959 = ( BOUNDED_CURVE() B_SPLINE_CURVE(6,(#9960,#9961,#9962,#9963,
#9964,#9965,#9966),.UNSPECIFIED.,.F.,.F.) B_SPLINE_CURVE_WITH_KNOTS((7,7
),(4.188790204786,6.28318530718),.PIECEWISE_BEZIER_KNOTS.) CURVE() 
GEOMETRIC_REPRESENTATION_ITEM() RATIONAL_B_SPLINE_CURVE((1.056590953773,
    1.017435169568,0.996326512422,0.989390034249,0.996326512422,
1.017435169568,1.056590953773)) REPRESENTATION_ITEM('') );
#9960 = CARTESIAN_POINT('',(2.729373635708,1.5102417106E-07,
    13.768744306532));
#9961 = CARTESIAN_POINT('',(2.70671771192,1.6366715194E-07,
    13.781824074727));
#9962 = CARTESIAN_POINT('',(2.690751745862,1.7257676638E-07,
    13.803962476975));
#9963 = CARTESIAN_POINT('',(2.684980576254,1.7579717332E-07,
    13.831243372611));
#9964 = CARTESIAN_POINT('',(2.690750597994,1.7257705837E-07,
    13.858524511048));
#9965 = CARTESIAN_POINT('',(2.706715632549,1.6366767674E-07,
    13.880663585055));
#9966 = CARTESIAN_POINT('',(2.729371005976,1.5102483408E-07,
    13.893744306504));
#9967 = ( BOUNDED_SURFACE() B_SPLINE_SURFACE(6,11,(
    (#9968,#9969,#9970,#9971,#9972,#9973,#9974,#9975,#9976,#9977,#9978
      ,#9979)
    ,(#9980,#9981,#9982,#9983,#9984,#9985,#9986,#9987,#9988,#9989,#9990
      ,#9991)
    ,(#9992,#9993,#9994,#9995,#9996,#9997,#9998,#9999,#10000,#10001
      ,#10002,#10003)
    ,(#10004,#10005,#10006,#10007,#10008,#10009,#10010,#10011,#10012
      ,#10013,#10014,#10015)
    ,(#10016,#10017,#10018,#10019,#10020,#10021,#10022,#10023,#10024
      ,#10025,#10026,#10027)
    ,(#10028,#10029,#10030,#10031,#10032,#10033,#10034,#10035,#10036
      ,#10037,#10038,#10039)
    ,(#10040,#10041,#10042,#10043,#10044,#10045,#10046,#10047,#10048
      ,#10049,#10050,#10051
)),.UNSPECIFIED.,.F.,.F.,.F.) B_SPLINE_SURFACE_WITH_KNOTS((7,7),(12,12),
  (4.188790204786,6.28318530718),(0.,6.303048278758),
.PIECEWISE_BEZIER_KNOTS.) GEOMETRIC_REPRESENTATION_ITEM() 
RATIONAL_B_SPLINE_SURFACE((
    (1.056590953773,1.056590953773,1.056590953773,1.056590953773
      ,1.056590953773,1.056590953773,1.056590953773,1.056590953773
      ,1.056590953773,1.056590953773,1.056590953773,1.056590953773)
    ,(1.017435169568,1.017435169568,1.017435169568,1.017435169568
      ,1.017435169568,1.017435169568,1.017435169569,1.017435169568
      ,1.017435169568,1.017435169568,1.017435169568,1.017435169568)
    ,(0.996326512422,0.996326512422,0.996326512422,0.996326512422
      ,0.996326512422,0.996326512422,0.996326512422,0.996326512422
      ,0.996326512422,0.996326512422,0.996326512422,0.996326512422)
    ,(0.989390034249,0.989390034249,0.989390034249,0.989390034248
      ,0.989390034249,0.989390034248,0.989390034249,0.989390034248
      ,0.989390034249,0.989390034249,0.989390034249,0.989390034249)
    ,(0.996326512422,0.996326512422,0.996326512422,0.996326512422
      ,0.996326512423,0.996326512422,0.996326512423,0.996326512422
      ,0.996326512422,0.996326512422,0.996326512422,0.996326512422)
    ,(1.017435169568,1.017435169568,1.017435169568,1.017435169568
      ,1.017435169569,1.017435169567,1.017435169569,1.017435169567
      ,1.017435169569,1.017435169568,1.017435169568,1.017435169568)
    ,(1.056590953773,1.056590953773,1.056590953773,1.056590953773
      ,1.056590953773,1.056590953773,1.056590953773,1.056590953773
      ,1.056590953773,1.056590953773,1.056590953773,1.056590953773
))) REPRESENTATION_ITEM('') SURFACE() );
#9968 = CARTESIAN_POINT('',(2.729374233387,1.6475342735E-07,
    14.26874378895));
#9969 = CARTESIAN_POINT('',(2.729373578604,-1.55904784635,
    14.223289892005));
#9970 = CARTESIAN_POINT('',(1.749993409495,-3.117761311774,
    14.17784599561));
#9971 = CARTESIAN_POINT('',(-0.210562409423,-3.994247569569,
    14.132324136849));
#9972 = CARTESIAN_POINT('',(-2.606286548697,-3.497668399209,
    14.087064220854));
#9973 = CARTESIAN_POINT('',(-4.391768850102,-1.445348951241,
    14.041261342457));
#9974 = CARTESIAN_POINT('',(-4.392209343178,1.445343178084,
    13.996226753078));
#9975 = CARTESIAN_POINT('',(-2.605990846577,3.497677284846,
    13.95042387452));
#9976 = CARTESIAN_POINT('',(-0.210687376917,3.994242706427,
    13.905163958707));
#9977 = CARTESIAN_POINT('',(1.750018328196,3.117762455124,13.85964209985
    ));
#9978 = CARTESIAN_POINT('',(2.72937429833,1.559048162128,13.814198203475
    ));
#9979 = CARTESIAN_POINT('',(2.729373635708,1.5102417106E-07,
    13.768744306532));
#9980 = CARTESIAN_POINT('',(2.706718284583,1.7854578088E-07,
    14.281823513815));
#9981 = CARTESIAN_POINT('',(2.70671766902,-1.546109576875,
    14.236369671162));
#9982 = CARTESIAN_POINT('',(1.735465614394,-3.091860089655,
    14.190926666273));
#9983 = CARTESIAN_POINT('',(-0.208809797366,-3.961162507261,
    14.145399172254));
#9984 = CARTESIAN_POINT('',(-2.584657722685,-3.46848940305,
    14.100155550018));
#9985 = CARTESIAN_POINT('',(-4.355315749113,-1.43355835085,
    14.054323510306));
#9986 = CARTESIAN_POINT('',(-4.355737826252,1.433552755507,
    14.009324078288));
#9987 = CARTESIAN_POINT('',(-2.584374448066,3.468497878943,
    13.963492038422));
#9988 = CARTESIAN_POINT('',(-0.208929592327,3.961157844589,
    13.91824841636));
#9989 = CARTESIAN_POINT('',(1.735489444807,3.091861210578,13.87272092225
    ));
#9990 = CARTESIAN_POINT('',(2.706718335979,1.546109919087,
    13.827277917379));
#9991 = CARTESIAN_POINT('',(2.70671771192,1.6366715194E-07,
    13.781824074727));
#9992 = CARTESIAN_POINT('',(2.690752276185,1.8826537401E-07,
    14.303961885527));
#9993 = CARTESIAN_POINT('',(2.690751719224,-1.536991779115,
    14.258508081134));
#9994 = CARTESIAN_POINT('',(1.725228176054,-3.073607118977,
    14.213065704503));
#9995 = CARTESIAN_POINT('',(-0.207577278582,-3.937846854284,
    14.167534239229));
#9996 = CARTESIAN_POINT('',(-2.569409434426,-3.447926704998,
    14.122302099459));
#9997 = CARTESIAN_POINT('',(-4.329635790363,-1.425249224329,
    14.076449509317));
#9998 = CARTESIAN_POINT('',(-4.330026683657,1.425243971983,
    14.031474853232));
#9999 = CARTESIAN_POINT('',(-2.569147160588,3.447934512287,
    13.985622262947));
#10000 = CARTESIAN_POINT('',(-0.207688280532,3.93784253295,
    13.940390123339));
#10001 = CARTESIAN_POINT('',(1.725250194317,3.073608185194,
    13.89485865798));
#10002 = CARTESIAN_POINT('',(2.690752311782,1.536992139957,
    13.849416281367));
#10003 = CARTESIAN_POINT('',(2.690751745862,1.7257676638E-07,
    13.803962476975));
#10004 = CARTESIAN_POINT('',(2.684981054401,1.9177856186E-07,
    14.331242770125));
#10005 = CARTESIAN_POINT('',(2.68498056482,-1.533695985724,
    14.285788979562));
#10006 = CARTESIAN_POINT('',(1.721528448021,-3.067009280648,
    14.240346830027));
#10007 = CARTESIAN_POINT('',(-0.207135602725,-3.929418839335,
    14.194813929268));
#10008 = CARTESIAN_POINT('',(-2.563888530527,-3.440494228167,
    14.149585940049));
#10009 = CARTESIAN_POINT('',(-4.320366885451,-1.422245577427,
    14.103725921577));
#10010 = CARTESIAN_POINT('',(-4.320719342785,1.422240773857,
    14.058760221202));
#10011 = CARTESIAN_POINT('',(-2.563652114831,3.440501227031,
    14.0129002026));
#10012 = CARTESIAN_POINT('',(-0.207235745452,3.929414939881,
    13.967672213527));
#10013 = CARTESIAN_POINT('',(1.721548251738,3.06701026905,
    13.922139312692));
#10014 = CARTESIAN_POINT('',(2.68498107496,1.533696353299,
    13.876697163173));
#10015 = CARTESIAN_POINT('',(2.684980576254,1.7579717332E-07,
    13.831243372611));
#10016 = CARTESIAN_POINT('',(2.690751023965,1.8826572307E-07,
    14.358523919599));
#10017 = CARTESIAN_POINT('',(2.690750597753,-1.536991093798,
    14.313070115208));
#10018 = CARTESIAN_POINT('',(1.725229613373,-3.073605829169,
    14.267627738626));
#10019 = CARTESIAN_POINT('',(-0.207588054717,-3.937844679429,
    14.222096273045));
#10020 = CARTESIAN_POINT('',(-2.569382439526,-3.447925961431,
    14.176864134155));
#10021 = CARTESIAN_POINT('',(-4.329672298662,-1.425248140191,
    14.131011542454));
#10022 = CARTESIAN_POINT('',(-4.329986312671,1.425243807076,
    14.086036888231));
#10023 = CARTESIAN_POINT('',(-2.569171864867,3.447932164715,
    14.040184296416));
#10024 = CARTESIAN_POINT('',(-0.207677318457,3.937841202903,
    13.994952157654));
#10025 = CARTESIAN_POINT('',(1.725247217919,3.073606731118,
    13.949420692006));
#10026 = CARTESIAN_POINT('',(2.690751033164,1.536991454641,
    13.903978315438));
#10027 = CARTESIAN_POINT('',(2.690750597994,1.7257705837E-07,
    13.858524511048));
#10028 = CARTESIAN_POINT('',(2.706716016178,1.7854641737E-07,
    14.380663024139));
#10029 = CARTESIAN_POINT('',(2.706715637468,-1.546108335419,
    14.335209181492));
#10030 = CARTESIAN_POINT('',(1.735468218106,-3.091857753159,
    14.289766176691));
#10031 = CARTESIAN_POINT('',(-0.208829318412,-3.961158567495,
    14.244238682116));
#10032 = CARTESIAN_POINT('',(-2.584608821233,-3.468488056075,
    14.198995061472));
#10033 = CARTESIAN_POINT('',(-4.355381884152,-1.433556386926,
    14.153163018937));
#10034 = CARTESIAN_POINT('',(-4.35566469393,1.433552456779,
    14.108163590292));
#10035 = CARTESIAN_POINT('',(-2.584419200039,3.468493626297,
    14.062331547654));
#10036 = CARTESIAN_POINT('',(-0.208909734451,3.9611554352,
    14.017087927126));
#10037 = CARTESIAN_POINT('',(1.735484053041,3.09185857651,
    13.971560432491));
#10038 = CARTESIAN_POINT('',(2.706716019754,1.546108677633,
    13.926117427702));
#10039 = CARTESIAN_POINT('',(2.706715632549,1.6366767674E-07,
    13.880663585055));
#10040 = CARTESIAN_POINT('',(2.729371364587,1.6475423326E-07,
    14.393743788917));
#10041 = CARTESIAN_POINT('',(2.729371009347,-1.559046276311,
    14.348289891979));
#10042 = CARTESIAN_POINT('',(1.749996702348,-3.117758356863,
    14.302845995696));
#10043 = CARTESIAN_POINT('',(-0.210587097229,-3.994242587038,
    14.257324136232));
#10044 = CARTESIAN_POINT('',(-2.606224704186,-3.497666695724,
    14.212064222251));
#10045 = CARTESIAN_POINT('',(-4.391852489524,-1.44534646751,
    14.166261340283));
#10046 = CARTESIAN_POINT('',(-4.392116854457,1.445342800288,
    14.12122675517));
#10047 = CARTESIAN_POINT('',(-2.606047443341,3.497671906625,
    14.075423873105));
#10048 = CARTESIAN_POINT('',(-0.21066226313,3.99423965933,
    14.030163959234));
#10049 = CARTESIAN_POINT('',(1.750011509356,3.11775912388,
    13.984642099712));
#10050 = CARTESIAN_POINT('',(2.729371369056,1.55904659209,
    13.939198203441));
#10051 = CARTESIAN_POINT('',(2.729371005976,1.5102483408E-07,
    13.893744306504));
#10052 = ADVANCED_FACE('',(#10053),#10068,.T.);
#10053 = FACE_BOUND('',#10054,.T.);
#10054 = EDGE_LOOP('',(#10055,#10056,#10057,#10058));
#10055 = ORIENTED_EDGE('',*,*,#9148,.F.);
#10056 = ORIENTED_EDGE('',*,*,#9958,.T.);
#10057 = ORIENTED_EDGE('',*,*,#8457,.T.);
#10058 = ORIENTED_EDGE('',*,*,#10059,.F.);
#10059 = EDGE_CURVE('',#9089,#8458,#10060,.T.);
#10060 = ( BOUNDED_CURVE() B_SPLINE_CURVE(6,(#10061,#10062,#10063,#10064
    ,#10065,#10066,#10067),.UNSPECIFIED.,.F.,.F.) 
B_SPLINE_CURVE_WITH_KNOTS((7,7),(4.188790204786,6.28318530718),
.PIECEWISE_BEZIER_KNOTS.) CURVE() GEOMETRIC_REPRESENTATION_ITEM() 
RATIONAL_B_SPLINE_CURVE((1.056590953773,1.017435169568,0.996326512422,
    0.989390034249,0.996326512422,1.017435169568,1.056590953773)) 
REPRESENTATION_ITEM('') );
#10061 = CARTESIAN_POINT('',(2.729373038031,1.3729478032E-07,
    13.268744824114));
#10062 = CARTESIAN_POINT('',(2.706717139259,1.4878839238E-07,
    13.28182463564));
#10063 = CARTESIAN_POINT('',(2.690751215541,1.5688802429E-07,
    13.303963068423));
#10064 = CARTESIAN_POINT('',(2.684980098108,1.5981565382E-07,
    13.331243975097));
#10065 = CARTESIAN_POINT('',(2.690750172025,1.5688826066E-07,
    13.358525102499));
#10066 = CARTESIAN_POINT('',(2.706715248921,1.4878881288E-07,
    13.380664145972));
#10067 = CARTESIAN_POINT('',(2.729370647365,1.3729531356E-07,
    13.393744824092));
#10068 = ( BOUNDED_SURFACE() B_SPLINE_SURFACE(6,11,(
    (#10069,#10070,#10071,#10072,#10073,#10074,#10075,#10076,#10077
      ,#10078,#10079,#10080)
    ,(#10081,#10082,#10083,#10084,#10085,#10086,#10087,#10088,#10089
      ,#10090,#10091,#10092)
    ,(#10093,#10094,#10095,#10096,#10097,#10098,#10099,#10100,#10101
      ,#10102,#10103,#10104)
    ,(#10105,#10106,#10107,#10108,#10109,#10110,#10111,#10112,#10113
      ,#10114,#10115,#10116)
    ,(#10117,#10118,#10119,#10120,#10121,#10122,#10123,#10124,#10125
      ,#10126,#10127,#10128)
    ,(#10129,#10130,#10131,#10132,#10133,#10134,#10135,#10136,#10137
      ,#10138,#10139,#10140)
    ,(#10141,#10142,#10143,#10144,#10145,#10146,#10147,#10148,#10149
      ,#10150,#10151,#10152
)),.UNSPECIFIED.,.F.,.F.,.F.) B_SPLINE_SURFACE_WITH_KNOTS((7,7),(12,12),
  (4.188790204786,6.28318530718),(0.,6.303048278758),
.PIECEWISE_BEZIER_KNOTS.) GEOMETRIC_REPRESENTATION_ITEM() 
RATIONAL_B_SPLINE_SURFACE((
    (1.056590953773,1.056590953773,1.056590953773,1.056590953773
      ,1.056590953773,1.056590953773,1.056590953773,1.056590953773
      ,1.056590953773,1.056590953773,1.056590953773,1.056590953773)
    ,(1.017435169568,1.017435169568,1.017435169568,1.017435169568
      ,1.017435169568,1.017435169568,1.017435169569,1.017435169568
      ,1.017435169568,1.017435169568,1.017435169568,1.017435169568)
    ,(0.996326512422,0.996326512422,0.996326512422,0.996326512422
      ,0.996326512422,0.996326512422,0.996326512422,0.996326512422
      ,0.996326512422,0.996326512422,0.996326512422,0.996326512422)
    ,(0.989390034249,0.989390034249,0.989390034249,0.989390034248
      ,0.989390034249,0.989390034248,0.989390034249,0.989390034248
      ,0.989390034249,0.989390034249,0.989390034249,0.989390034249)
    ,(0.996326512422,0.996326512422,0.996326512422,0.996326512422
      ,0.996326512423,0.996326512422,0.996326512423,0.996326512422
      ,0.996326512422,0.996326512422,0.996326512422,0.996326512422)
    ,(1.017435169568,1.017435169568,1.017435169568,1.017435169568
      ,1.017435169569,1.017435169567,1.017435169569,1.017435169567
      ,1.017435169569,1.017435169568,1.017435169568,1.017435169568)
    ,(1.056590953773,1.056590953773,1.056590953773,1.056590953773
      ,1.056590953773,1.056590953773,1.056590953773,1.056590953773
      ,1.056590953773,1.056590953773,1.056590953773,1.056590953773
))) REPRESENTATION_ITEM('') SURFACE() );
#10069 = CARTESIAN_POINT('',(2.729373635708,1.5102415435E-07,
    13.768744306532));
#10070 = CARTESIAN_POINT('',(2.729372973086,-1.55904751876,
    13.723290409589));
#10071 = CARTESIAN_POINT('',(1.749993010552,-3.117760637288,
    13.677846513217));
#10072 = CARTESIAN_POINT('',(-0.210562383271,-3.994246695699,
    13.632324654307));
#10073 = CARTESIAN_POINT('',(-2.606285995717,-3.497667616347,
    13.587064738742));
#10074 = CARTESIAN_POINT('',(-4.391767895712,-1.445348618102,
    13.541261859575));
#10075 = CARTESIAN_POINT('',(-4.39220837377,1.445342889146,
    13.496227271125));
#10076 = CARTESIAN_POINT('',(-2.60599025872,3.497676528173,
    13.450424391796));
#10077 = CARTESIAN_POINT('',(-0.210687310463,3.994241834693,
    13.405164476414));
#10078 = CARTESIAN_POINT('',(1.750017960605,3.117761763028,
    13.359642617408));
#10079 = CARTESIAN_POINT('',(2.729373708492,1.559047807079,
    13.314198721056));
#10080 = CARTESIAN_POINT('',(2.729373038031,1.3729478032E-07,
    13.268744824114));
#10081 = CARTESIAN_POINT('',(2.70671771192,1.6366713473E-07,
    13.781824074727));
#10082 = CARTESIAN_POINT('',(2.706717087862,-1.54610926472,
    13.736370232076));
#10083 = CARTESIAN_POINT('',(1.735465230181,-3.091859444504,
    13.690927227209));
#10084 = CARTESIAN_POINT('',(-0.208809774841,-3.961161669833,
    13.645399733047));
#10085 = CARTESIAN_POINT('',(-2.584657195036,-3.468488651308,
    13.600156111223));
#10086 = CARTESIAN_POINT('',(-4.355314835615,-1.433558028882,
    13.554324070774));
#10087 = CARTESIAN_POINT('',(-4.355736896472,1.433552481441,
    13.509324639645));
#10088 = CARTESIAN_POINT('',(-2.584373882627,3.468497155583,
    13.463492599041));
#10089 = CARTESIAN_POINT('',(-0.208929526122,3.961157009476,
    13.418248977392));
#10090 = CARTESIAN_POINT('',(1.735489094569,3.091860546344,
    13.372721483139));
#10091 = CARTESIAN_POINT('',(2.706717771812,1.546109577175,
    13.327278478291));
#10092 = CARTESIAN_POINT('',(2.706717139259,1.4878839238E-07,
    13.28182463564));
#10093 = CARTESIAN_POINT('',(2.690751745862,1.7257675317E-07,
    13.803962476975));
#10094 = CARTESIAN_POINT('',(2.690751179943,-1.536991491949,
    13.758508672583));
#10095 = CARTESIAN_POINT('',(1.725227818068,-3.073606522751,
    13.713066295972));
#10096 = CARTESIAN_POINT('',(-0.207577260525,-3.937846078623,
    13.667534830567));
#10097 = CARTESIAN_POINT('',(-2.569408948216,-3.447926007016,
    13.622302691178));
#10098 = CARTESIAN_POINT('',(-4.32963494545,-1.425248923089,
    13.576450100353));
#10099 = CARTESIAN_POINT('',(-4.330025821576,1.425243721252,
    13.531475445092));
#10100 = CARTESIAN_POINT('',(-2.56914663453,3.447933844233,
    13.485622854124));
#10101 = CARTESIAN_POINT('',(-0.207688216418,3.93784175973,
    13.440390714897));
#10102 = CARTESIAN_POINT('',(1.725249872155,3.073607568846,
    13.394859249406));
#10103 = CARTESIAN_POINT('',(2.690751790418,1.536991821414,
    13.349416872814));
#10104 = CARTESIAN_POINT('',(2.690751215541,1.5688802429E-07,
    13.303963068423));
#10105 = CARTESIAN_POINT('',(2.684980576254,1.7579715911E-07,
    13.831243372611));
#10106 = CARTESIAN_POINT('',(2.684980077548,-1.533695728647,
    13.785789582048));
#10107 = CARTESIAN_POINT('',(1.721528123159,-3.06700874426,
    13.740347432532));
#10108 = CARTESIAN_POINT('',(-0.207135589139,-3.929418139845,
    13.694814531654));
#10109 = CARTESIAN_POINT('',(-2.563888094487,-3.440493597103,
    13.64958654278));
#10110 = CARTESIAN_POINT('',(-4.320366124666,-1.42224530287,
    13.603726523691));
#10111 = CARTESIAN_POINT('',(-4.320718564518,1.422240550753,
    13.558760824059));
#10112 = CARTESIAN_POINT('',(-2.563651638195,3.440500626454,
    13.512900804841));
#10113 = CARTESIAN_POINT('',(-0.207235684952,3.929414242878,
    13.467672816113));
#10114 = CARTESIAN_POINT('',(1.721547963369,3.067009712164,
    13.422139915158));
#10115 = CARTESIAN_POINT('',(2.684980605939,1.53369606426,
    13.376697765658));
#10116 = CARTESIAN_POINT('',(2.684980098108,1.5981565382E-07,
    13.331243975097));
#10117 = CARTESIAN_POINT('',(2.690750597994,1.7257703944E-07,
    13.858524511048));
#10118 = CARTESIAN_POINT('',(2.690750162824,-1.536990866226,
    13.813070706659));
#10119 = CARTESIAN_POINT('',(1.725229322303,-3.073605352243,
    13.767628330094));
#10120 = CARTESIAN_POINT('',(-0.207588044745,-3.937844056155,
    13.722096864407));
#10121 = CARTESIAN_POINT('',(-2.56938205291,-3.447925397848,
    13.676864725823));
#10122 = CARTESIAN_POINT('',(-4.32967162169,-1.425247893257,
    13.631012133573));
#10123 = CARTESIAN_POINT('',(-4.329985618536,1.425243610651,
    13.586037480012));
#10124 = CARTESIAN_POINT('',(-2.569171438399,3.447931631058,
    13.540184887648));
#10125 = CARTESIAN_POINT('',(-0.207677262428,3.93784058207,
    13.494952749194));
#10126 = CARTESIAN_POINT('',(1.725246962674,3.07360623407,
    13.449421283438));
#10127 = CARTESIAN_POINT('',(2.690750616153,1.536991195691,
    13.403978906888));
#10128 = CARTESIAN_POINT('',(2.690750172025,1.5688826066E-07,
    13.358525102499));
#10129 = CARTESIAN_POINT('',(2.706715632549,1.6366766176E-07,
    13.880663585055));
#10130 = CARTESIAN_POINT('',(2.706715245343,-1.546108131217,
    13.835209742409));
#10131 = CARTESIAN_POINT('',(1.735467955113,-3.09185732412,
    13.789766737623));
#10132 = CARTESIAN_POINT('',(-0.208829310531,-3.961158006117,
    13.744239242953));
#10133 = CARTESIAN_POINT('',(-2.584608473998,-3.468487547795,
    13.698995622585));
#10134 = CARTESIAN_POINT('',(-4.355381274882,-1.433556163333,
    13.653163579556));
#10135 = CARTESIAN_POINT('',(-4.355664068381,1.433552281088,
    13.608164151507));
#10136 = CARTESIAN_POINT('',(-2.584418815011,3.4684931464,
    13.562332108374));
#10137 = CARTESIAN_POINT('',(-0.208909682892,3.961154876137,
    13.517088488123));
#10138 = CARTESIAN_POINT('',(1.735483824023,3.091858128387,
    13.471560993391));
#10139 = CARTESIAN_POINT('',(2.706715644622,1.546108443673,
    13.426117988619));
#10140 = CARTESIAN_POINT('',(2.706715248921,1.4878881288E-07,
    13.380664145972));
#10141 = CARTESIAN_POINT('',(2.729371005976,1.5102481532E-07,
    13.893744306504));
#10142 = CARTESIAN_POINT('',(2.729370642896,-1.559046085246,
    13.848290409567));
#10143 = CARTESIAN_POINT('',(1.74999645671,-3.117757955689,
    13.802846513298));
#10144 = CARTESIAN_POINT('',(-0.210587089599,-3.994242062283,
    13.757324653745));
#10145 = CARTESIAN_POINT('',(-2.606224379368,-3.497666220762,
    13.712064740022));
#10146 = CARTESIAN_POINT('',(-4.391851919888,-1.445346258785,
    13.666261857592));
#10147 = CARTESIAN_POINT('',(-4.3921162698,1.445342635765,
    13.621227273036));
#10148 = CARTESIAN_POINT('',(-2.606047083649,3.497671457852,
    13.575424390509));
#10149 = CARTESIAN_POINT('',(-0.210662215195,3.994239136711,
    13.530164476896));
#10150 = CARTESIAN_POINT('',(1.750011295068,3.117758705095,
    13.484642617285));
#10151 = CARTESIAN_POINT('',(2.729371018284,1.559046373566,
    13.439198721028));
#10152 = CARTESIAN_POINT('',(2.729370647365,1.3729531356E-07,
    13.393744824092));
#10153 = ADVANCED_FACE('',(#10154),#10169,.T.);
#10154 = FACE_BOUND('',#10155,.T.);
#10155 = EDGE_LOOP('',(#10156,#10157,#10158,#10159));
#10156 = ORIENTED_EDGE('',*,*,#9095,.F.);
#10157 = ORIENTED_EDGE('',*,*,#10059,.T.);
#10158 = ORIENTED_EDGE('',*,*,#8510,.T.);
#10159 = ORIENTED_EDGE('',*,*,#10160,.F.);
#10160 = EDGE_CURVE('',#9036,#8511,#10161,.T.);
#10161 = ( BOUNDED_CURVE() B_SPLINE_CURVE(6,(#10162,#10163,#10164,#10165
    ,#10166,#10167,#10168),.UNSPECIFIED.,.F.,.F.) 
B_SPLINE_CURVE_WITH_KNOTS((7,7),(4.188790204786,6.28318530718),
.PIECEWISE_BEZIER_KNOTS.) CURVE() GEOMETRIC_REPRESENTATION_ITEM() 
RATIONAL_B_SPLINE_CURVE((1.056590953773,1.017435169568,0.996326512422,
    0.989390034249,0.996326512422,1.017435169568,1.056590953773)) 
REPRESENTATION_ITEM('') );
#10162 = CARTESIAN_POINT('',(2.729372440354,1.2356552226E-07,
    12.768745341699));
#10163 = CARTESIAN_POINT('',(2.706716566597,1.3390976272E-07,
    12.781825196555));
#10164 = CARTESIAN_POINT('',(2.690750685221,1.4119942526E-07,
    12.803963659873));
#10165 = CARTESIAN_POINT('',(2.684979619963,1.4383427455E-07,
    12.831244577584));
#10166 = CARTESIAN_POINT('',(2.690749746056,1.4119960701E-07,
    12.858525693951));
#10167 = CARTESIAN_POINT('',(2.706714865294,1.3391009418E-07,
    12.88066470689));
#10168 = CARTESIAN_POINT('',(2.729370288755,1.2356593743E-07,
    12.89374534168));
#10169 = ( BOUNDED_SURFACE() B_SPLINE_SURFACE(6,11,(
    (#10170,#10171,#10172,#10173,#10174,#10175,#10176,#10177,#10178
      ,#10179,#10180,#10181)
    ,(#10182,#10183,#10184,#10185,#10186,#10187,#10188,#10189,#10190
      ,#10191,#10192,#10193)
    ,(#10194,#10195,#10196,#10197,#10198,#10199,#10200,#10201,#10202
      ,#10203,#10204,#10205)
    ,(#10206,#10207,#10208,#10209,#10210,#10211,#10212,#10213,#10214
      ,#10215,#10216,#10217)
    ,(#10218,#10219,#10220,#10221,#10222,#10223,#10224,#10225,#10226
      ,#10227,#10228,#10229)
    ,(#10230,#10231,#10232,#10233,#10234,#10235,#10236,#10237,#10238
      ,#10239,#10240,#10241)
    ,(#10242,#10243,#10244,#10245,#10246,#10247,#10248,#10249,#10250
      ,#10251,#10252,#10253
)),.UNSPECIFIED.,.F.,.F.,.F.) B_SPLINE_SURFACE_WITH_KNOTS((7,7),(12,12),
  (4.188790204786,6.28318530718),(0.,6.303048278758),
.PIECEWISE_BEZIER_KNOTS.) GEOMETRIC_REPRESENTATION_ITEM() 
RATIONAL_B_SPLINE_SURFACE((
    (1.056590953773,1.056590953773,1.056590953773,1.056590953773
      ,1.056590953773,1.056590953773,1.056590953773,1.056590953773
      ,1.056590953773,1.056590953773,1.056590953773,1.056590953773)
    ,(1.017435169568,1.017435169568,1.017435169568,1.017435169568
      ,1.017435169568,1.017435169568,1.017435169569,1.017435169568
      ,1.017435169568,1.017435169568,1.017435169568,1.017435169568)
    ,(0.996326512422,0.996326512422,0.996326512422,0.996326512422
      ,0.996326512422,0.996326512422,0.996326512422,0.996326512422
      ,0.996326512422,0.996326512422,0.996326512422,0.996326512422)
    ,(0.989390034249,0.989390034249,0.989390034249,0.989390034248
      ,0.989390034249,0.989390034248,0.989390034249,0.989390034248
      ,0.989390034249,0.989390034249,0.989390034249,0.989390034249)
    ,(0.996326512422,0.996326512422,0.996326512422,0.996326512422
      ,0.996326512423,0.996326512422,0.996326512423,0.996326512422
      ,0.996326512422,0.996326512422,0.996326512422,0.996326512422)
    ,(1.017435169568,1.017435169568,1.017435169568,1.017435169568
      ,1.017435169569,1.017435169567,1.017435169569,1.017435169567
      ,1.017435169569,1.017435169568,1.017435169568,1.017435169568)
    ,(1.056590953773,1.056590953773,1.056590953773,1.056590953773
      ,1.056590953773,1.056590953773,1.056590953773,1.056590953773
      ,1.056590953773,1.056590953773,1.056590953773,1.056590953773
))) REPRESENTATION_ITEM('') SURFACE() );
#10170 = CARTESIAN_POINT('',(2.729373038031,1.3729485088E-07,
    13.268744824114));
#10171 = CARTESIAN_POINT('',(2.729372367569,-1.559047191171,
    13.223290927174));
#10172 = CARTESIAN_POINT('',(1.749992611612,-3.117759962803,
    13.177847030824));
#10173 = CARTESIAN_POINT('',(-0.210562357122,-3.994245821831,
    13.132325171767));
#10174 = CARTESIAN_POINT('',(-2.606285442736,-3.497666833486,
    13.08706525663));
#10175 = CARTESIAN_POINT('',(-4.391766941324,-1.445348284961,
    13.041262376697));
#10176 = CARTESIAN_POINT('',(-4.392207404363,1.445342600203,
    12.99622778917));
#10177 = CARTESIAN_POINT('',(-2.605989670866,3.497675771506,
    12.950424909076));
#10178 = CARTESIAN_POINT('',(-0.210687244006,3.994240962958,
    12.90516499412));
#10179 = CARTESIAN_POINT('',(1.750017593013,3.117761070934,
    12.859643134968));
#10180 = CARTESIAN_POINT('',(2.729373118655,1.559047452031,
    12.814199238639));
#10181 = CARTESIAN_POINT('',(2.729372440354,1.2356552226E-07,
    12.768745341699));
#10182 = CARTESIAN_POINT('',(2.706717139259,1.4878846494E-07,
    13.28182463564));
#10183 = CARTESIAN_POINT('',(2.706716506704,-1.546108952565,
    13.236370792991));
#10184 = CARTESIAN_POINT('',(1.73546484597,-3.091858799355,
    13.190927788145));
#10185 = CARTESIAN_POINT('',(-0.208809752315,-3.961160832407,
    13.145400293843));
#10186 = CARTESIAN_POINT('',(-2.584656667391,-3.468487899569,
    13.100156672428));
#10187 = CARTESIAN_POINT('',(-4.355313922113,-1.433557706909,
    13.054324631246));
#10188 = CARTESIAN_POINT('',(-4.355735966699,1.433552207367,
    13.009325201001));
#10189 = CARTESIAN_POINT('',(-2.584373317186,3.46849643223,
    12.963493159664));
#10190 = CARTESIAN_POINT('',(-0.208929459918,3.961156174362,
    12.918249538424));
#10191 = CARTESIAN_POINT('',(1.735488744331,3.091859882111,
    12.87272204403));
#10192 = CARTESIAN_POINT('',(2.706717207647,1.546109235263,
    12.827279039204));
#10193 = CARTESIAN_POINT('',(2.706716566597,1.3390976272E-07,
    12.781825196555));
#10194 = CARTESIAN_POINT('',(2.690751215541,1.5688810417E-07,
    13.303963068423));
#10195 = CARTESIAN_POINT('',(2.690750640663,-1.536991204785,
    13.258509264033));
#10196 = CARTESIAN_POINT('',(1.725227460083,-3.073605926527,
    13.213066887442));
#10197 = CARTESIAN_POINT('',(-0.207577242468,-3.937845302965,
    13.167535421907));
#10198 = CARTESIAN_POINT('',(-2.56940846201,-3.447925309035,
    13.122303282897));
#10199 = CARTESIAN_POINT('',(-4.329634100533,-1.425248621849,
    13.076450691393));
#10200 = CARTESIAN_POINT('',(-4.330024959503,1.425243470518,
    13.031476036951));
#10201 = CARTESIAN_POINT('',(-2.569146108469,3.447933176183,
    12.985623445303));
#10202 = CARTESIAN_POINT('',(-0.207688152305,3.93784098651,
    12.940391306455));
#10203 = CARTESIAN_POINT('',(1.725249549993,3.073606952499,
    12.894859840835));
#10204 = CARTESIAN_POINT('',(2.690751269056,1.536991502872,
    12.849417464262));
#10205 = CARTESIAN_POINT('',(2.690750685221,1.4119942526E-07,
    12.803963659873));
#10206 = CARTESIAN_POINT('',(2.684980098108,1.5981572954E-07,
    13.331243975097));
#10207 = CARTESIAN_POINT('',(2.684979590276,-1.533695471571,
    13.285790184536));
#10208 = CARTESIAN_POINT('',(1.721527798298,-3.067008207873,
    13.240348035037));
#10209 = CARTESIAN_POINT('',(-0.207135575554,-3.929417440357,
    13.194815134043));
#10210 = CARTESIAN_POINT('',(-2.563887658447,-3.440492966043,
    13.149587145509));
#10211 = CARTESIAN_POINT('',(-4.320365363883,-1.42224502831,
    13.103727125808));
#10212 = CARTESIAN_POINT('',(-4.320717786254,1.422240327642,
    13.058761426915));
#10213 = CARTESIAN_POINT('',(-2.563651161559,3.440500025883,
    13.012901407085));
#10214 = CARTESIAN_POINT('',(-0.207235624451,3.929413545873,
    12.967673418697));
#10215 = CARTESIAN_POINT('',(1.721547674999,3.067009155279,
    12.922140517626));
#10216 = CARTESIAN_POINT('',(2.68498013692,1.533695775221,
    12.876698368144));
#10217 = CARTESIAN_POINT('',(2.684979619963,1.4383427455E-07,
    12.831244577584));
#10218 = CARTESIAN_POINT('',(2.690750172025,1.5688833227E-07,
    13.358525102499));
#10219 = CARTESIAN_POINT('',(2.690749727896,-1.536990638654,
    13.313071298111));
#10220 = CARTESIAN_POINT('',(1.725229031234,-3.073604875318,
    13.267628921561));
#10221 = CARTESIAN_POINT('',(-0.207588034773,-3.937843432883,
    13.222097455771));
#10222 = CARTESIAN_POINT('',(-2.569381666295,-3.447924834265,
    13.17686531749));
#10223 = CARTESIAN_POINT('',(-4.329670944718,-1.425247646321,
    13.131012724696));
#10224 = CARTESIAN_POINT('',(-4.329984924405,1.425243414223,
    13.086038071792));
#10225 = CARTESIAN_POINT('',(-2.569171011931,3.447931097407,
    13.040185478883));
#10226 = CARTESIAN_POINT('',(-0.207677206399,3.937839961237,
    12.994953340732));
#10227 = CARTESIAN_POINT('',(1.725246707428,3.073605737023,
    12.949421874873));
#10228 = CARTESIAN_POINT('',(2.690750199142,1.536990936742,
    12.903979498338));
#10229 = CARTESIAN_POINT('',(2.690749746056,1.4119960701E-07,
    12.858525693951));
#10230 = CARTESIAN_POINT('',(2.706715248921,1.4878888371E-07,
    13.380664145972));
#10231 = CARTESIAN_POINT('',(2.706714853219,-1.546107927015,
    13.335210303327));
#10232 = CARTESIAN_POINT('',(1.735467692121,-3.091856895083,
    13.289767298555));
#10233 = CARTESIAN_POINT('',(-0.20882930265,-3.961157444741,
    13.244239803792));
#10234 = CARTESIAN_POINT('',(-2.584608126767,-3.468487039518,
    13.198996183697));
#10235 = CARTESIAN_POINT('',(-4.355380665611,-1.433555939737,
    13.153164140177));
#10236 = CARTESIAN_POINT('',(-4.355663442838,1.433552105392,
    13.10816471272));
#10237 = CARTESIAN_POINT('',(-2.584418429982,3.468492666509,
    13.062332669097));
#10238 = CARTESIAN_POINT('',(-0.208909631332,3.961154317074,
    13.017089049119));
#10239 = CARTESIAN_POINT('',(1.735483595005,3.091857680266,
    12.971561554294));
#10240 = CARTESIAN_POINT('',(2.706715269491,1.546108209714,
    12.926118549535));
#10241 = CARTESIAN_POINT('',(2.706714865294,1.3391009418E-07,
    12.88066470689));
#10242 = CARTESIAN_POINT('',(2.729370647365,1.3729538373E-07,
    13.393744824092));
#10243 = CARTESIAN_POINT('',(2.729370276446,-1.559045894182,
    13.348290927156));
#10244 = CARTESIAN_POINT('',(1.749996211073,-3.117757554515,
    13.3028470309));
#10245 = CARTESIAN_POINT('',(-0.210587081968,-3.99424153753,
    13.257325171259));
#10246 = CARTESIAN_POINT('',(-2.606224054554,-3.4976657458,
    13.212065257792));
#10247 = CARTESIAN_POINT('',(-4.391851350249,-1.44534605006,
    13.166262374903));
#10248 = CARTESIAN_POINT('',(-4.39211568515,1.44534247124,
    13.121227790901));
#10249 = CARTESIAN_POINT('',(-2.606046723955,3.497671009084,
    13.075424907915));
#10250 = CARTESIAN_POINT('',(-0.210662167262,3.994238614092,
    13.030164994557));
#10251 = CARTESIAN_POINT('',(1.750011080781,3.117758286312,
    12.984643134859));
#10252 = CARTESIAN_POINT('',(2.729370667514,1.559046155043,
    12.939199238615));
#10253 = CARTESIAN_POINT('',(2.729370288755,1.2356593743E-07,
    12.89374534168));
#10254 = ADVANCED_FACE('',(#10255),#10270,.T.);
#10255 = FACE_BOUND('',#10256,.T.);
#10256 = EDGE_LOOP('',(#10257,#10258,#10259,#10260));
#10257 = ORIENTED_EDGE('',*,*,#9042,.F.);
#10258 = ORIENTED_EDGE('',*,*,#10160,.T.);
#10259 = ORIENTED_EDGE('',*,*,#8563,.T.);
#10260 = ORIENTED_EDGE('',*,*,#10261,.F.);
#10261 = EDGE_CURVE('',#8983,#8564,#10262,.T.);
#10262 = ( BOUNDED_CURVE() B_SPLINE_CURVE(6,(#10263,#10264,#10265,#10266
    ,#10267,#10268,#10269),.UNSPECIFIED.,.F.,.F.) 
B_SPLINE_CURVE_WITH_KNOTS((7,7),(4.188790204786,6.28318530718),
.PIECEWISE_BEZIER_KNOTS.) CURVE() GEOMETRIC_REPRESENTATION_ITEM() 
RATIONAL_B_SPLINE_CURVE((1.056590953773,1.017435169568,0.996326512422,
    0.989390034249,0.996326512422,1.017435169568,1.056590953773)) 
REPRESENTATION_ITEM('') );
#10263 = CARTESIAN_POINT('',(2.729371842678,1.0983620158E-07,
    12.268745859284));
#10264 = CARTESIAN_POINT('',(2.706715993937,1.1903107755E-07,
    12.28182575747));
#10265 = CARTESIAN_POINT('',(2.690750154901,1.255107645E-07,
    12.303964251324));
#10266 = CARTESIAN_POINT('',(2.68497914182,1.2785284059E-07,
    12.331245180072));
#10267 = CARTESIAN_POINT('',(2.690749320088,1.255108974E-07,
    12.358526285403));
#10268 = CARTESIAN_POINT('',(2.706714481668,1.1903132197E-07,
    12.380665267809));
#10269 = CARTESIAN_POINT('',(2.729369930147,1.0983651338E-07,
    12.393745859269));
#10270 = ( BOUNDED_SURFACE() B_SPLINE_SURFACE(6,11,(
    (#10271,#10272,#10273,#10274,#10275,#10276,#10277,#10278,#10279
      ,#10280,#10281,#10282)
    ,(#10283,#10284,#10285,#10286,#10287,#10288,#10289,#10290,#10291
      ,#10292,#10293,#10294)
    ,(#10295,#10296,#10297,#10298,#10299,#10300,#10301,#10302,#10303
      ,#10304,#10305,#10306)
    ,(#10307,#10308,#10309,#10310,#10311,#10312,#10313,#10314,#10315
      ,#10316,#10317,#10318)
    ,(#10319,#10320,#10321,#10322,#10323,#10324,#10325,#10326,#10327
      ,#10328,#10329,#10330)
    ,(#10331,#10332,#10333,#10334,#10335,#10336,#10337,#10338,#10339
      ,#10340,#10341,#10342)
    ,(#10343,#10344,#10345,#10346,#10347,#10348,#10349,#10350,#10351
      ,#10352,#10353,#10354
)),.UNSPECIFIED.,.F.,.F.,.F.) B_SPLINE_SURFACE_WITH_KNOTS((7,7),(12,12),
  (4.188790204786,6.28318530718),(0.,6.303048278758),
.PIECEWISE_BEZIER_KNOTS.) GEOMETRIC_REPRESENTATION_ITEM() 
RATIONAL_B_SPLINE_SURFACE((
    (1.056590953773,1.056590953773,1.056590953773,1.056590953773
      ,1.056590953773,1.056590953773,1.056590953773,1.056590953773
      ,1.056590953773,1.056590953773,1.056590953773,1.056590953773)
    ,(1.017435169568,1.017435169568,1.017435169568,1.017435169568
      ,1.017435169569,1.017435169568,1.017435169569,1.017435169568
      ,1.017435169568,1.017435169568,1.017435169568,1.017435169568)
    ,(0.996326512422,0.996326512422,0.996326512422,0.996326512422
      ,0.996326512422,0.996326512422,0.996326512422,0.996326512422
      ,0.996326512422,0.996326512422,0.996326512422,0.996326512422)
    ,(0.989390034249,0.989390034249,0.989390034249,0.989390034248
      ,0.989390034249,0.989390034248,0.989390034249,0.989390034248
      ,0.989390034249,0.989390034249,0.989390034249,0.989390034249)
    ,(0.996326512422,0.996326512422,0.996326512422,0.996326512422
      ,0.996326512423,0.996326512422,0.996326512423,0.996326512422
      ,0.996326512422,0.996326512422,0.996326512422,0.996326512422)
    ,(1.017435169568,1.017435169568,1.017435169568,1.017435169568
      ,1.017435169569,1.017435169567,1.017435169569,1.017435169567
      ,1.017435169569,1.017435169568,1.017435169568,1.017435169568)
    ,(1.056590953773,1.056590953773,1.056590953773,1.056590953773
      ,1.056590953773,1.056590953773,1.056590953773,1.056590953773
      ,1.056590953773,1.056590953773,1.056590953773,1.056590953773
))) REPRESENTATION_ITEM('') SURFACE() );
#10271 = CARTESIAN_POINT('',(2.729372440354,1.2356551843E-07,
    12.768745341699));
#10272 = CARTESIAN_POINT('',(2.729371762053,-1.559046863582,
    12.723291444759));
#10273 = CARTESIAN_POINT('',(1.749992212671,-3.117759288319,
    12.677847548433));
#10274 = CARTESIAN_POINT('',(-0.210562330971,-3.994244947964,
    12.632325689227));
#10275 = CARTESIAN_POINT('',(-2.606284889756,-3.497666050626,
    12.58706577452));
#10276 = CARTESIAN_POINT('',(-4.39176598694,-1.445347951823,
    12.541262893817));
#10277 = CARTESIAN_POINT('',(-4.392206434955,1.445342311267,
    12.496228307219));
#10278 = CARTESIAN_POINT('',(-2.605989083014,3.497675014835,
    12.450425426354));
#10279 = CARTESIAN_POINT('',(-0.21068717755,3.994240091228,
    12.40516551183));
#10280 = CARTESIAN_POINT('',(1.750017225423,3.11776037884,
    12.359643652528));
#10281 = CARTESIAN_POINT('',(2.729372528818,1.559047096984,
    12.314199756223));
#10282 = CARTESIAN_POINT('',(2.729371842678,1.0983620158E-07,
    12.268745859284));
#10283 = CARTESIAN_POINT('',(2.706716566597,1.3390975884E-07,
    12.781825196555));
#10284 = CARTESIAN_POINT('',(2.706715925547,-1.546108640411,
    12.736371353906));
#10285 = CARTESIAN_POINT('',(1.735464461758,-3.091858154207,
    12.690928349084));
#10286 = CARTESIAN_POINT('',(-0.20880972979,-3.96115999498,
    12.645400854639));
#10287 = CARTESIAN_POINT('',(-2.584656139745,-3.468487147832,
    12.600157233636));
#10288 = CARTESIAN_POINT('',(-4.355313008618,-1.433557384938,
    12.554325191715));
#10289 = CARTESIAN_POINT('',(-4.355735036921,1.433551933298,
    12.509325762361));
#10290 = CARTESIAN_POINT('',(-2.584372751749,3.468495708876,
    12.463493720286));
#10291 = CARTESIAN_POINT('',(-0.208929393712,3.961155339251,
    12.418250099458));
#10292 = CARTESIAN_POINT('',(1.735488394094,3.091859217879,
    12.372722604922));
#10293 = CARTESIAN_POINT('',(2.706716643483,1.546108893352,
    12.327279600118));
#10294 = CARTESIAN_POINT('',(2.706715993937,1.1903107755E-07,
    12.28182575747));
#10295 = CARTESIAN_POINT('',(2.690750685221,1.4119941671E-07,
    12.803963659873));
#10296 = CARTESIAN_POINT('',(2.690750101385,-1.53699091762,
    12.758509855484));
#10297 = CARTESIAN_POINT('',(1.725227102098,-3.073605330304,
    12.713067478914));
#10298 = CARTESIAN_POINT('',(-0.207577224412,-3.937844527307,
    12.667536013246));
#10299 = CARTESIAN_POINT('',(-2.569407975802,-3.447924611056,
    12.622303874619));
#10300 = CARTESIAN_POINT('',(-4.329633255624,-1.42524832061,
    12.576451282431));
#10301 = CARTESIAN_POINT('',(-4.330024097425,1.425243219788,
    12.531476628813));
#10302 = CARTESIAN_POINT('',(-2.569145582413,3.447932508132,
    12.485624036482));
#10303 = CARTESIAN_POINT('',(-0.207688088191,3.937840213293,
    12.440391898016));
#10304 = CARTESIAN_POINT('',(1.725249227833,3.073606336153,
    12.394860432263));
#10305 = CARTESIAN_POINT('',(2.690750747695,1.536991184331,
    12.349418055712));
#10306 = CARTESIAN_POINT('',(2.690750154901,1.255107645E-07,
    12.303964251324));
#10307 = CARTESIAN_POINT('',(2.684979619963,1.4383427049E-07,
    12.831244577584));
#10308 = CARTESIAN_POINT('',(2.684979103006,-1.533695214496,
    12.785790787024));
#10309 = CARTESIAN_POINT('',(1.721527473437,-3.067007671487,
    12.740348637544));
#10310 = CARTESIAN_POINT('',(-0.207135561971,-3.92941674087,
    12.69481573643));
#10311 = CARTESIAN_POINT('',(-2.563887222406,-3.440492334983,
    12.649587748242));
#10312 = CARTESIAN_POINT('',(-4.320364603106,-1.422244753753,
    12.603727727924));
#10313 = CARTESIAN_POINT('',(-4.320717007986,1.422240104536,
    12.558762029774));
#10314 = CARTESIAN_POINT('',(-2.563650684928,3.440499425309,
    12.512902009328));
#10315 = CARTESIAN_POINT('',(-0.207235563949,3.929412848873,
    12.467674021285));
#10316 = CARTESIAN_POINT('',(1.721547386631,3.067008598394,
    12.422141120094));
#10317 = CARTESIAN_POINT('',(2.684979667901,1.533695486184,
    12.37669897063));
#10318 = CARTESIAN_POINT('',(2.68497914182,1.2785284059E-07,
    12.331245180072));
#10319 = CARTESIAN_POINT('',(2.690749746056,1.4119960129E-07,
    12.858525693951));
#10320 = CARTESIAN_POINT('',(2.690749292969,-1.536990411082,
    12.813071889564));
#10321 = CARTESIAN_POINT('',(1.725228740166,-3.073604398395,
    12.767629513031));
#10322 = CARTESIAN_POINT('',(-0.2075880248,-3.937842809613,
    12.722098047134));
#10323 = CARTESIAN_POINT('',(-2.569381279681,-3.447924270684,
    12.67686590916));
#10324 = CARTESIAN_POINT('',(-4.32967026775,-1.425247399387,
    12.631013315817));
#10325 = CARTESIAN_POINT('',(-4.329984230271,1.425243217799,
    12.586038663575));
#10326 = CARTESIAN_POINT('',(-2.569170585467,3.447930563754,
    12.540186070117));
#10327 = CARTESIAN_POINT('',(-0.20767715037,3.937839340407,
    12.494953932273));
#10328 = CARTESIAN_POINT('',(1.725246452185,3.073605239976,
    12.449422466308));
#10329 = CARTESIAN_POINT('',(2.690749782133,1.536990677793,
    12.403980089789));
#10330 = CARTESIAN_POINT('',(2.690749320088,1.255108974E-07,
    12.358526285403));
#10331 = CARTESIAN_POINT('',(2.706714865294,1.3391009052E-07,
    12.88066470689));
#10332 = CARTESIAN_POINT('',(2.706714461097,-1.546107722814,
    12.835210864246));
#10333 = CARTESIAN_POINT('',(1.735467429129,-3.091856466046,
    12.789767859489));
#10334 = CARTESIAN_POINT('',(-0.208829294769,-3.961156883367,
    12.744240364629));
#10335 = CARTESIAN_POINT('',(-2.584607779534,-3.468486531241,
    12.698996744812));
#10336 = CARTESIAN_POINT('',(-4.355380056344,-1.433555716144,
    12.653164700797));
#10337 = CARTESIAN_POINT('',(-4.355662817293,1.433551929701,
    12.608165273936));
#10338 = CARTESIAN_POINT('',(-2.584418044956,3.468492186614,
    12.562333229818));
#10339 = CARTESIAN_POINT('',(-0.208909579772,3.961153758015,
    12.517089610117));
#10340 = CARTESIAN_POINT('',(1.735483365988,3.091857232145,
    12.471562115196));
#10341 = CARTESIAN_POINT('',(2.70671489436,1.546107975756,
    12.426119110453));
#10342 = CARTESIAN_POINT('',(2.706714481668,1.1903132197E-07,
    12.380665267809));
#10343 = CARTESIAN_POINT('',(2.729370288755,1.2356593448E-07,
    12.89374534168));
#10344 = CARTESIAN_POINT('',(2.729369909997,-1.559045703118,
    12.848291444746));
#10345 = CARTESIAN_POINT('',(1.749995965436,-3.117757153342,
    12.802847548504));
#10346 = CARTESIAN_POINT('',(-0.21058707434,-3.994241012777,
    12.757325688773));
#10347 = CARTESIAN_POINT('',(-2.606223729736,-3.497665270842,
    12.712065775564));
#10348 = CARTESIAN_POINT('',(-4.391850780619,-1.445345841335,
    12.666262892213));
#10349 = CARTESIAN_POINT('',(-4.392115100493,1.445342306716,
    12.621228308768));
#10350 = CARTESIAN_POINT('',(-2.606046364267,3.497670560315,
    12.575425425321));
#10351 = CARTESIAN_POINT('',(-0.210662119326,3.994238091476,
    12.530165512221));
#10352 = CARTESIAN_POINT('',(1.750010866495,3.117757867529,
    12.484643652433));
#10353 = CARTESIAN_POINT('',(2.729370316745,1.559045936521,
    12.439199756203));
#10354 = CARTESIAN_POINT('',(2.729369930147,1.0983651338E-07,
    12.393745859269));
#10355 = ADVANCED_FACE('',(#10356),#10371,.T.);
#10356 = FACE_BOUND('',#10357,.T.);
#10357 = EDGE_LOOP('',(#10358,#10359,#10360,#10361));
#10358 = ORIENTED_EDGE('',*,*,#8989,.F.);
#10359 = ORIENTED_EDGE('',*,*,#10261,.T.);
#10360 = ORIENTED_EDGE('',*,*,#8616,.T.);
#10361 = ORIENTED_EDGE('',*,*,#10362,.F.);
#10362 = EDGE_CURVE('',#8930,#8617,#10363,.T.);
#10363 = ( BOUNDED_CURVE() B_SPLINE_CURVE(6,(#10364,#10365,#10366,#10367
    ,#10368,#10369,#10370),.UNSPECIFIED.,.F.,.F.) 
B_SPLINE_CURVE_WITH_KNOTS((7,7),(4.188790204786,6.28318530718),
.PIECEWISE_BEZIER_KNOTS.) CURVE() GEOMETRIC_REPRESENTATION_ITEM() 
RATIONAL_B_SPLINE_CURVE((1.056590953773,1.017435169568,0.996326512422,
    0.989390034249,0.996326512422,1.017435169568,1.056590953773)) 
REPRESENTATION_ITEM('') );
#10364 = CARTESIAN_POINT('',(2.729371245006,9.610665952E-08,
    11.768746376869));
#10365 = CARTESIAN_POINT('',(2.70671542128,1.041521715E-07,
    11.781826318385));
#10366 = CARTESIAN_POINT('',(2.690749624585,1.0982189114E-07,
    11.803964842773));
#10367 = CARTESIAN_POINT('',(2.684978663679,1.118711998E-07,
    11.831245782559));
#10368 = CARTESIAN_POINT('',(2.690748894123,1.0982199605E-07,
    11.858526876854));
#10369 = CARTESIAN_POINT('',(2.706714098044,1.0415236135E-07,
    11.880665828726));
#10370 = CARTESIAN_POINT('',(2.72936957154,9.610689605E-08,
    11.893746376858));
#10371 = ( BOUNDED_SURFACE() B_SPLINE_SURFACE(6,11,(
    (#10372,#10373,#10374,#10375,#10376,#10377,#10378,#10379,#10380
      ,#10381,#10382,#10383)
    ,(#10384,#10385,#10386,#10387,#10388,#10389,#10390,#10391,#10392
      ,#10393,#10394,#10395)
    ,(#10396,#10397,#10398,#10399,#10400,#10401,#10402,#10403,#10404
      ,#10405,#10406,#10407)
    ,(#10408,#10409,#10410,#10411,#10412,#10413,#10414,#10415,#10416
      ,#10417,#10418,#10419)
    ,(#10420,#10421,#10422,#10423,#10424,#10425,#10426,#10427,#10428
      ,#10429,#10430,#10431)
    ,(#10432,#10433,#10434,#10435,#10436,#10437,#10438,#10439,#10440
      ,#10441,#10442,#10443)
    ,(#10444,#10445,#10446,#10447,#10448,#10449,#10450,#10451,#10452
      ,#10453,#10454,#10455
)),.UNSPECIFIED.,.F.,.F.,.F.) B_SPLINE_SURFACE_WITH_KNOTS((7,7),(12,12),
  (4.188790204786,6.28318530718),(0.,6.303048278758),
.PIECEWISE_BEZIER_KNOTS.) GEOMETRIC_REPRESENTATION_ITEM() 
RATIONAL_B_SPLINE_SURFACE((
    (1.056590953773,1.056590953773,1.056590953773,1.056590953775
      ,1.056590953771,1.056590953776,1.05659095377,1.056590953775
      ,1.056590953772,1.056590953774,1.056590953773,1.056590953773)
    ,(1.017435169568,1.017435169568,1.017435169568,1.017435169569
      ,1.017435169567,1.01743516957,1.017435169567,1.017435169569
      ,1.017435169568,1.017435169568,1.017435169568,1.017435169568)
    ,(0.996326512422,0.996326512422,0.996326512422,0.996326512423
      ,0.99632651242,0.996326512424,0.99632651242,0.996326512423
      ,0.996326512421,0.996326512422,0.996326512422,0.996326512422)
    ,(0.989390034249,0.989390034249,0.989390034248,0.98939003425
      ,0.989390034246,0.989390034251,0.989390034246,0.98939003425
      ,0.989390034248,0.989390034249,0.989390034248,0.989390034249)
    ,(0.996326512422,0.996326512422,0.996326512422,0.996326512423
      ,0.99632651242,0.996326512424,0.99632651242,0.996326512423
      ,0.996326512421,0.996326512422,0.996326512422,0.996326512422)
    ,(1.017435169568,1.017435169568,1.017435169568,1.017435169569
      ,1.017435169566,1.017435169571,1.017435169566,1.01743516957
      ,1.017435169567,1.017435169568,1.017435169568,1.017435169568)
    ,(1.056590953773,1.056590953773,1.056590953773,1.056590953775
      ,1.056590953771,1.056590953776,1.05659095377,1.056590953775
      ,1.056590953772,1.056590953774,1.056590953773,1.056590953773
))) REPRESENTATION_ITEM('') SURFACE() );
#10372 = CARTESIAN_POINT('',(2.729371842678,1.0983614951E-07,
    12.268745859284));
#10373 = CARTESIAN_POINT('',(2.729371156541,-1.559046535994,
    12.223291962341));
#10374 = CARTESIAN_POINT('',(1.74999181373,-3.117758613839,
    12.177848066049));
#10375 = CARTESIAN_POINT('',(-0.210562304821,-3.994244074094,
    12.132326206678));
#10376 = CARTESIAN_POINT('',(-2.60628433678,-3.497665267776,
    12.087066292422));
#10377 = CARTESIAN_POINT('',(-4.391765032551,-1.445347618688,
    12.041263410926));
#10378 = CARTESIAN_POINT('',(-4.39220546556,1.445342022347,
    11.996228825279));
#10379 = CARTESIAN_POINT('',(-2.605988495159,3.497674258149,
    11.950425943624));
#10380 = CARTESIAN_POINT('',(-0.210687111096,3.994239219512,
    11.905166029546));
#10381 = CARTESIAN_POINT('',(1.750016857835,3.117759686744,
    11.859644170084));
#10382 = CARTESIAN_POINT('',(2.729371938983,1.559046741937,
    11.814200273809));
#10383 = CARTESIAN_POINT('',(2.729371245006,9.610665952E-08,
    11.768746376869));
#10384 = CARTESIAN_POINT('',(2.706715993937,1.1903102387E-07,
    12.28182575747));
#10385 = CARTESIAN_POINT('',(2.706715344395,-1.546108328259,
    12.236371914819));
#10386 = CARTESIAN_POINT('',(1.735464077546,-3.091857509063,
    12.190928910028));
#10387 = CARTESIAN_POINT('',(-0.208809707264,-3.961159157554,
    12.145401415425));
#10388 = CARTESIAN_POINT('',(-2.584655612105,-3.468486396101,
    12.100157794855));
#10389 = CARTESIAN_POINT('',(-4.355312095118,-1.433557062973,
    12.054325752174));
#10390 = CARTESIAN_POINT('',(-4.355734107157,1.433551659246,
    12.009326323732));
#10391 = CARTESIAN_POINT('',(-2.584372186308,3.468494985505,
    11.963494280898));
#10392 = CARTESIAN_POINT('',(-0.20892932751,3.961154504154,11.9182506605
    ));
#10393 = CARTESIAN_POINT('',(1.735488043861,3.091858553646,
    11.872723165808));
#10394 = CARTESIAN_POINT('',(2.706716079319,1.546108551442,
    11.827280161034));
#10395 = CARTESIAN_POINT('',(2.70671542128,1.041521715E-07,
    11.781826318385));
#10396 = CARTESIAN_POINT('',(2.690750154901,1.255107091E-07,
    12.303964251324));
#10397 = CARTESIAN_POINT('',(2.69074956211,-1.536990630458,
    12.258510446931));
#10398 = CARTESIAN_POINT('',(1.725226744113,-3.073604734085,
    12.213068070393));
#10399 = CARTESIAN_POINT('',(-0.207577206357,-3.937843751648,
    12.167536604576));
#10400 = CARTESIAN_POINT('',(-2.569407489598,-3.447923913086,
    12.122304466352));
#10401 = CARTESIAN_POINT('',(-4.329632410711,-1.425248019373,
    12.076451873458));
#10402 = CARTESIAN_POINT('',(-4.330023235359,1.425242969072,
    12.031477220686));
#10403 = CARTESIAN_POINT('',(-2.569145056355,3.447931840069,
    11.985624627651));
#10404 = CARTESIAN_POINT('',(-0.207688024079,3.937839440089,
    11.940392489584));
#10405 = CARTESIAN_POINT('',(1.725248905674,3.073605719806,
    11.894861023687));
#10406 = CARTESIAN_POINT('',(2.690750226335,1.53699086579,
    11.849418647163));
#10407 = CARTESIAN_POINT('',(2.690749624585,1.0982189114E-07,
    11.803964842773));
#10408 = CARTESIAN_POINT('',(2.68497914182,1.2785278947E-07,
    12.331245180072));
#10409 = CARTESIAN_POINT('',(2.68497861574,-1.533694957423,
    12.285791389509));
#10410 = CARTESIAN_POINT('',(1.721527148577,-3.067007135105,
    12.240349240058));
#10411 = CARTESIAN_POINT('',(-0.207135548387,-3.92941604138,
    12.194816338808));
#10412 = CARTESIAN_POINT('',(-2.563886786372,-3.440491703933,
    12.149588350985));
#10413 = CARTESIAN_POINT('',(-4.320363842321,-1.422244479198,
    12.103728330029));
#10414 = CARTESIAN_POINT('',(-4.320716229735,1.422239881446,
    12.058762632643));
#10415 = CARTESIAN_POINT('',(-2.563650208292,3.440498824721,
    12.012902611561));
#10416 = CARTESIAN_POINT('',(-0.207235503448,3.929412151886,
    11.967674623879));
#10417 = CARTESIAN_POINT('',(1.721547098265,3.067008041509,
    11.922141722557));
#10418 = CARTESIAN_POINT('',(2.684979198884,1.533695197147,
    11.87669957312));
#10419 = CARTESIAN_POINT('',(2.684978663679,1.118711998E-07,
    11.831245782559));
#10420 = CARTESIAN_POINT('',(2.690749320088,1.2551084971E-07,
    12.358526285403));
#10421 = CARTESIAN_POINT('',(2.690748858046,-1.536990183513,
    12.313072481013));
#10422 = CARTESIAN_POINT('',(1.725228449098,-3.073603921474,
    12.267630104507));
#10423 = CARTESIAN_POINT('',(-0.20758801483,-3.937842186343,
    12.222098638487));
#10424 = CARTESIAN_POINT('',(-2.569380893069,-3.447923707107,
    12.176866500841));
#10425 = CARTESIAN_POINT('',(-4.329669590779,-1.425247152462,
    12.131013906926));
#10426 = CARTESIAN_POINT('',(-4.329983536149,1.425243021394,
    12.086039255369));
#10427 = CARTESIAN_POINT('',(-2.569170159001,3.447930030084,
    12.040186661341));
#10428 = CARTESIAN_POINT('',(-0.207677094341,3.937838719591,
    11.994954523821));
#10429 = CARTESIAN_POINT('',(1.725246196942,3.073604742928,
    11.949423057737));
#10430 = CARTESIAN_POINT('',(2.690749365125,1.536990418845,
    11.903980681243));
#10431 = CARTESIAN_POINT('',(2.690748894123,1.0982199605E-07,
    11.858526876854));
#10432 = CARTESIAN_POINT('',(2.706714481668,1.1903127306E-07,
    12.380665267809));
#10433 = CARTESIAN_POINT('',(2.706714068977,-1.546107518615,
    12.335211425161));
#10434 = CARTESIAN_POINT('',(1.73546716614,-3.091856037014,
    12.289768420429));
#10435 = CARTESIAN_POINT('',(-0.208829286891,-3.961156321989,
    12.244240925458));
#10436 = CARTESIAN_POINT('',(-2.584607432303,-3.468486022974,
    12.198997305937));
#10437 = CARTESIAN_POINT('',(-4.355379447074,-1.433555492553,
    12.153165261405));
#10438 = CARTESIAN_POINT('',(-4.355662191758,1.433551754024,
    12.108165835163));
#10439 = CARTESIAN_POINT('',(-2.58441765993,3.468491706707,
    12.06233379053));
#10440 = CARTESIAN_POINT('',(-0.208909528211,3.961153198967,
    12.017090171122));
#10441 = CARTESIAN_POINT('',(1.735483136972,3.091856784024,
    11.971562676093));
#10442 = CARTESIAN_POINT('',(2.706714519231,1.546107741798,
    11.926119671372));
#10443 = CARTESIAN_POINT('',(2.706714098044,1.0415236135E-07,
    11.880665828726));
#10444 = CARTESIAN_POINT('',(2.729369930147,1.098364617E-07,
    12.393745859269));
#10445 = CARTESIAN_POINT('',(2.72936954355,-1.559045512056,
    12.348291962331));
#10446 = CARTESIAN_POINT('',(1.749995719801,-3.117756752173,
    12.302848066113));
#10447 = CARTESIAN_POINT('',(-0.210587066712,-3.994240488024,
    12.257326206278));
#10448 = CARTESIAN_POINT('',(-2.606223404922,-3.497664795888,
    12.212066293348));
#10449 = CARTESIAN_POINT('',(-4.391850210983,-1.445345632615,
    12.166263409511));
#10450 = CARTESIAN_POINT('',(-4.392114515849,1.445342142209,
    12.121228826647));
#10451 = CARTESIAN_POINT('',(-2.606046004575,3.497670111532,
    12.075425942716));
#10452 = CARTESIAN_POINT('',(-0.21066207139,3.994237568871,
    12.030166029891));
#10453 = CARTESIAN_POINT('',(1.750010652209,3.117757448745,
    11.984644170002));
#10454 = CARTESIAN_POINT('',(2.729369965976,1.559045717999,
    11.939200273794));
#10455 = CARTESIAN_POINT('',(2.72936957154,9.610689605E-08,
    11.893746376858));
#10456 = ADVANCED_FACE('',(#10457),#10472,.T.);
#10457 = FACE_BOUND('',#10458,.T.);
#10458 = EDGE_LOOP('',(#10459,#10460,#10461,#10462));
#10459 = ORIENTED_EDGE('',*,*,#8936,.F.);
#10460 = ORIENTED_EDGE('',*,*,#10362,.T.);
#10461 = ORIENTED_EDGE('',*,*,#8669,.T.);
#10462 = ORIENTED_EDGE('',*,*,#10463,.F.);
#10463 = EDGE_CURVE('',#8877,#8670,#10464,.T.);
#10464 = ( BOUNDED_CURVE() B_SPLINE_CURVE(6,(#10465,#10466,#10467,#10468
    ,#10469,#10470,#10471),.UNSPECIFIED.,.F.,.F.) 
B_SPLINE_CURVE_WITH_KNOTS((7,7),(4.188790204786,6.28318530718),
.PIECEWISE_BEZIER_KNOTS.) CURVE() GEOMETRIC_REPRESENTATION_ITEM() 
RATIONAL_B_SPLINE_CURVE((1.056590953773,1.017435169568,0.996326512422,
    0.989390034249,0.996326512422,1.017435169568,1.056590953773)) 
REPRESENTATION_ITEM('') );
#10465 = CARTESIAN_POINT('',(2.729370647334,8.237724253E-08,
    11.268746894454));
#10466 = CARTESIAN_POINT('',(2.706714848625,8.927339779E-08,
    11.281826879301));
#10467 = CARTESIAN_POINT('',(2.69074909427,9.413315349E-08,
    11.303965434224));
#10468 = CARTESIAN_POINT('',(2.684978185539,9.588969774E-08,
    11.331246385046));
#10469 = CARTESIAN_POINT('',(2.69074846816,9.413323154E-08,
    11.358527468306));
#10470 = CARTESIAN_POINT('',(2.706713714422,8.927353573E-08,
    11.380666389644));
#10471 = CARTESIAN_POINT('',(2.729369212935,8.2377418E-08,
    11.393746894446));
#10472 = ( BOUNDED_SURFACE() B_SPLINE_SURFACE(6,11,(
    (#10473,#10474,#10475,#10476,#10477,#10478,#10479,#10480,#10481
      ,#10482,#10483,#10484)
    ,(#10485,#10486,#10487,#10488,#10489,#10490,#10491,#10492,#10493
      ,#10494,#10495,#10496)
    ,(#10497,#10498,#10499,#10500,#10501,#10502,#10503,#10504,#10505
      ,#10506,#10507,#10508)
    ,(#10509,#10510,#10511,#10512,#10513,#10514,#10515,#10516,#10517
      ,#10518,#10519,#10520)
    ,(#10521,#10522,#10523,#10524,#10525,#10526,#10527,#10528,#10529
      ,#10530,#10531,#10532)
    ,(#10533,#10534,#10535,#10536,#10537,#10538,#10539,#10540,#10541
      ,#10542,#10543,#10544)
    ,(#10545,#10546,#10547,#10548,#10549,#10550,#10551,#10552,#10553
      ,#10554,#10555,#10556
)),.UNSPECIFIED.,.F.,.F.,.F.) B_SPLINE_SURFACE_WITH_KNOTS((7,7),(12,12),
  (4.188790204786,6.28318530718),(0.,6.303048278758),
.PIECEWISE_BEZIER_KNOTS.) GEOMETRIC_REPRESENTATION_ITEM() 
RATIONAL_B_SPLINE_SURFACE((
    (1.056590953773,1.056590953773,1.056590953773,1.056590953775
      ,1.056590953771,1.056590953776,1.05659095377,1.056590953775
      ,1.056590953772,1.056590953774,1.056590953773,1.056590953773)
    ,(1.017435169568,1.017435169568,1.017435169568,1.017435169569
      ,1.017435169567,1.01743516957,1.017435169567,1.017435169569
      ,1.017435169568,1.017435169568,1.017435169568,1.017435169568)
    ,(0.996326512422,0.996326512422,0.996326512422,0.996326512423
      ,0.99632651242,0.996326512424,0.99632651242,0.996326512423
      ,0.996326512421,0.996326512422,0.996326512422,0.996326512422)
    ,(0.989390034249,0.989390034249,0.989390034248,0.98939003425
      ,0.989390034246,0.989390034251,0.989390034246,0.98939003425
      ,0.989390034248,0.989390034249,0.989390034248,0.989390034249)
    ,(0.996326512422,0.996326512422,0.996326512422,0.996326512423
      ,0.99632651242,0.996326512424,0.99632651242,0.996326512423
      ,0.996326512421,0.996326512422,0.996326512422,0.996326512422)
    ,(1.017435169568,1.017435169568,1.017435169568,1.017435169569
      ,1.017435169566,1.017435169571,1.017435169566,1.01743516957
      ,1.017435169567,1.017435169568,1.017435169568,1.017435169568)
    ,(1.056590953773,1.056590953773,1.056590953773,1.056590953775
      ,1.056590953771,1.056590953776,1.05659095377,1.056590953775
      ,1.056590953772,1.056590953774,1.056590953773,1.056590953773
))) REPRESENTATION_ITEM('') SURFACE() );
#10473 = CARTESIAN_POINT('',(2.729371245006,9.610672075E-08,
    11.768746376869));
#10474 = CARTESIAN_POINT('',(2.72937055103,-1.559046208408,
    11.723292479927));
#10475 = CARTESIAN_POINT('',(1.749991414792,-3.11775793936,
    11.677848583659));
#10476 = CARTESIAN_POINT('',(-0.210562278671,-3.994243200231,
    11.632326724138));
#10477 = CARTESIAN_POINT('',(-2.606283783804,-3.497664484924,
    11.587066810315));
#10478 = CARTESIAN_POINT('',(-4.391764078174,-1.445347285547,
    11.541263928046));
#10479 = CARTESIAN_POINT('',(-4.392204496159,1.445341733408,
    11.496229343329));
#10480 = CARTESIAN_POINT('',(-2.60598790731,3.497673501487,
    11.450426460902));
#10481 = CARTESIAN_POINT('',(-0.21068704464,3.994238347786,
    11.405166547256));
#10482 = CARTESIAN_POINT('',(1.750016490247,3.117758994656,
    11.359644687645));
#10483 = CARTESIAN_POINT('',(2.729371349151,1.559046386892,
    11.314200791393));
#10484 = CARTESIAN_POINT('',(2.729370647334,8.237724253E-08,
    11.268746894454));
#10485 = CARTESIAN_POINT('',(2.70671542128,1.0415223445E-07,
    11.781826318385));
#10486 = CARTESIAN_POINT('',(2.706714763243,-1.546108016108,
    11.736372475734));
#10487 = CARTESIAN_POINT('',(1.735463693338,-3.091856863921,
    11.690929470968));
#10488 = CARTESIAN_POINT('',(-0.20880968474,-3.961158320132,
    11.645401976219));
#10489 = CARTESIAN_POINT('',(-2.584655084462,-3.468485644372,
    11.600158356065));
#10490 = CARTESIAN_POINT('',(-4.355311181631,-1.433556741,
    11.554326312643));
#10491 = CARTESIAN_POINT('',(-4.355733177386,1.433551385176,
    11.509326885093));
#10492 = CARTESIAN_POINT('',(-2.584371620876,3.468494262158,
    11.463494841519));
#10493 = CARTESIAN_POINT('',(-0.208929261304,3.961153669048,
    11.418251221535));
#10494 = CARTESIAN_POINT('',(1.735487693627,3.091857889419,
    11.372723726699));
#10495 = CARTESIAN_POINT('',(2.706715515159,1.546108209533,
    11.327280721949));
#10496 = CARTESIAN_POINT('',(2.706714848625,8.927339779E-08,
    11.281826879301));
#10497 = CARTESIAN_POINT('',(2.690749624585,1.0982195187E-07,
    11.803964842773));
#10498 = CARTESIAN_POINT('',(2.690749022836,-1.536990343296,
    11.758511038381));
#10499 = CARTESIAN_POINT('',(1.725226386131,-3.073604137867,
    11.713068661866));
#10500 = CARTESIAN_POINT('',(-0.2075771883,-3.937842975995,
    11.667537195915));
#10501 = CARTESIAN_POINT('',(-2.569407003396,-3.447923215115,
    11.622305058074));
#10502 = CARTESIAN_POINT('',(-4.329631565807,-1.425247718133,
    11.576452464495));
#10503 = CARTESIAN_POINT('',(-4.33002237329,1.425242718342,
    11.531477812549));
#10504 = CARTESIAN_POINT('',(-2.569144530301,3.447931172025,
    11.485625218829));
#10505 = CARTESIAN_POINT('',(-0.207687959966,3.937838666877,
    11.440393081145));
#10506 = CARTESIAN_POINT('',(1.725248583517,3.073605103466,
    11.394861615115));
#10507 = CARTESIAN_POINT('',(2.690749704977,1.536990547251,
    11.349419238613));
#10508 = CARTESIAN_POINT('',(2.69074909427,9.413315349E-08,
    11.303965434224));
#10509 = CARTESIAN_POINT('',(2.684978663679,1.1187126586E-07,
    11.831245782559));
#10510 = CARTESIAN_POINT('',(2.684978128474,-1.53369470035,
    11.785791991996));
#10511 = CARTESIAN_POINT('',(1.721526823718,-3.067006598725,
    11.740349842566));
#10512 = CARTESIAN_POINT('',(-0.207135534803,-3.929415341898,
    11.694816941195));
#10513 = CARTESIAN_POINT('',(-2.563886350337,-3.44049107288,
    11.649588953718));
#10514 = CARTESIAN_POINT('',(-4.320363081548,-1.42224420464,
    11.603728932144));
#10515 = CARTESIAN_POINT('',(-4.320715451478,1.422239658341,
    11.558763235503));
#10516 = CARTESIAN_POINT('',(-2.563649731662,3.440498224155,
    11.512903213802));
#10517 = CARTESIAN_POINT('',(-0.207235442949,3.92941145489,
    11.467675226467));
#10518 = CARTESIAN_POINT('',(1.7215468099,3.06700748463,11.422142325024)
  );
#10519 = CARTESIAN_POINT('',(2.68497872987,1.533694908111,
    11.376700175606));
#10520 = CARTESIAN_POINT('',(2.684978185539,9.588969774E-08,
    11.331246385046));
#10521 = CARTESIAN_POINT('',(2.690748894123,1.0982205667E-07,
    11.858526876854));
#10522 = CARTESIAN_POINT('',(2.690748423123,-1.536989955944,
    11.813073072464));
#10523 = CARTESIAN_POINT('',(1.725228158032,-3.073603444555,
    11.767630695977));
#10524 = CARTESIAN_POINT('',(-0.207588004858,-3.937841563077,
    11.722099229849));
#10525 = CARTESIAN_POINT('',(-2.569380506458,-3.447923143533,
    11.676867092512));
#10526 = CARTESIAN_POINT('',(-4.329668913818,-1.425246905528,
    11.631014498045));
#10527 = CARTESIAN_POINT('',(-4.329982842023,1.42524282497,
    11.586039847152));
#10528 = CARTESIAN_POINT('',(-2.569169732539,3.447929496438,
    11.540187252573));
#10529 = CARTESIAN_POINT('',(-0.207677038312,3.937838098766,
    11.494955115362));
#10530 = CARTESIAN_POINT('',(1.725245941701,3.073604245886,
    11.449423649171));
#10531 = CARTESIAN_POINT('',(2.690748948119,1.536990159899,
    11.403981272694));
#10532 = CARTESIAN_POINT('',(2.69074846816,9.413323154E-08,
    11.358527468306));
#10533 = CARTESIAN_POINT('',(2.706714098044,1.041524213E-07,
    11.880665828726));
#10534 = CARTESIAN_POINT('',(2.706713676858,-1.546107314416,
    11.835211986078));
#10535 = CARTESIAN_POINT('',(1.73546690315,-3.091855607982,
    11.789768981363));
#10536 = CARTESIAN_POINT('',(-0.208829279011,-3.961155760618,
    11.744241486294));
#10537 = CARTESIAN_POINT('',(-2.584607085074,-3.468485514706,
    11.698997867052));
#10538 = CARTESIAN_POINT('',(-4.355378837814,-1.433555268956,
    11.653165822023));
#10539 = CARTESIAN_POINT('',(-4.355661566218,1.43355157833,
    11.60816639638));
#10540 = CARTESIAN_POINT('',(-2.584417274907,3.468491226822,
    11.56233435125));
#10541 = CARTESIAN_POINT('',(-0.208909476651,3.96115263991,
    11.51709073212));
#10542 = CARTESIAN_POINT('',(1.735482907958,3.091856335908,
    11.471563236995));
#10543 = CARTESIAN_POINT('',(2.706714144104,1.546107507841,
    11.426120232289));
#10544 = CARTESIAN_POINT('',(2.706713714422,8.927353573E-08,
    11.380666389644));
#10545 = CARTESIAN_POINT('',(2.72936957154,9.610696011E-08,
    11.893746376858));
#10546 = CARTESIAN_POINT('',(2.729369177104,-1.559045320994,
    11.84829247992));
#10547 = CARTESIAN_POINT('',(1.749995474166,-3.117756351004,
    11.802848583717));
#10548 = CARTESIAN_POINT('',(-0.210587059083,-3.994239963275,
    11.75732672379));
#10549 = CARTESIAN_POINT('',(-2.606223080108,-3.497664320935,
    11.712066811121));
#10550 = CARTESIAN_POINT('',(-4.391849641356,-1.44534542389,
    11.66626392682));
#10551 = CARTESIAN_POINT('',(-4.3921139312,1.445341977686,
    11.621229344515));
#10552 = CARTESIAN_POINT('',(-2.606045644888,3.497669662769,
    11.57542646012));
#10553 = CARTESIAN_POINT('',(-0.210662023456,3.994237046259,
    11.530166547555));
#10554 = CARTESIAN_POINT('',(1.750010437925,3.117757029967,
    11.484644687576));
#10555 = CARTESIAN_POINT('',(2.72936961521,1.559045499478,
    11.439200791382));
#10556 = CARTESIAN_POINT('',(2.729369212935,8.2377418E-08,
    11.393746894446));
#10557 = ADVANCED_FACE('',(#10558),#10564,.T.);
#10558 = FACE_BOUND('',#10559,.T.);
#10559 = EDGE_LOOP('',(#10560,#10561,#10562,#10563));
#10560 = ORIENTED_EDGE('',*,*,#8883,.F.);
#10561 = ORIENTED_EDGE('',*,*,#10463,.T.);
#10562 = ORIENTED_EDGE('',*,*,#8722,.T.);
#10563 = ORIENTED_EDGE('',*,*,#9579,.F.);
#10564 = ( BOUNDED_SURFACE() B_SPLINE_SURFACE(6,11,(
    (#10565,#10566,#10567,#10568,#10569,#10570,#10571,#10572,#10573
      ,#10574,#10575,#10576)
    ,(#10577,#10578,#10579,#10580,#10581,#10582,#10583,#10584,#10585
      ,#10586,#10587,#10588)
    ,(#10589,#10590,#10591,#10592,#10593,#10594,#10595,#10596,#10597
      ,#10598,#10599,#10600)
    ,(#10601,#10602,#10603,#10604,#10605,#10606,#10607,#10608,#10609
      ,#10610,#10611,#10612)
    ,(#10613,#10614,#10615,#10616,#10617,#10618,#10619,#10620,#10621
      ,#10622,#10623,#10624)
    ,(#10625,#10626,#10627,#10628,#10629,#10630,#10631,#10632,#10633
      ,#10634,#10635,#10636)
    ,(#10637,#10638,#10639,#10640,#10641,#10642,#10643,#10644,#10645
      ,#10646,#10647,#10648
)),.UNSPECIFIED.,.F.,.F.,.F.) B_SPLINE_SURFACE_WITH_KNOTS((7,7),(12,12),
  (4.188790204786,6.28318530718),(0.,6.303048278758),
.PIECEWISE_BEZIER_KNOTS.) GEOMETRIC_REPRESENTATION_ITEM() 
RATIONAL_B_SPLINE_SURFACE((
    (1.056590953773,1.056590953773,1.056590953773,1.056590953773
      ,1.056590953773,1.056590953773,1.056590953773,1.056590953773
      ,1.056590953773,1.056590953773,1.056590953773,1.056590953773)
    ,(1.017435169568,1.017435169568,1.017435169568,1.017435169568
      ,1.017435169569,1.017435169568,1.017435169569,1.017435169568
      ,1.017435169568,1.017435169568,1.017435169568,1.017435169568)
    ,(0.996326512422,0.996326512422,0.996326512422,0.996326512422
      ,0.996326512422,0.996326512422,0.996326512422,0.996326512422
      ,0.996326512422,0.996326512422,0.996326512422,0.996326512422)
    ,(0.989390034249,0.989390034249,0.989390034249,0.989390034248
      ,0.989390034249,0.989390034248,0.989390034249,0.989390034248
      ,0.989390034249,0.989390034249,0.989390034249,0.989390034249)
    ,(0.996326512422,0.996326512422,0.996326512422,0.996326512422
      ,0.996326512423,0.996326512422,0.996326512423,0.996326512422
      ,0.996326512422,0.996326512422,0.996326512422,0.996326512422)
    ,(1.017435169568,1.017435169568,1.017435169568,1.017435169568
      ,1.017435169569,1.017435169567,1.017435169569,1.017435169567
      ,1.017435169569,1.017435169568,1.017435169568,1.017435169568)
    ,(1.056590953773,1.056590953773,1.056590953773,1.056590953773
      ,1.056590953773,1.056590953773,1.056590953773,1.056590953773
      ,1.056590953773,1.056590953773,1.056590953773,1.056590953773
))) REPRESENTATION_ITEM('') SURFACE() );
#10565 = CARTESIAN_POINT('',(2.729370647334,8.237724408E-08,
    11.268746894454));
#10566 = CARTESIAN_POINT('',(2.729369945515,-1.559045880821,
    11.223292997519));
#10567 = CARTESIAN_POINT('',(1.749991015855,-3.117757264879,
    11.177849101264));
#10568 = CARTESIAN_POINT('',(-0.210562252519,-3.994242326375,
    11.132327241612));
#10569 = CARTESIAN_POINT('',(-2.606283230829,-3.497663702066,
    11.087067328195));
#10570 = CARTESIAN_POINT('',(-4.391763123795,-1.4453469524,
    11.041264445183));
#10571 = CARTESIAN_POINT('',(-4.392203526758,1.445341444447,
    10.996229861368));
#10572 = CARTESIAN_POINT('',(-2.60598731946,3.497672744848,
    10.950426978194));
#10573 = CARTESIAN_POINT('',(-0.210686978185,3.994237476045,
    10.905167064961));
#10574 = CARTESIAN_POINT('',(1.750016122658,3.11775830257,
    10.859645205212));
#10575 = CARTESIAN_POINT('',(2.729370759319,1.559046031846,
    10.814201308977));
#10576 = CARTESIAN_POINT('',(2.729370049661,6.864777929E-08,
    10.768747412043));
#10577 = CARTESIAN_POINT('',(2.706714848625,8.927339323E-08,
    11.281826879301));
#10578 = CARTESIAN_POINT('',(2.706714182088,-1.546107703956,
    11.236373036656));
#10579 = CARTESIAN_POINT('',(1.73546330913,-3.091856218776,
    11.190930031901));
#10580 = CARTESIAN_POINT('',(-0.208809662213,-3.961157482718,
    11.145402537028));
#10581 = CARTESIAN_POINT('',(-2.584654556824,-3.468484892637,
    11.100158917262));
#10582 = CARTESIAN_POINT('',(-4.355310268139,-1.433556419023,
    11.054326873129));
#10583 = CARTESIAN_POINT('',(-4.35573224762,1.433551111086,
    11.009327446442));
#10584 = CARTESIAN_POINT('',(-2.584371055439,3.468493538832,
    10.963495402154));
#10585 = CARTESIAN_POINT('',(-0.208929195101,3.961152833931,
    10.918251782563));
#10586 = CARTESIAN_POINT('',(1.735487343392,3.091857225195,
    10.872724287598));
#10587 = CARTESIAN_POINT('',(2.706714951,1.546107867624,10.827281282863)
  );
#10588 = CARTESIAN_POINT('',(2.706714275968,7.439456878E-08,
    10.781827440219));
#10589 = CARTESIAN_POINT('',(2.69074909427,9.413315538E-08,
    11.303965434224));
#10590 = CARTESIAN_POINT('',(2.69074848356,-1.536990056134,
    11.258511629839));
#10591 = CARTESIAN_POINT('',(1.72522602815,-3.073603541648,
    11.213069253332));
#10592 = CARTESIAN_POINT('',(-0.207577170244,-3.937842200347,
    11.167537787268));
#10593 = CARTESIAN_POINT('',(-2.569406517193,-3.447922517141,
    11.122305649785));
#10594 = CARTESIAN_POINT('',(-4.329630720904,-1.425247416884,
    11.076453055548));
#10595 = CARTESIAN_POINT('',(-4.33002151122,1.425242467589,11.0314784044
    ));
#10596 = CARTESIAN_POINT('',(-2.569144004248,3.447930504004,
    10.98562581002));
#10597 = CARTESIAN_POINT('',(-0.207687895852,3.937837893653,
    10.9403936727));
#10598 = CARTESIAN_POINT('',(1.725248261358,3.073604487128,
    10.894862206551));
#10599 = CARTESIAN_POINT('',(2.690749183622,1.536990228712,
    10.849419830062));
#10600 = CARTESIAN_POINT('',(2.690748563954,7.844435523E-08,
    10.803966025678));
#10601 = CARTESIAN_POINT('',(2.684978185539,9.588970268E-08,
    11.331246385046));
#10602 = CARTESIAN_POINT('',(2.684977641207,-1.533694443277,
    11.28579259449));
#10603 = CARTESIAN_POINT('',(1.72152649886,-3.067006062342,
    11.240350445067));
#10604 = CARTESIAN_POINT('',(-0.207135521218,-3.929414642422,
    11.194817543596));
#10605 = CARTESIAN_POINT('',(-2.5638859143,-3.440490441824,
    11.149589556439));
#10606 = CARTESIAN_POINT('',(-4.320362320781,-1.422243930074,
    11.103729534275));
#10607 = CARTESIAN_POINT('',(-4.320714673214,1.422239435212,
    11.058763838351));
#10608 = CARTESIAN_POINT('',(-2.563649255036,3.440497623612,
    11.012903816058));
#10609 = CARTESIAN_POINT('',(-0.207235382447,3.929410757882,
    10.967675829047));
#10610 = CARTESIAN_POINT('',(1.721546521533,3.067006927754,
    10.922142927499));
#10611 = CARTESIAN_POINT('',(2.684978260857,1.533694619075,
    10.876700778092));
#10612 = CARTESIAN_POINT('',(2.684977707399,7.990813639E-08,
    10.831246987537));
#10613 = CARTESIAN_POINT('',(2.69074846816,9.413323232E-08,
    11.358527468306));
#10614 = CARTESIAN_POINT('',(2.690747988199,-1.536989728374,
    11.313073663922));
#10615 = CARTESIAN_POINT('',(1.725227866967,-3.073602967636,
    11.26763128744));
#10616 = CARTESIAN_POINT('',(-0.207587994885,-3.937840939815,
    11.222099821225));
#10617 = CARTESIAN_POINT('',(-2.569380119848,-3.447922579957,
    11.176867684171));
#10618 = CARTESIAN_POINT('',(-4.32966823686,-1.425246658584,
    11.131015089181));
#10619 = CARTESIAN_POINT('',(-4.329982147893,1.425242628522,
    11.086040438924));
#10620 = CARTESIAN_POINT('',(-2.569169306079,3.447928962814,
    11.040187843819));
#10621 = CARTESIAN_POINT('',(-0.207676982283,3.937837477929,
    10.994955706896));
#10622 = CARTESIAN_POINT('',(1.725245686459,3.073603748848,
    10.949424240612));
#10623 = CARTESIAN_POINT('',(2.690748531114,1.536989900952,
    10.903981864144));
#10624 = CARTESIAN_POINT('',(2.690748042196,7.844441074E-08,
    10.858528059761));
#10625 = CARTESIAN_POINT('',(2.706713714422,8.927353867E-08,
    11.380666389644));
#10626 = CARTESIAN_POINT('',(2.706713284738,-1.546107110217,
    11.335212547002));
#10627 = CARTESIAN_POINT('',(1.735466640161,-3.091855178949,
    11.289769542291));
#10628 = CARTESIAN_POINT('',(-0.208829271129,-3.961155199253,
    11.244242047145));
#10629 = CARTESIAN_POINT('',(-2.584606737844,-3.468485006432,
    11.198998428155));
#10630 = CARTESIAN_POINT('',(-4.355378228558,-1.433555045355,
    11.153166382658));
#10631 = CARTESIAN_POINT('',(-4.355660940674,1.433551402616,
    11.108166957585));
#10632 = CARTESIAN_POINT('',(-2.584416889886,3.468490746957,
    11.062334911984));
#10633 = CARTESIAN_POINT('',(-0.208909425092,3.961152080844,
    11.017091293112));
#10634 = CARTESIAN_POINT('',(1.735482678944,3.091855887795,
    10.971563797904));
#10635 = CARTESIAN_POINT('',(2.706713768979,1.546107273885,
    10.926120793206));
#10636 = CARTESIAN_POINT('',(2.706713330799,7.439465488E-08,
    10.880666950565));
#10637 = CARTESIAN_POINT('',(2.729369212935,8.237742349E-08,
    11.393746894446));
#10638 = CARTESIAN_POINT('',(2.729368810658,-1.559045129932,
    11.348292997514));
#10639 = CARTESIAN_POINT('',(1.749995228531,-3.117755949835,
    11.302849101315));
#10640 = CARTESIAN_POINT('',(-0.210587051452,-3.99423943853,
    11.257327241316));
#10641 = CARTESIAN_POINT('',(-2.606222755295,-3.49766384598,
    11.212067328882));
#10642 = CARTESIAN_POINT('',(-4.391849071732,-1.445345215155,
    11.166264444145));
#10643 = CARTESIAN_POINT('',(-4.392113346547,1.445341813141,
    11.121229862371));
#10644 = CARTESIAN_POINT('',(-2.606045285203,3.497669214027,
    11.075426977537));
#10645 = CARTESIAN_POINT('',(-0.210661975522,3.994236523636,
    11.030167065212));
#10646 = CARTESIAN_POINT('',(1.75001022364,3.117756611191,
    10.984645205156));
#10647 = CARTESIAN_POINT('',(2.729369264445,1.559045280958,
    10.939201308969));
#10648 = CARTESIAN_POINT('',(2.729368854329,6.864788982E-08,
    10.893747412037));
#10649 = ADVANCED_FACE('',(#10650),#10656,.T.);
#10650 = FACE_BOUND('',#10651,.T.);
#10651 = EDGE_LOOP('',(#10652,#10653,#10654,#10655));
#10652 = ORIENTED_EDGE('',*,*,#9376,.F.);
#10653 = ORIENTED_EDGE('',*,*,#9440,.F.);
#10654 = ORIENTED_EDGE('',*,*,#9809,.T.);
#10655 = ORIENTED_EDGE('',*,*,#9700,.F.);
#10656 = ( BOUNDED_SURFACE() B_SPLINE_SURFACE(6,11,(
    (#10657,#10658,#10659,#10660,#10661,#10662,#10663,#10664,#10665
      ,#10666,#10667,#10668)
    ,(#10669,#10670,#10671,#10672,#10673,#10674,#10675,#10676,#10677
      ,#10678,#10679,#10680)
    ,(#10681,#10682,#10683,#10684,#10685,#10686,#10687,#10688,#10689
      ,#10690,#10691,#10692)
    ,(#10693,#10694,#10695,#10696,#10697,#10698,#10699,#10700,#10701
      ,#10702,#10703,#10704)
    ,(#10705,#10706,#10707,#10708,#10709,#10710,#10711,#10712,#10713
      ,#10714,#10715,#10716)
    ,(#10717,#10718,#10719,#10720,#10721,#10722,#10723,#10724,#10725
      ,#10726,#10727,#10728)
    ,(#10729,#10730,#10731,#10732,#10733,#10734,#10735,#10736,#10737
      ,#10738,#10739,#10740
)),.UNSPECIFIED.,.F.,.F.,.F.) B_SPLINE_SURFACE_WITH_KNOTS((7,7),(12,12),
  (4.188790204786,6.28318530718),(0.,6.303048278758),
.PIECEWISE_BEZIER_KNOTS.) GEOMETRIC_REPRESENTATION_ITEM() 
RATIONAL_B_SPLINE_SURFACE((
    (1.056590953773,1.056590953773,1.056590953773,1.056590953773
      ,1.056590953773,1.056590953773,1.056590953773,1.056590953773
      ,1.056590953773,1.056590953773,1.056590953773,1.056590953773)
    ,(1.017435169568,1.017435169568,1.017435169568,1.017435169568
      ,1.017435169568,1.017435169568,1.017435169569,1.017435169568
      ,1.017435169568,1.017435169568,1.017435169568,1.017435169568)
    ,(0.996326512422,0.996326512422,0.996326512422,0.996326512422
      ,0.996326512422,0.996326512422,0.996326512422,0.996326512422
      ,0.996326512422,0.996326512422,0.996326512422,0.996326512422)
    ,(0.989390034249,0.989390034249,0.989390034249,0.989390034248
      ,0.989390034249,0.989390034248,0.989390034249,0.989390034248
      ,0.989390034249,0.989390034249,0.989390034249,0.989390034249)
    ,(0.996326512422,0.996326512422,0.996326512422,0.996326512422
      ,0.996326512423,0.996326512422,0.996326512423,0.996326512422
      ,0.996326512422,0.996326512422,0.996326512422,0.996326512422)
    ,(1.017435169568,1.017435169568,1.017435169568,1.017435169568
      ,1.017435169569,1.017435169567,1.017435169569,1.017435169567
      ,1.017435169569,1.017435169568,1.017435169568,1.017435169568)
    ,(1.056590953773,1.056590953773,1.056590953773,1.056590953773
      ,1.056590953773,1.056590953773,1.056590953773,1.056590953773
      ,1.056590953773,1.056590953773,1.056590953773,1.056590953773
))) REPRESENTATION_ITEM('') SURFACE() );
#10657 = CARTESIAN_POINT('',(2.729376026428,2.0594108902E-07,
    15.768742236211));
#10658 = CARTESIAN_POINT('',(2.729375395163,-1.559048829124,
    15.723288339263));
#10659 = CARTESIAN_POINT('',(1.749994606324,-3.11776333524,
    15.677844442797));
#10660 = CARTESIAN_POINT('',(-0.210562487877,-3.994250191188,
    15.632322584481));
#10661 = CARTESIAN_POINT('',(-2.606288207646,-3.497670747799,
    15.587062667197));
#10662 = CARTESIAN_POINT('',(-4.391771713281,-1.445349950671,
    15.541259791108));
#10663 = CARTESIAN_POINT('',(-4.392212251413,1.445344044912,
    15.496225198947));
#10664 = CARTESIAN_POINT('',(-2.605992610149,3.497679554864,
    15.450422322696));
#10665 = CARTESIAN_POINT('',(-0.210687576284,3.99424532164,
    15.405162405594));
#10666 = CARTESIAN_POINT('',(1.750019430976,3.117764531419,
    15.359640547183));
#10667 = CARTESIAN_POINT('',(2.729376067851,1.559049227277,
    15.314196650737));
#10668 = CARTESIAN_POINT('',(2.729375428747,1.9221191677E-07,
    15.26874275379));
#10669 = CARTESIAN_POINT('',(2.706720002579,2.2318156007E-07,
    15.781821831086));
#10670 = CARTESIAN_POINT('',(2.706719412502,-1.546110513344,
    15.736367988429));
#10671 = CARTESIAN_POINT('',(1.735466767036,-3.091862025113,
    15.690924983471));
#10672 = CARTESIAN_POINT('',(-0.208809864945,-3.961165019558,
    15.64539748988));
#10673 = CARTESIAN_POINT('',(-2.584659305631,-3.468491658273,
    15.600153866408));
#10674 = CARTESIAN_POINT('',(-4.355318489626,-1.433559316779,
    15.554321828908));
#10675 = CARTESIAN_POINT('',(-4.355740615595,1.433553577734,
    15.509322394223));
#10676 = CARTESIAN_POINT('',(-2.584376144393,3.468500049015,
    15.463490356569));
#10677 = CARTESIAN_POINT('',(-0.208929790942,3.961160349944,
    15.418246733272));
#10678 = CARTESIAN_POINT('',(1.735490495526,3.091863203288,
    15.372719239589));
#10679 = CARTESIAN_POINT('',(2.706720028485,1.546110944828,
    15.327276234651));
#10680 = CARTESIAN_POINT('',(2.706719429913,2.0830302194E-07,
    15.281822391995));
#10681 = CARTESIAN_POINT('',(2.69075386716,2.3533110377E-07,
    15.80396011119));
#10682 = CARTESIAN_POINT('',(2.690753337072,-1.536992640615,
    15.758506306794));
#10683 = CARTESIAN_POINT('',(1.725229250017,-3.07360890766,
    15.713063930099));
#10684 = CARTESIAN_POINT('',(-0.207577332753,-3.937849181278,
    15.667532465222));
#10685 = CARTESIAN_POINT('',(-2.569410893059,-3.447928798946,
    15.622300324307));
#10686 = CARTESIAN_POINT('',(-4.329638325119,-1.425250128064,
    15.576447736213));
#10687 = CARTESIAN_POINT('',(-4.330029269902,1.425244724192,
    15.531473077659));
#10688 = CARTESIAN_POINT('',(-2.569148738774,3.447936516449,
    15.485620489423));
#10689 = CARTESIAN_POINT('',(-0.207688472872,3.937844852624,
    15.440388348669));
#10690 = CARTESIAN_POINT('',(1.725251160808,3.073610034246,
    15.394856883707));
#10691 = CARTESIAN_POINT('',(2.690753875879,1.536993095589,
    15.349414507031));
#10692 = CARTESIAN_POINT('',(2.690753336834,2.1964257818E-07,
    15.303960702635));
#10693 = CARTESIAN_POINT('',(2.684982488849,2.3972266083E-07,
    15.831240962675));
#10694 = CARTESIAN_POINT('',(2.684982026643,-1.533696756957,
    15.785787172109));
#10695 = CARTESIAN_POINT('',(1.721529422613,-3.067010889821,
    15.740345022517));
#10696 = CARTESIAN_POINT('',(-0.20713564348,-3.929420937817,
    15.694812122115));
#10697 = CARTESIAN_POINT('',(-2.563889838657,-3.440496121358,
    15.649584131865));
#10698 = CARTESIAN_POINT('',(-4.320369167814,-1.422246401115,
    15.603724115238));
#10699 = CARTESIAN_POINT('',(-4.320721677598,1.422241443193,
    15.558758412637));
#10700 = CARTESIAN_POINT('',(-2.563653544744,3.440503028761,
    15.512898395883));
#10701 = CARTESIAN_POINT('',(-0.207235926955,3.929417030906,
    15.467670405778));
#10702 = CARTESIAN_POINT('',(1.721549116852,3.067011939718,
    15.422137505299));
#10703 = CARTESIAN_POINT('',(2.684982482029,1.533697220421,
    15.376695355724));
#10704 = CARTESIAN_POINT('',(2.684982010698,2.2374133685E-07,
    15.331241565158));
#10705 = CARTESIAN_POINT('',(2.690752301884,2.3533167787E-07,
    15.858522145254));
#10706 = CARTESIAN_POINT('',(2.690751902546,-1.53699177652,
    15.813068340861));
#10707 = CARTESIAN_POINT('',(1.725230486586,-3.073607259954,
    15.767625964228));
#10708 = CARTESIAN_POINT('',(-0.207588084635,-3.937846549261,
    15.722094498965));
#10709 = CARTESIAN_POINT('',(-2.569383599382,-3.447927652188,
    15.676862359155));
#10710 = CARTESIAN_POINT('',(-4.329674329588,-1.425248881004,
    15.6310097691));
#10711 = CARTESIAN_POINT('',(-4.329988395089,1.425244396364,
    15.586035112894));
#10712 = CARTESIAN_POINT('',(-2.569173144275,3.447933765686,
    15.540182522723));
#10713 = CARTESIAN_POINT('',(-0.207677486545,3.937843065414,
    15.494950383043));
#10714 = CARTESIAN_POINT('',(1.72524798366,3.073608222273,
    15.449418917712));
#10715 = CARTESIAN_POINT('',(2.690752284206,1.536992231495,
    15.403976541094));
#10716 = CARTESIAN_POINT('',(2.69075187591,2.1964306668E-07,
    15.358522736701));
#10717 = CARTESIAN_POINT('',(2.706717167071,2.2318258786E-07,
    15.880661341395));
#10718 = CARTESIAN_POINT('',(2.706716813848,-1.546108948029,
    15.835207498745));
#10719 = CARTESIAN_POINT('',(1.735469007089,-3.091859040281,
    15.789764493898));
#10720 = CARTESIAN_POINT('',(-0.208829342054,-3.96116025164,
    15.74423699961));
#10721 = CARTESIAN_POINT('',(-2.584609862944,-3.468489580913,
    15.698993378138));
#10722 = CARTESIAN_POINT('',(-4.355383711973,-1.433557057723,
    15.653161337085));
#10723 = CARTESIAN_POINT('',(-4.355666570585,1.433552983874,
    15.608161906654));
#10724 = CARTESIAN_POINT('',(-2.584420355129,3.468495065985,
    15.562329865497));
#10725 = CARTESIAN_POINT('',(-0.208909889133,3.961157112402,
    15.517086244142));
#10726 = CARTESIAN_POINT('',(1.735484740099,3.091859920885,
    15.471558749792));
#10727 = CARTESIAN_POINT('',(2.706717145158,1.546109379516,
    15.426115744959));
#10728 = CARTESIAN_POINT('',(2.706716783439,2.0830390834E-07,
    15.380661902309));
#10729 = CARTESIAN_POINT('',(2.729372440428,2.059423857E-07,
    15.89374223616));
#10730 = CARTESIAN_POINT('',(2.729372108706,-1.559046849508,
    15.84828833922));
#10731 = CARTESIAN_POINT('',(1.749997439266,-3.117759560394,
    15.802844442894));
#10732 = CARTESIAN_POINT('',(-0.210587120119,-3.994244161314,
    15.757322583698));
#10733 = CARTESIAN_POINT('',(-2.606225678645,-3.497668120611,
    15.712062668943));
#10734 = CARTESIAN_POINT('',(-4.391854198444,-1.445347093699,
    15.666259788359));
#10735 = CARTESIAN_POINT('',(-4.392118608435,1.445343293875,
    15.621225201577));
#10736 = CARTESIAN_POINT('',(-2.606048522423,3.497673252938,
    15.575422320898));
#10737 = CARTESIAN_POINT('',(-0.210662406935,3.9942412272,
    15.530162406252));
#10738 = CARTESIAN_POINT('',(1.750012152223,3.11776038024,
    15.484640546998));
#10739 = CARTESIAN_POINT('',(2.729372421376,1.559047247664,
    15.439196650684));
#10740 = CARTESIAN_POINT('',(2.729372081814,1.9221304365E-07,
    15.393742753745));
#10741 = ADVANCED_FACE('',(#10742,#10745),#10756,.T.);
#10742 = FACE_BOUND('',#10743,.F.);
#10743 = EDGE_LOOP('',(#10744));
#10744 = ORIENTED_EDGE('',*,*,#9429,.F.);
#10745 = FACE_BOUND('',#10746,.F.);
#10746 = EDGE_LOOP('',(#10747));
#10747 = ORIENTED_EDGE('',*,*,#10748,.F.);
#10748 = EDGE_CURVE('',#10749,#10749,#10751,.T.);
#10749 = VERTEX_POINT('',#10750);
#10750 = CARTESIAN_POINT('',(2.,0.,15.8));
#10751 = CIRCLE('',#10752,2.);
#10752 = AXIS2_PLACEMENT_3D('',#10753,#10754,#10755);
#10753 = CARTESIAN_POINT('',(0.,0.,15.8));
#10754 = DIRECTION('',(0.,0.,-1.));
#10755 = DIRECTION('',(1.,0.,0.));
#10756 = PLANE('',#10757);
#10757 = AXIS2_PLACEMENT_3D('',#10758,#10759,#10760);
#10758 = CARTESIAN_POINT('',(0.,0.,15.8));
#10759 = DIRECTION('',(0.,0.,1.));
#10760 = DIRECTION('',(1.,0.,0.));
#10761 = ADVANCED_FACE('',(#10762),#10773,.F.);
#10762 = FACE_BOUND('',#10763,.T.);
#10763 = EDGE_LOOP('',(#10764,#10765,#10771,#10772));
#10764 = ORIENTED_EDGE('',*,*,#9682,.T.);
#10765 = ORIENTED_EDGE('',*,*,#10766,.T.);
#10766 = EDGE_CURVE('',#9683,#10749,#10767,.T.);
#10767 = LINE('',#10768,#10769);
#10768 = CARTESIAN_POINT('',(2.,0.,0.));
#10769 = VECTOR('',#10770,1.);
#10770 = DIRECTION('',(0.,0.,1.));
#10771 = ORIENTED_EDGE('',*,*,#10748,.F.);
#10772 = ORIENTED_EDGE('',*,*,#10766,.F.);
#10773 = CYLINDRICAL_SURFACE('',#10774,2.);
#10774 = AXIS2_PLACEMENT_3D('',#10775,#10776,#10777);
#10775 = CARTESIAN_POINT('',(0.,0.,0.));
#10776 = DIRECTION('',(-0.,-0.,-1.));
#10777 = DIRECTION('',(1.,0.,0.));
#10778 = ( GEOMETRIC_REPRESENTATION_CONTEXT(3) 
GLOBAL_UNCERTAINTY_ASSIGNED_CONTEXT((#10782)) 
GLOBAL_UNIT_ASSIGNED_CONTEXT((#10779,#10780,#10781)) 
REPRESENTATION_CONTEXT('Context #1',
  '3D Context with UNIT and UNCERTAINTY') );
#10779 = ( LENGTH_UNIT() NAMED_UNIT(*) SI_UNIT(.MILLI.,.METRE.) );
#10780 = ( NAMED_UNIT(*) PLANE_ANGLE_UNIT() SI_UNIT($,.RADIAN.) );
#10781 = ( NAMED_UNIT(*) SI_UNIT($,.STERADIAN.) SOLID_ANGLE_UNIT() );
#10782 = UNCERTAINTY_MEASURE_WITH_UNIT(LENGTH_MEASURE(2.E-06),#10779,
  'distance_accuracy_value','confusion accuracy');
#10783 = SHAPE_DEFINITION_REPRESENTATION(#10784,#3445);
#10784 = PRODUCT_DEFINITION_SHAPE('','',#10785);
#10785 = PRODUCT_DEFINITION('design','',#10786,#10789);
#10786 = PRODUCT_DEFINITION_FORMATION('','',#10787);
#10787 = PRODUCT('Shield','Shield','',(#10788));
#10788 = PRODUCT_CONTEXT('',#2,'mechanical');
#10789 = PRODUCT_DEFINITION_CONTEXT('part definition',#2,'design');
#10790 = CONTEXT_DEPENDENT_SHAPE_REPRESENTATION(#10791,#10793);
#10791 = ( REPRESENTATION_RELATIONSHIP('','',#3445,#10) 
REPRESENTATION_RELATIONSHIP_WITH_TRANSFORMATION(#10792) 
SHAPE_REPRESENTATION_RELATIONSHIP() );
#10792 = ITEM_DEFINED_TRANSFORMATION('','',#11,#31);
#10793 = PRODUCT_DEFINITION_SHAPE('Placement','Placement of an item',
  #10794);
#10794 = NEXT_ASSEMBLY_USAGE_OCCURRENCE('5','Shield','',#5,#10785,$);
#10795 = PRODUCT_RELATED_PRODUCT_CATEGORY('part',$,(#10787));
#10796 = ADVANCED_BREP_SHAPE_REPRESENTATION('',(#11,#10797),#10860);
#10797 = MANIFOLD_SOLID_BREP('',#10798);
#10798 = CLOSED_SHELL('',(#10799,#10832,#10851));
#10799 = ADVANCED_FACE('',(#10800),#10827,.T.);
#10800 = FACE_BOUND('',#10801,.F.);
#10801 = EDGE_LOOP('',(#10802,#10812,#10819,#10820));
#10802 = ORIENTED_EDGE('',*,*,#10803,.T.);
#10803 = EDGE_CURVE('',#10804,#10806,#10808,.T.);
#10804 = VERTEX_POINT('',#10805);
#10805 = CARTESIAN_POINT('',(1.35,0.,0.));
#10806 = VERTEX_POINT('',#10807);
#10807 = CARTESIAN_POINT('',(1.35,0.,12.65));
#10808 = LINE('',#10809,#10810);
#10809 = CARTESIAN_POINT('',(1.35,0.,0.));
#10810 = VECTOR('',#10811,1.);
#10811 = DIRECTION('',(0.,0.,1.));
#10812 = ORIENTED_EDGE('',*,*,#10813,.T.);
#10813 = EDGE_CURVE('',#10806,#10806,#10814,.T.);
#10814 = CIRCLE('',#10815,1.35);
#10815 = AXIS2_PLACEMENT_3D('',#10816,#10817,#10818);
#10816 = CARTESIAN_POINT('',(0.,0.,12.65));
#10817 = DIRECTION('',(0.,0.,1.));
#10818 = DIRECTION('',(1.,0.,-0.));
#10819 = ORIENTED_EDGE('',*,*,#10803,.F.);
#10820 = ORIENTED_EDGE('',*,*,#10821,.F.);
#10821 = EDGE_CURVE('',#10804,#10804,#10822,.T.);
#10822 = CIRCLE('',#10823,1.35);
#10823 = AXIS2_PLACEMENT_3D('',#10824,#10825,#10826);
#10824 = CARTESIAN_POINT('',(0.,0.,0.));
#10825 = DIRECTION('',(0.,0.,1.));
#10826 = DIRECTION('',(1.,0.,0.));
#10827 = CYLINDRICAL_SURFACE('',#10828,1.35);
#10828 = AXIS2_PLACEMENT_3D('',#10829,#10830,#10831);
#10829 = CARTESIAN_POINT('',(0.,0.,0.));
#10830 = DIRECTION('',(-0.,-0.,-1.));
#10831 = DIRECTION('',(1.,0.,0.));
#10832 = ADVANCED_FACE('',(#10833),#10846,.T.);
#10833 = FACE_BOUND('',#10834,.T.);
#10834 = EDGE_LOOP('',(#10835,#10844,#10845));
#10835 = ORIENTED_EDGE('',*,*,#10836,.F.);
#10836 = EDGE_CURVE('',#10806,#10837,#10839,.T.);
#10837 = VERTEX_POINT('',#10838);
#10838 = CARTESIAN_POINT('',(0.,0.,14.));
#10839 = CIRCLE('',#10840,1.35);
#10840 = AXIS2_PLACEMENT_3D('',#10841,#10842,#10843);
#10841 = CARTESIAN_POINT('',(0.,0.,12.65));
#10842 = DIRECTION('',(0.,-1.,0.));
#10843 = DIRECTION('',(1.,0.,0.));
#10844 = ORIENTED_EDGE('',*,*,#10813,.T.);
#10845 = ORIENTED_EDGE('',*,*,#10836,.T.);
#10846 = SPHERICAL_SURFACE('',#10847,1.35);
#10847 = AXIS2_PLACEMENT_3D('',#10848,#10849,#10850);
#10848 = CARTESIAN_POINT('',(0.,0.,12.65));
#10849 = DIRECTION('',(0.,0.,1.));
#10850 = DIRECTION('',(1.,0.,-0.));
#10851 = ADVANCED_FACE('',(#10852),#10855,.F.);
#10852 = FACE_BOUND('',#10853,.F.);
#10853 = EDGE_LOOP('',(#10854));
#10854 = ORIENTED_EDGE('',*,*,#10821,.T.);
#10855 = PLANE('',#10856);
#10856 = AXIS2_PLACEMENT_3D('',#10857,#10858,#10859);
#10857 = CARTESIAN_POINT('',(3.E-17,1.E-17,0.));
#10858 = DIRECTION('',(0.,0.,1.));
#10859 = DIRECTION('',(1.,0.,0.));
#10860 = ( GEOMETRIC_REPRESENTATION_CONTEXT(3) 
GLOBAL_UNCERTAINTY_ASSIGNED_CONTEXT((#10864)) 
GLOBAL_UNIT_ASSIGNED_CONTEXT((#10861,#10862,#10863)) 
REPRESENTATION_CONTEXT('Context #1',
  '3D Context with UNIT and UNCERTAINTY') );
#10861 = ( LENGTH_UNIT() NAMED_UNIT(*) SI_UNIT(.MILLI.,.METRE.) );
#10862 = ( NAMED_UNIT(*) PLANE_ANGLE_UNIT() SI_UNIT($,.RADIAN.) );
#10863 = ( NAMED_UNIT(*) SI_UNIT($,.STERADIAN.) SOLID_ANGLE_UNIT() );
#10864 = UNCERTAINTY_MEASURE_WITH_UNIT(LENGTH_MEASURE(1.E-07),#10861,
  'distance_accuracy_value','confusion accuracy');
#10865 = SHAPE_DEFINITION_REPRESENTATION(#10866,#10796);
#10866 = PRODUCT_DEFINITION_SHAPE('','',#10867);
#10867 = PRODUCT_DEFINITION('design','',#10868,#10871);
#10868 = PRODUCT_DEFINITION_FORMATION('','',#10869);
#10869 = PRODUCT('Shaft','Shaft','',(#10870));
#10870 = PRODUCT_CONTEXT('',#2,'mechanical');
#10871 = PRODUCT_DEFINITION_CONTEXT('part definition',#2,'design');
#10872 = CONTEXT_DEPENDENT_SHAPE_REPRESENTATION(#10873,#10875);
#10873 = ( REPRESENTATION_RELATIONSHIP('','',#10796,#10) 
REPRESENTATION_RELATIONSHIP_WITH_TRANSFORMATION(#10874) 
SHAPE_REPRESENTATION_RELATIONSHIP() );
#10874 = ITEM_DEFINED_TRANSFORMATION('','',#11,#35);
#10875 = PRODUCT_DEFINITION_SHAPE('Placement','Placement of an item',
  #10876);
#10876 = NEXT_ASSEMBLY_USAGE_OCCURRENCE('6','Shaft','',#5,#10867,$);
#10877 = PRODUCT_RELATED_PRODUCT_CATEGORY('part',$,(#10869));
#10878 = ADVANCED_BREP_SHAPE_REPRESENTATION('',(#11,#10879),#11161);
#10879 = MANIFOLD_SOLID_BREP('',#10880);
#10880 = CLOSED_SHELL('',(#10881,#10921,#10952,#10983,#11014,#11045,
    #11076,#11107,#11129,#11145));
#10881 = ADVANCED_FACE('',(#10882),#10916,.T.);
#10882 = FACE_BOUND('',#10883,.T.);
#10883 = EDGE_LOOP('',(#10884,#10894,#10902,#10910));
#10884 = ORIENTED_EDGE('',*,*,#10885,.T.);
#10885 = EDGE_CURVE('',#10886,#10888,#10890,.T.);
#10886 = VERTEX_POINT('',#10887);
#10887 = CARTESIAN_POINT('',(1.75,0.4,0.));
#10888 = VERTEX_POINT('',#10889);
#10889 = CARTESIAN_POINT('',(1.75,0.4,3.));
#10890 = LINE('',#10891,#10892);
#10891 = CARTESIAN_POINT('',(1.75,0.4,0.));
#10892 = VECTOR('',#10893,1.);
#10893 = DIRECTION('',(0.,0.,1.));
#10894 = ORIENTED_EDGE('',*,*,#10895,.T.);
#10895 = EDGE_CURVE('',#10888,#10896,#10898,.T.);
#10896 = VERTEX_POINT('',#10897);
#10897 = CARTESIAN_POINT('',(1.75,-0.4,3.));
#10898 = LINE('',#10899,#10900);
#10899 = CARTESIAN_POINT('',(1.75,0.4,3.));
#10900 = VECTOR('',#10901,1.);
#10901 = DIRECTION('',(0.,-1.,0.));
#10902 = ORIENTED_EDGE('',*,*,#10903,.F.);
#10903 = EDGE_CURVE('',#10904,#10896,#10906,.T.);
#10904 = VERTEX_POINT('',#10905);
#10905 = CARTESIAN_POINT('',(1.75,-0.4,0.));
#10906 = LINE('',#10907,#10908);
#10907 = CARTESIAN_POINT('',(1.75,-0.4,0.));
#10908 = VECTOR('',#10909,1.);
#10909 = DIRECTION('',(0.,0.,1.));
#10910 = ORIENTED_EDGE('',*,*,#10911,.F.);
#10911 = EDGE_CURVE('',#10886,#10904,#10912,.T.);
#10912 = LINE('',#10913,#10914);
#10913 = CARTESIAN_POINT('',(1.75,0.4,0.));
#10914 = VECTOR('',#10915,1.);
#10915 = DIRECTION('',(0.,-1.,0.));
#10916 = PLANE('',#10917);
#10917 = AXIS2_PLACEMENT_3D('',#10918,#10919,#10920);
#10918 = CARTESIAN_POINT('',(1.75,0.4,0.));
#10919 = DIRECTION('',(1.,0.,0.));
#10920 = DIRECTION('',(0.,-1.,0.));
#10921 = ADVANCED_FACE('',(#10922),#10947,.T.);
#10922 = FACE_BOUND('',#10923,.T.);
#10923 = EDGE_LOOP('',(#10924,#10934,#10940,#10941));
#10924 = ORIENTED_EDGE('',*,*,#10925,.F.);
#10925 = EDGE_CURVE('',#10926,#10928,#10930,.T.);
#10926 = VERTEX_POINT('',#10927);
#10927 = CARTESIAN_POINT('',(0.4,0.4,0.));
#10928 = VERTEX_POINT('',#10929);
#10929 = CARTESIAN_POINT('',(0.4,-0.4,0.));
#10930 = LINE('',#10931,#10932);
#10931 = CARTESIAN_POINT('',(0.4,0.4,0.));
#10932 = VECTOR('',#10933,1.);
#10933 = DIRECTION('',(-2.8E-16,-1.,0.));
#10934 = ORIENTED_EDGE('',*,*,#10935,.T.);
#10935 = EDGE_CURVE('',#10926,#10886,#10936,.T.);
#10936 = LINE('',#10937,#10938);
#10937 = CARTESIAN_POINT('',(-1.75,0.4,0.));
#10938 = VECTOR('',#10939,1.);
#10939 = DIRECTION('',(1.,0.,0.));
#10940 = ORIENTED_EDGE('',*,*,#10911,.T.);
#10941 = ORIENTED_EDGE('',*,*,#10942,.T.);
#10942 = EDGE_CURVE('',#10904,#10928,#10943,.T.);
#10943 = LINE('',#10944,#10945);
#10944 = CARTESIAN_POINT('',(1.75,-0.4,0.));
#10945 = VECTOR('',#10946,1.);
#10946 = DIRECTION('',(-1.,0.,0.));
#10947 = PLANE('',#10948);
#10948 = AXIS2_PLACEMENT_3D('',#10949,#10950,#10951);
#10949 = CARTESIAN_POINT('',(3.E-17,-3.E-17,0.));
#10950 = DIRECTION('',(-0.,-0.,-1.));
#10951 = DIRECTION('',(-1.,0.,0.));
#10952 = ADVANCED_FACE('',(#10953),#10978,.F.);
#10953 = FACE_BOUND('',#10954,.F.);
#10954 = EDGE_LOOP('',(#10955,#10963,#10964,#10972));
#10955 = ORIENTED_EDGE('',*,*,#10956,.T.);
#10956 = EDGE_CURVE('',#10957,#10888,#10959,.T.);
#10957 = VERTEX_POINT('',#10958);
#10958 = CARTESIAN_POINT('',(-1.75,0.4,3.));
#10959 = LINE('',#10960,#10961);
#10960 = CARTESIAN_POINT('',(-1.75,0.4,3.));
#10961 = VECTOR('',#10962,1.);
#10962 = DIRECTION('',(1.,0.,0.));
#10963 = ORIENTED_EDGE('',*,*,#10895,.T.);
#10964 = ORIENTED_EDGE('',*,*,#10965,.T.);
#10965 = EDGE_CURVE('',#10896,#10966,#10968,.T.);
#10966 = VERTEX_POINT('',#10967);
#10967 = CARTESIAN_POINT('',(-1.75,-0.4,3.));
#10968 = LINE('',#10969,#10970);
#10969 = CARTESIAN_POINT('',(1.75,-0.4,3.));
#10970 = VECTOR('',#10971,1.);
#10971 = DIRECTION('',(-1.,0.,0.));
#10972 = ORIENTED_EDGE('',*,*,#10973,.T.);
#10973 = EDGE_CURVE('',#10966,#10957,#10974,.T.);
#10974 = LINE('',#10975,#10976);
#10975 = CARTESIAN_POINT('',(-1.75,-0.4,3.));
#10976 = VECTOR('',#10977,1.);
#10977 = DIRECTION('',(0.,1.,0.));
#10978 = PLANE('',#10979);
#10979 = AXIS2_PLACEMENT_3D('',#10980,#10981,#10982);
#10980 = CARTESIAN_POINT('',(3.E-17,-3.E-17,3.));
#10981 = DIRECTION('',(-0.,-0.,-1.));
#10982 = DIRECTION('',(-1.,0.,0.));
#10983 = ADVANCED_FACE('',(#10984),#11009,.T.);
#10984 = FACE_BOUND('',#10985,.T.);
#10985 = EDGE_LOOP('',(#10986,#10994,#10995,#11003));
#10986 = ORIENTED_EDGE('',*,*,#10987,.T.);
#10987 = EDGE_CURVE('',#10988,#10966,#10990,.T.);
#10988 = VERTEX_POINT('',#10989);
#10989 = CARTESIAN_POINT('',(-1.75,-0.4,0.));
#10990 = LINE('',#10991,#10992);
#10991 = CARTESIAN_POINT('',(-1.75,-0.4,0.));
#10992 = VECTOR('',#10993,1.);
#10993 = DIRECTION('',(0.,0.,1.));
#10994 = ORIENTED_EDGE('',*,*,#10973,.T.);
#10995 = ORIENTED_EDGE('',*,*,#10996,.F.);
#10996 = EDGE_CURVE('',#10997,#10957,#10999,.T.);
#10997 = VERTEX_POINT('',#10998);
#10998 = CARTESIAN_POINT('',(-1.75,0.4,0.));
#10999 = LINE('',#11000,#11001);
#11000 = CARTESIAN_POINT('',(-1.75,0.4,0.));
#11001 = VECTOR('',#11002,1.);
#11002 = DIRECTION('',(0.,0.,1.));
#11003 = ORIENTED_EDGE('',*,*,#11004,.F.);
#11004 = EDGE_CURVE('',#10988,#10997,#11005,.T.);
#11005 = LINE('',#11006,#11007);
#11006 = CARTESIAN_POINT('',(-1.75,-0.4,0.));
#11007 = VECTOR('',#11008,1.);
#11008 = DIRECTION('',(0.,1.,0.));
#11009 = PLANE('',#11010);
#11010 = AXIS2_PLACEMENT_3D('',#11011,#11012,#11013);
#11011 = CARTESIAN_POINT('',(-1.75,-0.4,0.));
#11012 = DIRECTION('',(-1.,0.,0.));
#11013 = DIRECTION('',(0.,1.,0.));
#11014 = ADVANCED_FACE('',(#11015),#11040,.T.);
#11015 = FACE_BOUND('',#11016,.T.);
#11016 = EDGE_LOOP('',(#11017,#11018,#11026,#11034));
#11017 = ORIENTED_EDGE('',*,*,#11004,.T.);
#11018 = ORIENTED_EDGE('',*,*,#11019,.T.);
#11019 = EDGE_CURVE('',#10997,#11020,#11022,.T.);
#11020 = VERTEX_POINT('',#11021);
#11021 = CARTESIAN_POINT('',(-0.4,0.4,0.));
#11022 = LINE('',#11023,#11024);
#11023 = CARTESIAN_POINT('',(-1.75,0.4,0.));
#11024 = VECTOR('',#11025,1.);
#11025 = DIRECTION('',(1.,0.,0.));
#11026 = ORIENTED_EDGE('',*,*,#11027,.F.);
#11027 = EDGE_CURVE('',#11028,#11020,#11030,.T.);
#11028 = VERTEX_POINT('',#11029);
#11029 = CARTESIAN_POINT('',(-0.4,-0.4,0.));
#11030 = LINE('',#11031,#11032);
#11031 = CARTESIAN_POINT('',(-0.4,-0.4,0.));
#11032 = VECTOR('',#11033,1.);
#11033 = DIRECTION('',(0.,1.,0.));
#11034 = ORIENTED_EDGE('',*,*,#11035,.T.);
#11035 = EDGE_CURVE('',#11028,#10988,#11036,.T.);
#11036 = LINE('',#11037,#11038);
#11037 = CARTESIAN_POINT('',(1.75,-0.4,0.));
#11038 = VECTOR('',#11039,1.);
#11039 = DIRECTION('',(-1.,0.,0.));
#11040 = PLANE('',#11041);
#11041 = AXIS2_PLACEMENT_3D('',#11042,#11043,#11044);
#11042 = CARTESIAN_POINT('',(3.E-17,-3.E-17,0.));
#11043 = DIRECTION('',(-0.,-0.,-1.));
#11044 = DIRECTION('',(-1.,0.,0.));
#11045 = ADVANCED_FACE('',(#11046),#11071,.F.);
#11046 = FACE_BOUND('',#11047,.F.);
#11047 = EDGE_LOOP('',(#11048,#11056,#11064,#11070));
#11048 = ORIENTED_EDGE('',*,*,#11049,.T.);
#11049 = EDGE_CURVE('',#11028,#11050,#11052,.T.);
#11050 = VERTEX_POINT('',#11051);
#11051 = CARTESIAN_POINT('',(-0.4,-0.4,-5.5));
#11052 = LINE('',#11053,#11054);
#11053 = CARTESIAN_POINT('',(-0.4,-0.4,0.));
#11054 = VECTOR('',#11055,1.);
#11055 = DIRECTION('',(-0.,-0.,-1.));
#11056 = ORIENTED_EDGE('',*,*,#11057,.T.);
#11057 = EDGE_CURVE('',#11050,#11058,#11060,.T.);
#11058 = VERTEX_POINT('',#11059);
#11059 = CARTESIAN_POINT('',(-0.4,0.4,-5.5));
#11060 = LINE('',#11061,#11062);
#11061 = CARTESIAN_POINT('',(-0.4,-0.4,-5.5));
#11062 = VECTOR('',#11063,1.);
#11063 = DIRECTION('',(0.,1.,0.));
#11064 = ORIENTED_EDGE('',*,*,#11065,.F.);
#11065 = EDGE_CURVE('',#11020,#11058,#11066,.T.);
#11066 = LINE('',#11067,#11068);
#11067 = CARTESIAN_POINT('',(-0.4,0.4,0.));
#11068 = VECTOR('',#11069,1.);
#11069 = DIRECTION('',(-0.,-0.,-1.));
#11070 = ORIENTED_EDGE('',*,*,#11027,.F.);
#11071 = PLANE('',#11072);
#11072 = AXIS2_PLACEMENT_3D('',#11073,#11074,#11075);
#11073 = CARTESIAN_POINT('',(-0.4,-0.4,0.));
#11074 = DIRECTION('',(1.,0.,0.));
#11075 = DIRECTION('',(-0.,1.,0.));
#11076 = ADVANCED_FACE('',(#11077),#11102,.F.);
#11077 = FACE_BOUND('',#11078,.F.);
#11078 = EDGE_LOOP('',(#11079,#11087,#11095,#11101));
#11079 = ORIENTED_EDGE('',*,*,#11080,.T.);
#11080 = EDGE_CURVE('',#10926,#11081,#11083,.T.);
#11081 = VERTEX_POINT('',#11082);
#11082 = CARTESIAN_POINT('',(0.4,0.4,-5.5));
#11083 = LINE('',#11084,#11085);
#11084 = CARTESIAN_POINT('',(0.4,0.4,0.));
#11085 = VECTOR('',#11086,1.);
#11086 = DIRECTION('',(-0.,-0.,-1.));
#11087 = ORIENTED_EDGE('',*,*,#11088,.T.);
#11088 = EDGE_CURVE('',#11081,#11089,#11091,.T.);
#11089 = VERTEX_POINT('',#11090);
#11090 = CARTESIAN_POINT('',(0.4,-0.4,-5.5));
#11091 = LINE('',#11092,#11093);
#11092 = CARTESIAN_POINT('',(0.4,0.4,-5.5));
#11093 = VECTOR('',#11094,1.);
#11094 = DIRECTION('',(-2.8E-16,-1.,0.));
#11095 = ORIENTED_EDGE('',*,*,#11096,.F.);
#11096 = EDGE_CURVE('',#10928,#11089,#11097,.T.);
#11097 = LINE('',#11098,#11099);
#11098 = CARTESIAN_POINT('',(0.4,-0.4,0.));
#11099 = VECTOR('',#11100,1.);
#11100 = DIRECTION('',(-0.,-0.,-1.));
#11101 = ORIENTED_EDGE('',*,*,#10925,.F.);
#11102 = PLANE('',#11103);
#11103 = AXIS2_PLACEMENT_3D('',#11104,#11105,#11106);
#11104 = CARTESIAN_POINT('',(0.4,0.4,0.));
#11105 = DIRECTION('',(-1.,2.8E-16,0.));
#11106 = DIRECTION('',(-2.8E-16,-1.,0.));
#11107 = ADVANCED_FACE('',(#11108),#11124,.T.);
#11108 = FACE_BOUND('',#11109,.T.);
#11109 = EDGE_LOOP('',(#11110,#11116,#11117,#11123));
#11110 = ORIENTED_EDGE('',*,*,#11111,.T.);
#11111 = EDGE_CURVE('',#11058,#11081,#11112,.T.);
#11112 = LINE('',#11113,#11114);
#11113 = CARTESIAN_POINT('',(-0.4,0.4,-5.5));
#11114 = VECTOR('',#11115,1.);
#11115 = DIRECTION('',(1.,0.,0.));
#11116 = ORIENTED_EDGE('',*,*,#11088,.T.);
#11117 = ORIENTED_EDGE('',*,*,#11118,.T.);
#11118 = EDGE_CURVE('',#11089,#11050,#11119,.T.);
#11119 = LINE('',#11120,#11121);
#11120 = CARTESIAN_POINT('',(0.4,-0.4,-5.5));
#11121 = VECTOR('',#11122,1.);
#11122 = DIRECTION('',(-1.,0.,0.));
#11123 = ORIENTED_EDGE('',*,*,#11057,.T.);
#11124 = PLANE('',#11125);
#11125 = AXIS2_PLACEMENT_3D('',#11126,#11127,#11128);
#11126 = CARTESIAN_POINT('',(-5.E-17,2.E-17,-5.5));
#11127 = DIRECTION('',(-0.,-0.,-1.));
#11128 = DIRECTION('',(-1.,0.,0.));
#11129 = ADVANCED_FACE('',(#11130),#11140,.T.);
#11130 = FACE_BOUND('',#11131,.T.);
#11131 = EDGE_LOOP('',(#11132,#11133,#11134,#11135,#11136,#11137,#11138,
    #11139));
#11132 = ORIENTED_EDGE('',*,*,#10996,.T.);
#11133 = ORIENTED_EDGE('',*,*,#10956,.T.);
#11134 = ORIENTED_EDGE('',*,*,#10885,.F.);
#11135 = ORIENTED_EDGE('',*,*,#10935,.F.);
#11136 = ORIENTED_EDGE('',*,*,#11080,.T.);
#11137 = ORIENTED_EDGE('',*,*,#11111,.F.);
#11138 = ORIENTED_EDGE('',*,*,#11065,.F.);
#11139 = ORIENTED_EDGE('',*,*,#11019,.F.);
#11140 = PLANE('',#11141);
#11141 = AXIS2_PLACEMENT_3D('',#11142,#11143,#11144);
#11142 = CARTESIAN_POINT('',(1.E-17,0.4,-0.63125));
#11143 = DIRECTION('',(0.,1.,0.));
#11144 = DIRECTION('',(1.,-0.,0.));
#11145 = ADVANCED_FACE('',(#11146),#11156,.T.);
#11146 = FACE_BOUND('',#11147,.T.);
#11147 = EDGE_LOOP('',(#11148,#11149,#11150,#11151,#11152,#11153,#11154,
    #11155));
#11148 = ORIENTED_EDGE('',*,*,#10903,.T.);
#11149 = ORIENTED_EDGE('',*,*,#10965,.T.);
#11150 = ORIENTED_EDGE('',*,*,#10987,.F.);
#11151 = ORIENTED_EDGE('',*,*,#11035,.F.);
#11152 = ORIENTED_EDGE('',*,*,#11049,.T.);
#11153 = ORIENTED_EDGE('',*,*,#11118,.F.);
#11154 = ORIENTED_EDGE('',*,*,#11096,.F.);
#11155 = ORIENTED_EDGE('',*,*,#10942,.F.);
#11156 = PLANE('',#11157);
#11157 = AXIS2_PLACEMENT_3D('',#11158,#11159,#11160);
#11158 = CARTESIAN_POINT('',(-1.E-17,-0.4,-0.63125));
#11159 = DIRECTION('',(-0.,-1.,0.));
#11160 = DIRECTION('',(-1.,0.,0.));
#11161 = ( GEOMETRIC_REPRESENTATION_CONTEXT(3) 
GLOBAL_UNCERTAINTY_ASSIGNED_CONTEXT((#11165)) 
GLOBAL_UNIT_ASSIGNED_CONTEXT((#11162,#11163,#11164)) 
REPRESENTATION_CONTEXT('Context #1',
  '3D Context with UNIT and UNCERTAINTY') );
#11162 = ( LENGTH_UNIT() NAMED_UNIT(*) SI_UNIT(.MILLI.,.METRE.) );
#11163 = ( NAMED_UNIT(*) PLANE_ANGLE_UNIT() SI_UNIT($,.RADIAN.) );
#11164 = ( NAMED_UNIT(*) SI_UNIT($,.STERADIAN.) SOLID_ANGLE_UNIT() );
#11165 = UNCERTAINTY_MEASURE_WITH_UNIT(LENGTH_MEASURE(1.E-07),#11162,
  'distance_accuracy_value','confusion accuracy');
#11166 = SHAPE_DEFINITION_REPRESENTATION(#11167,#10878);
#11167 = PRODUCT_DEFINITION_SHAPE('','',#11168);
#11168 = PRODUCT_DEFINITION('design','',#11169,#11172);
#11169 = PRODUCT_DEFINITION_FORMATION('','',#11170);
#11170 = PRODUCT('Pin4','Pin4','',(#11171));
#11171 = PRODUCT_CONTEXT('',#2,'mechanical');
#11172 = PRODUCT_DEFINITION_CONTEXT('part definition',#2,'design');
#11173 = CONTEXT_DEPENDENT_SHAPE_REPRESENTATION(#11174,#11176);
#11174 = ( REPRESENTATION_RELATIONSHIP('','',#10878,#10) 
REPRESENTATION_RELATIONSHIP_WITH_TRANSFORMATION(#11175) 
SHAPE_REPRESENTATION_RELATIONSHIP() );
#11175 = ITEM_DEFINED_TRANSFORMATION('','',#11,#39);
#11176 = PRODUCT_DEFINITION_SHAPE('Placement','Placement of an item',
  #11177);
#11177 = NEXT_ASSEMBLY_USAGE_OCCURRENCE('7','Pin4','',#5,#11168,$);
#11178 = PRODUCT_RELATED_PRODUCT_CATEGORY('part',$,(#11170));
#11179 = ADVANCED_BREP_SHAPE_REPRESENTATION('',(#11,#11180),#11462);
#11180 = MANIFOLD_SOLID_BREP('',#11181);
#11181 = CLOSED_SHELL('',(#11182,#11222,#11253,#11284,#11315,#11346,
    #11377,#11408,#11430,#11446));
#11182 = ADVANCED_FACE('',(#11183),#11217,.T.);
#11183 = FACE_BOUND('',#11184,.T.);
#11184 = EDGE_LOOP('',(#11185,#11195,#11203,#11211));
#11185 = ORIENTED_EDGE('',*,*,#11186,.T.);
#11186 = EDGE_CURVE('',#11187,#11189,#11191,.T.);
#11187 = VERTEX_POINT('',#11188);
#11188 = CARTESIAN_POINT('',(1.75,0.4,0.));
#11189 = VERTEX_POINT('',#11190);
#11190 = CARTESIAN_POINT('',(1.75,0.4,3.));
#11191 = LINE('',#11192,#11193);
#11192 = CARTESIAN_POINT('',(1.75,0.4,0.));
#11193 = VECTOR('',#11194,1.);
#11194 = DIRECTION('',(0.,0.,1.));
#11195 = ORIENTED_EDGE('',*,*,#11196,.T.);
#11196 = EDGE_CURVE('',#11189,#11197,#11199,.T.);
#11197 = VERTEX_POINT('',#11198);
#11198 = CARTESIAN_POINT('',(1.75,-0.4,3.));
#11199 = LINE('',#11200,#11201);
#11200 = CARTESIAN_POINT('',(1.75,0.4,3.));
#11201 = VECTOR('',#11202,1.);
#11202 = DIRECTION('',(0.,-1.,0.));
#11203 = ORIENTED_EDGE('',*,*,#11204,.F.);
#11204 = EDGE_CURVE('',#11205,#11197,#11207,.T.);
#11205 = VERTEX_POINT('',#11206);
#11206 = CARTESIAN_POINT('',(1.75,-0.4,0.));
#11207 = LINE('',#11208,#11209);
#11208 = CARTESIAN_POINT('',(1.75,-0.4,0.));
#11209 = VECTOR('',#11210,1.);
#11210 = DIRECTION('',(0.,0.,1.));
#11211 = ORIENTED_EDGE('',*,*,#11212,.F.);
#11212 = EDGE_CURVE('',#11187,#11205,#11213,.T.);
#11213 = LINE('',#11214,#11215);
#11214 = CARTESIAN_POINT('',(1.75,0.4,0.));
#11215 = VECTOR('',#11216,1.);
#11216 = DIRECTION('',(0.,-1.,0.));
#11217 = PLANE('',#11218);
#11218 = AXIS2_PLACEMENT_3D('',#11219,#11220,#11221);
#11219 = CARTESIAN_POINT('',(1.75,0.4,0.));
#11220 = DIRECTION('',(1.,0.,0.));
#11221 = DIRECTION('',(0.,-1.,0.));
#11222 = ADVANCED_FACE('',(#11223),#11248,.T.);
#11223 = FACE_BOUND('',#11224,.T.);
#11224 = EDGE_LOOP('',(#11225,#11235,#11241,#11242));
#11225 = ORIENTED_EDGE('',*,*,#11226,.F.);
#11226 = EDGE_CURVE('',#11227,#11229,#11231,.T.);
#11227 = VERTEX_POINT('',#11228);
#11228 = CARTESIAN_POINT('',(0.4,0.4,0.));
#11229 = VERTEX_POINT('',#11230);
#11230 = CARTESIAN_POINT('',(0.4,-0.4,0.));
#11231 = LINE('',#11232,#11233);
#11232 = CARTESIAN_POINT('',(0.4,0.4,0.));
#11233 = VECTOR('',#11234,1.);
#11234 = DIRECTION('',(-2.8E-16,-1.,0.));
#11235 = ORIENTED_EDGE('',*,*,#11236,.T.);
#11236 = EDGE_CURVE('',#11227,#11187,#11237,.T.);
#11237 = LINE('',#11238,#11239);
#11238 = CARTESIAN_POINT('',(-1.75,0.4,0.));
#11239 = VECTOR('',#11240,1.);
#11240 = DIRECTION('',(1.,0.,0.));
#11241 = ORIENTED_EDGE('',*,*,#11212,.T.);
#11242 = ORIENTED_EDGE('',*,*,#11243,.T.);
#11243 = EDGE_CURVE('',#11205,#11229,#11244,.T.);
#11244 = LINE('',#11245,#11246);
#11245 = CARTESIAN_POINT('',(1.75,-0.4,0.));
#11246 = VECTOR('',#11247,1.);
#11247 = DIRECTION('',(-1.,0.,0.));
#11248 = PLANE('',#11249);
#11249 = AXIS2_PLACEMENT_3D('',#11250,#11251,#11252);
#11250 = CARTESIAN_POINT('',(3.E-17,-3.E-17,0.));
#11251 = DIRECTION('',(-0.,-0.,-1.));
#11252 = DIRECTION('',(-1.,0.,0.));
#11253 = ADVANCED_FACE('',(#11254),#11279,.F.);
#11254 = FACE_BOUND('',#11255,.F.);
#11255 = EDGE_LOOP('',(#11256,#11264,#11265,#11273));
#11256 = ORIENTED_EDGE('',*,*,#11257,.T.);
#11257 = EDGE_CURVE('',#11258,#11189,#11260,.T.);
#11258 = VERTEX_POINT('',#11259);
#11259 = CARTESIAN_POINT('',(-1.75,0.4,3.));
#11260 = LINE('',#11261,#11262);
#11261 = CARTESIAN_POINT('',(-1.75,0.4,3.));
#11262 = VECTOR('',#11263,1.);
#11263 = DIRECTION('',(1.,0.,0.));
#11264 = ORIENTED_EDGE('',*,*,#11196,.T.);
#11265 = ORIENTED_EDGE('',*,*,#11266,.T.);
#11266 = EDGE_CURVE('',#11197,#11267,#11269,.T.);
#11267 = VERTEX_POINT('',#11268);
#11268 = CARTESIAN_POINT('',(-1.75,-0.4,3.));
#11269 = LINE('',#11270,#11271);
#11270 = CARTESIAN_POINT('',(1.75,-0.4,3.));
#11271 = VECTOR('',#11272,1.);
#11272 = DIRECTION('',(-1.,0.,0.));
#11273 = ORIENTED_EDGE('',*,*,#11274,.T.);
#11274 = EDGE_CURVE('',#11267,#11258,#11275,.T.);
#11275 = LINE('',#11276,#11277);
#11276 = CARTESIAN_POINT('',(-1.75,-0.4,3.));
#11277 = VECTOR('',#11278,1.);
#11278 = DIRECTION('',(0.,1.,0.));
#11279 = PLANE('',#11280);
#11280 = AXIS2_PLACEMENT_3D('',#11281,#11282,#11283);
#11281 = CARTESIAN_POINT('',(3.E-17,-3.E-17,3.));
#11282 = DIRECTION('',(-0.,-0.,-1.));
#11283 = DIRECTION('',(-1.,0.,0.));
#11284 = ADVANCED_FACE('',(#11285),#11310,.T.);
#11285 = FACE_BOUND('',#11286,.T.);
#11286 = EDGE_LOOP('',(#11287,#11295,#11296,#11304));
#11287 = ORIENTED_EDGE('',*,*,#11288,.T.);
#11288 = EDGE_CURVE('',#11289,#11267,#11291,.T.);
#11289 = VERTEX_POINT('',#11290);
#11290 = CARTESIAN_POINT('',(-1.75,-0.4,0.));
#11291 = LINE('',#11292,#11293);
#11292 = CARTESIAN_POINT('',(-1.75,-0.4,0.));
#11293 = VECTOR('',#11294,1.);
#11294 = DIRECTION('',(0.,0.,1.));
#11295 = ORIENTED_EDGE('',*,*,#11274,.T.);
#11296 = ORIENTED_EDGE('',*,*,#11297,.F.);
#11297 = EDGE_CURVE('',#11298,#11258,#11300,.T.);
#11298 = VERTEX_POINT('',#11299);
#11299 = CARTESIAN_POINT('',(-1.75,0.4,0.));
#11300 = LINE('',#11301,#11302);
#11301 = CARTESIAN_POINT('',(-1.75,0.4,0.));
#11302 = VECTOR('',#11303,1.);
#11303 = DIRECTION('',(0.,0.,1.));
#11304 = ORIENTED_EDGE('',*,*,#11305,.F.);
#11305 = EDGE_CURVE('',#11289,#11298,#11306,.T.);
#11306 = LINE('',#11307,#11308);
#11307 = CARTESIAN_POINT('',(-1.75,-0.4,0.));
#11308 = VECTOR('',#11309,1.);
#11309 = DIRECTION('',(0.,1.,0.));
#11310 = PLANE('',#11311);
#11311 = AXIS2_PLACEMENT_3D('',#11312,#11313,#11314);
#11312 = CARTESIAN_POINT('',(-1.75,-0.4,0.));
#11313 = DIRECTION('',(-1.,0.,0.));
#11314 = DIRECTION('',(0.,1.,0.));
#11315 = ADVANCED_FACE('',(#11316),#11341,.T.);
#11316 = FACE_BOUND('',#11317,.T.);
#11317 = EDGE_LOOP('',(#11318,#11319,#11327,#11335));
#11318 = ORIENTED_EDGE('',*,*,#11305,.T.);
#11319 = ORIENTED_EDGE('',*,*,#11320,.T.);
#11320 = EDGE_CURVE('',#11298,#11321,#11323,.T.);
#11321 = VERTEX_POINT('',#11322);
#11322 = CARTESIAN_POINT('',(-0.4,0.4,0.));
#11323 = LINE('',#11324,#11325);
#11324 = CARTESIAN_POINT('',(-1.75,0.4,0.));
#11325 = VECTOR('',#11326,1.);
#11326 = DIRECTION('',(1.,0.,0.));
#11327 = ORIENTED_EDGE('',*,*,#11328,.F.);
#11328 = EDGE_CURVE('',#11329,#11321,#11331,.T.);
#11329 = VERTEX_POINT('',#11330);
#11330 = CARTESIAN_POINT('',(-0.4,-0.4,0.));
#11331 = LINE('',#11332,#11333);
#11332 = CARTESIAN_POINT('',(-0.4,-0.4,0.));
#11333 = VECTOR('',#11334,1.);
#11334 = DIRECTION('',(0.,1.,0.));
#11335 = ORIENTED_EDGE('',*,*,#11336,.T.);
#11336 = EDGE_CURVE('',#11329,#11289,#11337,.T.);
#11337 = LINE('',#11338,#11339);
#11338 = CARTESIAN_POINT('',(1.75,-0.4,0.));
#11339 = VECTOR('',#11340,1.);
#11340 = DIRECTION('',(-1.,0.,0.));
#11341 = PLANE('',#11342);
#11342 = AXIS2_PLACEMENT_3D('',#11343,#11344,#11345);
#11343 = CARTESIAN_POINT('',(3.E-17,-3.E-17,0.));
#11344 = DIRECTION('',(-0.,-0.,-1.));
#11345 = DIRECTION('',(-1.,0.,0.));
#11346 = ADVANCED_FACE('',(#11347),#11372,.F.);
#11347 = FACE_BOUND('',#11348,.F.);
#11348 = EDGE_LOOP('',(#11349,#11357,#11365,#11371));
#11349 = ORIENTED_EDGE('',*,*,#11350,.T.);
#11350 = EDGE_CURVE('',#11329,#11351,#11353,.T.);
#11351 = VERTEX_POINT('',#11352);
#11352 = CARTESIAN_POINT('',(-0.4,-0.4,-5.5));
#11353 = LINE('',#11354,#11355);
#11354 = CARTESIAN_POINT('',(-0.4,-0.4,0.));
#11355 = VECTOR('',#11356,1.);
#11356 = DIRECTION('',(-0.,-0.,-1.));
#11357 = ORIENTED_EDGE('',*,*,#11358,.T.);
#11358 = EDGE_CURVE('',#11351,#11359,#11361,.T.);
#11359 = VERTEX_POINT('',#11360);
#11360 = CARTESIAN_POINT('',(-0.4,0.4,-5.5));
#11361 = LINE('',#11362,#11363);
#11362 = CARTESIAN_POINT('',(-0.4,-0.4,-5.5));
#11363 = VECTOR('',#11364,1.);
#11364 = DIRECTION('',(0.,1.,0.));
#11365 = ORIENTED_EDGE('',*,*,#11366,.F.);
#11366 = EDGE_CURVE('',#11321,#11359,#11367,.T.);
#11367 = LINE('',#11368,#11369);
#11368 = CARTESIAN_POINT('',(-0.4,0.4,0.));
#11369 = VECTOR('',#11370,1.);
#11370 = DIRECTION('',(-0.,-0.,-1.));
#11371 = ORIENTED_EDGE('',*,*,#11328,.F.);
#11372 = PLANE('',#11373);
#11373 = AXIS2_PLACEMENT_3D('',#11374,#11375,#11376);
#11374 = CARTESIAN_POINT('',(-0.4,-0.4,0.));
#11375 = DIRECTION('',(1.,0.,0.));
#11376 = DIRECTION('',(0.,1.,0.));
#11377 = ADVANCED_FACE('',(#11378),#11403,.F.);
#11378 = FACE_BOUND('',#11379,.F.);
#11379 = EDGE_LOOP('',(#11380,#11388,#11396,#11402));
#11380 = ORIENTED_EDGE('',*,*,#11381,.T.);
#11381 = EDGE_CURVE('',#11227,#11382,#11384,.T.);
#11382 = VERTEX_POINT('',#11383);
#11383 = CARTESIAN_POINT('',(0.4,0.4,-5.5));
#11384 = LINE('',#11385,#11386);
#11385 = CARTESIAN_POINT('',(0.4,0.4,0.));
#11386 = VECTOR('',#11387,1.);
#11387 = DIRECTION('',(-0.,-0.,-1.));
#11388 = ORIENTED_EDGE('',*,*,#11389,.T.);
#11389 = EDGE_CURVE('',#11382,#11390,#11392,.T.);
#11390 = VERTEX_POINT('',#11391);
#11391 = CARTESIAN_POINT('',(0.4,-0.4,-5.5));
#11392 = LINE('',#11393,#11394);
#11393 = CARTESIAN_POINT('',(0.4,0.4,-5.5));
#11394 = VECTOR('',#11395,1.);
#11395 = DIRECTION('',(-2.8E-16,-1.,0.));
#11396 = ORIENTED_EDGE('',*,*,#11397,.F.);
#11397 = EDGE_CURVE('',#11229,#11390,#11398,.T.);
#11398 = LINE('',#11399,#11400);
#11399 = CARTESIAN_POINT('',(0.4,-0.4,0.));
#11400 = VECTOR('',#11401,1.);
#11401 = DIRECTION('',(-0.,-0.,-1.));
#11402 = ORIENTED_EDGE('',*,*,#11226,.F.);
#11403 = PLANE('',#11404);
#11404 = AXIS2_PLACEMENT_3D('',#11405,#11406,#11407);
#11405 = CARTESIAN_POINT('',(0.4,0.4,0.));
#11406 = DIRECTION('',(-1.,2.8E-16,0.));
#11407 = DIRECTION('',(-2.8E-16,-1.,0.));
#11408 = ADVANCED_FACE('',(#11409),#11425,.T.);
#11409 = FACE_BOUND('',#11410,.T.);
#11410 = EDGE_LOOP('',(#11411,#11417,#11418,#11424));
#11411 = ORIENTED_EDGE('',*,*,#11412,.T.);
#11412 = EDGE_CURVE('',#11359,#11382,#11413,.T.);
#11413 = LINE('',#11414,#11415);
#11414 = CARTESIAN_POINT('',(-0.4,0.4,-5.5));
#11415 = VECTOR('',#11416,1.);
#11416 = DIRECTION('',(1.,0.,0.));
#11417 = ORIENTED_EDGE('',*,*,#11389,.T.);
#11418 = ORIENTED_EDGE('',*,*,#11419,.T.);
#11419 = EDGE_CURVE('',#11390,#11351,#11420,.T.);
#11420 = LINE('',#11421,#11422);
#11421 = CARTESIAN_POINT('',(0.4,-0.4,-5.5));
#11422 = VECTOR('',#11423,1.);
#11423 = DIRECTION('',(-1.,0.,0.));
#11424 = ORIENTED_EDGE('',*,*,#11358,.T.);
#11425 = PLANE('',#11426);
#11426 = AXIS2_PLACEMENT_3D('',#11427,#11428,#11429);
#11427 = CARTESIAN_POINT('',(-5.E-17,2.E-17,-5.5));
#11428 = DIRECTION('',(-0.,-0.,-1.));
#11429 = DIRECTION('',(-1.,0.,0.));
#11430 = ADVANCED_FACE('',(#11431),#11441,.T.);
#11431 = FACE_BOUND('',#11432,.T.);
#11432 = EDGE_LOOP('',(#11433,#11434,#11435,#11436,#11437,#11438,#11439,
    #11440));
#11433 = ORIENTED_EDGE('',*,*,#11297,.T.);
#11434 = ORIENTED_EDGE('',*,*,#11257,.T.);
#11435 = ORIENTED_EDGE('',*,*,#11186,.F.);
#11436 = ORIENTED_EDGE('',*,*,#11236,.F.);
#11437 = ORIENTED_EDGE('',*,*,#11381,.T.);
#11438 = ORIENTED_EDGE('',*,*,#11412,.F.);
#11439 = ORIENTED_EDGE('',*,*,#11366,.F.);
#11440 = ORIENTED_EDGE('',*,*,#11320,.F.);
#11441 = PLANE('',#11442);
#11442 = AXIS2_PLACEMENT_3D('',#11443,#11444,#11445);
#11443 = CARTESIAN_POINT('',(1.E-17,0.4,-0.63125));
#11444 = DIRECTION('',(0.,1.,0.));
#11445 = DIRECTION('',(1.,0.,0.));
#11446 = ADVANCED_FACE('',(#11447),#11457,.T.);
#11447 = FACE_BOUND('',#11448,.T.);
#11448 = EDGE_LOOP('',(#11449,#11450,#11451,#11452,#11453,#11454,#11455,
    #11456));
#11449 = ORIENTED_EDGE('',*,*,#11204,.T.);
#11450 = ORIENTED_EDGE('',*,*,#11266,.T.);
#11451 = ORIENTED_EDGE('',*,*,#11288,.F.);
#11452 = ORIENTED_EDGE('',*,*,#11336,.F.);
#11453 = ORIENTED_EDGE('',*,*,#11350,.T.);
#11454 = ORIENTED_EDGE('',*,*,#11419,.F.);
#11455 = ORIENTED_EDGE('',*,*,#11397,.F.);
#11456 = ORIENTED_EDGE('',*,*,#11243,.F.);
#11457 = PLANE('',#11458);
#11458 = AXIS2_PLACEMENT_3D('',#11459,#11460,#11461);
#11459 = CARTESIAN_POINT('',(-1.E-17,-0.4,-0.63125));
#11460 = DIRECTION('',(0.,-1.,0.));
#11461 = DIRECTION('',(-1.,0.,0.));
#11462 = ( GEOMETRIC_REPRESENTATION_CONTEXT(3) 
GLOBAL_UNCERTAINTY_ASSIGNED_CONTEXT((#11466)) 
GLOBAL_UNIT_ASSIGNED_CONTEXT((#11463,#11464,#11465)) 
REPRESENTATION_CONTEXT('Context #1',
  '3D Context with UNIT and UNCERTAINTY') );
#11463 = ( LENGTH_UNIT() NAMED_UNIT(*) SI_UNIT(.MILLI.,.METRE.) );
#11464 = ( NAMED_UNIT(*) PLANE_ANGLE_UNIT() SI_UNIT($,.RADIAN.) );
#11465 = ( NAMED_UNIT(*) SI_UNIT($,.STERADIAN.) SOLID_ANGLE_UNIT() );
#11466 = UNCERTAINTY_MEASURE_WITH_UNIT(LENGTH_MEASURE(1.E-07),#11463,
  'distance_accuracy_value','confusion accuracy');
#11467 = SHAPE_DEFINITION_REPRESENTATION(#11468,#11179);
#11468 = PRODUCT_DEFINITION_SHAPE('','',#11469);
#11469 = PRODUCT_DEFINITION('design','',#11470,#11473);
#11470 = PRODUCT_DEFINITION_FORMATION('','',#11471);
#11471 = PRODUCT('Pin5','Pin5','',(#11472));
#11472 = PRODUCT_CONTEXT('',#2,'mechanical');
#11473 = PRODUCT_DEFINITION_CONTEXT('part definition',#2,'design');
#11474 = CONTEXT_DEPENDENT_SHAPE_REPRESENTATION(#11475,#11477);
#11475 = ( REPRESENTATION_RELATIONSHIP('','',#11179,#10) 
REPRESENTATION_RELATIONSHIP_WITH_TRANSFORMATION(#11476) 
SHAPE_REPRESENTATION_RELATIONSHIP() );
#11476 = ITEM_DEFINED_TRANSFORMATION('','',#11,#43);
#11477 = PRODUCT_DEFINITION_SHAPE('Placement','Placement of an item',
  #11478);
#11478 = NEXT_ASSEMBLY_USAGE_OCCURRENCE('8','Pin5','',#5,#11469,$);
#11479 = PRODUCT_RELATED_PRODUCT_CATEGORY('part',$,(#11471));
#11480 = ADVANCED_BREP_SHAPE_REPRESENTATION('',(#11,#11481),#11763);
#11481 = MANIFOLD_SOLID_BREP('',#11482);
#11482 = CLOSED_SHELL('',(#11483,#11523,#11554,#11585,#11616,#11647,
    #11678,#11709,#11731,#11747));
#11483 = ADVANCED_FACE('',(#11484),#11518,.T.);
#11484 = FACE_BOUND('',#11485,.T.);
#11485 = EDGE_LOOP('',(#11486,#11496,#11504,#11512));
#11486 = ORIENTED_EDGE('',*,*,#11487,.T.);
#11487 = EDGE_CURVE('',#11488,#11490,#11492,.T.);
#11488 = VERTEX_POINT('',#11489);
#11489 = CARTESIAN_POINT('',(1.75,0.4,0.));
#11490 = VERTEX_POINT('',#11491);
#11491 = CARTESIAN_POINT('',(1.75,0.4,3.));
#11492 = LINE('',#11493,#11494);
#11493 = CARTESIAN_POINT('',(1.75,0.4,0.));
#11494 = VECTOR('',#11495,1.);
#11495 = DIRECTION('',(0.,0.,1.));
#11496 = ORIENTED_EDGE('',*,*,#11497,.T.);
#11497 = EDGE_CURVE('',#11490,#11498,#11500,.T.);
#11498 = VERTEX_POINT('',#11499);
#11499 = CARTESIAN_POINT('',(1.75,-0.4,3.));
#11500 = LINE('',#11501,#11502);
#11501 = CARTESIAN_POINT('',(1.75,0.4,3.));
#11502 = VECTOR('',#11503,1.);
#11503 = DIRECTION('',(0.,-1.,0.));
#11504 = ORIENTED_EDGE('',*,*,#11505,.F.);
#11505 = EDGE_CURVE('',#11506,#11498,#11508,.T.);
#11506 = VERTEX_POINT('',#11507);
#11507 = CARTESIAN_POINT('',(1.75,-0.4,0.));
#11508 = LINE('',#11509,#11510);
#11509 = CARTESIAN_POINT('',(1.75,-0.4,0.));
#11510 = VECTOR('',#11511,1.);
#11511 = DIRECTION('',(0.,0.,1.));
#11512 = ORIENTED_EDGE('',*,*,#11513,.F.);
#11513 = EDGE_CURVE('',#11488,#11506,#11514,.T.);
#11514 = LINE('',#11515,#11516);
#11515 = CARTESIAN_POINT('',(1.75,0.4,0.));
#11516 = VECTOR('',#11517,1.);
#11517 = DIRECTION('',(0.,-1.,0.));
#11518 = PLANE('',#11519);
#11519 = AXIS2_PLACEMENT_3D('',#11520,#11521,#11522);
#11520 = CARTESIAN_POINT('',(1.75,0.4,0.));
#11521 = DIRECTION('',(1.,0.,0.));
#11522 = DIRECTION('',(0.,-1.,0.));
#11523 = ADVANCED_FACE('',(#11524),#11549,.T.);
#11524 = FACE_BOUND('',#11525,.T.);
#11525 = EDGE_LOOP('',(#11526,#11536,#11542,#11543));
#11526 = ORIENTED_EDGE('',*,*,#11527,.F.);
#11527 = EDGE_CURVE('',#11528,#11530,#11532,.T.);
#11528 = VERTEX_POINT('',#11529);
#11529 = CARTESIAN_POINT('',(0.4,0.4,0.));
#11530 = VERTEX_POINT('',#11531);
#11531 = CARTESIAN_POINT('',(0.4,-0.4,0.));
#11532 = LINE('',#11533,#11534);
#11533 = CARTESIAN_POINT('',(0.4,0.4,0.));
#11534 = VECTOR('',#11535,1.);
#11535 = DIRECTION('',(-2.8E-16,-1.,0.));
#11536 = ORIENTED_EDGE('',*,*,#11537,.T.);
#11537 = EDGE_CURVE('',#11528,#11488,#11538,.T.);
#11538 = LINE('',#11539,#11540);
#11539 = CARTESIAN_POINT('',(-1.75,0.4,0.));
#11540 = VECTOR('',#11541,1.);
#11541 = DIRECTION('',(1.,0.,0.));
#11542 = ORIENTED_EDGE('',*,*,#11513,.T.);
#11543 = ORIENTED_EDGE('',*,*,#11544,.T.);
#11544 = EDGE_CURVE('',#11506,#11530,#11545,.T.);
#11545 = LINE('',#11546,#11547);
#11546 = CARTESIAN_POINT('',(1.75,-0.4,0.));
#11547 = VECTOR('',#11548,1.);
#11548 = DIRECTION('',(-1.,0.,0.));
#11549 = PLANE('',#11550);
#11550 = AXIS2_PLACEMENT_3D('',#11551,#11552,#11553);
#11551 = CARTESIAN_POINT('',(3.E-17,-3.E-17,0.));
#11552 = DIRECTION('',(-0.,-0.,-1.));
#11553 = DIRECTION('',(-1.,0.,0.));
#11554 = ADVANCED_FACE('',(#11555),#11580,.F.);
#11555 = FACE_BOUND('',#11556,.F.);
#11556 = EDGE_LOOP('',(#11557,#11565,#11566,#11574));
#11557 = ORIENTED_EDGE('',*,*,#11558,.T.);
#11558 = EDGE_CURVE('',#11559,#11490,#11561,.T.);
#11559 = VERTEX_POINT('',#11560);
#11560 = CARTESIAN_POINT('',(-1.75,0.4,3.));
#11561 = LINE('',#11562,#11563);
#11562 = CARTESIAN_POINT('',(-1.75,0.4,3.));
#11563 = VECTOR('',#11564,1.);
#11564 = DIRECTION('',(1.,0.,0.));
#11565 = ORIENTED_EDGE('',*,*,#11497,.T.);
#11566 = ORIENTED_EDGE('',*,*,#11567,.T.);
#11567 = EDGE_CURVE('',#11498,#11568,#11570,.T.);
#11568 = VERTEX_POINT('',#11569);
#11569 = CARTESIAN_POINT('',(-1.75,-0.4,3.));
#11570 = LINE('',#11571,#11572);
#11571 = CARTESIAN_POINT('',(1.75,-0.4,3.));
#11572 = VECTOR('',#11573,1.);
#11573 = DIRECTION('',(-1.,0.,0.));
#11574 = ORIENTED_EDGE('',*,*,#11575,.T.);
#11575 = EDGE_CURVE('',#11568,#11559,#11576,.T.);
#11576 = LINE('',#11577,#11578);
#11577 = CARTESIAN_POINT('',(-1.75,-0.4,3.));
#11578 = VECTOR('',#11579,1.);
#11579 = DIRECTION('',(0.,1.,0.));
#11580 = PLANE('',#11581);
#11581 = AXIS2_PLACEMENT_3D('',#11582,#11583,#11584);
#11582 = CARTESIAN_POINT('',(3.E-17,-3.E-17,3.));
#11583 = DIRECTION('',(-0.,-0.,-1.));
#11584 = DIRECTION('',(-1.,0.,0.));
#11585 = ADVANCED_FACE('',(#11586),#11611,.T.);
#11586 = FACE_BOUND('',#11587,.T.);
#11587 = EDGE_LOOP('',(#11588,#11596,#11597,#11605));
#11588 = ORIENTED_EDGE('',*,*,#11589,.T.);
#11589 = EDGE_CURVE('',#11590,#11568,#11592,.T.);
#11590 = VERTEX_POINT('',#11591);
#11591 = CARTESIAN_POINT('',(-1.75,-0.4,0.));
#11592 = LINE('',#11593,#11594);
#11593 = CARTESIAN_POINT('',(-1.75,-0.4,0.));
#11594 = VECTOR('',#11595,1.);
#11595 = DIRECTION('',(0.,0.,1.));
#11596 = ORIENTED_EDGE('',*,*,#11575,.T.);
#11597 = ORIENTED_EDGE('',*,*,#11598,.F.);
#11598 = EDGE_CURVE('',#11599,#11559,#11601,.T.);
#11599 = VERTEX_POINT('',#11600);
#11600 = CARTESIAN_POINT('',(-1.75,0.4,0.));
#11601 = LINE('',#11602,#11603);
#11602 = CARTESIAN_POINT('',(-1.75,0.4,0.));
#11603 = VECTOR('',#11604,1.);
#11604 = DIRECTION('',(0.,0.,1.));
#11605 = ORIENTED_EDGE('',*,*,#11606,.F.);
#11606 = EDGE_CURVE('',#11590,#11599,#11607,.T.);
#11607 = LINE('',#11608,#11609);
#11608 = CARTESIAN_POINT('',(-1.75,-0.4,0.));
#11609 = VECTOR('',#11610,1.);
#11610 = DIRECTION('',(0.,1.,0.));
#11611 = PLANE('',#11612);
#11612 = AXIS2_PLACEMENT_3D('',#11613,#11614,#11615);
#11613 = CARTESIAN_POINT('',(-1.75,-0.4,0.));
#11614 = DIRECTION('',(-1.,0.,0.));
#11615 = DIRECTION('',(0.,1.,0.));
#11616 = ADVANCED_FACE('',(#11617),#11642,.T.);
#11617 = FACE_BOUND('',#11618,.T.);
#11618 = EDGE_LOOP('',(#11619,#11620,#11628,#11636));
#11619 = ORIENTED_EDGE('',*,*,#11606,.T.);
#11620 = ORIENTED_EDGE('',*,*,#11621,.T.);
#11621 = EDGE_CURVE('',#11599,#11622,#11624,.T.);
#11622 = VERTEX_POINT('',#11623);
#11623 = CARTESIAN_POINT('',(-0.4,0.4,0.));
#11624 = LINE('',#11625,#11626);
#11625 = CARTESIAN_POINT('',(-1.75,0.4,0.));
#11626 = VECTOR('',#11627,1.);
#11627 = DIRECTION('',(1.,0.,0.));
#11628 = ORIENTED_EDGE('',*,*,#11629,.F.);
#11629 = EDGE_CURVE('',#11630,#11622,#11632,.T.);
#11630 = VERTEX_POINT('',#11631);
#11631 = CARTESIAN_POINT('',(-0.4,-0.4,0.));
#11632 = LINE('',#11633,#11634);
#11633 = CARTESIAN_POINT('',(-0.4,-0.4,0.));
#11634 = VECTOR('',#11635,1.);
#11635 = DIRECTION('',(0.,1.,0.));
#11636 = ORIENTED_EDGE('',*,*,#11637,.T.);
#11637 = EDGE_CURVE('',#11630,#11590,#11638,.T.);
#11638 = LINE('',#11639,#11640);
#11639 = CARTESIAN_POINT('',(1.75,-0.4,0.));
#11640 = VECTOR('',#11641,1.);
#11641 = DIRECTION('',(-1.,0.,0.));
#11642 = PLANE('',#11643);
#11643 = AXIS2_PLACEMENT_3D('',#11644,#11645,#11646);
#11644 = CARTESIAN_POINT('',(3.E-17,-3.E-17,0.));
#11645 = DIRECTION('',(-0.,-0.,-1.));
#11646 = DIRECTION('',(-1.,0.,0.));
#11647 = ADVANCED_FACE('',(#11648),#11673,.F.);
#11648 = FACE_BOUND('',#11649,.F.);
#11649 = EDGE_LOOP('',(#11650,#11658,#11666,#11672));
#11650 = ORIENTED_EDGE('',*,*,#11651,.T.);
#11651 = EDGE_CURVE('',#11630,#11652,#11654,.T.);
#11652 = VERTEX_POINT('',#11653);
#11653 = CARTESIAN_POINT('',(-0.4,-0.4,-5.5));
#11654 = LINE('',#11655,#11656);
#11655 = CARTESIAN_POINT('',(-0.4,-0.4,0.));
#11656 = VECTOR('',#11657,1.);
#11657 = DIRECTION('',(-0.,-0.,-1.));
#11658 = ORIENTED_EDGE('',*,*,#11659,.T.);
#11659 = EDGE_CURVE('',#11652,#11660,#11662,.T.);
#11660 = VERTEX_POINT('',#11661);
#11661 = CARTESIAN_POINT('',(-0.4,0.4,-5.5));
#11662 = LINE('',#11663,#11664);
#11663 = CARTESIAN_POINT('',(-0.4,-0.4,-5.5));
#11664 = VECTOR('',#11665,1.);
#11665 = DIRECTION('',(0.,1.,0.));
#11666 = ORIENTED_EDGE('',*,*,#11667,.F.);
#11667 = EDGE_CURVE('',#11622,#11660,#11668,.T.);
#11668 = LINE('',#11669,#11670);
#11669 = CARTESIAN_POINT('',(-0.4,0.4,0.));
#11670 = VECTOR('',#11671,1.);
#11671 = DIRECTION('',(-0.,-0.,-1.));
#11672 = ORIENTED_EDGE('',*,*,#11629,.F.);
#11673 = PLANE('',#11674);
#11674 = AXIS2_PLACEMENT_3D('',#11675,#11676,#11677);
#11675 = CARTESIAN_POINT('',(-0.4,-0.4,0.));
#11676 = DIRECTION('',(1.,0.,0.));
#11677 = DIRECTION('',(-0.,1.,0.));
#11678 = ADVANCED_FACE('',(#11679),#11704,.F.);
#11679 = FACE_BOUND('',#11680,.F.);
#11680 = EDGE_LOOP('',(#11681,#11689,#11697,#11703));
#11681 = ORIENTED_EDGE('',*,*,#11682,.T.);
#11682 = EDGE_CURVE('',#11528,#11683,#11685,.T.);
#11683 = VERTEX_POINT('',#11684);
#11684 = CARTESIAN_POINT('',(0.4,0.4,-5.5));
#11685 = LINE('',#11686,#11687);
#11686 = CARTESIAN_POINT('',(0.4,0.4,0.));
#11687 = VECTOR('',#11688,1.);
#11688 = DIRECTION('',(-0.,-0.,-1.));
#11689 = ORIENTED_EDGE('',*,*,#11690,.T.);
#11690 = EDGE_CURVE('',#11683,#11691,#11693,.T.);
#11691 = VERTEX_POINT('',#11692);
#11692 = CARTESIAN_POINT('',(0.4,-0.4,-5.5));
#11693 = LINE('',#11694,#11695);
#11694 = CARTESIAN_POINT('',(0.4,0.4,-5.5));
#11695 = VECTOR('',#11696,1.);
#11696 = DIRECTION('',(-2.8E-16,-1.,0.));
#11697 = ORIENTED_EDGE('',*,*,#11698,.F.);
#11698 = EDGE_CURVE('',#11530,#11691,#11699,.T.);
#11699 = LINE('',#11700,#11701);
#11700 = CARTESIAN_POINT('',(0.4,-0.4,0.));
#11701 = VECTOR('',#11702,1.);
#11702 = DIRECTION('',(-0.,-0.,-1.));
#11703 = ORIENTED_EDGE('',*,*,#11527,.F.);
#11704 = PLANE('',#11705);
#11705 = AXIS2_PLACEMENT_3D('',#11706,#11707,#11708);
#11706 = CARTESIAN_POINT('',(0.4,0.4,0.));
#11707 = DIRECTION('',(-1.,2.8E-16,0.));
#11708 = DIRECTION('',(-2.8E-16,-1.,0.));
#11709 = ADVANCED_FACE('',(#11710),#11726,.T.);
#11710 = FACE_BOUND('',#11711,.T.);
#11711 = EDGE_LOOP('',(#11712,#11718,#11719,#11725));
#11712 = ORIENTED_EDGE('',*,*,#11713,.T.);
#11713 = EDGE_CURVE('',#11660,#11683,#11714,.T.);
#11714 = LINE('',#11715,#11716);
#11715 = CARTESIAN_POINT('',(-0.4,0.4,-5.5));
#11716 = VECTOR('',#11717,1.);
#11717 = DIRECTION('',(1.,0.,0.));
#11718 = ORIENTED_EDGE('',*,*,#11690,.T.);
#11719 = ORIENTED_EDGE('',*,*,#11720,.T.);
#11720 = EDGE_CURVE('',#11691,#11652,#11721,.T.);
#11721 = LINE('',#11722,#11723);
#11722 = CARTESIAN_POINT('',(0.4,-0.4,-5.5));
#11723 = VECTOR('',#11724,1.);
#11724 = DIRECTION('',(-1.,0.,0.));
#11725 = ORIENTED_EDGE('',*,*,#11659,.T.);
#11726 = PLANE('',#11727);
#11727 = AXIS2_PLACEMENT_3D('',#11728,#11729,#11730);
#11728 = CARTESIAN_POINT('',(-5.E-17,2.E-17,-5.5));
#11729 = DIRECTION('',(-0.,-0.,-1.));
#11730 = DIRECTION('',(-1.,0.,0.));
#11731 = ADVANCED_FACE('',(#11732),#11742,.T.);
#11732 = FACE_BOUND('',#11733,.T.);
#11733 = EDGE_LOOP('',(#11734,#11735,#11736,#11737,#11738,#11739,#11740,
    #11741));
#11734 = ORIENTED_EDGE('',*,*,#11598,.T.);
#11735 = ORIENTED_EDGE('',*,*,#11558,.T.);
#11736 = ORIENTED_EDGE('',*,*,#11487,.F.);
#11737 = ORIENTED_EDGE('',*,*,#11537,.F.);
#11738 = ORIENTED_EDGE('',*,*,#11682,.T.);
#11739 = ORIENTED_EDGE('',*,*,#11713,.F.);
#11740 = ORIENTED_EDGE('',*,*,#11667,.F.);
#11741 = ORIENTED_EDGE('',*,*,#11621,.F.);
#11742 = PLANE('',#11743);
#11743 = AXIS2_PLACEMENT_3D('',#11744,#11745,#11746);
#11744 = CARTESIAN_POINT('',(1.E-17,0.4,-0.63125));
#11745 = DIRECTION('',(0.,1.,0.));
#11746 = DIRECTION('',(1.,-0.,0.));
#11747 = ADVANCED_FACE('',(#11748),#11758,.T.);
#11748 = FACE_BOUND('',#11749,.T.);
#11749 = EDGE_LOOP('',(#11750,#11751,#11752,#11753,#11754,#11755,#11756,
    #11757));
#11750 = ORIENTED_EDGE('',*,*,#11505,.T.);
#11751 = ORIENTED_EDGE('',*,*,#11567,.T.);
#11752 = ORIENTED_EDGE('',*,*,#11589,.F.);
#11753 = ORIENTED_EDGE('',*,*,#11637,.F.);
#11754 = ORIENTED_EDGE('',*,*,#11651,.T.);
#11755 = ORIENTED_EDGE('',*,*,#11720,.F.);
#11756 = ORIENTED_EDGE('',*,*,#11698,.F.);
#11757 = ORIENTED_EDGE('',*,*,#11544,.F.);
#11758 = PLANE('',#11759);
#11759 = AXIS2_PLACEMENT_3D('',#11760,#11761,#11762);
#11760 = CARTESIAN_POINT('',(-1.E-17,-0.4,-0.63125));
#11761 = DIRECTION('',(-0.,-1.,0.));
#11762 = DIRECTION('',(-1.,0.,0.));
#11763 = ( GEOMETRIC_REPRESENTATION_CONTEXT(3) 
GLOBAL_UNCERTAINTY_ASSIGNED_CONTEXT((#11767)) 
GLOBAL_UNIT_ASSIGNED_CONTEXT((#11764,#11765,#11766)) 
REPRESENTATION_CONTEXT('Context #1',
  '3D Context with UNIT and UNCERTAINTY') );
#11764 = ( LENGTH_UNIT() NAMED_UNIT(*) SI_UNIT(.MILLI.,.METRE.) );
#11765 = ( NAMED_UNIT(*) PLANE_ANGLE_UNIT() SI_UNIT($,.RADIAN.) );
#11766 = ( NAMED_UNIT(*) SI_UNIT($,.STERADIAN.) SOLID_ANGLE_UNIT() );
#11767 = UNCERTAINTY_MEASURE_WITH_UNIT(LENGTH_MEASURE(1.E-07),#11764,
  'distance_accuracy_value','confusion accuracy');
#11768 = SHAPE_DEFINITION_REPRESENTATION(#11769,#11480);
#11769 = PRODUCT_DEFINITION_SHAPE('','',#11770);
#11770 = PRODUCT_DEFINITION('design','',#11771,#11774);
#11771 = PRODUCT_DEFINITION_FORMATION('','',#11772);
#11772 = PRODUCT('Pin6','Pin6','',(#11773));
#11773 = PRODUCT_CONTEXT('',#2,'mechanical');
#11774 = PRODUCT_DEFINITION_CONTEXT('part definition',#2,'design');
#11775 = CONTEXT_DEPENDENT_SHAPE_REPRESENTATION(#11776,#11778);
#11776 = ( REPRESENTATION_RELATIONSHIP('','',#11480,#10) 
REPRESENTATION_RELATIONSHIP_WITH_TRANSFORMATION(#11777) 
SHAPE_REPRESENTATION_RELATIONSHIP() );
#11777 = ITEM_DEFINED_TRANSFORMATION('','',#11,#47);
#11778 = PRODUCT_DEFINITION_SHAPE('Placement','Placement of an item',
  #11779);
#11779 = NEXT_ASSEMBLY_USAGE_OCCURRENCE('9','Pin6','',#5,#11770,$);
#11780 = PRODUCT_RELATED_PRODUCT_CATEGORY('part',$,(#11772));
#11781 = MECHANICAL_DESIGN_GEOMETRIC_PRESENTATION_REPRESENTATION('',(
    #11782),#3126);
#11782 = STYLED_ITEM('color',(#11783),#2844);
#11783 = PRESENTATION_STYLE_ASSIGNMENT((#11784,#11790));
#11784 = SURFACE_STYLE_USAGE(.BOTH.,#11785);
#11785 = SURFACE_SIDE_STYLE('',(#11786));
#11786 = SURFACE_STYLE_FILL_AREA(#11787);
#11787 = FILL_AREA_STYLE('',(#11788));
#11788 = FILL_AREA_STYLE_COLOUR('',#11789);
#11789 = COLOUR_RGB('',0.588235317929,0.588235317929,0.588235317929);
#11790 = CURVE_STYLE('',#11791,POSITIVE_LENGTH_MEASURE(0.1),#11792);
#11791 = DRAUGHTING_PRE_DEFINED_CURVE_FONT('continuous');
#11792 = COLOUR_RGB('',9.803921802644E-02,9.803921802644E-02,
  9.803921802644E-02);
#11793 = MECHANICAL_DESIGN_GEOMETRIC_PRESENTATION_REPRESENTATION('',(
    #11794),#10778);
#11794 = STYLED_ITEM('color',(#11795),#3446);
#11795 = PRESENTATION_STYLE_ASSIGNMENT((#11796,#11801));
#11796 = SURFACE_STYLE_USAGE(.BOTH.,#11797);
#11797 = SURFACE_SIDE_STYLE('',(#11798));
#11798 = SURFACE_STYLE_FILL_AREA(#11799);
#11799 = FILL_AREA_STYLE('',(#11800));
#11800 = FILL_AREA_STYLE_COLOUR('',#11789);
#11801 = CURVE_STYLE('',#11802,POSITIVE_LENGTH_MEASURE(0.1),#11792);
#11802 = DRAUGHTING_PRE_DEFINED_CURVE_FONT('continuous');
#11803 = MECHANICAL_DESIGN_GEOMETRIC_PRESENTATION_REPRESENTATION('',(
    #11804),#3427);
#11804 = STYLED_ITEM('color',(#11805),#3145);
#11805 = PRESENTATION_STYLE_ASSIGNMENT((#11806,#11811));
#11806 = SURFACE_STYLE_USAGE(.BOTH.,#11807);
#11807 = SURFACE_SIDE_STYLE('',(#11808));
#11808 = SURFACE_STYLE_FILL_AREA(#11809);
#11809 = FILL_AREA_STYLE('',(#11810));
#11810 = FILL_AREA_STYLE_COLOUR('',#11789);
#11811 = CURVE_STYLE('',#11812,POSITIVE_LENGTH_MEASURE(0.1),#11792);
#11812 = DRAUGHTING_PRE_DEFINED_CURVE_FONT('continuous');
#11813 = MECHANICAL_DESIGN_GEOMETRIC_PRESENTATION_REPRESENTATION('',(
    #11814),#11161);
#11814 = STYLED_ITEM('color',(#11815),#10879);
#11815 = PRESENTATION_STYLE_ASSIGNMENT((#11816,#11821));
#11816 = SURFACE_STYLE_USAGE(.BOTH.,#11817);
#11817 = SURFACE_SIDE_STYLE('',(#11818));
#11818 = SURFACE_STYLE_FILL_AREA(#11819);
#11819 = FILL_AREA_STYLE('',(#11820));
#11820 = FILL_AREA_STYLE_COLOUR('',#11789);
#11821 = CURVE_STYLE('',#11822,POSITIVE_LENGTH_MEASURE(0.1),#11792);
#11822 = DRAUGHTING_PRE_DEFINED_CURVE_FONT('continuous');
#11823 = MECHANICAL_DESIGN_GEOMETRIC_PRESENTATION_REPRESENTATION('',(
    #11824),#11462);
#11824 = STYLED_ITEM('color',(#11825),#11180);
#11825 = PRESENTATION_STYLE_ASSIGNMENT((#11826,#11831));
#11826 = SURFACE_STYLE_USAGE(.BOTH.,#11827);
#11827 = SURFACE_SIDE_STYLE('',(#11828));
#11828 = SURFACE_STYLE_FILL_AREA(#11829);
#11829 = FILL_AREA_STYLE('',(#11830));
#11830 = FILL_AREA_STYLE_COLOUR('',#11789);
#11831 = CURVE_STYLE('',#11832,POSITIVE_LENGTH_MEASURE(0.1),#11792);
#11832 = DRAUGHTING_PRE_DEFINED_CURVE_FONT('continuous');
#11833 = MECHANICAL_DESIGN_GEOMETRIC_PRESENTATION_REPRESENTATION('',(
    #11834),#10860);
#11834 = STYLED_ITEM('color',(#11835),#10797);
#11835 = PRESENTATION_STYLE_ASSIGNMENT((#11836,#11841));
#11836 = SURFACE_STYLE_USAGE(.BOTH.,#11837);
#11837 = SURFACE_SIDE_STYLE('',(#11838));
#11838 = SURFACE_STYLE_FILL_AREA(#11839);
#11839 = FILL_AREA_STYLE('',(#11840));
#11840 = FILL_AREA_STYLE_COLOUR('',#11789);
#11841 = CURVE_STYLE('',#11842,POSITIVE_LENGTH_MEASURE(0.1),#11792);
#11842 = DRAUGHTING_PRE_DEFINED_CURVE_FONT('continuous');
#11843 = MECHANICAL_DESIGN_GEOMETRIC_PRESENTATION_REPRESENTATION('',(
    #11844),#11763);
#11844 = STYLED_ITEM('color',(#11845),#11481);
#11845 = PRESENTATION_STYLE_ASSIGNMENT((#11846,#11851));
#11846 = SURFACE_STYLE_USAGE(.BOTH.,#11847);
#11847 = SURFACE_SIDE_STYLE('',(#11848));
#11848 = SURFACE_STYLE_FILL_AREA(#11849);
#11849 = FILL_AREA_STYLE('',(#11850));
#11850 = FILL_AREA_STYLE_COLOUR('',#11789);
#11851 = CURVE_STYLE('',#11852,POSITIVE_LENGTH_MEASURE(0.1),#11792);
#11852 = DRAUGHTING_PRE_DEFINED_CURVE_FONT('continuous');
#11853 = MECHANICAL_DESIGN_GEOMETRIC_PRESENTATION_REPRESENTATION('',(
    #11854),#2524);
#11854 = STYLED_ITEM('color',(#11855),#58);
#11855 = PRESENTATION_STYLE_ASSIGNMENT((#11856,#11862));
#11856 = SURFACE_STYLE_USAGE(.BOTH.,#11857);
#11857 = SURFACE_SIDE_STYLE('',(#11858));
#11858 = SURFACE_STYLE_FILL_AREA(#11859);
#11859 = FILL_AREA_STYLE('',(#11860));
#11860 = FILL_AREA_STYLE_COLOUR('',#11861);
#11861 = COLOUR_RGB('',0.105882356759,0.105882356759,0.498039215105);
#11862 = CURVE_STYLE('',#11863,POSITIVE_LENGTH_MEASURE(0.1),#11792);
#11863 = DRAUGHTING_PRE_DEFINED_CURVE_FONT('continuous');
#11864 = MECHANICAL_DESIGN_GEOMETRIC_PRESENTATION_REPRESENTATION('',(
    #11865),#2825);
#11865 = STYLED_ITEM('color',(#11866),#2543);
#11866 = PRESENTATION_STYLE_ASSIGNMENT((#11867,#11872));
#11867 = SURFACE_STYLE_USAGE(.BOTH.,#11868);
#11868 = SURFACE_SIDE_STYLE('',(#11869));
#11869 = SURFACE_STYLE_FILL_AREA(#11870);
#11870 = FILL_AREA_STYLE('',(#11871));
#11871 = FILL_AREA_STYLE_COLOUR('',#11789);
#11872 = CURVE_STYLE('',#11873,POSITIVE_LENGTH_MEASURE(0.1),#11792);
#11873 = DRAUGHTING_PRE_DEFINED_CURVE_FONT('continuous');
ENDSEC;
END-ISO-10303-21;
